{
 "label": "candidate_prefit",
 "ratio": 124.61272947645007,
 "totals": {
  "1": 978495.0,
  "2": 1193587.0,
  "3": 1290629.0,
  "4": 1393307.0,
  "5": 1377742.0,
  "6": 1288987.0,
  "7": 1086240.0
 },
 "b1_avg": {
  "1": 100.0,
  "2": 121.82898575124264,
  "3": 131.69733742147335,
  "4": 142.07448458242018,
  "5": 140.74274780284745,
  "6": 131.61208571325622,
  "7": 116.5990595817754
 },
 "b1_peak": 4,
 "b1_ok": true
}