{
 "label": "baked",
 "ratio": 125.22213137607451,
 "totals": {
  "1": 957116.0,
  "2": 1168578.0,
  "3": 1270409.0,
  "4": 1373952.0,
  "5": 1348947.0,
  "6": 1269860.0,
  "7": 1061095.0
 },
 "b1_avg": {
  "1": 100.0,
  "2": 121.94121072737256,
  "3": 132.50999405145262,
  "4": 143.20791232039815,
  "5": 140.87619951234427,
  "6": 132.56418877085457,
  "7": 116.39026082814016
 },
 "b1_peak": 4,
 "b1_ok": true
}