{
 "curve": {
  "1": 3000,
  "2": 2214,
  "3": 1853,
  "4": 1634,
  "5": 1481,
  "6": 1368,
  "7": 1262,
  "8": 1167,
  "9": 1086,
  "10": 1058,
  "11": 1027,
  "12": 973,
  "13": 847,
  "14": 766,
  "15": 735,
  "16": 675,
  "17": 642,
  "18": 610,
  "19": 606,
  "20": 591,
  "21": 580,
  "22": 580,
  "23": 571,
  "24": 549,
  "25": 523,
  "26": 487,
  "27": 448,
  "28": 431,
  "29": 415,
  "30": 395,
  "31": 381,
  "32": 381,
  "33": 369,
  "34": 360,
  "35": 355,
  "36": 345,
  "37": 329,
  "38": 318,
  "39": 312,
  "40": 311,
  "41": 306,
  "42": 295,
  "43": 284,
  "44": 278,
  "45": 264,
  "46": 257,
  "47": 252,
  "48": 247,
  "49": 240,
  "50": 230,
  "51": 229,
  "52": 226,
  "53": 220,
  "54": 210,
  "55": 210,
  "56": 210,
  "57": 210,
  "58": 210,
  "59": 210,
  "60": 210,
  "61": 210,
  "62": 210,
  "63": 210,
  "64": 210,
  "65": 210,
  "66": 210,
  "67": 210,
  "68": 210,
  "69": 210,
  "70": 210,
  "71": 210,
  "72": 210,
  "73": 210,
  "74": 210,
  "75": 210,
  "76": 210,
  "77": 210,
  "78": 210,
  "79": 210,
  "80": 210,
  "81": 210,
  "82": 210,
  "83": 210,
  "84": 210,
  "85": 210,
  "86": 210,
  "87": 210,
  "88": 210,
  "89": 210,
  "90": 210,
  "91": 210,
  "92": 210,
  "93": 210,
  "94": 210,
  "95": 210,
  "96": 210,
  "97": 210,
  "98": 210,
  "99": 210
 },
 "fitted_from": "s4_matrix_prefit.json",
 "store_md5": "e1b4d8bf",
 "n_anchors": 1448,
 "window": "2004-2024 ND year-1 anchors (candidate walk-forward book)",
 "anchor_scale_factor": 0.8440573522235332,
 "power_top": {
  "A": 3554.260847437657,
  "B": -0.4383993181205914
 }
}