{
 "d14": {
  "cross_draft_maxdisp": 0.0,
  "within_cell_inversions": 0,
  "kpp_depth_monotone": true
 },
 "v0_inversions": 0,
 "ruc_head_max_step": 0.029200000000000115,
 "ycred_curve_max_step": 0.0948,
 "duursma_sweep": [
  2829,
  3300,
  3606,
  4148,
  4473,
  4201,
  4065,
  4007,
  4037,
  4037,
  4092,
  4150,
  4225,
  4264,
  4280
 ],
 "max_jump_pct": 16.64899257688229
}