{
 "d14": {
  "cross_draft_maxdisp": 0.0,
  "within_cell_inversions": 0,
  "kpp_depth_monotone": true
 },
 "v0_inversions": 0,
 "ruc_head_max_step": 0.029200000000000115,
 "ycred_curve_max_step": 0.0948,
 "duursma_sweep": [
  2646,
  3075,
  3376,
  3932,
  4303,
  4102,
  4010,
  3976,
  4007,
  4009,
  4064,
  4124,
  4199,
  4239,
  4257
 ],
 "max_jump_pct": 16.46919431279621
}