{
 "label": "l1c_w09_RULED",
 "figures": {
  "1": 63821.94117647059,
  "2": 73690.64705882352,
  "3": 76808.41176470589,
  "4": 82043.58823529411,
  "5": 80962.23529411765,
  "6": 75837.64705882352,
  "7": 67939.5
 },
 "den": 63821.94117647059,
 "den_src": "y1",
 "ratios_y456": {
  "4": 128.5507565626057,
  "5": 126.85642868532213,
  "6": 118.82692011690614
 },
 "gcohort_pass": true,
 "worst": 128.5507565626057,
 "b1_avg": {
  "1": 100.0,
  "2": 115.84072091362657,
  "3": 120.98233990748074,
  "4": 129.25097879187726,
  "5": 127.81293301213512,
  "6": 119.5916410958557,
  "7": 106.16841950189577
 },
 "b1_peak": 4,
 "b1_ok": true
}