{
 "label": "w4_candidate_preL1c",
 "figures": {
  "1": 57558.529411764706,
  "2": 70211.0,
  "3": 75919.35294117648,
  "4": 81959.23529411765,
  "5": 81043.64705882352,
  "6": 75822.76470588235,
  "7": 67890.0
 },
 "den": 57558.529411764706,
 "den_src": "y1",
 "ratios_y456": {
  "4": 142.3928584203292,
  "5": 140.8021502409312,
  "6": 131.73158779554316
 },
 "gcohort_pass": false,
 "worst": 142.3928584203292,
 "b1_avg": {
  "1": 100.0,
  "2": 121.82898575124264,
  "3": 131.69733742147335,
  "4": 142.07448458242018,
  "5": 140.74274780284745,
  "6": 131.61208571325622,
  "7": 116.5990595817754
 },
 "b1_peak": 4,
 "b1_ok": true
}