{
 "label": "l1c_w085",
 "figures": {
  "1": 63360.58823529412,
  "2": 73374.23529411765,
  "3": 76650.23529411765,
  "4": 81976.0,
  "5": 80934.82352941176,
  "6": 75826.70588235294,
  "7": 67933.5
 },
 "den": 63360.58823529412,
 "den_src": "y1",
 "ratios_y456": {
  "4": 129.38011196420115,
  "5": 127.73685627547277,
  "6": 119.67487675582333
 },
 "gcohort_pass": true,
 "worst": 129.38011196420115,
 "b1_avg": {
  "1": 100.0,
  "2": 116.14321342003608,
  "3": 121.55424750500266,
  "4": 130.01756245259858,
  "5": 128.6316712958271,
  "6": 120.38400748041192,
  "7": 106.87058969864769
 },
 "b1_peak": 4,
 "b1_ok": true
}