{
 "label": "l1c_w07_SHIPPED",
 "figures": {
  "1": 61974.82352941176,
  "2": 72444.4705882353,
  "3": 76176.41176470589,
  "4": 81766.82352941176,
  "5": 80850.5294117647,
  "6": 75794.41176470589,
  "7": 67916.5625
 },
 "den": 61974.82352941176,
 "den_src": "y1",
 "ratios_y456": {
  "4": 131.9355487807193,
  "5": 130.45705466736018,
  "6": 122.29871332951143
 },
 "gcohort_pass": false,
 "worst": 131.9355487807193,
 "b1_avg": {
  "1": 100.0,
  "2": 117.11511766274397,
  "3": 123.33138783946502,
  "4": 132.37968653750033,
  "5": 131.16563713296816,
  "6": 122.84077525586093,
  "7": 109.04793739725909
 },
 "b1_peak": 4,
 "b1_ok": true
}