{
 "label": "l1c_w05",
 "figures": {
  "1": 60148.529411764706,
  "2": 71175.58823529411,
  "3": 75544.29411764706,
  "4": 81496.4705882353,
  "5": 80736.5294117647,
  "6": 75752.23529411765,
  "7": 67893.25
 },
 "den": 60148.529411764706,
 "den_src": "y1",
 "ratios_y456": {
  "4": 135.49204175937018,
  "5": 134.22860076770738,
  "6": 125.9419574093543
 },
 "gcohort_pass": false,
 "worst": 135.49204175937018,
 "b1_avg": {
  "1": 100.0,
  "2": 118.42141503872463,
  "3": 125.81734400881642,
  "4": 135.70738620866712,
  "5": 134.70399740129037,
  "6": 126.27684602478658,
  "7": 112.09202955987627
 },
 "b1_peak": 4,
 "b1_ok": true
}