{
 "label": "l1c_w10",
 "figures": {
  "1": 64761.76470588235,
  "2": 74324.76470588235,
  "3": 77142.17647058824,
  "4": 82178.58823529411,
  "5": 81018.17647058824,
  "6": 75859.4705882353,
  "7": 67950.8125
 },
 "den": 64761.76470588235,
 "den_src": "y1",
 "ratios_y456": {
  "4": 126.8936827285526,
  "5": 125.10186656978065,
  "6": 117.13620055406695
 },
 "gcohort_pass": true,
 "worst": 126.8936827285526,
 "b1_avg": {
  "1": 100.0,
  "2": 115.22366785165572,
  "3": 119.86294786396476,
  "4": 127.72083789103633,
  "5": 126.18319638667083,
  "6": 118.01134781098484,
  "7": 104.7661114724343
 },
 "b1_peak": 4,
 "b1_ok": true
}