key,stream,entry_year,natural_pick,attributed_pick,day0_position,n_seasons,career_games,observed_discounted_grace_a,observed_discounted_flat14_baseline,raw_undiscounted_value,grace_a_over_baseline,flags,player
aaron-black,ND 1-64,2009,25,25,KPF,7,57,359.0,276.24,523.42,1.2996,FIT-TIER-core|IN-ND-CURVE-FIT,Aaron Black
aaron-bruce,RD,2007,49,,KPF,0,0,0.0,0.0,0.0,,FIT-TIER-core|IN-POOL-CELL-FIT,Aaron Bruce
aaron-cadman,ND 1-64,2022,1,1,KPF,4,75,188.8,145.28,233.03,1.2996,ACTIVE|FIT-TIER-sensitivity,Aaron Cadman
aaron-cornelius,ND 1-64,2008,57,57,KPF,5,25,14.87,12.47,15.04,1.1928,FIT-TIER-core|IN-ND-CURVE-FIT,Aaron Cornelius
aaron-davey,RD,2003,4,,SF,9,156,1543.43,1543.43,2676.6,1.0,FIT-TIER-core|PRE-2004-OUT-OF-WINDOW,Aaron Davey
aaron-francis,ND 1-64,2015,6,6,KPD,10,84,397.26,306.43,465.8,1.2964,FIT-TIER-augmented|IN-ND-CURVE-FIT,Aaron Francis
aaron-hall,RD,2011,1,,MID,12,161,1449.81,1449.81,3922.36,1.0,FIT-TIER-core|IN-POOL-CELL-FIT,Aaron Hall
aaron-joseph,RD,2007,7,,MID,5,73,0.2,0.15,0.22,1.2996,FIT-TIER-core|IN-POOL-CELL-FIT,Aaron Joseph
aaron-kite,ND 1-64,2007,63,63,KPD,0,0,0.0,0.0,0.0,,FIT-TIER-core|IN-ND-CURVE-FIT,Aaron Kite
aaron-mullett,RD,2010,29,,SD,8,98,151.41,116.51,240.29,1.2996,FIT-TIER-core|IN-POOL-CELL-FIT,Aaron Mullett
aaron-naughton,ND 1-64,2017,9,9,KPD,9,186,1159.13,892.55,1934.26,1.2987,ACTIVE|FIT-TIER-augmented|IN-ND-CURVE-FIT,Aaron Naughton
aaron-nietschke,ND 1-64,2018,53,53,SD,0,0,0.0,0.0,0.0,,FIT-TIER-augmented|IN-ND-CURVE-FIT,Aaron Nietschke
aaron-rogers,RD,2003,14,,SF,0,0,0.0,0.0,0.0,,FIT-TIER-core|PRE-2004-OUT-OF-WINDOW,Aaron Rogers
aaron-vandenberg,RD,2014,2,,MID,5,51,71.4,71.4,96.25,1.0,FIT-TIER-core|IN-POOL-CELL-FIT,Aaron Vandenberg
aaron-young,ND 1-64,2010,38,38,SF,8,100,54.95,42.28,94.17,1.2996,FIT-TIER-core|IN-ND-CURVE-FIT,Aaron Young
abaina-davis,ND>64,2014,68,67,KPF,0,0,0.0,0.0,0.0,,FIT-TIER-core|SLID-2013-14|IN-POOL-CELL-FIT,Abaina Davis
adam-bentick,RD,2003,27,,MID,4,63,435.23,334.9,479.26,1.2996,FIT-TIER-core|PRE-2004-OUT-OF-WINDOW,Adam Bentick
adam-campbell,ND 1-64,2003,27,27,KPF,3,12,22.23,17.11,32.93,1.2996,FIT-TIER-core|PRE-2004-OUT-OF-WINDOW,Adam Campbell
adam-carter,ND 1-64,2012,61,61,MID,2,7,0.0,0.0,0.0,1.1604,FIT-TIER-core|IN-ND-CURVE-FIT,Adam Carter
adam-cerra,ND 1-64,2017,5,5,MID,9,165,1990.24,1531.47,3176.34,1.2996,ACTIVE|FIT-TIER-augmented|IN-ND-CURVE-FIT,Adam Cerra
adam-cockie,RD,2008,18,,MID,0,0,0.0,0.0,0.0,,FIT-TIER-core|IN-POOL-CELL-FIT,Adam Cockie
adam-cooney,ND 1-64,2003,1,1,MID,12,223,2787.28,2144.72,4677.98,1.2996,FIT-TIER-core|PRE-2004-OUT-OF-WINDOW,Adam Cooney
adam-donohue,ND 1-64,2007,57,57,SF,0,0,0.0,0.0,0.0,,FIT-TIER-core|IN-ND-CURVE-FIT,Adam Donohue
adam-grocke,RD,2003,13,,KPF,0,0,0.0,0.0,0.0,,FIT-TIER-core|PRE-2004-OUT-OF-WINDOW,Adam Grocke
adam-hartlett,ND 1-64,2004,28,28,KPD,3,11,0.18,0.14,0.22,1.2996,FIT-TIER-core|IN-ND-CURVE-FIT,Adam Hartlett
adam-iacobucci,ND 1-64,2004,52,52,SD,2,4,0.0,0.0,0.0,1.1462,FIT-TIER-core|IN-ND-CURVE-FIT,Adam Iacobucci
adam-marcon,RD,2015,31,,MID,1,2,0.53,0.53,0.6,1.0,FIT-TIER-augmented|IN-POOL-CELL-FIT,Adam Marcon
adam-oxley,RD,2012,22,,SD,4,34,58.12,58.12,86.57,1.0,FIT-TIER-core|IN-POOL-CELL-FIT,Adam Oxley
adam-pattison,ND 1-64,2004,18,18,RUCK,6,66,3.36,2.59,3.98,1.2996,FIT-TIER-core|IN-ND-CURVE-FIT,Adam Pattison
adam-prior,RD,2005,45,,KPF,0,0,0.0,0.0,0.0,,FIT-TIER-core|IN-POOL-CELL-FIT,Adam Prior
adam-saad,RD,2014,19,,SD,12,219,1246.51,1246.51,3146.83,1.0,ACTIVE|FIT-TIER-core|IN-POOL-CELL-FIT,Adam Saad
adam-spackman,RD,2008,45,,MID,0,0,0.0,0.0,0.0,,FIT-TIER-core|IN-POOL-CELL-FIT,Adam Spackman
adam-sweid,ND 1-64,2025,25,25,SF,1,0,0.0,0.0,0.0,,ACTIVE|FIT-TIER-sensitivity,Adam Sweid
adam-thomson,ND 1-64,2004,12,12,MID,6,32,6.13,4.72,7.7,1.2996,FIT-TIER-core|IN-ND-CURVE-FIT,Adam Thomson
adam-tomlinson,ND 1-64,2011,15,15,KPD,13,185,468.71,360.71,848.11,1.2994,FIT-TIER-core|IN-ND-CURVE-FIT,Adam Tomlinson
adam-treloar,ND 1-64,2011,14,14,MID,15,263,5679.04,4419.73,10736.52,1.2849,ACTIVE|FIT-TIER-core|STORE-PVC-EXCLUDE|IN-ND-CURVE-FIT,Adam Treloar
adam-varcoe,RD,2008,15,,SF,0,0,0.0,0.0,0.0,,FIT-TIER-core|IN-POOL-CELL-FIT,Adam Varcoe
addam-maric,ND 1-64,2007,21,21,SF,5,31,3.36,2.59,4.19,1.2959,FIT-TIER-core|IN-ND-CURVE-FIT,Addam Maric
adrian-bonaddio,RD,2005,34,,SF,0,0,0.0,0.0,0.0,,FIT-TIER-core|IN-POOL-CELL-FIT,Adrian Bonaddio
adrian-deluca,ND 1-64,2003,57,57,RUCK,2,24,0.04,0.04,0.05,1.0,FIT-TIER-core|PRE-2004-OUT-OF-WINDOW,Adrian Deluca
ahmed-saad,ND 1-64,2011,40,40,SF,3,33,7.43,7.43,8.48,1.0,FIT-TIER-core|IN-ND-CURVE-FIT,Ahmed Saad
aidan-corr,ND 1-64,2012,18,18,KPD,14,185,288.73,222.17,766.33,1.2996,ACTIVE|FIT-TIER-core|IN-ND-CURVE-FIT,Aidan Corr
aidan-johnson,ND>64,2024,68,68,KPF,2,6,0.01,0.01,0.01,1.0,ACTIVE|FIT-TIER-sensitivity,Aidan Johnson
aidan-riley,PDS,2009,,,MID,5,25,0.02,0.01,0.02,1.2996,FIT-TIER-core|PICKLESS|IN-POOL-CELL-FIT,Aidan Riley
aidan-schubert,ND 1-64,2025,23,23,KPF,1,1,0.0,0.0,0.0,1.14,ACTIVE|FIT-TIER-sensitivity,Aidan Schubert
aiden-begg,MSD,2021,16,,RUCK,1,3,0.0,0.0,0.0,1.14,FIT-TIER-augmented|IN-POOL-CELL-FIT,Aiden Begg
aiden-bonar,ND 1-64,2017,11,11,MID,6,34,2.02,1.75,2.16,1.1582,FIT-TIER-augmented|IN-ND-CURVE-FIT,Aiden Bonar
aiden-fyfe,RD,2020,11,,SD,0,0,0.0,0.0,0.0,,FIT-TIER-augmented|IN-POOL-CELL-FIT,Aiden Fyfe
aiden-o-driscoll,ND 1-64,2023,55,55,SD,0,0,0.0,0.0,0.0,,FIT-TIER-sensitivity,Aiden O'Driscoll
aiden-riddle,RD,2024,2,,RUCK,1,0,0.0,0.0,0.0,,ACTIVE|FIT-TIER-sensitivity,Aiden Riddle
aidyn-johnson,ND 1-64,2015,45,45,SF,3,11,0.26,0.2,0.33,1.2996,FIT-TIER-augmented|IN-ND-CURVE-FIT,Aidyn Johnson
aisake-o-hailpin,IRE,2004,,,RUCK,0,0,0.0,0.0,0.0,,FIT-TIER-core|PICKLESS|IN-POOL-CELL-FIT,Aisake O'hAilpin
alan-obst,ND 1-64,2005,46,46,KPD,2,5,131.57,101.24,170.98,1.2996,FIT-TIER-core|IN-ND-CURVE-FIT,Alan Obst
alan-toovey,RD,2005,2,,SD,10,146,8.72,6.71,16.97,1.2996,FIT-TIER-core|IN-POOL-CELL-FIT,Alan Toovey
albert-proud,ND 1-64,2006,23,23,MID,4,29,0.03,0.02,0.04,1.2996,FIT-TIER-core|IN-ND-CURVE-FIT,Albert Proud
alec-waterman,ND>64,2014,70,69,MID,2,22,0.33,0.26,0.65,1.2996,FIT-TIER-core|SLID-2013-14|IN-POOL-CELL-FIT,Alec Waterman
alex-brown,ND>64,2011,69,69,SD,0,0,0.0,0.0,0.0,,FIT-TIER-core|IN-POOL-CELL-FIT,Alex Brown
alex-browne,ND 1-64,2010,50,50,MID,3,11,0.14,0.11,0.14,1.2996,FIT-TIER-core|IN-ND-CURVE-FIT,Alex Browne
alex-cincotta,SSP,2022,,,SD,3,40,0.05,0.05,0.06,1.0,FIT-TIER-sensitivity|PICKLESS,Alex Cincotta
alex-davies,ND 1-64,2020,17,17,MID,6,46,95.3,73.35,131.35,1.2992,ACTIVE|FIT-TIER-augmented|IN-ND-CURVE-FIT,Alex Davies
alex-dodson,ND 1-64,2024,53,53,RUCK,2,1,0.0,0.0,0.0,1.14,ACTIVE|FIT-TIER-sensitivity,Alex Dodson
alex-fasolo,ND 1-64,2010,46,46,SF,9,104,543.17,417.97,759.96,1.2995,FIT-TIER-core|IN-ND-CURVE-FIT,Alex Fasolo
alex-forster,ND 1-64,2011,35,35,SD,1,1,0.0,0.0,0.0,1.2996,FIT-TIER-core|IN-ND-CURVE-FIT,Alex Forster
alex-gilmour,ND 1-64,2003,21,21,MID,0,0,0.0,0.0,0.0,,FIT-TIER-core|PRE-2004-OUT-OF-WINDOW,Alex Gilmour
alex-greenwood,RD,2011,38,,MID,0,0,0.0,0.0,0.0,,FIT-TIER-core|IN-POOL-CELL-FIT,Alex Greenwood
alex-grima,RD,2007,39,,KPF,0,0,0.0,0.0,0.0,,FIT-TIER-core|IN-POOL-CELL-FIT,Alex Grima
alex-howson,RD,2012,19,,SD,0,0,0.0,0.0,0.0,,FIT-TIER-core|IN-POOL-CELL-FIT,Alex Howson
alex-johnson,ND 1-64,2010,58,58,KPD,3,47,85.25,69.22,85.25,1.2315,FIT-TIER-core|IN-ND-CURVE-FIT,Alex Johnson
alex-keath,UNR,2015,,,KPD,8,109,386.09,386.09,655.13,1.0,FIT-TIER-augmented|PICKLESS|IN-POOL-CELL-FIT,Alex Keath
alex-lee,RD,2006,4,,KPF,0,0,0.0,0.0,0.0,,FIT-TIER-core|IN-POOL-CELL-FIT,Alex Lee
alex-mirkov,MSD,2021,6,,RUCK,0,0,0.0,0.0,0.0,,FIT-TIER-augmented|IN-POOL-CELL-FIT,Alex Mirkov
alex-morgan,ND 1-64,2015,29,29,SD,1,2,0.0,0.0,0.0,1.2996,FIT-TIER-augmented|IN-ND-CURVE-FIT,Alex Morgan
alex-neal-bullen,ND 1-64,2014,40,39,MID,12,221,982.29,755.84,2027.76,1.2996,ACTIVE|FIT-TIER-core|SLID-2013-14|IN-ND-CURVE-FIT,Alex Neal-Bullen
alex-pearce,ND 1-64,2013,37,36,KPD,10,156,101.21,77.88,313.95,1.2996,ACTIVE|FIT-TIER-core|SLID-2013-14|IN-ND-CURVE-FIT,Alex Pearce
alex-rance,ND 1-64,2007,18,18,KPD,11,200,2895.65,2228.1,5802.58,1.2996,FIT-TIER-core|IN-ND-CURVE-FIT,Alex Rance
alex-sexton,ND>64,2011,79,79,SF,14,186,77.96,59.99,257.56,1.2996,FIT-TIER-core|IN-POOL-CELL-FIT,Alex Sexton
alex-silvagni,RD,2009,18,,KPD,8,60,279.14,279.14,413.88,1.0,FIT-TIER-core|IN-POOL-CELL-FIT,Alex Silvagni
alex-spina,RD,2013,27,,SF,0,0,0.0,0.0,0.0,,FIT-TIER-core|IN-POOL-CELL-FIT,Alex Spina
alex-van-wyk,MSD,2026,14,,RUCK,1,1,3.11,3.11,3.11,1.0,ACTIVE|FIT-TIER-sensitivity,Alex Van Wyk
alex-witherden,ND 1-64,2016,23,23,SD,8,121,1652.5,1308.18,2220.47,1.2632,FIT-TIER-augmented|IN-ND-CURVE-FIT,Alex Witherden
alex-woodward,ND 1-64,2011,62,62,MID,1,2,0.0,0.0,0.0,1.2996,FIT-TIER-core|IN-ND-CURVE-FIT,Alex Woodward
alexis-georgiou,RD,2013,21,,KPD,1,7,0.08,0.08,0.09,1.0,FIT-TIER-core|IN-POOL-CELL-FIT,Alexis Georgiou
aliir-aliir,ND 1-64,2013,44,43,KPD,11,199,1354.22,1042.03,3103.47,1.2996,ACTIVE|FIT-TIER-core|SLID-2013-14|IN-ND-CURVE-FIT,Aliir Aliir
alipate-carlile,ND 1-64,2005,44,44,KPD,11,161,154.31,118.74,241.35,1.2996,FIT-TIER-core|IN-ND-CURVE-FIT,Alipate Carlile
alistair-lord,ND 1-64,2021,46,46,SD,0,0,0.0,0.0,0.0,,FIT-TIER-augmented|IN-ND-CURVE-FIT,Alistair Lord
alistair-smith,ND 1-64,2008,61,61,MID,1,3,0.0,0.0,0.0,1.2996,FIT-TIER-core|IN-ND-CURVE-FIT,Alistair Smith
alix-tauru,ND 1-64,2024,10,10,KPD,2,18,1.65,1.44,1.65,1.1447,ACTIVE|FIT-TIER-sensitivity,Alix Tauru
allen-christensen,ND 1-64,2009,39,39,SF,8,133,1554.53,1196.16,2291.45,1.2996,FIT-TIER-core|IN-ND-CURVE-FIT,Allen Christensen
alroy-gilligan,RD,2008,41,,SF,0,0,0.0,0.0,0.0,,FIT-TIER-core|IN-POOL-CELL-FIT,Alroy Gilligan
alwyn-davey,ND 1-64,2006,37,37,SF,7,100,410.1,410.1,575.91,1.0,FIT-TIER-core|IN-ND-CURVE-FIT,Alwyn Davey
alwyn-davey-1,ND 1-64,2022,45,45,SF,2,20,0.0,0.0,0.0,1.1447,FIT-TIER-sensitivity,Alwyn Davey
amos-frank,RD,2011,31,,SF,0,0,0.0,0.0,0.0,,FIT-TIER-core|IN-POOL-CELL-FIT,Amos Frank
andre-gianfagna,RD,2005,38,,MID,0,0,0.0,0.0,0.0,,FIT-TIER-core|IN-POOL-CELL-FIT,Andre Gianfagna
andrejs-everitt,ND 1-64,2006,12,12,KPD,10,131,581.84,461.64,1132.64,1.2604,FIT-TIER-core|IN-ND-CURVE-FIT,Andrejs Everitt
andrew-boseley,RD,2011,43,,KPD,0,0,0.0,0.0,0.0,,FIT-TIER-core|IN-POOL-CELL-FIT,Andrew Boseley
andrew-boston,PDA,2012,,,MID,2,16,0.03,0.03,0.04,1.2984,FIT-TIER-core|PICKLESS|IN-POOL-CELL-FIT,Andrew Boston
andrew-brayshaw,ND 1-64,2017,2,2,MID,9,191,4277.98,3291.81,6932.88,1.2996,ACTIVE|FIT-TIER-augmented|IN-ND-CURVE-FIT,Andrew Brayshaw
andrew-browne-1,RD,2008,33,,RUCK,2,11,0.71,0.55,0.81,1.2996,FIT-TIER-core|IN-POOL-CELL-FIT,Andrew Browne
andrew-carrazzo,RD,2003,3,,MID,11,188,1569.78,1569.78,3746.88,1.0,FIT-TIER-core|PRE-2004-OUT-OF-WINDOW,Andrew Carrazzo
andrew-collins-1,ND>64,2006,71,71,MID,4,36,10.5,8.08,13.22,1.2996,FIT-TIER-core|IN-POOL-CELL-FIT,Andrew Collins
andrew-ericksen,ND 1-64,2003,45,45,RUCK,0,0,0.0,0.0,0.0,,FIT-TIER-core|PRE-2004-OUT-OF-WINDOW,Andrew Ericksen
andrew-foster,RD,2006,27,,MID,3,9,12.45,10.92,12.45,1.14,FIT-TIER-core|IN-POOL-CELL-FIT,Andrew Foster
andrew-gaff,ND 1-64,2010,4,4,MID,14,280,2977.72,2291.37,5791.59,1.2995,FIT-TIER-core|IN-ND-CURVE-FIT,Andrew Gaff
andrew-gallucci,RD,2015,15,,MID,0,0,0.0,0.0,0.0,,FIT-TIER-augmented|IN-POOL-CELL-FIT,Andrew Gallucci
andrew-hayes,RD,2004,43,,SF,0,0,0.0,0.0,0.0,,FIT-TIER-core|IN-POOL-CELL-FIT,Andrew Hayes
andrew-hooper,RD,2009,28,,SF,2,6,0.01,0.01,0.01,1.2996,FIT-TIER-core|IN-POOL-CELL-FIT,Andrew Hooper
andrew-lee,ND 1-64,2004,33,33,KPD,0,0,0.0,0.0,0.0,,FIT-TIER-core|IN-ND-CURVE-FIT,Andrew Lee
andrew-lovett,RD,2003,31,,SF,5,87,437.18,437.18,828.04,1.0,FIT-TIER-core|PRE-2004-OUT-OF-WINDOW,Andrew Lovett
andrew-mcgrath,ND 1-64,2016,1,1,SD,10,198,1469.77,1132.63,2583.9,1.2977,ACTIVE|FIT-TIER-augmented|IN-ND-CURVE-FIT,Andrew McGrath
andrew-mcinnes,ND>64,2010,66,66,SD,3,17,0.22,0.17,0.24,1.2996,FIT-TIER-core|IN-POOL-CELL-FIT,Andrew McInnes
andrew-mcintyre,RD,2006,13,,KPD,0,0,0.0,0.0,0.0,,FIT-TIER-core|IN-POOL-CELL-FIT,Andrew McIntyre
andrew-mcpherson,ND 1-64,2017,40,40,SD,3,28,7.7,5.93,8.78,1.2996,FIT-TIER-augmented|IN-ND-CURVE-FIT,Andrew McPherson
andrew-mcqualter,ND 1-64,2004,19,19,MID,8,83,83.62,64.39,138.63,1.2987,FIT-TIER-core|IN-ND-CURVE-FIT,Andrew McQualter
andrew-moore,ND 1-64,2009,9,9,MID,7,60,3.14,2.42,4.34,1.2995,FIT-TIER-core|IN-ND-CURVE-FIT,Andrew Moore
andrew-phillips-1,RD,2010,5,,RUCK,11,82,232.13,178.62,632.6,1.2996,FIT-TIER-core|IN-POOL-CELL-FIT,Andrew Phillips
andrew-raines,ND 1-64,2003,60,60,MID,11,128,29.67,22.83,36.67,1.2996,FIT-TIER-core|PRE-2004-OUT-OF-WINDOW,Andrew Raines
andrew-strijk,RD,2009,20,,SF,3,13,2.7,2.7,3.08,1.0,FIT-TIER-core|IN-POOL-CELL-FIT,Andrew Strijk
andrew-swallow,ND 1-64,2005,43,43,MID,12,213,3142.31,2417.92,5815.71,1.2996,FIT-TIER-core|IN-ND-CURVE-FIT,Andrew Swallow
andrew-walker,ND 1-64,2003,2,2,SD,12,181,1004.12,772.64,2419.73,1.2996,FIT-TIER-core|PRE-2004-OUT-OF-WINDOW,Andrew Walker
andy-moniz-wakefield,PDN,2021,,,SF,2,8,0.54,0.42,0.62,1.2996,ACTIVE|FIT-TIER-augmented|PICKLESS|IN-POOL-CELL-FIT,Andy Moniz-Wakefield
andy-otten,ND 1-64,2007,27,27,MID,9,109,663.78,510.76,1129.45,1.2996,FIT-TIER-core|IN-ND-CURVE-FIT,Andy Otten
angus-anderson,ND 1-64,2025,57,57,MID,1,13,1.64,1.64,1.87,1.0,ACTIVE|FIT-TIER-sensitivity,Angus Anderson
angus-brayshaw,ND 1-64,2014,3,2,MID,9,167,1265.08,973.64,2128.47,1.2993,FIT-TIER-core|SLID-2013-14|IN-ND-CURVE-FIT,Angus Brayshaw
angus-clarke,ND 1-64,2024,39,39,SD,2,17,0.47,0.4,0.47,1.1618,ACTIVE|FIT-TIER-sensitivity,Angus Clarke
angus-dewar,ND 1-64,2010,56,56,SD,4,26,0.15,0.11,0.21,1.2996,FIT-TIER-core|IN-ND-CURVE-FIT,Angus Dewar
angus-graham,RD,2005,5,,RUCK,5,48,88.2,67.86,156.2,1.2996,FIT-TIER-core|IN-POOL-CELL-FIT,Angus Graham
angus-hastie,ND 1-64,2023,33,33,SD,3,19,0.0,0.0,0.0,1.2996,ACTIVE|FIT-TIER-sensitivity,Angus Hastie
angus-mclennan,PDN,2022,,,SD,2,3,0.02,0.02,0.02,1.2996,FIT-TIER-sensitivity|PICKLESS,Angus McLennan
angus-monfries,ND 1-64,2004,16,16,SF,12,204,1161.75,893.96,2086.63,1.2996,FIT-TIER-core|IN-ND-CURVE-FIT,Angus Monfries
angus-schumacher,ND>64,2017,69,69,SD,1,1,0.0,0.0,0.0,1.2996,FIT-TIER-augmented|IN-POOL-CELL-FIT,Angus Schumacher
angus-sheldrick,ND 1-64,2021,18,18,MID,4,46,9.85,7.58,11.76,1.2996,ACTIVE|FIT-TIER-augmented|IN-ND-CURVE-FIT,Angus Sheldrick
angus-styles,RD,2017,9,,MID,0,0,0.0,0.0,0.0,,FIT-TIER-augmented|IN-POOL-CELL-FIT,Angus Styles
anthony-caminiti,SSP,2022,,,KPF,4,74,98.86,76.16,112.19,1.298,ACTIVE|FIT-TIER-sensitivity|PICKLESS,Anthony Caminiti
anthony-long,ND 1-64,2009,32,32,SD,0,0,0.0,0.0,0.0,,FIT-TIER-core|IN-ND-CURVE-FIT,Anthony Long
anthony-mcdonald-tipungwuti,RD,2015,18,,SF,7,133,365.7,365.7,542.45,1.0,FIT-TIER-augmented|IN-POOL-CELL-FIT,Anthony McDonald-Tipungwuti
anthony-miles,PDA,2011,,,MID,8,88,1501.69,1156.31,2029.63,1.2987,FIT-TIER-core|PICKLESS|IN-POOL-CELL-FIT,Anthony Miles
anthony-morabito,ND 1-64,2009,4,4,MID,2,26,0.04,0.03,0.04,1.1401,FIT-TIER-core|IN-ND-CURVE-FIT,Anthony Morabito
anthony-munkara,PDN,2022,,,SF,0,0,0.0,0.0,0.0,,FIT-TIER-sensitivity|PICKLESS,Anthony Munkara
anthony-raso,ND 1-64,2004,63,63,KPF,0,0,0.0,0.0,0.0,,FIT-TIER-core|IN-ND-CURVE-FIT,Anthony Raso
anthony-scott,SSP,2020,,,MID,4,59,1.19,1.19,1.59,1.0,FIT-TIER-augmented|PICKLESS|IN-POOL-CELL-FIT,Anthony Scott
anthony-treacy,RD,2019,7,,SF,0,0,0.0,0.0,0.0,,FIT-TIER-augmented|IN-POOL-CELL-FIT,Anthony Treacy
anthony-wilson,RD,2014,29,,SF,0,0,0.0,0.0,0.0,,FIT-TIER-core|IN-POOL-CELL-FIT,Anthony Wilson
anton-hamp,RD,2010,24,,SF,0,0,0.0,0.0,0.0,,FIT-TIER-core|IN-POOL-CELL-FIT,Anton Hamp
anton-tohill,IRE,2018,,,KPD,1,1,0.0,0.0,0.0,1.2996,FIT-TIER-augmented|PICKLESS|IN-POOL-CELL-FIT,Anton Tohill
archer-day-wicks,RD,2024,1,,SF,2,24,0.01,0.0,0.01,1.2974,ACTIVE|FIT-TIER-sensitivity,Archer Day-Wicks
archer-reid,ND 1-64,2023,30,30,KPF,2,20,0.19,0.14,0.19,1.2996,ACTIVE|FIT-TIER-sensitivity,Archer Reid
archie-ludowyke,ND 1-64,2025,50,50,KPF,1,2,0.01,0.01,0.01,1.14,ACTIVE|FIT-TIER-sensitivity,Archie Ludowyke
archie-may,MSD,2025,6,,KPF,2,17,5.16,5.16,5.22,1.0,ACTIVE|FIT-TIER-sensitivity,Archie May
archie-perkins,ND 1-64,2020,9,9,MID,6,115,59.27,45.61,71.82,1.2994,ACTIVE|FIT-TIER-augmented|IN-ND-CURVE-FIT,Archie Perkins
archie-roberts,ND 1-64,2023,54,54,SD,3,46,965.6,751.42,1053.53,1.285,ACTIVE|FIT-TIER-sensitivity,Archie Roberts
archie-smith,PDA,2013,,,RUCK,4,16,66.05,50.82,75.31,1.2996,FIT-TIER-core|PICKLESS|IN-POOL-CELL-FIT,Archie Smith
arie-schoenmaker,ND 1-64,2023,62,62,SD,2,7,1.08,0.93,1.08,1.166,FIT-TIER-sensitivity,Arie Schoenmaker
ariel-steinberg,ND 1-64,2010,33,33,KPF,2,10,0.68,0.52,1.0,1.2996,FIT-TIER-core|IN-ND-CURVE-FIT,Ariel Steinberg
arlo-draper,ND 1-64,2021,45,45,MID,0,0,0.0,0.0,0.0,,FIT-TIER-augmented|IN-ND-CURVE-FIT,Arlo Draper
arryn-siposs,ND>64,2010,71,71,SF,4,28,6.01,4.63,6.31,1.2988,FIT-TIER-core|IN-POOL-CELL-FIT,Arryn Siposs
arthur-jones,ND 1-64,2021,43,43,SF,4,34,0.55,0.42,0.82,1.2996,ACTIVE|FIT-TIER-augmented|IN-ND-CURVE-FIT,Arthur Jones
ash-johnson,MSD,2021,3,,KPF,3,27,2.0,2.0,2.38,1.0,FIT-TIER-augmented|IN-POOL-CELL-FIT,Ash Johnson
asher-eastham,RD,2024,7,,SF,1,0,0.0,0.0,0.0,,ACTIVE|FIT-TIER-sensitivity,Asher Eastham
ashley-arrowsmith,RD,2007,30,,MID,0,0,0.0,0.0,0.0,,FIT-TIER-core|IN-POOL-CELL-FIT,Ashley Arrowsmith
ashley-smith,ND 1-64,2008,36,36,SD,5,45,5.92,4.56,6.3,1.2996,FIT-TIER-core|IN-ND-CURVE-FIT,Ashley Smith
ashley-thornton,RD,2004,33,,SD,0,0,0.0,0.0,0.0,,FIT-TIER-core|IN-POOL-CELL-FIT,Ashley Thornton
ashton-hams,RD,2009,32,,SF,4,39,34.73,34.73,42.65,1.0,FIT-TIER-core|IN-POOL-CELL-FIT,Ashton Hams
ashton-moir,ND 1-64,2023,29,29,SF,3,13,0.07,0.06,0.08,1.2994,ACTIVE|FIT-TIER-sensitivity,Ashton Moir
atu-bosenavulagi,ND>64,2018,77,77,SF,3,20,0.07,0.05,0.08,1.2996,FIT-TIER-augmented|IN-POOL-CELL-FIT,Atu Bosenavulagi
austin-bradtke,UNR,2018,,,RUCK,0,0,0.0,0.0,0.0,,FIT-TIER-augmented|PICKLESS|IN-POOL-CELL-FIT,Austin Bradtke
austin-lucy,ND 1-64,2005,58,58,KPD,0,0,0.0,0.0,0.0,,FIT-TIER-core|IN-ND-CURVE-FIT,Austin Lucy
austin-wonaeamirri,RD,2007,23,,SF,3,31,9.26,7.57,10.45,1.223,FIT-TIER-core|IN-POOL-CELL-FIT,Austin Wonaeamirri
avery-thomas,ND 1-64,2025,28,28,SD,1,0,0.0,0.0,0.0,,ACTIVE|FIT-TIER-sensitivity,Avery Thomas
ayce-cordy,ND 1-64,2008,14,14,RUCK,5,27,3.37,2.59,5.71,1.2996,FIT-TIER-core|IN-ND-CURVE-FIT,Ayce Cordy
ayce-taylor,SSP,2019,,,KPD,0,0,0.0,0.0,0.0,,FIT-TIER-augmented|PICKLESS|IN-POOL-CELL-FIT,Ayce Taylor
ayden-kennedy,ND 1-64,2009,40,40,KPD,0,0,0.0,0.0,0.0,,FIT-TIER-core|IN-ND-CURVE-FIT,Ayden Kennedy
bachar-houli,ND 1-64,2006,42,42,SD,15,232,2121.54,1632.46,5216.83,1.2996,FIT-TIER-core|IN-ND-CURVE-FIT,Bachar Houli
bailey-banfield,RD,2017,3,,MID,9,118,15.94,12.36,26.6,1.289,ACTIVE|FIT-TIER-augmented|IN-POOL-CELL-FIT,Bailey Banfield
bailey-dale,ND 1-64,2014,45,44,SF,12,195,1718.4,1322.25,4410.43,1.2996,ACTIVE|FIT-TIER-core|SLID-2013-14|IN-ND-CURVE-FIT,Bailey Dale
bailey-humphrey,ND 1-64,2022,6,6,MID,4,81,388.02,299.11,451.67,1.2973,ACTIVE|FIT-TIER-sensitivity,Bailey Humphrey
bailey-laurie,ND 1-64,2020,23,23,SF,4,26,0.2,0.15,0.33,1.2996,ACTIVE|FIT-TIER-augmented|IN-ND-CURVE-FIT,Bailey Laurie
bailey-macdonald,ND 1-64,2022,51,51,SD,3,18,0.07,0.05,0.09,1.2959,ACTIVE|FIT-TIER-sensitivity,Bailey Macdonald
bailey-rice,ND 1-64,2015,49,49,SD,1,11,0.09,0.07,0.1,1.2996,FIT-TIER-augmented|IN-ND-CURVE-FIT,Bailey Rice
bailey-scott,ND 1-64,2018,49,49,MID,8,116,161.26,124.09,224.44,1.2996,ACTIVE|FIT-TIER-augmented|IN-ND-CURVE-FIT,Bailey Scott
bailey-smith,ND 1-64,2018,7,7,MID,7,146,3661.96,2822.39,5711.42,1.2975,ACTIVE|FIT-TIER-augmented|IN-ND-CURVE-FIT,Bailey Smith
bailey-williams-wb,ND 1-64,2015,48,48,SD,11,189,589.04,453.25,1094.59,1.2996,ACTIVE|FIT-TIER-augmented|IN-ND-CURVE-FIT,Bailey Williams
bailey-williams-wc,ND 1-64,2018,35,35,RUCK,7,104,434.67,334.47,905.93,1.2996,ACTIVE|FIT-TIER-augmented|IN-ND-CURVE-FIT,Bailey J. Williams
balyn-o-brien,SSP,2025,,,SD,1,4,0.0,0.0,0.0,1.14,ACTIVE|FIT-TIER-sensitivity|PICKLESS,Balyn O'Brien
barry-o-connor,IRE,2019,,,SD,0,0,0.0,0.0,0.0,,FIT-TIER-augmented|PICKLESS|IN-POOL-CELL-FIT,Barry O'Connor
bart-mcculloch,ND>64,2008,68,68,RUCK,0,0,0.0,0.0,0.0,,FIT-TIER-core|IN-POOL-CELL-FIT,Bart McCulloch
bayley-fritsch,ND 1-64,2017,31,31,SF,9,190,449.64,449.64,767.34,1.0,ACTIVE|FIT-TIER-augmented|IN-ND-CURVE-FIT,Bayley Fritsch
beau-addinsall,ND 1-64,2025,18,18,MID,1,7,0.19,0.17,0.19,1.14,ACTIVE|FIT-TIER-sensitivity,Beau Addinsall
beau-dowler,ND 1-64,2005,6,6,KPF,3,16,34.88,26.84,45.33,1.2996,FIT-TIER-core|IN-ND-CURVE-FIT,Beau Dowler
beau-maister,RD,2004,23,,KPF,6,44,42.85,32.97,62.63,1.2996,FIT-TIER-core|IN-POOL-CELL-FIT,Beau Maister
beau-mccreery,ND 1-64,2020,46,46,SF,6,116,17.04,13.11,26.82,1.2996,ACTIVE|FIT-TIER-augmented|IN-ND-CURVE-FIT,Beau McCreery
beau-muston,ND 1-64,2005,22,22,MID,2,13,0.58,0.45,0.76,1.2996,FIT-TIER-core|IN-ND-CURVE-FIT,Beau Muston
beau-waters,ND 1-64,2003,11,11,SD,7,101,676.5,520.54,1429.16,1.2996,FIT-TIER-core|PRE-2004-OUT-OF-WINDOW,Beau Waters
ben-ainsworth,ND 1-64,2016,4,4,SF,10,179,536.17,413.47,889.01,1.2968,ACTIVE|FIT-TIER-augmented|IN-ND-CURVE-FIT,Ben Ainsworth
ben-brown,ND 1-64,2013,47,46,KPF,11,175,1246.25,1246.25,2300.51,1.0,FIT-TIER-core|SLID-2013-14|IN-ND-CURVE-FIT,Ben Brown
ben-camporeale,ND 1-64,2024,43,43,MID,1,0,0.0,0.0,0.0,,ACTIVE|FIT-TIER-sensitivity,Ben Camporeale
ben-cavarra,ND 1-64,2018,45,45,SF,2,4,0.02,0.02,0.03,1.0,FIT-TIER-augmented|IN-ND-CURVE-FIT,Ben Cavarra
ben-clifton,RD,2003,9,,KPD,0,0,0.0,0.0,0.0,,FIT-TIER-core|PRE-2004-OUT-OF-WINDOW,Ben Clifton
ben-cosgriff,RD,2003,12,,SF,0,0,0.0,0.0,0.0,,FIT-TIER-core|PRE-2004-OUT-OF-WINDOW,Ben Cosgriff
ben-crocker,ND 1-64,2015,64,64,SF,5,33,0.22,0.17,0.29,1.2782,FIT-TIER-augmented|IN-ND-CURVE-FIT,Ben Crocker
ben-cunnington,ND 1-64,2009,5,5,MID,14,238,2307.3,1775.4,5043.45,1.2996,FIT-TIER-core|IN-ND-CURVE-FIT,Ben Cunnington
ben-darrou,RD,2011,24,,KPD,0,0,0.0,0.0,0.0,,FIT-TIER-core|IN-POOL-CELL-FIT,Ben Darrou
ben-davies,RD,2004,6,,MID,3,14,0.11,0.09,0.14,1.2665,FIT-TIER-core|IN-POOL-CELL-FIT,Ben Davies
ben-davis,ND>64,2016,74,74,SF,4,11,0.09,0.07,0.11,1.2996,FIT-TIER-augmented|IN-POOL-CELL-FIT,Ben Davis
ben-dowdell,UNR,2011,,,RUCK,0,0,0.0,0.0,0.0,,FIT-TIER-core|PICKLESS|IN-POOL-CELL-FIT,Ben Dowdell
ben-eckermann,ND 1-64,2004,48,48,MID,1,4,0.0,0.0,0.0,1.14,FIT-TIER-core|IN-ND-CURVE-FIT,Ben Eckermann
ben-haren,RD,2010,31,,SD,0,0,0.0,0.0,0.0,,FIT-TIER-core|IN-POOL-CELL-FIT,Ben Haren
ben-hobbs,ND 1-64,2021,13,13,MID,4,65,204.88,158.23,205.23,1.2949,FIT-TIER-augmented|IN-ND-CURVE-FIT,Ben Hobbs
ben-howlett,RD,2009,23,,MID,7,124,510.24,510.24,854.79,1.0,FIT-TIER-core|IN-POOL-CELL-FIT,Ben Howlett
ben-hudson,ND 1-64,2003,52,52,RUCK,8,145,449.91,449.91,1258.71,1.0,FIT-TIER-core|PRE-2004-OUT-OF-WINDOW,Ben Hudson
ben-hughes,RD,2006,18,,SF,0,0,0.0,0.0,0.0,,FIT-TIER-core|IN-POOL-CELL-FIT,Ben Hughes
ben-jacobs,ND 1-64,2010,16,16,SD,7,90,57.07,43.94,123.78,1.299,FIT-TIER-core|IN-ND-CURVE-FIT,Ben Jacobs
ben-jakobi,RD,2010,10,,MID,0,0,0.0,0.0,0.0,,FIT-TIER-core|IN-POOL-CELL-FIT,Ben Jakobi
ben-jarman,RD,2016,28,,SF,0,0,0.0,0.0,0.0,,FIT-TIER-augmented|IN-POOL-CELL-FIT,Ben Jarman
ben-jarvis,ND 1-64,2018,48,48,SF,1,1,0.0,0.0,0.0,1.2996,FIT-TIER-augmented|IN-ND-CURVE-FIT,Ben Jarvis
ben-jepson,SSP,2024,,,MID,2,5,0.0,0.0,0.0,1.0,ACTIVE|FIT-TIER-sensitivity|PICKLESS,Ben Jepson
ben-johnson,RD,2009,30,,SD,4,50,142.66,142.66,175.64,1.0,FIT-TIER-core|IN-POOL-CELL-FIT,Ben Johnson
ben-jolley,RD,2004,25,,MID,1,4,0.0,0.0,0.0,1.2996,FIT-TIER-core|IN-POOL-CELL-FIT,Ben Jolley
ben-keays,ND 1-64,2015,24,24,MID,11,182,1662.11,1278.94,3186.06,1.2996,ACTIVE|FIT-TIER-augmented|IN-ND-CURVE-FIT,Ben Keays
ben-kennedy,ND 1-64,2012,23,23,SF,4,40,55.85,42.98,72.54,1.2996,FIT-TIER-core|IN-ND-CURVE-FIT,Ben Kennedy
ben-king,ND 1-64,2018,6,6,KPF,7,141,71.38,54.93,127.4,1.2995,ACTIVE|FIT-TIER-augmented|IN-ND-CURVE-FIT,Ben King
ben-lennon,ND 1-64,2013,12,11,SF,4,21,2.0,1.54,2.05,1.2995,FIT-TIER-core|SLID-2013-14|IN-ND-CURVE-FIT,Ben Lennon
ben-long,ND 1-64,2016,25,25,SF,10,154,90.94,69.98,137.65,1.2996,ACTIVE|FIT-TIER-augmented|IN-ND-CURVE-FIT,Ben Long
ben-mabon,ND>64,2010,69,69,RUCK,0,0,0.0,0.0,0.0,,FIT-TIER-core|IN-POOL-CELL-FIT,Ben Mabon
ben-mcevoy,ND 1-64,2007,9,9,RUCK,15,252,2753.55,2118.77,6370.75,1.2996,FIT-TIER-core|IN-ND-CURVE-FIT,Ben McEvoy
ben-mcglynn,RD,2005,41,,SF,11,156,937.5,937.5,2444.32,1.0,FIT-TIER-core|IN-POOL-CELL-FIT,Ben McGlynn
ben-mckay,ND 1-64,2015,21,21,KPD,9,119,80.87,62.23,175.68,1.2996,ACTIVE|FIT-TIER-augmented|IN-ND-CURVE-FIT,Ben McKay
ben-mckinley,ND 1-64,2005,29,29,SF,5,48,62.08,47.77,73.8,1.2996,FIT-TIER-core|IN-ND-CURVE-FIT,Ben McKinley
ben-mcniece,PDN,2016,,,SD,3,15,0.1,0.1,0.13,1.0,FIT-TIER-augmented|PICKLESS|IN-POOL-CELL-FIT,Ben McNiece
ben-miller,ND 1-64,2017,62,62,KPD,6,88,364.51,280.48,787.21,1.2996,ACTIVE|FIT-TIER-augmented|IN-ND-CURVE-FIT,Ben Miller
ben-murphy,IRE,2025,,,SD,1,0,0.0,0.0,0.0,,ACTIVE|FIT-TIER-sensitivity|PICKLESS,Ben Murphy
ben-nason,ND 1-64,2009,62,62,SF,2,23,0.02,0.02,0.02,1.0,FIT-TIER-core|IN-ND-CURVE-FIT,Ben Nason
ben-newton,ND 1-64,2010,37,37,MID,3,17,44.05,33.89,73.87,1.2996,FIT-TIER-core|IN-ND-CURVE-FIT,Ben Newton
ben-paton,ND 1-64,2017,46,46,SD,7,75,2.1,1.62,2.68,1.2951,FIT-TIER-augmented|IN-ND-CURVE-FIT,Ben Paton
ben-reid,ND 1-64,2006,9,9,KPF,14,152,1003.78,772.38,2016.12,1.2996,FIT-TIER-core|IN-ND-CURVE-FIT,Ben Reid
ben-richmond,UNR,2012,,,RUCK,0,0,0.0,0.0,0.0,,FIT-TIER-core|PICKLESS|IN-POOL-CELL-FIT,Ben Richmond
ben-ronke,RD,2016,13,,SF,5,44,14.12,10.87,14.46,1.2996,FIT-TIER-augmented|IN-POOL-CELL-FIT,Ben Ronke
ben-ross,RD,2013,28,,MID,1,4,0.0,0.0,0.0,1.0,FIT-TIER-core|IN-POOL-CELL-FIT,Ben Ross
ben-schwarze,ND 1-64,2004,61,61,SD,1,11,0.0,0.0,0.01,1.0,FIT-TIER-core|IN-ND-CURVE-FIT,Ben Schwarze
ben-sharp,RD,2004,11,,MID,0,0,0.0,0.0,0.0,,FIT-TIER-core|IN-POOL-CELL-FIT,Ben Sharp
ben-silvagni,ND>64,2018,70,70,KPD,0,0,0.0,0.0,0.0,,FIT-TIER-augmented|IN-POOL-CELL-FIT,Ben Silvagni
ben-sinclair,ND 1-64,2009,59,59,MID,6,63,3.01,2.32,4.85,1.2996,FIT-TIER-core|IN-ND-CURVE-FIT,Ben Sinclair
ben-warren,ND>64,2006,68,68,SF,4,29,4.58,3.52,6.81,1.2996,FIT-TIER-core|IN-POOL-CELL-FIT,Ben Warren
benet-copping,ND 1-64,2004,55,55,KPF,0,0,0.0,0.0,0.0,,FIT-TIER-core|IN-ND-CURVE-FIT,Benet Copping
benjamin-bucovaz,ND 1-64,2008,56,56,SF,1,2,0.0,0.0,0.0,1.2996,FIT-TIER-core|IN-ND-CURVE-FIT,Benjamin Bucovaz
benjamin-griffiths,ND 1-64,2009,19,19,KPF,8,63,195.61,150.52,342.5,1.2996,FIT-TIER-core|IN-ND-CURVE-FIT,Benjamin Griffiths
benjamin-johnson-2019,ND 1-64,2019,57,57,SD,0,0,0.0,0.0,0.0,,FIT-TIER-augmented|IN-ND-CURVE-FIT,Benjamin Johnson
benjamin-speight,RD,2008,34,,SF,2,10,0.0,0.0,0.01,1.2996,FIT-TIER-core|IN-POOL-CELL-FIT,Benjamin Speight
benjamin-stratton,ND 1-64,2009,45,45,KPD,11,202,190.07,190.07,278.57,1.0,FIT-TIER-core|IN-ND-CURVE-FIT,Benjamin Stratton
benny-barrett,PDN,2024,,,SF,1,0,0.0,0.0,0.0,,ACTIVE|FIT-TIER-sensitivity|PICKLESS,Benny Barrett
bernie-vince,ND 1-64,2005,32,32,MID,13,223,1451.64,1451.64,3496.78,1.0,FIT-TIER-core|IN-ND-CURVE-FIT,Bernie Vince
bigoa-nyuon,ND 1-64,2019,53,53,KPD,2,4,9.1,7.0,13.47,1.2996,FIT-TIER-augmented|IN-ND-CURVE-FIT,Bigoa Nyuon
billie-smedts,ND 1-64,2010,15,15,SD,6,47,0.95,0.73,1.09,1.2996,FIT-TIER-core|IN-ND-CURVE-FIT,Billie Smedts
billy-cootee,ND 1-64,2025,42,42,MID,1,7,0.0,0.0,0.0,1.0,ACTIVE|FIT-TIER-sensitivity,Billy Cootee
billy-dowling,ND 1-64,2022,43,43,MID,3,13,96.47,74.23,111.79,1.2996,ACTIVE|FIT-TIER-sensitivity,Billy Dowling
billy-evans,RD,2014,3,,MID,2,7,0.01,0.01,0.01,1.2938,FIT-TIER-core|IN-POOL-CELL-FIT,Billy Evans
billy-frampton,ND>64,2014,74,73,KPF,9,95,216.73,166.77,497.85,1.2996,ACTIVE|FIT-TIER-core|SLID-2013-14|IN-POOL-CELL-FIT,Billy Frampton
billy-gowers,RD,2014,5,,SF,3,33,7.2,5.54,9.38,1.2996,FIT-TIER-core|IN-POOL-CELL-FIT,Billy Gowers
billy-hartung,ND 1-64,2013,24,23,MID,5,76,23.03,17.72,29.26,1.2996,FIT-TIER-core|SLID-2013-14|IN-ND-CURVE-FIT,Billy Hartung
billy-longer,ND 1-64,2011,11,11,RUCK,7,66,74.34,57.22,121.62,1.2991,FIT-TIER-core|IN-ND-CURVE-FIT,Billy Longer
billy-morrison,ND 1-64,2003,17,17,KPF,0,0,0.0,0.0,0.0,,FIT-TIER-core|PRE-2004-OUT-OF-WINDOW,Billy Morrison
billy-stretch,ND 1-64,2014,42,41,MID,5,47,39.86,30.67,49.25,1.2996,FIT-TIER-core|SLID-2013-14|IN-ND-CURVE-FIT,Billy Stretch
billy-wilson,ND 1-64,2023,34,34,SD,2,17,35.2,27.09,40.13,1.2996,ACTIVE|FIT-TIER-sensitivity,Billy Wilson
blaine-boekhorst,ND 1-64,2014,19,18,MID,3,25,83.71,83.71,123.64,1.0,FIT-TIER-core|SLID-2013-14|IN-ND-CURVE-FIT,Blaine Boekhorst
blaine-johnson,RD,2013,23,,SF,2,7,0.0,0.0,0.0,1.1876,FIT-TIER-core|IN-POOL-CELL-FIT,Blaine Johnson
blake-acres,ND 1-64,2013,19,18,MID,13,195,1257.73,967.78,2444.52,1.2996,ACTIVE|FIT-TIER-core|SLID-2013-14|IN-ND-CURVE-FIT,Blake Acres
blake-bray,PDS,2010,,,SD,0,0,0.0,0.0,0.0,,FIT-TIER-core|PICKLESS|IN-POOL-CELL-FIT,Blake Bray
blake-coleman,ND 1-64,2020,25,25,SF,0,0,0.0,0.0,0.0,,FIT-TIER-augmented|IN-ND-CURVE-FIT,Blake Coleman
blake-drury,RD,2022,1,,SF,2,10,0.0,0.0,0.0,1.299,FIT-TIER-sensitivity,Blake Drury
blake-grewar,PDA,2016,,,SD,0,0,0.0,0.0,0.0,,FIT-TIER-augmented|PICKLESS|IN-POOL-CELL-FIT,Blake Grewar
blake-hardwick,ND 1-64,2015,44,44,SF,11,219,883.94,680.16,1801.88,1.2996,ACTIVE|FIT-TIER-augmented|IN-ND-CURVE-FIT,Blake Hardwick
blake-howes,ND 1-64,2021,39,39,SD,3,48,1.69,1.3,2.41,1.2996,ACTIVE|FIT-TIER-augmented|IN-ND-CURVE-FIT,Blake Howes
blake-leidler,RD,2024,6,,SD,0,0,0.0,0.0,0.0,,FIT-TIER-sensitivity,Blake Leidler
blake-mcgrath,PDS,2008,,,MID,0,0,0.0,0.0,0.0,,FIT-TIER-core|PICKLESS|IN-POOL-CELL-FIT,Blake McGrath
blake-schlensog,PDN,2018,,,RUCK,0,0,0.0,0.0,0.0,,FIT-TIER-augmented|PICKLESS|IN-POOL-CELL-FIT,Blake Schlensog
blake-thredgold,ND 1-64,2025,26,26,KPD,1,0,0.0,0.0,0.0,,ACTIVE|FIT-TIER-sensitivity,Blake Thredgold
blayne-wilson,RD,2010,2,,SD,2,9,5.27,4.05,6.36,1.2996,FIT-TIER-core|IN-POOL-CELL-FIT,Blayne Wilson
bo-allan,ND 1-64,2024,16,16,SD,2,24,0.05,0.04,0.05,1.2995,ACTIVE|FIT-TIER-sensitivity,Bo Allan
bobby-hill,ND 1-64,2018,24,24,SF,8,97,16.77,13.08,24.45,1.2822,ACTIVE|FIT-TIER-augmented|IN-ND-CURVE-FIT,Bobby Hill
bodhi-uwland,PDA,2021,,,SD,4,70,593.08,456.36,857.46,1.2996,ACTIVE|FIT-TIER-augmented|PICKLESS|IN-POOL-CELL-FIT,Bodhi Uwland
bodie-ryan,ND 1-64,2023,46,46,SD,1,4,0.0,0.0,0.0,1.2996,ACTIVE|FIT-TIER-sensitivity,Bodie Ryan
boyd-woodcock,ND>64,2018,76,76,SF,2,12,0.64,0.49,0.64,1.2996,FIT-TIER-augmented|IN-POOL-CELL-FIT,Boyd Woodcock
brad-crouch,ND 1-64,2011,9,9,MID,10,161,2215.57,1704.81,4312.79,1.2996,FIT-TIER-core|IN-ND-CURVE-FIT,Brad Crouch
brad-dabrowski,RD,2003,32,,KPF,0,0,0.0,0.0,0.0,,FIT-TIER-core|PRE-2004-OUT-OF-WINDOW,Brad Dabrowski
brad-dick,ND 1-64,2006,44,44,SF,4,27,160.15,123.24,203.57,1.2996,FIT-TIER-core|IN-ND-CURVE-FIT,Brad Dick
brad-harvey,RD,2010,12,,RUCK,0,0,0.0,0.0,0.0,,FIT-TIER-core|IN-POOL-CELL-FIT,Brad Harvey
brad-howard,ND 1-64,2006,28,28,MID,1,2,0.0,0.0,0.0,1.14,FIT-TIER-core|IN-ND-CURVE-FIT,Brad Howard
brad-mangan,RD,2011,27,,MID,0,0,0.0,0.0,0.0,,FIT-TIER-core|IN-POOL-CELL-FIT,Brad Mangan
brad-miller,RD,2010,25,,KPF,2,24,39.51,39.51,49.78,1.0,FIT-TIER-core|IN-POOL-CELL-FIT,Brad Miller
brad-moran,ND 1-64,2004,54,54,RUCK,5,20,348.77,268.36,389.61,1.2996,FIT-TIER-core|IN-ND-CURVE-FIT,Brad Moran
brad-sugars,RD,2005,12,,SF,0,0,0.0,0.0,0.0,,FIT-TIER-core|IN-POOL-CELL-FIT,Brad Sugars
brad-symes,ND 1-64,2003,30,30,MID,7,75,850.55,654.47,1234.28,1.2996,FIT-TIER-core|PRE-2004-OUT-OF-WINDOW,Brad Symes
bradd-dalziell,ND 1-64,2007,51,51,MID,6,43,367.15,367.15,432.26,1.0,FIT-TIER-core|IN-ND-CURVE-FIT,Bradd Dalziell
bradley-close,RD,2019,8,,SF,7,141,299.34,299.34,448.79,1.0,ACTIVE|FIT-TIER-augmented|IN-POOL-CELL-FIT,Bradley Close
bradley-ebert,ND 1-64,2007,13,13,MID,13,260,1916.42,1474.63,4158.4,1.2996,FIT-TIER-core|IN-ND-CURVE-FIT,Brad Ebert
bradley-hartman,ND>64,2012,67,67,SF,1,5,0.0,0.0,0.0,1.2996,FIT-TIER-core|IN-POOL-CELL-FIT,Bradley Hartman
bradley-helbig,ND 1-64,2010,48,48,MID,3,16,0.0,0.0,0.0,1.1424,FIT-TIER-core|IN-ND-CURVE-FIT,Bradley Helbig
bradley-hill,ND 1-64,2011,42,42,MID,15,298,798.85,614.69,2266.49,1.2996,ACTIVE|FIT-TIER-core|IN-ND-CURVE-FIT,Bradley Hill
bradley-lynch,RD,2015,8,,SD,1,9,0.02,0.02,0.03,1.2996,FIT-TIER-augmented|IN-POOL-CELL-FIT,Bradley Lynch
bradley-mckenzie,ND 1-64,2011,24,24,SD,5,37,5.83,4.49,8.54,1.2996,FIT-TIER-core|IN-ND-CURVE-FIT,Bradley McKenzie
bradley-scheer,ND>64,2016,66,66,MID,3,13,5.37,4.13,5.37,1.2996,FIT-TIER-augmented|IN-POOL-CELL-FIT,Bradley Scheer
bradley-sheppard,ND 1-64,2009,7,7,MID,12,216,280.55,215.93,791.31,1.2993,FIT-TIER-core|IN-ND-CURVE-FIT,Bradley Sheppard
bradley-walsh,RD,2014,18,,MID,1,3,0.0,0.0,0.0,1.14,FIT-TIER-core|IN-POOL-CELL-FIT,Bradley Walsh
brady-grey,ND 1-64,2013,54,53,SF,4,21,1.58,1.21,1.8,1.2996,FIT-TIER-core|SLID-2013-14|IN-ND-CURVE-FIT,Brady Grey
brady-hough,ND 1-64,2021,31,31,SD,5,96,9.42,7.25,11.69,1.2995,ACTIVE|FIT-TIER-augmented|IN-ND-CURVE-FIT,Brady Hough
brady-rowles,RD,2019,2,,MID,0,0,0.0,0.0,0.0,,FIT-TIER-augmented|IN-POOL-CELL-FIT,Brady Rowles
braeden-campbell,ND 1-64,2020,5,5,MID,6,98,100.23,77.21,162.61,1.2982,ACTIVE|FIT-TIER-augmented|IN-ND-CURVE-FIT,Braeden Campbell
brandan-parfitt,ND 1-64,2016,26,26,MID,8,130,1056.4,812.95,1250.72,1.2995,FIT-TIER-augmented|IN-ND-CURVE-FIT,Brandan Parfitt
brandon-ellis,ND 1-64,2011,21,21,SD,13,251,2006.88,1544.25,3373.69,1.2996,FIT-TIER-core|IN-ND-CURVE-FIT,Brandon Ellis
brandon-jack,RD,2012,28,,SF,4,28,0.08,0.06,0.1,1.2994,FIT-TIER-core|IN-POOL-CELL-FIT,Brandon Jack
brandon-ryan,MSD,2023,9,,KPF,2,4,0.0,0.0,0.0,1.0,FIT-TIER-sensitivity,Brandon Ryan
brandon-starcevich,ND 1-64,2017,18,18,SD,9,141,3.48,2.68,5.12,1.295,ACTIVE|FIT-TIER-augmented|IN-ND-CURVE-FIT,Brandon Starcevich
brandon-walker,ND 1-64,2020,52,52,SD,6,67,0.67,0.51,0.85,1.2992,ACTIVE|FIT-TIER-augmented|IN-ND-CURVE-FIT,Brandon Walker
brandon-white,ND 1-64,2015,40,40,SD,4,11,1.21,0.93,1.51,1.2994,FIT-TIER-augmented|IN-ND-CURVE-FIT,Brandon White
brandon-zerk-thatcher,ND>64,2017,65,65,KPD,8,94,180.99,139.27,289.0,1.2996,ACTIVE|FIT-TIER-augmented|IN-POOL-CELL-FIT,Brandon Zerk-Thatcher
brant-colledge,ND 1-64,2012,48,48,KPF,2,3,0.06,0.04,0.06,1.2996,FIT-TIER-core|IN-ND-CURVE-FIT,Brant Colledge
brayden-ainsworth,ND 1-64,2017,32,32,MID,4,15,0.02,0.02,0.02,1.1513,FIT-TIER-augmented|IN-ND-CURVE-FIT,Brayden Ainsworth
brayden-cook,ND 1-64,2020,26,26,SF,6,50,87.92,67.66,147.15,1.2995,ACTIVE|FIT-TIER-augmented|IN-ND-CURVE-FIT,Brayden Cook
brayden-crossley,ND 1-64,2017,52,52,RUCK,1,10,0.02,0.02,0.02,1.14,FIT-TIER-augmented|IN-ND-CURVE-FIT,Brayden Crossley
brayden-fiorini,ND 1-64,2015,20,20,MID,11,125,924.22,723.65,1484.28,1.2772,ACTIVE|FIT-TIER-augmented|IN-ND-CURVE-FIT,Brayden Fiorini
brayden-george,ND 1-64,2022,26,26,SF,1,0,0.0,0.0,0.0,,ACTIVE|FIT-TIER-sensitivity,Brayden George
brayden-ham,ND>64,2018,72,72,MID,4,45,0.48,0.38,0.48,1.2724,FIT-TIER-augmented|IN-POOL-CELL-FIT,Brayden Ham
brayden-maynard,ND 1-64,2014,30,29,SD,12,246,1175.83,904.78,2333.58,1.2996,ACTIVE|FIT-TIER-core|SLID-2013-14|IN-ND-CURVE-FIT,Brayden Maynard
brayden-norris,ND 1-64,2009,52,52,MID,0,0,0.0,0.0,0.0,,FIT-TIER-core|IN-ND-CURVE-FIT,Brayden Norris
brayden-shaw,ND 1-64,2003,32,32,MID,0,0,0.0,0.0,0.0,,FIT-TIER-core|PRE-2004-OUT-OF-WINDOW,Brayden Shaw
brayden-sier,ND 1-64,2015,32,32,MID,4,28,61.46,47.29,72.67,1.2996,FIT-TIER-augmented|IN-ND-CURVE-FIT,Brayden Sier
braydon-preuss,RD,2014,12,,RUCK,4,28,246.04,189.32,528.64,1.2996,FIT-TIER-core|IN-POOL-CELL-FIT,Braydon Preuss
brendan-lee,RD,2011,51,,MID,1,2,21.28,21.28,24.26,1.0,FIT-TIER-core|IN-POOL-CELL-FIT,Brendan Lee
brendan-murphy,IRE,2007,,,SF,0,0,0.0,0.0,0.0,,FIT-TIER-core|PICKLESS|IN-POOL-CELL-FIT,Brendan Murphy
brendan-quigley,RD,2005,43,,KPD,0,0,0.0,0.0,0.0,,FIT-TIER-core|IN-POOL-CELL-FIT,Brendan Quigley
brendan-van-schaik,RD,2004,12,,KPF,0,0,0.0,0.0,0.0,,FIT-TIER-core|IN-POOL-CELL-FIT,Brendan Van Schaik
brendan-whitecross,ND 1-64,2007,29,29,MID,9,111,370.86,285.37,633.49,1.2996,FIT-TIER-core|IN-ND-CURVE-FIT,Brendan Whitecross
brenden-abbott,RD,2014,20,,KPF,0,0,0.0,0.0,0.0,,FIT-TIER-core|IN-POOL-CELL-FIT,Brenden Abbott
brendon-ah-chee,ND 1-64,2011,54,54,SF,7,58,28.21,21.71,57.36,1.2996,FIT-TIER-core|IN-ND-CURVE-FIT,Brendon Ah Chee
brennan-cox,ND 1-64,2016,41,41,KPF,10,151,1274.95,981.21,2051.78,1.2994,ACTIVE|FIT-TIER-augmented|IN-ND-CURVE-FIT,Brennan Cox
brennan-stack,ND 1-64,2006,45,45,SF,3,21,0.81,0.63,1.19,1.2996,FIT-TIER-core|IN-ND-CURVE-FIT,Brennan Stack
brent-connelly,RD,2007,11,,KPD,0,0,0.0,0.0,0.0,,FIT-TIER-core|IN-POOL-CELL-FIT,Brent Connelly
brent-daniels,ND 1-64,2017,27,27,SF,8,121,672.59,517.56,1302.59,1.2995,ACTIVE|FIT-TIER-augmented|IN-ND-CURVE-FIT,Brent Daniels
brent-hall,ND 1-64,2003,35,35,RUCK,1,1,0.0,0.0,0.0,1.2996,FIT-TIER-core|PRE-2004-OUT-OF-WINDOW,Brent Hall
brent-hartigan,ND 1-64,2003,56,56,SD,3,16,0.18,0.14,0.21,1.2996,FIT-TIER-core|PRE-2004-OUT-OF-WINDOW,Brent Hartigan
brent-lecras,ND 1-64,2003,51,51,SF,1,2,0.01,0.01,0.02,1.0,FIT-TIER-core|PRE-2004-OUT-OF-WINDOW,Brent LeCras
brent-macaffer,RD,2006,25,,SF,6,77,407.55,313.6,515.36,1.2996,FIT-TIER-core|IN-POOL-CELL-FIT,Brent Macaffer
brent-prismall,ND 1-64,2004,35,35,MID,6,59,443.3,341.1,669.83,1.2996,FIT-TIER-core|IN-ND-CURVE-FIT,Brent Prismall
brent-renouf,ND 1-64,2006,25,25,RUCK,7,68,2.06,1.59,2.92,1.2996,FIT-TIER-core|IN-ND-CURVE-FIT,Brent Renouf
brent-stanton,ND 1-64,2003,13,13,MID,12,237,2623.5,2018.7,5391.16,1.2996,FIT-TIER-core|PRE-2004-OUT-OF-WINDOW,Brent Stanton
brenton-payne,RD,2014,26,,SF,0,0,0.0,0.0,0.0,,FIT-TIER-core|IN-POOL-CELL-FIT,Brenton Payne
bret-goodes,RD,2012,7,,SD,3,22,422.12,422.12,481.22,1.0,FIT-TIER-core|IN-POOL-CELL-FIT,Bret Goodes
bret-thornton,RD,2012,1,,KPD,1,1,14.31,14.31,16.31,1.0,FIT-TIER-core|IN-POOL-CELL-FIT,Bret Thornton
brett-bewley,ND 1-64,2018,59,59,MID,3,25,115.14,115.14,149.66,1.0,FIT-TIER-augmented|IN-ND-CURVE-FIT,Brett Bewley
brett-collins,RD,2006,5,,MID,0,0,0.0,0.0,0.0,,FIT-TIER-core|IN-POOL-CELL-FIT,Brett Collins
brett-deledio,ND 1-64,2004,1,1,MID,15,266,5751.32,4450.65,11152.11,1.2922,FIT-TIER-core|IN-ND-CURVE-FIT,Brett Deledio
brett-eddy,RD,2016,18,,KPF,1,3,0.35,0.35,0.39,1.0,FIT-TIER-augmented|IN-POOL-CELL-FIT,Brett Eddy
brett-jones,RD,2003,10,,SD,6,87,200.11,200.11,357.25,1.0,FIT-TIER-core|PRE-2004-OUT-OF-WINDOW,Brett Jones
brett-meredith,ND 1-64,2007,26,26,SD,3,16,0.0,0.0,0.0,1.2996,FIT-TIER-core|IN-ND-CURVE-FIT,Brett Meredith
brett-o-hanlon,RD,2011,3,,MID,2,9,0.0,0.0,0.0,1.1403,FIT-TIER-core|IN-POOL-CELL-FIT,Brett O'Hanlon
brett-peake,ND 1-64,2003,42,42,MID,8,110,115.1,115.1,198.15,1.0,FIT-TIER-core|PRE-2004-OUT-OF-WINDOW,Brett Peake
brett-turner,MSD,2022,4,,MID,0,0,0.0,0.0,0.0,,FIT-TIER-sensitivity,Brett Turner
brian-donnelly,IRE,2008,,,KPD,0,0,0.0,0.0,0.0,,FIT-TIER-core|PICKLESS|IN-POOL-CELL-FIT,Brian Donnelly
broc-mccauley,PDA,2009,,,RUCK,2,6,10.22,10.22,15.09,1.0,FIT-TIER-core|PICKLESS|IN-POOL-CELL-FIT,Broc McCauley
brock-mclean,ND 1-64,2003,5,5,MID,10,144,1636.12,1258.94,2685.59,1.2996,FIT-TIER-core|PRE-2004-OUT-OF-WINDOW,Brock McLean
brock-o-brien,ND 1-64,2006,52,52,SD,2,3,0.24,0.21,0.24,1.1406,FIT-TIER-core|IN-ND-CURVE-FIT,Brock O'Brien
brock-smith,ND 1-64,2019,33,33,SD,0,0,0.0,0.0,0.0,,FIT-TIER-augmented|IN-ND-CURVE-FIT,Brock Smith
brodie-grundy,ND 1-64,2012,22,22,RUCK,14,261,6570.43,5059.61,14888.12,1.2986,ACTIVE|FIT-TIER-core|IN-ND-CURVE-FIT,Brodie Grundy
brodie-kemp,ND 1-64,2019,17,17,KPD,6,70,294.89,226.9,421.95,1.2996,ACTIVE|FIT-TIER-augmented|IN-ND-CURVE-FIT,Brodie Kemp
brodie-martin,RD,2007,43,,MID,7,38,86.01,66.18,111.18,1.2996,FIT-TIER-core|IN-POOL-CELL-FIT,Brodie Martin
brodie-mclaughlin,SSP,2022,,,KPF,0,0,0.0,0.0,0.0,,FIT-TIER-sensitivity|PICKLESS,Brodie McLaughlin
brodie-moles,RD,2007,20,,MID,2,17,4.68,3.6,5.34,1.2996,FIT-TIER-core|IN-POOL-CELL-FIT,Brodie Moles
brodie-murdoch,ND 1-64,2012,43,43,SF,4,22,0.02,0.01,0.02,1.2211,FIT-TIER-core|IN-ND-CURVE-FIT,Brodie Murdoch
brodie-riach,UNR,2018,,,RUCK,0,0,0.0,0.0,0.0,,FIT-TIER-augmented|PICKLESS|IN-POOL-CELL-FIT,Brodie Riach
brodie-smith,ND 1-64,2010,14,14,SD,15,273,1184.85,911.71,2437.23,1.2996,FIT-TIER-core|IN-ND-CURVE-FIT,Brodie Smith
brody-mihocek,RD,2017,14,,KPD,9,169,439.26,439.26,691.31,1.0,ACTIVE|FIT-TIER-augmented|IN-POOL-CELL-FIT,Brody Mihocek
bruce-reville,PDA,2023,,,MID,3,43,0.89,0.89,1.22,1.0,ACTIVE|FIT-TIER-sensitivity|PICKLESS,Bruce Reville
bryce-campbell,ND>64,2006,74,74,SF,2,8,0.0,0.0,0.0,1.2983,FIT-TIER-core|IN-POOL-CELL-FIT,Bryce Campbell
bryce-carroll,RD,2008,7,,MID,0,0,0.0,0.0,0.0,,FIT-TIER-core|IN-POOL-CELL-FIT,Bryce Carroll
bryce-gibbs,ND 1-64,2006,1,1,MID,14,268,4210.25,3239.74,7408.01,1.2996,FIT-TIER-core|IN-ND-CURVE-FIT,Bryce Gibbs
bryce-retzlaff,ND>64,2009,67,67,KPF,1,11,0.01,0.01,0.01,1.2996,FIT-TIER-core|IN-POOL-CELL-FIT,Bryce Retzlaff
bryn-weadon,RD,2008,27,,SF,0,0,0.0,0.0,0.0,,FIT-TIER-core|IN-POOL-CELL-FIT,Bryn Weadon
brynn-teakle,MSD,2022,8,,RUCK,4,21,88.53,88.53,130.52,1.0,FIT-TIER-sensitivity,Brynn Teakle
buku-khamis,PDN,2018,,,KPD,6,62,8.07,6.21,16.78,1.2996,ACTIVE|FIT-TIER-augmented|PICKLESS|IN-POOL-CELL-FIT,Buku Khamis
byron-sumner,ND 1-64,2009,53,53,SF,1,1,0.01,0.01,0.01,1.2996,FIT-TIER-core|IN-ND-CURVE-FIT,Byron Sumner
cadeyn-williams,RD,2012,24,,MID,0,0,0.0,0.0,0.0,,FIT-TIER-core|IN-POOL-CELL-FIT,Cadeyn Williams
caiden-cleary,ND 1-64,2023,24,24,MID,3,25,0.37,0.28,0.42,1.2996,ACTIVE|FIT-TIER-sensitivity,Caiden Cleary
cale-hooker,ND 1-64,2007,53,53,KPD,13,219,1563.89,1203.37,3436.32,1.2996,FIT-TIER-core|IN-ND-CURVE-FIT,Cale Hooker
cale-morton,ND 1-64,2007,4,4,MID,6,76,334.5,257.43,350.41,1.2994,FIT-TIER-core|IN-ND-CURVE-FIT,Cale Morton
caleb-daniel,ND 1-64,2014,46,45,MID,12,236,3283.53,2526.63,6029.83,1.2996,ACTIVE|FIT-TIER-core|SLID-2013-14|IN-ND-CURVE-FIT,Caleb Daniel
caleb-graham,ND>64,2018,71,71,KPD,5,37,9.11,7.16,11.05,1.2725,ACTIVE|FIT-TIER-augmented|IN-POOL-CELL-FIT,Caleb Graham
caleb-lewis,MSD,2025,13,,KPF,1,2,0.0,0.0,0.0,1.0,ACTIVE|FIT-TIER-sensitivity,Caleb Lewis
caleb-marchbank,ND 1-64,2014,7,6,KPD,8,63,222.01,170.83,277.78,1.2996,FIT-TIER-core|SLID-2013-14|IN-ND-CURVE-FIT,Caleb Marchbank
caleb-may,MSD,2026,9,,RUCK,1,0,0.0,0.0,0.0,,ACTIVE|FIT-TIER-sensitivity,Caleb May
caleb-mitchell,ND 1-64,2022,40,40,MID,2,3,0.0,0.0,0.0,1.2996,FIT-TIER-sensitivity,Caleb Mitchell
caleb-poulter,ND 1-64,2020,32,32,MID,5,35,6.31,5.52,6.36,1.1449,FIT-TIER-augmented|IN-ND-CURVE-FIT,Caleb Poulter
caleb-serong,ND 1-64,2019,8,8,MID,7,145,3445.81,2666.75,4932.46,1.2921,ACTIVE|FIT-TIER-augmented|IN-ND-CURVE-FIT,Caleb Serong
caleb-tiller,ND>64,2008,74,74,KPD,0,0,0.0,0.0,0.0,,FIT-TIER-core|IN-POOL-CELL-FIT,Caleb Tiller
caleb-windsor,ND 1-64,2023,7,7,SD,3,54,5.84,5.09,5.88,1.1476,ACTIVE|FIT-TIER-sensitivity,Caleb Windsor
calib-mourish,ND>64,2006,73,73,MID,0,0,0.0,0.0,0.0,,FIT-TIER-core|IN-POOL-CELL-FIT,Calib Mourish
callan-england,RD,2017,18,,MID,0,0,0.0,0.0,0.0,,FIT-TIER-augmented|IN-POOL-CELL-FIT,Callan England
callan-ward,ND 1-64,2007,19,19,MID,18,327,3273.61,2518.94,7287.94,1.2996,FIT-TIER-core|IN-ND-CURVE-FIT,Callan Ward
callum-ah-chee,ND 1-64,2015,8,8,SF,11,175,145.41,112.5,231.23,1.2925,ACTIVE|FIT-TIER-augmented|IN-ND-CURVE-FIT,Callum Ah Chee
callum-bartlett,ND 1-64,2009,27,27,MID,0,0,0.0,0.0,0.0,,FIT-TIER-core|IN-ND-CURVE-FIT,Callum Bartlett
callum-brown,ND 1-64,2016,35,35,MID,6,68,88.7,68.27,104.15,1.2991,FIT-TIER-augmented|IN-ND-CURVE-FIT,Callum Brown
callum-brown-ire,IRE,2018,,,SF,6,76,30.44,23.42,57.66,1.2996,ACTIVE|FIT-TIER-augmented|PICKLESS|IN-POOL-CELL-FIT,Callum M. Brown
callum-coleman-jones,ND 1-64,2017,20,20,KPF,7,37,88.89,68.4,114.46,1.2996,ACTIVE|FIT-TIER-augmented|IN-ND-CURVE-FIT,Callum Coleman-Jones
callum-hay,RD,2010,28,,KPD,0,0,0.0,0.0,0.0,,FIT-TIER-core|IN-POOL-CELL-FIT,Callum Hay
callum-jamieson,ND 1-64,2019,48,48,RUCK,3,17,7.13,5.48,10.56,1.2996,FIT-TIER-augmented|IN-ND-CURVE-FIT,Callum Jamieson
callum-mills,ND 1-64,2015,3,3,MID,11,194,2897.65,2233.28,5483.66,1.2975,ACTIVE|FIT-TIER-augmented|IN-ND-CURVE-FIT,Callum Mills
callum-moore,RD,2015,9,,KPF,3,10,6.7,5.16,7.64,1.2991,FIT-TIER-augmented|IN-POOL-CELL-FIT,Callum Moore
callum-papertalk,RD,2011,30,,SF,0,0,0.0,0.0,0.0,,FIT-TIER-core|IN-POOL-CELL-FIT,Callum Papertalk
callum-porter,ND>64,2017,73,73,MID,1,1,0.0,0.0,0.0,1.2996,FIT-TIER-augmented|IN-POOL-CELL-FIT,Callum Porter
callum-sinclair,RD,2012,12,,RUCK,9,118,821.94,821.94,1657.34,1.0,FIT-TIER-core|IN-POOL-CELL-FIT,Callum Sinclair
callum-wilkie,RD,2018,1,,KPD,8,176,2350.14,2350.14,4806.5,1.0,ACTIVE|FIT-TIER-augmented|IN-POOL-CELL-FIT,Callum Wilkie
callum-wilson,RD,2007,46,,KPF,2,7,226.65,174.4,258.27,1.2996,FIT-TIER-core|IN-POOL-CELL-FIT,Callum Wilson
calsher-dear,ND 1-64,2023,56,56,KPF,3,31,4.36,3.57,4.6,1.2209,ACTIVE|FIT-TIER-sensitivity,Calsher Dear
cam-eardley,RD,2011,19,,SD,0,0,0.0,0.0,0.0,,FIT-TIER-core|IN-POOL-CELL-FIT,Cam Eardley
cameron-cloke,RD,2009,33,,KPF,1,1,0.0,0.0,0.0,1.0,FIT-TIER-core|IN-POOL-CELL-FIT,Cameron Cloke
cameron-delaney,ND>64,2010,67,67,KPD,2,6,223.22,171.76,252.11,1.2996,FIT-TIER-core|IN-POOL-CELL-FIT,Cameron Delaney
cameron-ellis-yolmen,ND>64,2011,71,71,MID,6,48,381.43,293.5,764.51,1.2996,FIT-TIER-core|IN-POOL-CELL-FIT,Cameron Ellis-Yolmen
cameron-fleeton,ND 1-64,2020,60,60,SD,1,2,0.0,0.0,0.0,1.2996,FIT-TIER-augmented|IN-ND-CURVE-FIT,Cameron Fleeton
cameron-giles,ND 1-64,2013,39,38,KPD,0,0,0.0,0.0,0.0,,FIT-TIER-core|SLID-2013-14|IN-ND-CURVE-FIT,Cameron Giles
cameron-guthrie,ND 1-64,2010,25,25,MID,14,240,1527.89,1175.66,3738.32,1.2996,FIT-TIER-core|IN-ND-CURVE-FIT,Cameron Guthrie
cameron-hewett,RD,2015,23,,MID,0,0,0.0,0.0,0.0,,FIT-TIER-augmented|IN-POOL-CELL-FIT,Cameron Hewett
cameron-hitchcock,RD,2009,8,,SF,4,35,0.31,0.26,0.32,1.1919,FIT-TIER-core|IN-POOL-CELL-FIT,Cameron Hitchcock
cameron-howat,RD,2005,31,,MID,3,21,1.31,1.31,1.54,1.0,FIT-TIER-core|IN-POOL-CELL-FIT,Cameron Howat
cameron-johnston,RD,2010,44,,SD,0,0,0.0,0.0,0.0,,FIT-TIER-core|IN-POOL-CELL-FIT,Cameron Johnston
cameron-loersch,RD,2015,32,,KPF,0,0,0.0,0.0,0.0,,FIT-TIER-augmented|IN-POOL-CELL-FIT,Cameron Loersch
cameron-mackenzie,ND 1-64,2022,7,7,MID,4,65,58.1,44.72,72.5,1.2991,ACTIVE|FIT-TIER-sensitivity,Cameron Mackenzie
cameron-mccarthy,ND 1-64,2013,14,13,KPF,6,70,8.33,6.43,10.76,1.2951,FIT-TIER-core|SLID-2013-14|IN-ND-CURVE-FIT,Cameron McCarthy
cameron-nairn,ND 1-64,2025,20,20,MID,1,3,0.01,0.01,0.01,1.14,ACTIVE|FIT-TIER-sensitivity,Cameron Nairn
cameron-o-shea,ND 1-64,2010,53,53,SD,7,92,66.75,51.37,79.15,1.2993,FIT-TIER-core|IN-ND-CURVE-FIT,Cameron O'Shea
cameron-owen,RD,2022,6,,RUCK,0,0,0.0,0.0,0.0,,FIT-TIER-sensitivity,Cameron Owen
cameron-pedersen,RD,2010,16,,KPD,8,80,1220.75,1220.75,2047.44,1.0,FIT-TIER-core|IN-POOL-CELL-FIT,Cameron Pedersen
cameron-polson,ND 1-64,2016,58,58,SF,4,19,0.0,0.0,0.0,1.2728,FIT-TIER-augmented|IN-ND-CURVE-FIT,Cameron Polson
cameron-rayner,ND 1-64,2017,1,1,SF,8,188,483.45,372.77,847.43,1.2969,ACTIVE|FIT-TIER-augmented|IN-ND-CURVE-FIT,Cameron Rayner
cameron-shenton,RD,2011,29,,SF,3,24,3.47,3.47,5.27,1.0,FIT-TIER-core|IN-POOL-CELL-FIT,Cameron Shenton
cameron-stokes,RD,2007,45,,SF,3,20,0.8,0.71,0.8,1.1403,FIT-TIER-core|IN-POOL-CELL-FIT,Cameron Stokes
cameron-sutcliffe,ND>64,2011,75,75,MID,9,113,23.51,18.09,29.45,1.2996,FIT-TIER-core|IN-POOL-CELL-FIT,Cameron Sutcliffe
cameron-taheny,ND 1-64,2019,49,49,SF,0,0,0.0,0.0,0.0,,FIT-TIER-augmented|IN-ND-CURVE-FIT,Cameron Taheny
cameron-thurley,ND 1-64,2003,22,22,SF,2,12,0.18,0.18,0.23,1.0,FIT-TIER-core|PRE-2004-OUT-OF-WINDOW,Cameron Thurley
cameron-wood,ND 1-64,2004,20,20,RUCK,10,86,295.85,227.65,627.26,1.2996,FIT-TIER-core|IN-ND-CURVE-FIT,Cameron Wood
cameron-zurhaar,RD,2016,9,,SF,10,164,180.54,138.92,344.82,1.2996,ACTIVE|FIT-TIER-augmented|IN-POOL-CELL-FIT,Cameron Zurhaar
campbell-chesser,ND 1-64,2021,14,14,MID,4,39,0.7,0.54,0.96,1.2996,ACTIVE|FIT-TIER-augmented|IN-ND-CURVE-FIT,Campbell Chesser
campbell-gray,MSD,2024,15,,KPD,2,12,34.0,34.0,38.76,1.0,ACTIVE|FIT-TIER-sensitivity,Campbell Gray
campbell-heath,ND 1-64,2008,60,60,SD,2,14,0.12,0.09,0.17,1.2996,FIT-TIER-core|IN-ND-CURVE-FIT,Campbell Heath
campbell-lake,MSD,2026,7,,SF,1,7,1.72,1.72,1.72,1.0,ACTIVE|FIT-TIER-sensitivity,Campbell Lake
caolan-mooney,IRE,2011,,,KPF,2,6,0.0,0.0,0.0,1.2987,FIT-TIER-core|PICKLESS|IN-POOL-CELL-FIT,Caolan Mooney
carl-peterson,ND 1-64,2006,60,60,SF,1,17,27.0,20.78,35.09,1.2996,FIT-TIER-core|IN-ND-CURVE-FIT,Carl Peterson
carter-michael,PDA,2020,,,SD,1,1,0.06,0.05,0.06,1.2996,FIT-TIER-augmented|PICKLESS|IN-POOL-CELL-FIT,Carter Michael
casey-sibosado,RD,2008,5,,KPF,1,1,0.49,0.38,0.56,1.2996,FIT-TIER-core|IN-POOL-CELL-FIT,Casey Sibosado
cathal-corr,RD,2005,13,,MID,0,0,0.0,0.0,0.0,,FIT-TIER-core|IN-POOL-CELL-FIT,Cathal Corr
cedric-cox,ND 1-64,2016,24,24,MID,3,13,0.01,0.0,0.01,1.1657,FIT-TIER-augmented|IN-ND-CURVE-FIT,Cedric Cox
chad-gibson,ND 1-64,2004,31,31,KPF,0,0,0.0,0.0,0.0,,FIT-TIER-core|IN-ND-CURVE-FIT,Chad Gibson
chad-jones,ND 1-64,2003,24,24,KPF,3,10,30.62,23.56,39.8,1.2996,FIT-TIER-core|PRE-2004-OUT-OF-WINDOW,Chad Jones
chad-warner,ND 1-64,2019,38,38,MID,7,129,2404.05,1849.84,3500.16,1.2996,ACTIVE|FIT-TIER-augmented|IN-ND-CURVE-FIT,Chad Warner
chad-wingard,ND 1-64,2011,8,8,SF,12,218,3286.32,2528.72,5195.79,1.2996,FIT-TIER-core|IN-ND-CURVE-FIT,Chad Wingard
changkuoth-jiath,PDN,2017,,,SD,8,89,290.49,223.52,391.54,1.2996,ACTIVE|FIT-TIER-augmented|PICKLESS|IN-POOL-CELL-FIT,Changkuoth Jiath
charlie-ballard,ND 1-64,2017,42,42,KPD,9,143,314.63,242.11,471.81,1.2995,ACTIVE|FIT-TIER-augmented|IN-ND-CURVE-FIT,Charlie Ballard
charlie-banfield,ND 1-64,2025,41,41,MID,1,3,0.53,0.47,0.53,1.14,ACTIVE|FIT-TIER-sensitivity,Charlie Banfield
charlie-cameron,RD,2013,6,,SF,13,275,829.95,638.78,1556.21,1.2993,ACTIVE|FIT-TIER-core|IN-POOL-CELL-FIT,Charlie Cameron
charlie-clarke,ND 1-64,2022,24,24,SF,0,0,0.0,0.0,0.0,,FIT-TIER-sensitivity,Charlie Clarke
charlie-comben,ND 1-64,2019,31,31,KPF,6,68,310.71,239.08,482.77,1.2996,ACTIVE|FIT-TIER-augmented|IN-ND-CURVE-FIT,Charlie Comben
charlie-constable,ND 1-64,2017,36,36,MID,5,16,98.3,75.64,98.5,1.2996,FIT-TIER-augmented|IN-ND-CURVE-FIT,Charlie Constable
charlie-curnow,ND 1-64,2015,12,12,KPF,10,169,1939.8,1492.67,3499.69,1.2995,ACTIVE|FIT-TIER-augmented|IN-ND-CURVE-FIT,Charlie Curnow
charlie-dean,RD,2021,2,,KPD,2,12,1.79,1.79,2.67,1.0,FIT-TIER-augmented|IN-POOL-CELL-FIT,Charlie Dean
charlie-dixon,ND 1-64,2010,21,21,KPF,14,221,2794.7,2150.43,5874.77,1.2996,FIT-TIER-core|IN-ND-CURVE-FIT,Charlie Dixon
charlie-edwards,ND 1-64,2023,21,21,MID,1,2,0.0,0.0,0.0,1.2996,ACTIVE|FIT-TIER-sensitivity,Charlie Edwards
charlie-ham,MSD,2021,14,,MID,0,0,0.0,0.0,0.0,,FIT-TIER-augmented|IN-POOL-CELL-FIT,Charlie Ham
charlie-lazzaro,ND 1-64,2020,38,38,MID,4,39,0.01,0.0,0.01,1.299,FIT-TIER-augmented|IN-ND-CURVE-FIT,Charlie Lazzaro
charlie-nicholls,ND 1-64,2024,34,34,KPF,1,0,0.0,0.0,0.0,,ACTIVE|FIT-TIER-sensitivity,Charlie Nicholls
charlie-parker,RD,2021,8,,MID,0,0,0.0,0.0,0.0,,FIT-TIER-augmented|IN-POOL-CELL-FIT,Charlie Parker
charlie-spargo,ND 1-64,2017,29,29,SF,9,125,8.37,6.68,10.41,1.2531,ACTIVE|FIT-TIER-augmented|IN-ND-CURVE-FIT,Charlie Spargo
charlie-west,ND 1-64,2024,50,50,KPF,2,7,0.0,0.0,0.0,1.2879,ACTIVE|FIT-TIER-sensitivity,Charlie West
chayce-jones,ND 1-64,2018,9,9,MID,8,100,27.88,21.45,41.34,1.2995,ACTIVE|FIT-TIER-augmented|IN-ND-CURVE-FIT,Chayce Jones
cheynee-stiller,RD,2005,37,,MID,7,99,433.99,360.96,442.82,1.2023,FIT-TIER-core|IN-POOL-CELL-FIT,Cheynee Stiller
chris-bryan,ND 1-64,2004,62,62,RUCK,5,42,1.91,1.91,2.23,1.0,FIT-TIER-core|IN-ND-CURVE-FIT,Chris Bryan
chris-burgess,SSP,2018,,,KPF,6,44,6.66,5.2,7.69,1.2826,FIT-TIER-augmented|PICKLESS|IN-POOL-CELL-FIT,Chris Burgess
chris-dawes,ND 1-64,2006,29,29,KPF,9,121,599.47,461.27,895.94,1.2996,FIT-TIER-core|IN-ND-CURVE-FIT,Chris Dawes
chris-egan,ND 1-64,2004,10,10,SF,4,26,7.23,5.56,7.24,1.299,FIT-TIER-core|IN-ND-CURVE-FIT,Chris Egan
chris-hall,ND>64,2008,73,73,MID,0,0,0.0,0.0,0.0,,FIT-TIER-core|IN-POOL-CELL-FIT,Chris Hall
chris-johnson,ND 1-64,2003,36,36,SD,6,46,77.42,59.57,115.31,1.2996,FIT-TIER-core|PRE-2004-OUT-OF-WINDOW,Chris Johnson
chris-kangars,RD,2007,41,,KPD,0,0,0.0,0.0,0.0,,FIT-TIER-core|IN-POOL-CELL-FIT,Chris Kangars
chris-knights,ND 1-64,2004,53,53,MID,10,98,745.5,573.64,1001.87,1.2996,FIT-TIER-core|IN-ND-CURVE-FIT,Chris Knights
chris-masten,ND 1-64,2007,3,3,MID,12,215,864.08,664.89,1533.22,1.2996,FIT-TIER-core|IN-ND-CURVE-FIT,Chris Masten
chris-mckaigue,IRE,2009,,,SD,0,0,0.0,0.0,0.0,,FIT-TIER-core|PICKLESS|IN-POOL-CELL-FIT,Chris McKaigue
chris-ogle,PDS,2008,,,SF,0,0,0.0,0.0,0.0,,FIT-TIER-core|PICKLESS|IN-POOL-CELL-FIT,Chris Ogle
chris-scerri,SSP,2025,,,SF,1,7,0.09,0.08,0.09,1.14,ACTIVE|FIT-TIER-sensitivity|PICKLESS,Chris Scerri
chris-schmidt,ND 1-64,2006,35,35,SD,3,20,17.98,13.83,23.37,1.2996,FIT-TIER-core|IN-ND-CURVE-FIT,Chris Schmidt
chris-smith,RD,2006,12,,MID,0,0,0.0,0.0,0.0,,FIT-TIER-core|IN-POOL-CELL-FIT,Chris Smith
christian-bock,RD,2008,32,,RUCK,0,0,0.0,0.0,0.0,,FIT-TIER-core|IN-POOL-CELL-FIT,Christian Bock
christian-howard,ND 1-64,2009,15,15,SD,3,19,0.77,0.59,0.88,1.2996,FIT-TIER-core|IN-ND-CURVE-FIT,Christian Howard
christian-moraes,ND 1-64,2024,38,38,MID,2,25,0.12,0.09,0.12,1.2938,ACTIVE|FIT-TIER-sensitivity,Christian Moraes
christian-petracca,ND 1-64,2014,2,1,MID,11,231,4565.55,3513.04,9323.56,1.2996,ACTIVE|FIT-TIER-core|SLID-2013-14|IN-ND-CURVE-FIT,Christian Petracca
christian-salem,ND 1-64,2013,9,8,MID,13,206,1435.72,1104.74,2771.62,1.2996,ACTIVE|FIT-TIER-core|SLID-2013-14|IN-ND-CURVE-FIT,Christian Salem
christopher-mayne,ND 1-64,2007,40,40,SF,14,248,1396.34,1083.63,2714.53,1.2886,FIT-TIER-core|IN-ND-CURVE-FIT,Christopher Mayne
christopher-yarran,ND 1-64,2008,6,6,SF,7,119,856.11,658.75,1141.12,1.2996,FIT-TIER-core|IN-ND-CURVE-FIT,Christopher Yarran
cian-hanley,IRE,2014,,,SD,0,0,0.0,0.0,0.0,,FIT-TIER-core|PICKLESS|IN-POOL-CELL-FIT,Cian Hanley
cian-mcbride,IRE,2019,,,KPD,0,0,0.0,0.0,0.0,,FIT-TIER-augmented|PICKLESS|IN-POOL-CELL-FIT,Cian McBride
ciaran-byrne,IRE,2013,,,SD,4,22,6.66,5.13,7.93,1.2996,FIT-TIER-core|PICKLESS|IN-POOL-CELL-FIT,Ciaran Byrne
ciaran-kilkenny,IRE,2012,,,SD,0,0,0.0,0.0,0.0,,FIT-TIER-core|PICKLESS|IN-POOL-CELL-FIT,Ciaran Kilkenny
ciaran-sheehan,IRE,2013,,,SD,2,6,2.37,2.37,2.7,1.0,FIT-TIER-core|PICKLESS|IN-POOL-CELL-FIT,Ciaran Sheehan
cillian-bourke,IRE,2025,,,SD,1,0,0.0,0.0,0.0,,ACTIVE|FIT-TIER-sensitivity|PICKLESS,Cillian Bourke
cillian-burke,IRE,2024,,,SD,1,0,0.0,0.0,0.0,,ACTIVE|FIT-TIER-sensitivity|PICKLESS,Cillian Burke
cillian-mcdaid,IRE,2017,,,SD,0,0,0.0,0.0,0.0,,FIT-TIER-augmented|PICKLESS|IN-POOL-CELL-FIT,Cillian McDaid
clancee-pearce,RD,2008,38,,MID,8,100,561.36,431.97,750.41,1.2995,FIT-TIER-core|IN-POOL-CELL-FIT,Clancee Pearce
clay-cameron,ND 1-64,2012,60,60,KPD,3,23,7.23,5.56,9.39,1.2996,FIT-TIER-core|IN-ND-CURVE-FIT,Clay Cameron
clay-hall,ND 1-64,2023,38,38,MID,3,16,2.88,2.22,2.88,1.2996,ACTIVE|FIT-TIER-sensitivity,Clay Hall
clay-smith,ND 1-64,2011,23,23,MID,6,55,175.08,134.72,257.89,1.2996,FIT-TIER-core|IN-ND-CURVE-FIT,Clay Smith
clay-tucker,MSD,2023,3,,RUCK,0,0,0.0,0.0,0.0,,FIT-TIER-sensitivity,Clay Tucker
claye-beams,PDA,2009,,,MID,7,54,7.93,6.1,12.37,1.2996,FIT-TIER-core|PICKLESS|IN-POOL-CELL-FIT,Claye Beams
clayton-collard,ND 1-64,2006,32,32,SF,1,1,0.01,0.0,0.01,1.14,FIT-TIER-core|IN-ND-CURVE-FIT,Clayton Collard
clayton-hinkley,ND 1-64,2007,24,24,MID,4,22,0.01,0.01,0.01,1.2887,FIT-TIER-core|IN-ND-CURVE-FIT,Clayton Hinkley
clayton-oliver,ND 1-64,2015,4,4,MID,11,226,7738.17,5955.23,12505.07,1.2994,ACTIVE|FIT-TIER-augmented|IN-ND-CURVE-FIT,Clayton Oliver
clem-smith,ND 1-64,2014,59,58,SD,1,7,0.0,0.0,0.0,1.14,FIT-TIER-core|SLID-2013-14|IN-ND-CURVE-FIT,Clem Smith
cleve-hughes,ND 1-64,2005,24,24,KPF,3,16,0.5,0.38,0.54,1.2994,FIT-TIER-core|IN-ND-CURVE-FIT,Cleve Hughes
clint-bartram,ND 1-64,2005,55,55,SD,7,103,4.24,3.27,7.55,1.2963,FIT-TIER-core|IN-ND-CURVE-FIT,Clint Bartram
clinton-benjamin,ND 1-64,2006,51,51,MID,0,0,0.0,0.0,0.0,,FIT-TIER-core|IN-ND-CURVE-FIT,Clint Benjamin
clinton-jones,RD,2006,8,,MID,8,149,282.37,282.37,525.11,1.0,FIT-TIER-core|IN-POOL-CELL-FIT,Clinton Jones
clinton-young,RD,2004,18,,MID,10,129,217.28,167.19,278.05,1.2996,FIT-TIER-core|IN-POOL-CELL-FIT,Clinton Young
coby-burgiel,ND 1-64,2022,29,29,SF,0,0,0.0,0.0,0.0,,FIT-TIER-sensitivity,Coby Burgiel
cody-anderson,ND 1-64,2024,64,64,SF,1,0,0.0,0.0,0.0,,ACTIVE|FIT-TIER-sensitivity,Cody Anderson
cody-angove,ND 1-64,2024,24,24,MID,2,4,0.0,0.0,0.0,1.14,ACTIVE|FIT-TIER-sensitivity,Cody Angove
cody-brand,ND 1-64,2020,55,55,KPD,0,0,0.0,0.0,0.0,,FIT-TIER-augmented|IN-ND-CURVE-FIT,Cody Brand
cody-curtin,ND 1-64,2025,43,43,KPF,1,4,0.0,0.0,0.0,1.14,ACTIVE|FIT-TIER-sensitivity,Cody Curtin
cody-hirst,MSD,2019,9,,MID,0,0,0.0,0.0,0.0,,FIT-TIER-augmented|IN-POOL-CELL-FIT,Cody Hirst
cody-raak,PDN,2021,,,SD,0,0,0.0,0.0,0.0,,FIT-TIER-augmented|PICKLESS|IN-POOL-CELL-FIT,Cody Raak
cody-weightman,ND 1-64,2019,15,15,SF,6,83,69.04,53.13,92.06,1.2996,ACTIVE|FIT-TIER-augmented|IN-ND-CURVE-FIT,Cody Weightman
coen-livingstone,PDN,2023,,,RUCK,0,0,0.0,0.0,0.0,,FIT-TIER-sensitivity|PICKLESS,Coen Livingstone
colby-mckercher,ND 1-64,2023,2,2,MID,3,60,958.38,780.56,1002.6,1.2278,ACTIVE|FIT-TIER-sensitivity,Colby McKercher
colin-garland,ND 1-64,2006,46,46,KPD,10,141,995.42,765.95,1593.18,1.2996,FIT-TIER-core|IN-ND-CURVE-FIT,Colin Garland
colin-o-riordan,IRE,2015,,,SD,5,34,2.16,2.16,3.35,1.0,FIT-TIER-augmented|PICKLESS|IN-POOL-CELL-FIT,Colin O'Riordan
colin-sylvia,ND 1-64,2003,3,3,MID,10,158,1644.67,1265.52,3360.81,1.2996,FIT-TIER-core|PRE-2004-OUT-OF-WINDOW,Colin Sylvia
colm-begley,IRE,2005,,,SD,4,30,0.08,0.06,0.09,1.2881,FIT-TIER-core|PICKLESS|IN-POOL-CELL-FIT,Colm Begley
connor-ballenden,ND 1-64,2017,43,43,KPF,2,3,0.0,0.0,0.0,1.2996,FIT-TIER-augmented|IN-ND-CURVE-FIT,Connor Ballenden
connor-blakely,ND 1-64,2014,34,33,MID,7,78,585.81,450.76,711.32,1.2996,FIT-TIER-core|SLID-2013-14|IN-ND-CURVE-FIT,Connor Blakely
connor-budarick,RD,2019,9,,SD,7,67,146.78,112.95,259.3,1.2995,ACTIVE|FIT-TIER-augmented|IN-POOL-CELL-FIT,Connor Budarick
connor-downie,ND 1-64,2020,37,37,MID,1,2,0.0,0.0,0.0,1.14,FIT-TIER-augmented|IN-ND-CURVE-FIT,Connor Downie
connor-idun,ND 1-64,2018,61,61,SD,8,138,667.3,513.46,1245.97,1.2996,ACTIVE|FIT-TIER-augmented|IN-ND-CURVE-FIT,Connor Idun
connor-macdonald,ND 1-64,2021,26,26,MID,5,111,679.7,523.02,895.56,1.2996,ACTIVE|FIT-TIER-augmented|IN-ND-CURVE-FIT,Connor MacDonald
connor-mcfadyen,ND 1-64,2018,42,42,MID,0,0,0.0,0.0,0.0,,FIT-TIER-augmented|IN-ND-CURVE-FIT,Connor McFadyen
connor-menadue,ND 1-64,2014,33,32,MID,6,46,3.89,3.0,4.9,1.2996,FIT-TIER-core|SLID-2013-14|IN-ND-CURVE-FIT,Connor Menadue
connor-nutting,ND 1-64,2017,55,55,SF,0,0,0.0,0.0,0.0,,FIT-TIER-augmented|IN-ND-CURVE-FIT,Connor Nutting
connor-o-sullivan,ND 1-64,2023,11,11,KPD,3,47,275.8,212.22,307.54,1.2996,ACTIVE|FIT-TIER-sensitivity,Connor O'Sullivan
connor-rozee,ND 1-64,2018,5,5,SF,8,152,2773.59,2166.47,4059.8,1.2802,ACTIVE|FIT-TIER-augmented|IN-ND-CURVE-FIT,Connor Rozee
connor-west,MSD,2021,19,,MID,3,28,1.25,1.25,1.42,1.0,FIT-TIER-augmented|IN-POOL-CELL-FIT,Connor West
conor-glass,IRE,2015,,,SD,4,21,0.11,0.08,0.12,1.2996,FIT-TIER-augmented|PICKLESS|IN-POOL-CELL-FIT,Conor Glass
conor-mckenna,IRE,2014,,,SD,10,143,151.51,116.59,217.7,1.2996,ACTIVE|FIT-TIER-core|PICKLESS|IN-POOL-CELL-FIT,Conor McKenna
conor-meredith,IRE,2008,,,SD,0,0,0.0,0.0,0.0,,FIT-TIER-core|PICKLESS|IN-POOL-CELL-FIT,Conor Meredith
conor-nash,IRE,2016,,,MID,9,130,236.77,182.18,494.53,1.2996,ACTIVE|FIT-TIER-augmented|PICKLESS|IN-POOL-CELL-FIT,Conor Nash
conor-stone,ND 1-64,2020,15,15,SF,6,28,0.1,0.08,0.15,1.2974,ACTIVE|FIT-TIER-augmented|IN-ND-CURVE-FIT,Conor Stone
conrad-williams,PDN,2022,,,MID,0,0,0.0,0.0,0.0,,FIT-TIER-sensitivity|PICKLESS,Conrad Williams
cooper-bell,ND 1-64,2024,49,49,KPD,1,0,0.0,0.0,0.0,,ACTIVE|FIT-TIER-sensitivity,Cooper Bell
cooper-duff-tytler,ND 1-64,2025,4,4,KPF,1,13,1.0,0.88,1.0,1.14,ACTIVE|FIT-TIER-sensitivity,Cooper Duff-Tytler
cooper-hamilton,RD,2021,6,,MID,2,8,0.03,0.03,0.03,1.1419,FIT-TIER-augmented|IN-POOL-CELL-FIT,Cooper Hamilton
cooper-harvey,ND 1-64,2022,56,56,SF,3,17,109.12,83.96,141.8,1.2996,ACTIVE|FIT-TIER-sensitivity,Cooper Harvey
cooper-hynes,ND 1-64,2024,20,20,MID,2,27,0.31,0.24,0.31,1.2996,ACTIVE|FIT-TIER-sensitivity,Cooper Hynes
cooper-lord,MSD,2024,9,,MID,3,30,132.61,111.61,132.61,1.1881,ACTIVE|FIT-TIER-sensitivity,Cooper Lord
cooper-murley,ND 1-64,2021,49,49,MID,0,0,0.0,0.0,0.0,,FIT-TIER-augmented|IN-ND-CURVE-FIT,Cooper Murley
cooper-sharman,MSD,2021,18,,KPF,6,89,148.68,148.68,252.5,1.0,ACTIVE|FIT-TIER-augmented|IN-POOL-CELL-FIT,Cooper Sharman
cooper-simpson,ND 1-64,2023,35,35,SD,3,5,0.01,0.01,0.01,1.2706,ACTIVE|FIT-TIER-sensitivity,Cooper Simpson
cooper-stephens,ND 1-64,2019,16,16,MID,1,7,0.0,0.0,0.0,1.2996,FIT-TIER-augmented|IN-ND-CURVE-FIT,Cooper Stephens
cooper-trembath,MSD,2025,9,,KPF,2,24,165.63,165.63,173.4,1.0,ACTIVE|FIT-TIER-sensitivity,Cooper Trembath
cooper-vickery,ND 1-64,2022,27,27,SD,0,0,0.0,0.0,0.0,,FIT-TIER-sensitivity,Cooper Vickery
cooper-whyte,ND 1-64,2021,63,63,MID,1,1,0.0,0.0,0.0,1.2996,FIT-TIER-augmented|IN-ND-CURVE-FIT,Cooper Whyte
corey-adamson,UNR,2014,,,MID,0,0,0.0,0.0,0.0,,FIT-TIER-core|PICKLESS|IN-POOL-CELL-FIT,Corey Adamson
corey-dell-olio,RD,2011,28,,SF,3,16,60.95,60.95,79.21,1.0,FIT-TIER-core|IN-POOL-CELL-FIT,Corey Dell'Olio
corey-durdin,ND 1-64,2020,39,39,SF,6,85,1.7,1.3,2.57,1.2996,ACTIVE|FIT-TIER-augmented|IN-ND-CURVE-FIT,Corey Durdin
corey-ellis,ND 1-64,2014,13,12,MID,5,31,11.77,9.05,12.22,1.2996,FIT-TIER-core|SLID-2013-14|IN-ND-CURVE-FIT,Corey Ellis
corey-gault,ND>64,2011,72,72,KPF,3,6,2.43,1.87,2.83,1.2996,FIT-TIER-core|IN-POOL-CELL-FIT,Corey Gault
corey-lyons,ND>64,2016,70,70,MID,0,0,0.0,0.0,0.0,,FIT-TIER-augmented|IN-POOL-CELL-FIT,Corey Lyons
corey-maynard,UNR,2016,,,MID,2,2,40.12,40.12,45.73,1.0,FIT-TIER-augmented|PICKLESS|IN-POOL-CELL-FIT,Corey Maynard
corey-wagner,ND 1-64,2015,43,43,MID,7,70,27.37,21.06,68.07,1.2996,ACTIVE|FIT-TIER-augmented|IN-ND-CURVE-FIT,Corey Wagner
corey-warner,ND 1-64,2021,40,40,MID,4,28,0.11,0.09,0.15,1.2996,ACTIVE|FIT-TIER-augmented|IN-ND-CURVE-FIT,Corey Warner
cory-gregson,ND 1-64,2014,47,46,SF,3,39,1.25,0.97,1.27,1.2928,FIT-TIER-core|SLID-2013-14|IN-ND-CURVE-FIT,Cory Gregson
courtenay-dempsey,ND 1-64,2005,19,19,SD,11,131,225.82,173.76,392.77,1.2996,FIT-TIER-core|IN-ND-CURVE-FIT,Courtenay Dempsey
craig-bird,ND 1-64,2007,56,56,MID,10,157,528.58,406.82,1081.45,1.2993,FIT-TIER-core|IN-ND-CURVE-FIT,Craig Bird
craig-flint,RD,2005,16,,KPD,0,0,0.0,0.0,0.0,,FIT-TIER-core|IN-POOL-CELL-FIT,Craig Flint
craig-moller,RD,2012,26,,RUCK,1,1,0.0,0.0,0.0,1.14,FIT-TIER-core|IN-POOL-CELL-FIT,Craig Moller
cruize-garlett,RD,2007,31,,SF,4,32,1.03,0.79,1.3,1.2996,FIT-TIER-core|IN-POOL-CELL-FIT,Cruize Garlett
curtis-taylor,ND 1-64,2018,46,46,SF,6,76,13.3,10.23,16.55,1.2996,FIT-TIER-augmented|IN-ND-CURVE-FIT,Curtis Taylor
cyril-rioli,ND 1-64,2007,12,12,SF,11,189,3869.13,3003.82,5880.47,1.2881,FIT-TIER-core|IN-ND-CURVE-FIT,Cyril Rioli
dale-ellis,RD,2003,33,,KPF,0,0,0.0,0.0,0.0,,FIT-TIER-core|PRE-2004-OUT-OF-WINDOW,Dale Ellis
dale-morris,RD,2004,19,,KPD,14,239,541.04,541.04,1118.15,1.0,FIT-TIER-core|IN-POOL-CELL-FIT,Dale Morris
dale-thomas,ND 1-64,2005,2,2,MID,14,240,2559.95,1970.57,4484.72,1.2991,FIT-TIER-core|IN-ND-CURVE-FIT,Dale Thomas
dallas-willsmore,RD,2013,12,,MID,1,2,0.0,0.0,0.0,1.2996,FIT-TIER-core|IN-POOL-CELL-FIT,Dallas Willsmore
damien-cavka,ND 1-64,2014,64,63,MID,0,0,0.0,0.0,0.0,,FIT-TIER-core|SLID-2013-14|IN-ND-CURVE-FIT,Damien Cavka
damien-mccormack,ND 1-64,2004,40,40,SD,0,0,0.0,0.0,0.0,,FIT-TIER-core|IN-ND-CURVE-FIT,Damien McCormack
damon-greaves,RD,2018,9,,SD,2,10,255.33,196.47,255.33,1.2996,FIT-TIER-augmented|IN-POOL-CELL-FIT,Damon Greaves
dan-houston,RD,2015,30,,SF,10,210,2458.41,1891.67,4604.93,1.2996,ACTIVE|FIT-TIER-augmented|IN-POOL-CELL-FIT,Dan Houston
dan-mckenna,ND 1-64,2007,49,49,KPF,0,0,0.0,0.0,0.0,,FIT-TIER-core|IN-ND-CURVE-FIT,Dan McKenna
dane-rampe,RD,2012,23,,SD,14,285,1626.16,1626.16,3820.68,1.0,ACTIVE|FIT-TIER-core|IN-POOL-CELL-FIT,Dane Rampe
daniel-annable,ND 1-64,2025,6,6,MID,1,2,0.0,0.0,0.0,1.14,ACTIVE|FIT-TIER-sensitivity,Daniel Annable
daniel-archer,RD,2009,29,,KPF,1,1,0.56,0.43,0.56,1.2996,FIT-TIER-core|IN-POOL-CELL-FIT,Daniel Archer
daniel-bass,UNR,2009,,,RUCK,0,0,0.0,0.0,0.0,,FIT-TIER-core|PICKLESS|IN-POOL-CELL-FIT,Daniel Bass
daniel-batson,RD,2004,8,,RUCK,0,0,0.0,0.0,0.0,,FIT-TIER-core|IN-POOL-CELL-FIT,Daniel Batson
daniel-boyle,RD,2007,32,,MID,0,0,0.0,0.0,0.0,,FIT-TIER-core|IN-POOL-CELL-FIT,Daniel Boyle
daniel-butler,ND 1-64,2014,65,64,SF,10,159,177.84,136.84,298.0,1.2996,ACTIVE|FIT-TIER-core|SLID-2013-14|IN-ND-CURVE-FIT,Daniel Butler
daniel-connors,ND 1-64,2006,58,58,MID,6,29,201.24,154.85,261.5,1.2996,FIT-TIER-core|IN-ND-CURVE-FIT,Daniel Connors
daniel-currie,ND 1-64,2006,49,49,RUCK,3,10,63.06,48.52,195.74,1.2996,FIT-TIER-core|IN-ND-CURVE-FIT,Daniel Currie
daniel-curtin,ND 1-64,2023,8,8,KPD,3,46,283.41,218.08,283.97,1.2996,ACTIVE|FIT-TIER-sensitivity,Daniel Curtin
daniel-dzufer,RD,2006,32,,SD,1,1,0.0,0.0,0.0,1.14,FIT-TIER-core|IN-POOL-CELL-FIT,Daniel Dzufer
daniel-farmer,ND 1-64,2010,47,47,SF,0,0,0.0,0.0,0.0,,FIT-TIER-core|IN-ND-CURVE-FIT,Daniel Farmer
daniel-flynn,IRE,2013,,,SD,0,0,0.0,0.0,0.0,,FIT-TIER-core|PICKLESS|IN-POOL-CELL-FIT,Daniel Flynn
daniel-gorringe,ND 1-64,2010,10,10,RUCK,6,26,40.69,31.31,60.68,1.2996,FIT-TIER-core|IN-ND-CURVE-FIT,Daniel Gorringe
daniel-hannebery,ND 1-64,2008,30,30,MID,14,226,2679.73,2061.96,5077.18,1.2996,FIT-TIER-core|IN-ND-CURVE-FIT,Daniel Hannebery
daniel-hayes,RD,2006,11,,SF,0,0,0.0,0.0,0.0,,FIT-TIER-core|IN-POOL-CELL-FIT,Daniel Hayes
daniel-howe,ND 1-64,2014,31,30,MID,9,107,101.36,78.0,141.36,1.2996,FIT-TIER-core|SLID-2013-14|IN-ND-CURVE-FIT,Daniel Howe
daniel-hughes,RD,2008,29,,SF,0,0,0.0,0.0,0.0,,FIT-TIER-core|IN-POOL-CELL-FIT,Daniel Hughes
daniel-jackson,ND 1-64,2003,49,49,MID,10,149,515.75,396.85,1290.82,1.2996,FIT-TIER-core|PRE-2004-OUT-OF-WINDOW,Daniel Jackson
daniel-lloyd,RD,2015,21,,SF,7,101,32.34,32.34,61.91,1.0,FIT-TIER-augmented|IN-POOL-CELL-FIT,Daniel Lloyd
daniel-markworth,ND 1-64,2011,44,44,SF,0,0,0.0,0.0,0.0,,FIT-TIER-core|IN-ND-CURVE-FIT,Daniel Markworth
daniel-mcconnell,ND 1-64,2003,26,26,MID,2,6,0.1,0.08,0.12,1.2996,FIT-TIER-core|PRE-2004-OUT-OF-WINDOW,Daniel McConnell
daniel-mckenzie,ND 1-64,2014,23,22,MID,7,73,25.14,19.34,51.97,1.2996,FIT-TIER-core|SLID-2013-14|IN-ND-CURVE-FIT,Daniel Mckenzie
daniel-mcstay,ND 1-64,2013,25,24,KPD,13,219,305.75,235.49,781.59,1.2984,ACTIVE|FIT-TIER-core|SLID-2013-14|IN-ND-CURVE-FIT,Daniel McStay
daniel-menzel,ND 1-64,2009,17,17,SF,7,80,281.66,216.73,547.27,1.2996,FIT-TIER-core|IN-ND-CURVE-FIT,Daniel Menzel
daniel-murray,RD,2008,9,,RUCK,0,0,0.0,0.0,0.0,,FIT-TIER-core|IN-POOL-CELL-FIT,Daniel Murray
daniel-nicholls,RD,2005,17,,MID,1,1,0.0,0.0,0.0,1.2996,FIT-TIER-core|IN-POOL-CELL-FIT,Daniel Nicholls
daniel-nicholson,RD,2010,13,,SD,4,32,21.81,21.81,28.44,1.0,FIT-TIER-core|IN-POOL-CELL-FIT,Daniel Nicholson
daniel-nielson,ND 1-64,2014,25,24,KPD,1,7,0.01,0.01,0.01,1.2996,FIT-TIER-core|SLID-2013-14|IN-ND-CURVE-FIT,Daniel Nielson
daniel-o-keefe,ND 1-64,2006,16,16,MID,0,0,0.0,0.0,0.0,,FIT-TIER-core|IN-ND-CURVE-FIT,Daniel O'Keefe
daniel-pearce,ND 1-64,2011,58,58,KPD,2,6,0.0,0.0,0.0,1.14,FIT-TIER-core|IN-ND-CURVE-FIT,Daniel Pearce
daniel-rich,ND 1-64,2008,7,7,MID,15,275,2228.85,1739.33,5251.37,1.2814,FIT-TIER-core|IN-ND-CURVE-FIT,Daniel Rich
daniel-rioli,ND 1-64,2015,15,15,SF,11,220,949.18,730.4,2093.89,1.2995,ACTIVE|FIT-TIER-augmented|IN-ND-CURVE-FIT,Daniel Rioli
daniel-robinson,RD,2012,27,,MID,4,25,4.6,3.54,6.02,1.2996,FIT-TIER-core|IN-POOL-CELL-FIT,Daniel Robinson
daniel-stewart,RD,2008,31,,KPF,4,36,2.84,2.84,4.34,1.0,FIT-TIER-core|IN-POOL-CELL-FIT,Daniel Stewart
daniel-talia,ND 1-64,2009,13,13,KPD,10,200,394.41,303.49,828.27,1.2996,FIT-TIER-core|IN-ND-CURVE-FIT,Daniel Talia
daniel-turner,MSD,2021,20,,KPD,5,53,391.77,301.46,551.04,1.2996,ACTIVE|FIT-TIER-augmented|IN-POOL-CELL-FIT,Daniel Turner
daniel-venables,ND 1-64,2016,13,13,SF,2,21,0.24,0.19,0.25,1.2996,FIT-TIER-augmented|IN-ND-CURVE-FIT,Daniel Venables
daniel-webb,RD,2009,21,,KPF,0,0,0.0,0.0,0.0,,FIT-TIER-core|IN-POOL-CELL-FIT,Daniel Webb
danny-butcher,RD,2011,20,,SD,0,0,0.0,0.0,0.0,,FIT-TIER-core|IN-POOL-CELL-FIT,Danny Butcher
danny-chartres,RD,2006,17,,KPD,0,0,0.0,0.0,0.0,,FIT-TIER-core|IN-POOL-CELL-FIT,Danny Chartres
danny-hughes,RD,2005,23,,KPD,0,0,0.0,0.0,0.0,,FIT-TIER-core|IN-POOL-CELL-FIT,Danny Hughes
danny-meyer,ND 1-64,2004,13,13,MID,5,26,0.03,0.02,0.03,1.2995,FIT-TIER-core|IN-ND-CURVE-FIT,Danny Meyer
danny-stanley,ND 1-64,2005,21,21,MID,8,88,506.66,389.86,984.76,1.2996,FIT-TIER-core|IN-ND-CURVE-FIT,Danny Stanley
dante-visentini,ND 1-64,2021,56,56,RUCK,4,27,4.53,3.48,6.07,1.2996,ACTIVE|FIT-TIER-augmented|IN-ND-CURVE-FIT,Dante Visentini
danyle-pearce,RD,2004,17,,MID,14,246,865.87,666.26,1680.98,1.2996,FIT-TIER-core|IN-POOL-CELL-FIT,Danyle Pearce
darcy-byrne-jones,ND 1-64,2013,50,49,SD,11,242,604.29,464.98,1456.26,1.2996,ACTIVE|FIT-TIER-core|SLID-2013-14|IN-ND-CURVE-FIT,Darcy Byrne-Jones
darcy-cameron,ND 1-64,2016,48,48,RUCK,8,140,1655.07,1655.07,4456.64,1.0,ACTIVE|FIT-TIER-augmented|IN-ND-CURVE-FIT,Darcy Cameron
darcy-craven,MSD,2024,17,,SF,0,0,0.0,0.0,0.0,,FIT-TIER-sensitivity,Darcy Craven
darcy-daniher,ND 1-64,2007,39,39,KPD,2,6,25.96,19.97,25.96,1.2996,FIT-TIER-core|IN-ND-CURVE-FIT,Darcy Daniher
darcy-fogarty,ND 1-64,2017,12,12,KPF,9,138,444.56,342.09,811.38,1.2995,ACTIVE|FIT-TIER-augmented|IN-ND-CURVE-FIT,Darcy Fogarty
darcy-fort,ND>64,2018,65,65,RUCK,7,77,449.53,449.53,697.34,1.0,ACTIVE|FIT-TIER-augmented|IN-POOL-CELL-FIT,Darcy Fort
darcy-gardiner,ND 1-64,2013,22,21,KPD,13,193,250.41,193.0,421.57,1.2974,ACTIVE|FIT-TIER-core|SLID-2013-14|IN-ND-CURVE-FIT,Darcy Gardiner
darcy-jones,ND 1-64,2022,21,21,SF,3,37,147.23,113.29,164.69,1.2996,ACTIVE|FIT-TIER-sensitivity,Darcy Jones
darcy-lang,ND 1-64,2013,16,15,MID,7,64,156.51,120.43,203.74,1.2996,FIT-TIER-core|SLID-2013-14|IN-ND-CURVE-FIT,Darcy Lang
darcy-macpherson,RD,2015,17,,MID,9,97,388.64,299.05,558.08,1.2996,FIT-TIER-augmented|IN-POOL-CELL-FIT,Darcy MacPherson
darcy-moore,ND 1-64,2014,8,7,KPF,12,199,1621.53,1248.05,3241.59,1.2993,ACTIVE|FIT-TIER-core|SLID-2013-14|IN-ND-CURVE-FIT,Darcy Moore
darcy-parish,ND 1-64,2015,5,5,MID,11,179,3279.31,2525.06,5733.03,1.2987,ACTIVE|FIT-TIER-augmented|IN-ND-CURVE-FIT,Darcy Parish
darcy-tucker,ND 1-64,2015,27,27,SD,10,156,48.21,37.12,71.43,1.2988,FIT-TIER-augmented|IN-ND-CURVE-FIT,Darcy Tucker
darcy-wilmot,ND 1-64,2021,16,16,SD,5,104,720.77,554.67,955.64,1.2995,ACTIVE|FIT-TIER-augmented|IN-ND-CURVE-FIT,Darcy Wilmot
darcy-wilson,ND 1-64,2023,18,18,MID,3,61,516.99,401.23,583.3,1.2885,ACTIVE|FIT-TIER-sensitivity,Darcy Wilson
darragh-joyce,IRE,2016,,,KPD,7,27,2.05,1.57,3.31,1.2996,ACTIVE|FIT-TIER-augmented|PICKLESS|IN-POOL-CELL-FIT,Darragh Joyce
darrean-wyatt,UNR,2015,,,RUCK,0,0,0.0,0.0,0.0,,FIT-TIER-augmented|PICKLESS|IN-POOL-CELL-FIT,Darrean Wyatt
darren-minchington,RD,2011,49,,SF,6,32,5.51,4.24,8.07,1.2996,FIT-TIER-core|IN-POOL-CELL-FIT,Darren Minchington
darren-pfeiffer,ND 1-64,2005,17,17,MID,2,23,6.23,4.8,11.95,1.2996,FIT-TIER-core|IN-ND-CURVE-FIT,Darren Pfeiffer
darren-rumble,RD,2006,37,,KPD,0,0,0.0,0.0,0.0,,FIT-TIER-core|IN-POOL-CELL-FIT,Darren Rumble
darryl-mcdowell-white,UNR,2022,,,RUCK,0,0,0.0,0.0,0.0,,FIT-TIER-sensitivity|PICKLESS,Darryl McDowell-White
david-armitage,ND 1-64,2006,10,10,MID,13,169,1473.34,1133.69,3001.26,1.2996,FIT-TIER-core|IN-ND-CURVE-FIT,David Armitage
david-astbury,ND 1-64,2009,34,34,KPD,12,155,298.22,229.51,682.46,1.2994,FIT-TIER-core|IN-ND-CURVE-FIT,David Astbury
david-cuningham,ND 1-64,2015,23,23,MID,8,58,20.22,15.56,30.97,1.2996,FIT-TIER-augmented|IN-ND-CURVE-FIT,David Cuningham
david-ellard,RD,2007,35,,MID,7,63,206.29,158.73,297.27,1.2996,FIT-TIER-core|IN-POOL-CELL-FIT,David Ellard
david-fanning,RD,2003,25,,RUCK,0,0,0.0,0.0,0.0,,FIT-TIER-core|PRE-2004-OUT-OF-WINDOW,David Fanning
david-gourdis,RD,2007,2,,KPF,2,4,158.25,121.77,191.82,1.2996,FIT-TIER-core|IN-POOL-CELL-FIT,David Gourdis
david-mackay,ND 1-64,2006,48,48,MID,14,248,205.46,158.1,371.8,1.2996,FIT-TIER-core|IN-ND-CURVE-FIT,David Mackay
david-mirra,RD,2017,15,,SD,2,11,19.46,19.46,24.21,1.0,FIT-TIER-augmented|IN-POOL-CELL-FIT,David Mirra
david-mundy,ND 1-64,2003,19,19,MID,18,360,2986.51,2298.02,9087.36,1.2996,FIT-TIER-core|PRE-2004-OUT-OF-WINDOW,David Mundy
david-myers,ND 1-64,2007,6,6,MID,11,123,228.87,176.19,419.7,1.299,FIT-TIER-core|IN-ND-CURVE-FIT,David Myers
david-swallow,ND 1-64,2010,1,1,MID,14,249,1785.9,1385.64,3239.0,1.2889,FIT-TIER-core|IN-ND-CURVE-FIT,David Swallow
david-trotter,ND 1-64,2003,9,9,MID,1,2,0.0,0.0,0.0,1.2996,FIT-TIER-core|PRE-2004-OUT-OF-WINDOW,David Trotter
david-zaharakis,ND 1-64,2008,23,23,MID,13,226,1986.65,1528.68,3291.49,1.2996,FIT-TIER-core|IN-ND-CURVE-FIT,David Zaharakis
dawson-simpson,ND 1-64,2007,34,34,RUCK,9,48,434.62,334.43,1005.8,1.2996,FIT-TIER-core|IN-ND-CURVE-FIT,Dawson Simpson
dayle-garlett,ND 1-64,2013,38,37,SF,0,0,0.0,0.0,0.0,,FIT-TIER-core|SLID-2013-14|IN-ND-CURVE-FIT,Dayle Garlett
dayne-beams,ND 1-64,2008,29,29,MID,11,177,4718.69,3633.23,7710.79,1.2988,FIT-TIER-core|IN-ND-CURVE-FIT,Dayne Beams
dayne-zorko,ND 1-64,2011,38,38,MID,15,315,5250.54,5250.54,12623.4,1.0,ACTIVE|FIT-TIER-core|IN-ND-CURVE-FIT,Dayne Zorko
deakyn-smith,SSP,2020,,,SD,0,0,0.0,0.0,0.0,,FIT-TIER-augmented|PICKLESS|IN-POOL-CELL-FIT,Deakyn Smith
dean-benson,RD,2003,34,,SF,0,0,0.0,0.0,0.0,,FIT-TIER-core|PRE-2004-OUT-OF-WINDOW,Dean Benson
dean-dick,RD,2006,2,,SF,0,0,0.0,0.0,0.0,,FIT-TIER-core|IN-POOL-CELL-FIT,Dean Dick
dean-gore,ND 1-64,2014,55,54,MID,0,0,0.0,0.0,0.0,,FIT-TIER-core|SLID-2013-14|IN-ND-CURVE-FIT,Dean Gore
dean-kent,ND 1-64,2012,51,51,SF,10,100,132.85,102.23,187.34,1.2996,FIT-TIER-core|IN-ND-CURVE-FIT,Dean Kent
dean-limbach,ND 1-64,2004,49,49,KPF,0,0,0.0,0.0,0.0,,FIT-TIER-core|IN-ND-CURVE-FIT,Dean Limbach
dean-macdonald,ND 1-64,2010,52,52,SD,0,0,0.0,0.0,0.0,,FIT-TIER-core|IN-ND-CURVE-FIT,Dean MacDonald
dean-polo,ND 1-64,2004,22,22,MID,7,76,85.26,65.61,126.23,1.2996,FIT-TIER-core|IN-ND-CURVE-FIT,Dean Polo
dean-putt,ND 1-64,2007,50,50,RUCK,0,0,0.0,0.0,0.0,,FIT-TIER-core|IN-ND-CURVE-FIT,Dean Putt
dean-terlich,RD,2007,50,,SD,2,35,76.61,58.95,129.58,1.2996,FIT-TIER-core|IN-POOL-CELL-FIT,Dean Terlich
dean-towers,ND 1-64,2012,26,26,MID,5,57,75.62,75.62,135.16,1.0,FIT-TIER-core|IN-ND-CURVE-FIT,Dean Towers
declan-hamilton,ND 1-64,2014,39,38,MID,0,0,0.0,0.0,0.0,,FIT-TIER-core|SLID-2013-14|IN-ND-CURVE-FIT,Declan Hamilton
declan-keilty,RD,2016,25,,KPD,1,2,0.0,0.0,0.0,1.0,FIT-TIER-augmented|IN-POOL-CELL-FIT,Declan Keilty
declan-mountford,ND 1-64,2015,59,59,MID,2,14,0.18,0.14,0.18,1.2996,FIT-TIER-augmented|IN-ND-CURVE-FIT,Declan Mountford
declan-reilly,RD,2010,36,,RUCK,0,0,0.0,0.0,0.0,,FIT-TIER-core|IN-POOL-CELL-FIT,Declan Reilly
declan-watson,ND 1-64,2016,34,34,KPD,0,0,0.0,0.0,0.0,,FIT-TIER-augmented|IN-ND-CURVE-FIT,Declan Watson
deividas-uosis,IRE,2020,,,SD,0,0,0.0,0.0,0.0,,FIT-TIER-augmented|PICKLESS|IN-POOL-CELL-FIT,Deividas Uosis
dennis-armfield,ND 1-64,2007,45,45,MID,10,145,20.19,20.19,60.68,1.0,FIT-TIER-core|IN-ND-CURVE-FIT,Dennis Armfield
denver-grainger-barras,ND 1-64,2020,6,6,KPD,3,28,0.18,0.14,0.18,1.2716,FIT-TIER-augmented|IN-ND-CURVE-FIT,Denver Grainger-Barras
derek-eggmolesse-smith,PDN,2017,,,SD,3,9,0.92,0.71,0.98,1.2996,FIT-TIER-augmented|PICKLESS|IN-POOL-CELL-FIT,Derek Eggmolesse-Smith
derick-wanganeen,RD,2010,42,,SF,0,0,0.0,0.0,0.0,,FIT-TIER-core|IN-POOL-CELL-FIT,Derick Wanganeen
deven-robertson,ND 1-64,2019,22,22,MID,7,51,87.56,67.37,157.84,1.2996,ACTIVE|FIT-TIER-augmented|IN-ND-CURVE-FIT,Deven Robertson
devon-smith,ND 1-64,2011,20,20,SF,11,182,2433.07,1874.13,3736.07,1.2982,FIT-TIER-core|IN-ND-CURVE-FIT,Devon Smith
dillon-o-rielly,MSD,2019,6,,KPF,0,0,0.0,0.0,0.0,,FIT-TIER-augmented|IN-POOL-CELL-FIT,Dillon O'Rielly
dillon-viojo-rainbow,ND 1-64,2014,28,27,SD,0,0,0.0,0.0,0.0,,FIT-TIER-core|SLID-2013-14|IN-ND-CURVE-FIT,Dillon Viojo-Rainbow
dion-johnstone,ND 1-64,2016,63,63,SF,0,0,0.0,0.0,0.0,,FIT-TIER-augmented|IN-ND-CURVE-FIT,Dion Johnstone
dion-prestia,ND 1-64,2010,9,9,MID,16,253,3035.59,2336.66,5520.72,1.2991,ACTIVE|FIT-TIER-core|IN-ND-CURVE-FIT,Dion Prestia
djaran-whyman,RD,2005,24,,SF,1,3,0.0,0.0,0.0,1.0,FIT-TIER-core|IN-POOL-CELL-FIT,Djaran Whyman
dom-akuei,PDN,2021,,,KPD,0,0,0.0,0.0,0.0,,FIT-TIER-augmented|PICKLESS|IN-POOL-CELL-FIT,Dom Akuei
dom-barry,ND 1-64,2012,33,33,MID,2,10,0.0,0.0,0.0,1.2996,FIT-TIER-core|IN-ND-CURVE-FIT,Dom Barry
dom-tyson,ND 1-64,2011,5,5,MID,9,113,925.62,712.24,1230.25,1.2996,FIT-TIER-core|IN-ND-CURVE-FIT,Dom Tyson
dominic-bedendo,ND 1-64,2020,57,57,SF,1,2,0.0,0.0,0.0,1.2996,FIT-TIER-augmented|IN-ND-CURVE-FIT,Dominic Bedendo
dominic-sheed,ND 1-64,2013,11,10,MID,11,165,824.33,634.29,1486.45,1.2996,FIT-TIER-core|SLID-2013-14|IN-ND-CURVE-FIT,Dominic Sheed
doug-scott,RD,2003,8,,KPD,0,0,0.0,0.0,0.0,,FIT-TIER-core|PRE-2004-OUT-OF-WINDOW,Doug Scott
dougal-howard,ND 1-64,2014,56,55,KPF,11,144,909.04,699.47,1457.14,1.2996,ACTIVE|FIT-TIER-core|SLID-2013-14|IN-ND-CURVE-FIT,Dougal Howard
doulton-langlands,RD,2017,6,,MID,1,3,0.38,0.29,0.38,1.2996,FIT-TIER-augmented|IN-POOL-CELL-FIT,Doulton Langlands
drew-petrie,RD,2016,20,,KPF,1,14,403.65,403.65,460.16,1.0,FIT-TIER-augmented|IN-POOL-CELL-FIT,Drew Petrie
durak-tucker,RD,2018,8,,SD,0,0,0.0,0.0,0.0,,FIT-TIER-augmented|IN-POOL-CELL-FIT,Durak Tucker
dustin-martin,ND 1-64,2009,3,3,MID,15,302,6138.79,4731.76,11994.04,1.2974,FIT-TIER-core|IN-ND-CURVE-FIT,Dustin Martin
dylan-addison,ND 1-64,2005,27,27,MID,9,90,0.63,0.49,1.23,1.2996,FIT-TIER-core|IN-ND-CURVE-FIT,Dylan Addison
dylan-buckley,ND>64,2011,70,70,MID,6,41,0.17,0.13,0.22,1.2996,FIT-TIER-core|IN-POOL-CELL-FIT,Dylan Buckley
dylan-clarke,ND 1-64,2016,62,62,MID,4,24,4.89,3.76,6.6,1.2996,FIT-TIER-augmented|IN-ND-CURVE-FIT,Dylan Clarke
dylan-grimes,RD,2009,1,,KPD,15,234,562.73,433.0,1067.68,1.2996,FIT-TIER-core|IN-POOL-CELL-FIT,Dylan Grimes
dylan-main,ND 1-64,2013,48,47,MID,0,0,0.0,0.0,0.0,,FIT-TIER-core|SLID-2013-14|IN-ND-CURVE-FIT,Dylan Main
dylan-mcneil,PDA,2009,,,MID,0,0,0.0,0.0,0.0,,FIT-TIER-core|PICKLESS|IN-POOL-CELL-FIT,Dylan McNeil
dylan-moore,ND>64,2017,66,66,MID,8,146,1978.18,1522.15,3398.29,1.2996,ACTIVE|FIT-TIER-augmented|IN-POOL-CELL-FIT,Dylan Moore
dylan-orval,RD,2011,22,,MID,0,0,0.0,0.0,0.0,,FIT-TIER-core|IN-POOL-CELL-FIT,Dylan Orval
dylan-patterson,ND 1-64,2025,5,5,SD,1,5,0.0,0.0,0.0,1.14,ACTIVE|FIT-TIER-sensitivity,Dylan Patterson
dylan-pfitzner,RD,2003,7,,SF,0,0,0.0,0.0,0.0,,FIT-TIER-core|PRE-2004-OUT-OF-WINDOW,Dylan Pfitzner
dylan-roberton,ND 1-64,2009,48,48,SD,10,129,603.36,464.41,1133.05,1.2992,FIT-TIER-core|IN-ND-CURVE-FIT,Dylan Roberton
dylan-shiel,ND 1-64,2011,4,4,MID,14,234,2814.03,2169.58,4837.22,1.297,FIT-TIER-core|STORE-PVC-EXCLUDE|IN-ND-CURVE-FIT,Dylan Shiel
dylan-stephens,ND 1-64,2019,5,5,MID,7,102,38.14,29.42,71.72,1.2962,ACTIVE|FIT-TIER-augmented|IN-ND-CURVE-FIT,Dylan Stephens
dylan-van-unen,ND 1-64,2012,54,54,SD,1,1,0.0,0.0,0.0,1.0,FIT-TIER-core|IN-ND-CURVE-FIT,Dylan Van Unen
dylan-williams,ND 1-64,2019,23,23,SF,4,29,26.63,20.49,34.61,1.2996,FIT-TIER-augmented|IN-ND-CURVE-FIT,Dylan Williams
dyson-heppell,ND 1-64,2010,8,8,SD,13,253,3500.66,2717.05,6262.66,1.2884,FIT-TIER-core|IN-ND-CURVE-FIT,Dyson Heppell
dyson-sharp,ND 1-64,2025,13,13,MID,1,13,67.68,59.37,67.68,1.14,ACTIVE|FIT-TIER-sensitivity,Dyson Sharp
eamonn-armstrong,IRE,2024,,,SD,1,0,0.0,0.0,0.0,,ACTIVE|FIT-TIER-sensitivity|PICKLESS,Eamonn Armstrong
earl-shaw,RD,2004,39,,RUCK,0,0,0.0,0.0,0.0,,FIT-TIER-core|IN-POOL-CELL-FIT,Earl Shaw
easton-wood,ND 1-64,2007,43,43,SD,13,188,165.4,127.27,364.74,1.2996,FIT-TIER-core|IN-ND-CURVE-FIT,Easton Wood
ed-barlow,RD,2005,44,,MID,5,33,12.09,9.3,19.63,1.2996,FIT-TIER-core|IN-POOL-CELL-FIT,Ed Barlow
ed-clarke,RD,2004,41,,MID,0,0,0.0,0.0,0.0,,FIT-TIER-core|IN-POOL-CELL-FIT,Ed Clarke
ed-langdon,ND 1-64,2014,54,53,MID,12,223,1096.64,843.87,1995.21,1.2995,ACTIVE|FIT-TIER-core|SLID-2013-14|IN-ND-CURVE-FIT,Ed Langdon
ed-lower,RD,2005,9,,MID,5,39,0.26,0.2,0.27,1.2994,FIT-TIER-core|IN-POOL-CELL-FIT,Ed Lower
ed-mcdonnell,RD,2004,28,,MID,0,0,0.0,0.0,0.0,,FIT-TIER-core|IN-POOL-CELL-FIT,Ed McDonnell
ed-richards,ND 1-64,2017,16,16,SD,9,168,1581.29,1216.79,3291.99,1.2996,ACTIVE|FIT-TIER-augmented|IN-ND-CURVE-FIT,Ed Richards
ed-vickers-willis,ND 1-64,2014,36,35,SD,4,21,2.93,2.25,4.12,1.2996,FIT-TIER-core|SLID-2013-14|IN-ND-CURVE-FIT,Ed Vickers-Willis
eddie-betts,RD,2004,1,,SF,17,337,1495.28,1150.58,3585.86,1.2996,FIT-TIER-core|IN-POOL-CELL-FIT,Eddie Betts
eddie-ford,ND 1-64,2020,58,58,SF,4,40,15.05,11.58,17.22,1.2996,FIT-TIER-augmented|IN-ND-CURVE-FIT,Eddie Ford
eddie-prato,RD,2009,42,,RUCK,0,0,0.0,0.0,0.0,,FIT-TIER-core|IN-POOL-CELL-FIT,Eddie Prato
eddie-sansbury,ND 1-64,2003,39,39,SF,4,27,91.32,91.32,154.14,1.0,FIT-TIER-core|PRE-2004-OUT-OF-WINDOW,Eddie Sansbury
edward-allan,ND 1-64,2022,19,19,MID,3,31,2.04,1.57,2.61,1.2996,ACTIVE|FIT-TIER-sensitivity,Edward Allan
edward-curnow,RD,2007,38,,MID,12,221,1199.37,922.87,3546.59,1.2996,FIT-TIER-core|IN-POOL-CELL-FIT,Edward Curnow
edward-mchenry,ND 1-64,2018,16,16,SF,5,70,2.89,2.22,3.64,1.2996,FIT-TIER-augmented|IN-ND-CURVE-FIT,Edward McHenry
edward-phillips,ND 1-64,2016,56,56,MID,3,15,1.42,1.1,1.69,1.2996,FIT-TIER-augmented|IN-ND-CURVE-FIT,Edward Phillips
eli-templeton,RD,2013,2,,SF,3,14,0.01,0.0,0.01,1.2828,FIT-TIER-core|IN-POOL-CELL-FIT,Eli Templeton
elijah-hewett,ND 1-64,2022,14,14,MID,3,40,18.62,14.33,21.23,1.2996,ACTIVE|FIT-TIER-sensitivity,Elijah Hewett
elijah-hollands,ND 1-64,2020,7,7,MID,5,47,301.59,232.06,367.52,1.2996,ACTIVE|FIT-TIER-augmented|IN-ND-CURVE-FIT,Elijah Hollands
elijah-taylor,ND 1-64,2019,35,35,SF,1,4,0.0,0.0,0.0,1.14,FIT-TIER-augmented|IN-ND-CURVE-FIT,Elijah Taylor
elijah-tsatas,ND 1-64,2022,5,5,MID,4,22,105.64,81.29,137.28,1.2995,ACTIVE|FIT-TIER-sensitivity,Elijah Tsatas
elijah-ware,RD,2004,2,,SF,1,2,0.0,0.0,0.0,1.0,FIT-TIER-core|IN-POOL-CELL-FIT,Elijah Ware
eljay-connors,ND 1-64,2007,62,62,SF,0,0,0.0,0.0,0.0,,FIT-TIER-core|IN-ND-CURVE-FIT,Eljay Connors
elliot-himmelberg,ND 1-64,2016,51,51,KPF,8,50,189.09,145.5,233.41,1.2996,ACTIVE|FIT-TIER-augmented|IN-ND-CURVE-FIT,Elliott Himmelberg
elliot-yeo,ND 1-64,2011,36,36,SD,14,231,2124.93,1635.08,4730.98,1.2996,ACTIVE|FIT-TIER-core|IN-ND-CURVE-FIT,Elliot Yeo
elliott-kavanagh,ND 1-64,2011,25,25,MID,4,12,0.0,0.0,0.0,1.2995,FIT-TIER-core|IN-ND-CURVE-FIT,Elliott Kavanagh
ely-smith,ND 1-64,2018,21,21,MID,0,0,0.0,0.0,0.0,,FIT-TIER-augmented|IN-ND-CURVE-FIT,Ely Smith
emerson-jeka,RD,2019,6,,KPF,2,7,0.23,0.18,0.26,1.2996,FIT-TIER-augmented|IN-POOL-CELL-FIT,Emerson Jeka
emmanuel-irra,PDN,2016,,,SD,0,0,0.0,0.0,0.0,,FIT-TIER-augmented|PICKLESS|IN-POOL-CELL-FIT,Emmanuel Irra
eric-benning,ND 1-64,2021,54,54,KPF,0,0,0.0,0.0,0.0,,FIT-TIER-augmented|IN-ND-CURVE-FIT,Eric Benning
eric-hipwood,ND 1-64,2015,14,14,KPF,11,207,182.55,140.52,307.08,1.2992,ACTIVE|FIT-TIER-augmented|IN-ND-CURVE-FIT,Eric Hipwood
eric-mackenzie,ND 1-64,2006,30,30,KPD,10,147,318.75,245.27,614.44,1.2996,FIT-TIER-core|IN-ND-CURVE-FIT,Eric Mackenzie
eric-wallace,UNR,2012,,,RUCK,0,0,0.0,0.0,0.0,,FIT-TIER-core|PICKLESS|IN-POOL-CELL-FIT,Eric Wallace
errol-gulden,ND 1-64,2020,34,34,MID,6,112,3701.02,2852.7,4805.84,1.2974,ACTIVE|FIT-TIER-augmented|IN-ND-CURVE-FIT,Errol Gulden
esava-ratugolea,ND 1-64,2016,43,43,KPF,9,119,254.1,195.52,438.87,1.2996,ACTIVE|FIT-TIER-augmented|IN-ND-CURVE-FIT,Esava Ratugolea
ethan-hughes,RD,2014,10,,SD,10,107,23.75,23.75,40.95,1.0,FIT-TIER-core|IN-POOL-CELL-FIT,Ethan Hughes
ethan-phillips,SSP,2023,,,KPD,1,1,12.25,12.25,13.96,1.0,FIT-TIER-sensitivity|PICKLESS,Ethan Phillips
ethan-read,ND 1-64,2023,9,9,KPF,3,38,0.36,0.28,0.39,1.2918,ACTIVE|FIT-TIER-sensitivity,Ethan Read
ethan-stanley,MSD,2023,7,,MID,1,2,0.0,0.0,0.0,1.0,FIT-TIER-sensitivity,Ethan Stanley
eugene-kreuger,PDA,2010,,,RUCK,0,0,0.0,0.0,0.0,,FIT-TIER-core|PICKLESS|IN-POOL-CELL-FIT,Eugene Kreuger
ewan-mackinlay,MSD,2025,10,,SF,2,15,116.75,116.75,116.83,1.0,ACTIVE|FIT-TIER-sensitivity,Ewan Mackinlay
fabian-deluca,ND 1-64,2004,37,37,RUCK,3,11,0.0,0.0,0.0,1.2996,FIT-TIER-core|IN-ND-CURVE-FIT,Fabian Deluca
farren-ray,ND 1-64,2003,4,4,MID,12,191,477.24,367.22,954.27,1.2996,FIT-TIER-core|PRE-2004-OUT-OF-WINDOW,Farren Ray
fergus-greene,ND>64,2016,69,69,SF,2,16,0.09,0.07,0.17,1.2996,FIT-TIER-augmented|IN-POOL-CELL-FIT,Fergus Greene
fergus-watts,ND 1-64,2003,14,14,KPF,1,1,0.01,0.01,0.01,1.2996,FIT-TIER-core|PRE-2004-OUT-OF-WINDOW,Fergus Watts
finbar-o-dwyer,ND>64,2018,66,66,SF,0,0,0.0,0.0,0.0,,FIT-TIER-augmented|IN-POOL-CELL-FIT,Finbar O'Dwyer
finlay-macrae,ND 1-64,2020,20,20,MID,5,21,0.03,0.02,0.04,1.2751,ACTIVE|FIT-TIER-augmented|IN-ND-CURVE-FIT,Finlay Macrae
finn-callaghan,ND 1-64,2021,3,3,MID,5,90,1421.78,1094.02,1906.7,1.2996,ACTIVE|FIT-TIER-augmented|IN-ND-CURVE-FIT,Finn Callaghan
finn-maginness,ND 1-64,2019,29,29,MID,7,64,0.77,0.59,1.16,1.298,ACTIVE|FIT-TIER-augmented|IN-ND-CURVE-FIT,Finn Maginness
finn-o-sullivan,ND 1-64,2024,2,2,MID,2,39,38.18,29.41,38.18,1.2983,ACTIVE|FIT-TIER-sensitivity,Finn O'Sullivan
finnbar-maley,RD,2023,2,,KPF,2,13,0.03,0.03,0.05,1.0,ACTIVE|FIT-TIER-sensitivity,Finnbar Maley
finnegan-davis,ND 1-64,2025,51,51,SD,1,0,0.0,0.0,0.0,,ACTIVE|FIT-TIER-sensitivity,Finnegan Davis
fionn-o-hara,IRE,2021,,,SD,0,0,0.0,0.0,0.0,,FIT-TIER-augmented|PICKLESS|IN-POOL-CELL-FIT,Fionn O'Hara
fischer-mcasey,ND 1-64,2019,6,6,KPD,1,10,0.01,0.01,0.01,1.14,FIT-TIER-augmented|IN-ND-CURVE-FIT,Fischer McAsey
fletcher-roberts,RD,2011,4,,KPD,7,51,1.61,1.24,2.47,1.2994,FIT-TIER-core|IN-POOL-CELL-FIT,Fletcher Roberts
flynn-appleby,RD,2017,4,,SD,3,11,0.09,0.07,0.1,1.2332,FIT-TIER-augmented|IN-POOL-CELL-FIT,Flynn Appleby
flynn-kroeger,ND 1-64,2021,48,48,MID,0,0,0.0,0.0,0.0,,FIT-TIER-augmented|IN-ND-CURVE-FIT,Flynn Kroeger
flynn-perez,SSP,2025,,,SD,4,31,0.02,0.02,0.02,1.0,ACTIVE|FIT-TIER-sensitivity|PICKLESS,Flynn Perez
flynn-riley,MSD,2026,4,,RUCK,1,1,48.8,48.8,48.8,1.0,ACTIVE|FIT-TIER-sensitivity,Flynn Riley
flynn-young,MSD,2025,4,,SF,2,11,0.02,0.02,0.02,1.0,ACTIVE|FIT-TIER-sensitivity,Flynn Young
francis-evans,ND 1-64,2019,40,40,SF,6,63,103.7,79.79,195.79,1.2996,ACTIVE|FIT-TIER-augmented|IN-ND-CURVE-FIT,Francis Evans
francis-watson,PDN,2016,,,SD,1,2,1.67,1.67,2.47,1.0,FIT-TIER-augmented|PICKLESS|IN-POOL-CELL-FIT,Francis Watson
fraser-mcinnes,ND 1-64,2011,34,34,KPF,0,0,0.0,0.0,0.0,,FIT-TIER-core|IN-ND-CURVE-FIT,Fraser McInnes
fraser-phillips,RD,2019,10,,KPF,0,0,0.0,0.0,0.0,,FIT-TIER-augmented|IN-POOL-CELL-FIT,Fraser Phillips
fraser-rosman,ND 1-64,2020,36,36,MID,0,0,0.0,0.0,0.0,,FIT-TIER-augmented|IN-ND-CURVE-FIT,Fraser Rosman
fraser-russell,UNR,2014,,,RUCK,0,0,0.0,0.0,0.0,,FIT-TIER-core|PICKLESS|IN-POOL-CELL-FIT,Fraser Russell
fraser-thurlow,RD,2013,7,,RUCK,0,0,0.0,0.0,0.0,,FIT-TIER-core|IN-POOL-CELL-FIT,Fraser Thurlow
fraser-turner,ND 1-64,2018,58,58,MID,0,0,0.0,0.0,0.0,,FIT-TIER-augmented|IN-ND-CURVE-FIT,Fraser Turner
frazer-dale,RD,2011,41,,SD,1,2,0.0,0.0,0.0,1.14,FIT-TIER-core|IN-POOL-CELL-FIT,Frazer Dale
fred-rodriguez,RD,2025,1,,MID,1,0,0.0,0.0,0.0,,ACTIVE|FIT-TIER-sensitivity,Fred Rodriguez
gach-nyuon,RD,2015,3,,RUCK,0,0,0.0,0.0,0.0,,FIT-TIER-augmented|IN-POOL-CELL-FIT,Gach Nyuon
garrett-mcdonagh,ND 1-64,2021,50,50,SD,0,0,0.0,0.0,0.0,,FIT-TIER-augmented|IN-ND-CURVE-FIT,Garrett McDonagh
garrick-ibbotson,ND 1-64,2005,26,26,SD,11,169,579.48,445.89,1091.2,1.2996,FIT-TIER-core|IN-ND-CURVE-FIT,Garrick Ibbotson
garry-moss,ND 1-64,2006,56,56,MID,3,14,3.76,2.89,4.54,1.2996,FIT-TIER-core|IN-ND-CURVE-FIT,Garry Moss
gary-rohan,ND 1-64,2009,6,6,SF,15,204,80.58,62.63,224.97,1.2867,FIT-TIER-core|IN-ND-CURVE-FIT,Gary Rohan
gavin-grose,RD,2006,20,,KPD,0,0,0.0,0.0,0.0,,FIT-TIER-core|IN-POOL-CELL-FIT,Gavin Grose
gavin-hughes,RD,2006,10,,MID,0,0,0.0,0.0,0.0,,FIT-TIER-core|IN-POOL-CELL-FIT,Gavin Hughes
gavin-roberts,RD,2010,18,,SF,0,0,0.0,0.0,0.0,,FIT-TIER-core|IN-POOL-CELL-FIT,Gavin Roberts
gavin-urquhart,ND 1-64,2006,22,22,SD,4,41,3.13,2.41,3.56,1.2996,FIT-TIER-core|IN-ND-CURVE-FIT,Gavin Urquhart
geordie-payne,MSD,2024,1,,SF,1,3,0.0,0.0,0.0,1.14,FIT-TIER-sensitivity,Geordie Payne
george-burbury,RD,2010,33,,SF,2,7,1.23,0.95,1.45,1.2996,FIT-TIER-core|IN-POOL-CELL-FIT,George Burbury
george-hewett,ND 1-64,2013,32,31,MID,11,218,1760.96,1355.0,4675.32,1.2996,ACTIVE|FIT-TIER-core|SLID-2013-14|IN-ND-CURVE-FIT,George Hewett
george-horlin-smith,ND 1-64,2010,39,39,MID,8,58,21.44,16.5,39.99,1.2996,FIT-TIER-core|IN-ND-CURVE-FIT,George Horlin-Smith
george-stevens,ND 1-64,2023,58,58,MID,2,4,0.49,0.38,0.53,1.2996,ACTIVE|FIT-TIER-sensitivity,George Stevens
george-wardlaw,ND 1-64,2022,4,4,MID,4,53,488.71,376.22,553.02,1.299,ACTIVE|FIT-TIER-sensitivity,George Wardlaw
gerrick-weedon,ND 1-64,2009,22,22,SF,1,1,0.0,0.0,0.0,1.2996,FIT-TIER-core|IN-ND-CURVE-FIT,Gerrick Weedon
gibson-turner,RD,2011,45,,MID,0,0,0.0,0.0,0.0,,FIT-TIER-core|IN-POOL-CELL-FIT,Gibson Turner
gideon-simon,UNR,2012,,,RUCK,0,0,0.0,0.0,0.0,,FIT-TIER-core|PICKLESS|IN-POOL-CELL-FIT,Gideon Simon
glenn-chivers,RD,2007,13,,KPD,0,0,0.0,0.0,0.0,,FIT-TIER-core|IN-POOL-CELL-FIT,Glenn Chivers
glenn-dawson,ND>64,2008,65,65,SF,0,0,0.0,0.0,0.0,,FIT-TIER-core|IN-POOL-CELL-FIT,Glenn Dawson
gordon-narrier,RD,2017,12,,SF,0,0,0.0,0.0,0.0,,FIT-TIER-augmented|IN-POOL-CELL-FIT,Gordon Narrier
grant-birchall,ND 1-64,2005,14,14,SD,15,260,2022.68,1557.75,3655.77,1.2985,FIT-TIER-core|IN-ND-CURVE-FIT,Grant Birchall
greg-bentley,RD,2005,25,,MID,4,26,15.29,12.77,16.14,1.1973,FIT-TIER-core|IN-POOL-CELL-FIT,Greg Bentley
greg-broughton,RD,2008,47,,SD,7,110,1764.08,1764.08,2384.99,1.0,FIT-TIER-core|IN-POOL-CELL-FIT,Greg Broughton
greg-clark,ND 1-64,2021,62,62,MID,2,21,0.0,0.0,0.0,1.0,FIT-TIER-augmented|IN-ND-CURVE-FIT,Greg Clark
greg-gallman,RD,2006,42,,KPD,0,0,0.0,0.0,0.0,,FIT-TIER-core|IN-POOL-CELL-FIT,Greg Gallman
griffin-logue,ND 1-64,2016,8,8,KPD,9,111,314.54,242.03,511.64,1.2996,ACTIVE|FIT-TIER-augmented|IN-ND-CURVE-FIT,Griffin Logue
gryan-miers,ND 1-64,2017,57,57,SF,8,168,1159.27,892.02,2192.43,1.2996,ACTIVE|FIT-TIER-augmented|IN-ND-CURVE-FIT,Gryan Miers
guy-campbell,RD,2004,14,,KPD,0,0,0.0,0.0,0.0,,FIT-TIER-core|IN-POOL-CELL-FIT,Guy Campbell
guy-o-keefe,ND 1-64,2007,60,60,MID,0,0,0.0,0.0,0.0,,FIT-TIER-core|IN-ND-CURVE-FIT,Guy O'Keefe
guy-walker,UNR,2018,,,KPD,0,0,0.0,0.0,0.0,,FIT-TIER-augmented|PICKLESS|IN-POOL-CELL-FIT,Guy Walker
haiden-schloithe,RD,2011,25,,SF,0,0,0.0,0.0,0.0,,FIT-TIER-core|IN-POOL-CELL-FIT,Haiden Schloithe
hal-hunter,RD,2011,48,,SF,0,0,0.0,0.0,0.0,,FIT-TIER-core|IN-POOL-CELL-FIT,Hal Hunter
hamish-brayshaw,ND>64,2017,67,67,MID,1,1,0.0,0.0,0.0,1.2996,FIT-TIER-augmented|IN-POOL-CELL-FIT,Hamish Brayshaw
hamish-davis,ND>64,2024,65,65,MID,2,26,0.11,0.08,0.11,1.2856,ACTIVE|FIT-TIER-sensitivity,Hamish Davis
hamish-free,RD,2022,8,,RUCK,0,0,0.0,0.0,0.0,,FIT-TIER-sensitivity,Hamish Free
hamish-hartlett,ND 1-64,2008,4,4,MID,13,193,1990.55,1531.72,3256.62,1.2996,FIT-TIER-core|IN-ND-CURVE-FIT,Hamish Hartlett
hamish-shepheard,RD,2008,30,,KPF,0,0,0.0,0.0,0.0,,FIT-TIER-core|IN-POOL-CELL-FIT,Hamish Shepheard
harley-balic,ND 1-64,2015,38,38,MID,1,4,1.76,1.36,1.76,1.2996,FIT-TIER-augmented|IN-ND-CURVE-FIT,Harley Balic
harley-barker,ND 1-64,2025,24,24,MID,1,0,0.0,0.0,0.0,,ACTIVE|FIT-TIER-sensitivity,Harley Barker
harley-bennell,ND 1-64,2010,2,2,MID,7,88,2537.65,1953.2,3071.67,1.2992,FIT-TIER-core|IN-ND-CURVE-FIT,Harley Bennell
harley-reid,ND 1-64,2023,1,1,MID,3,60,789.75,648.87,844.46,1.2171,ACTIVE|FIT-TIER-sensitivity,Harley Reid
harris-andrews,ND 1-64,2014,60,59,KPD,12,257,2943.67,2270.07,5830.0,1.2967,ACTIVE|FIT-TIER-core|SLID-2013-14|IN-ND-CURVE-FIT,Harris Andrews
harrison-coe,MSD,2026,8,,RUCK,1,0,0.0,0.0,0.0,,ACTIVE|FIT-TIER-sensitivity,Harrison Coe
harrison-himmelberg,ND 1-64,2015,16,16,KPF,11,222,1293.91,996.09,2397.03,1.299,ACTIVE|FIT-TIER-augmented|IN-ND-CURVE-FIT,Harrison Himmelberg
harrison-jones,ND 1-64,2019,30,30,KPF,6,64,7.66,5.89,10.94,1.2996,ACTIVE|FIT-TIER-augmented|IN-ND-CURVE-FIT,Harrison Jones
harrison-jones-haw,RD,2017,5,,KPF,2,2,0.01,0.01,0.01,1.2996,FIT-TIER-augmented|IN-POOL-CELL-FIT,Harrison Jones
harrison-macreadie,ND 1-64,2016,47,47,KPD,2,9,0.01,0.01,0.01,1.14,FIT-TIER-augmented|IN-ND-CURVE-FIT,Harrison Macreadie
harrison-marsh,ND 1-64,2012,47,47,MID,3,25,0.28,0.21,0.45,1.2996,FIT-TIER-core|IN-ND-CURVE-FIT,Harrison Marsh
harrison-oliver,ND 1-64,2024,19,19,SD,1,5,0.0,0.0,0.0,1.2996,ACTIVE|FIT-TIER-sensitivity,Harrison Oliver
harrison-pepper,PDN,2019,,,SF,0,0,0.0,0.0,0.0,,FIT-TIER-augmented|PICKLESS|IN-POOL-CELL-FIT,Harrison Pepper
harrison-petty,ND 1-64,2017,37,37,KPD,8,118,115.15,88.6,244.46,1.2996,ACTIVE|FIT-TIER-augmented|IN-ND-CURVE-FIT,Harrison Petty
harrison-ramm,MSD,2025,3,,KPD,2,5,0.0,0.0,0.0,1.097,ACTIVE|FIT-TIER-sensitivity,Harrison Ramm
harrison-wigg,ND 1-64,2014,35,34,SD,0,0,0.0,0.0,0.0,,FIT-TIER-core|SLID-2013-14|IN-ND-CURVE-FIT,Harrison Wigg
harry-armstrong,ND 1-64,2024,23,23,KPF,2,11,0.0,0.0,0.0,1.1414,ACTIVE|FIT-TIER-sensitivity,Harry Armstrong
harry-arnold,MSD,2023,5,,KPD,0,0,0.0,0.0,0.0,,FIT-TIER-sensitivity,Harry Arnold
harry-barnett,ND 1-64,2022,23,23,RUCK,3,2,0.0,0.0,0.0,1.2996,ACTIVE|FIT-TIER-sensitivity,Harry Barnett
harry-boyd,SSP,2024,,,RUCK,1,1,0.39,0.39,0.44,1.0,FIT-TIER-sensitivity|PICKLESS,Harry Boyd
harry-charleson,RD,2024,3,,SD,1,0,0.0,0.0,0.0,,ACTIVE|FIT-TIER-sensitivity,Harry Charleson
harry-cunningham,PDA,2011,,,SD,15,230,286.6,220.53,555.02,1.2996,ACTIVE|FIT-TIER-core|PICKLESS|IN-POOL-CELL-FIT,Harry Cunningham
harry-dean,ND 1-64,2025,3,3,KPD,1,17,12.64,11.09,12.64,1.14,ACTIVE|FIT-TIER-sensitivity,Harry Dean
harry-dear,ND 1-64,2014,57,56,KPF,0,0,0.0,0.0,0.0,,FIT-TIER-core|SLID-2013-14|IN-ND-CURVE-FIT,Harry Dear
harry-demattia,ND 1-64,2023,25,25,MID,1,0,0.0,0.0,0.0,,ACTIVE|FIT-TIER-sensitivity,Harry DeMattia
harry-edwards,RD,2018,12,,KPD,7,57,108.46,83.46,133.21,1.2996,ACTIVE|FIT-TIER-augmented|IN-POOL-CELL-FIT,Harry Edwards
harry-kyle,ND 1-64,2025,14,14,SD,1,7,0.01,0.01,0.01,1.14,ACTIVE|FIT-TIER-sensitivity,Harry Kyle
harry-lemmey,ND 1-64,2022,47,47,KPF,0,0,0.0,0.0,0.0,,FIT-TIER-sensitivity,Harry Lemmey
harry-mckay,ND 1-64,2015,10,10,KPF,10,158,1329.66,1023.13,2945.0,1.2996,ACTIVE|FIT-TIER-augmented|IN-ND-CURVE-FIT,Harry McKay
harry-miller,ND 1-64,2003,25,25,SF,2,18,0.05,0.04,0.05,1.2996,FIT-TIER-core|PRE-2004-OUT-OF-WINDOW,Harry Miller
harry-morrison,ND>64,2016,73,73,MID,10,134,230.19,181.73,349.14,1.2667,ACTIVE|FIT-TIER-augmented|IN-POOL-CELL-FIT,Harry Morrison
harry-o-farrell,ND 1-64,2024,40,40,KPD,2,6,2.81,2.46,2.81,1.14,ACTIVE|FIT-TIER-sensitivity,Harry O'Farrell
harry-perryman,ND 1-64,2016,14,14,MID,10,169,1209.55,930.71,1798.64,1.2996,ACTIVE|FIT-TIER-augmented|IN-ND-CURVE-FIT,Harry Perryman
harry-reynolds,RD,2018,15,,MID,0,0,0.0,0.0,0.0,,FIT-TIER-augmented|IN-POOL-CELL-FIT,Harry Reynolds
harry-rowston,ND 1-64,2022,16,16,MID,3,27,0.4,0.31,0.51,1.2996,ACTIVE|FIT-TIER-sensitivity,Harry Rowston
harry-schoenberg,ND 1-64,2019,24,24,MID,7,67,137.79,106.04,137.82,1.2994,ACTIVE|FIT-TIER-augmented|IN-ND-CURVE-FIT,Harry Schoenberg
harry-sharp,ND 1-64,2020,45,45,MID,6,55,16.36,12.59,27.62,1.2996,ACTIVE|FIT-TIER-augmented|IN-ND-CURVE-FIT,Harry Sharp
harry-sheezel,ND 1-64,2022,3,3,SF,4,88,4985.33,3938.98,5593.23,1.2656,ACTIVE|FIT-TIER-sensitivity,Harry Sheezel
harry-taylor,ND 1-64,2007,17,17,KPD,13,280,2586.06,2586.06,5019.86,1.0,FIT-TIER-core|IN-ND-CURVE-FIT,Harry Taylor
harvey-gallagher,ND 1-64,2022,39,39,SD,3,28,0.05,0.04,0.05,1.2996,ACTIVE|FIT-TIER-sensitivity,Harvey Gallagher
harvey-harrison,ND 1-64,2021,52,52,SF,3,25,0.12,0.09,0.16,1.2996,ACTIVE|FIT-TIER-augmented|IN-ND-CURVE-FIT,Harvey Harrison
harvey-johnston,ND 1-64,2023,49,49,SD,2,14,0.0,0.0,0.0,1.2383,ACTIVE|FIT-TIER-sensitivity,Harvey Johnston
harvey-langford,ND 1-64,2024,6,6,MID,2,43,14.31,12.25,14.31,1.168,ACTIVE|FIT-TIER-sensitivity,Harvey Langford
harvey-thomas,ND 1-64,2023,59,59,SF,3,60,122.56,94.36,139.44,1.2989,ACTIVE|FIT-TIER-sensitivity,Harvey Thomas
hayden-ballantyne,ND 1-64,2008,21,21,SF,11,171,546.52,546.52,897.02,1.0,FIT-TIER-core|IN-ND-CURVE-FIT,Hayden Ballantyne
hayden-crozier,ND 1-64,2011,26,26,SF,12,142,303.28,233.36,596.51,1.2996,FIT-TIER-core|IN-ND-CURVE-FIT,Hayden Crozier
hayden-mclean,SSP,2018,,,KPF,8,108,364.14,282.24,541.84,1.2902,ACTIVE|FIT-TIER-augmented|PICKLESS|IN-POOL-CELL-FIT,Hayden McLean
hayden-young,ND 1-64,2019,7,7,SD,7,100,1673.29,1287.55,2237.34,1.2996,ACTIVE|FIT-TIER-augmented|IN-ND-CURVE-FIT,Hayden Young
haydn-kiel,RD,2008,28,,MID,0,0,0.0,0.0,0.0,,FIT-TIER-core|IN-POOL-CELL-FIT,Haydn Kiel
haydn-kiel-2,RD,2006,40,,MID,0,0,0.0,0.0,0.0,,FIT-TIER-core|IN-POOL-CELL-FIT,Haydyn Kiel
heath-chapman,ND 1-64,2020,14,14,SD,6,86,97.98,75.41,105.96,1.2994,ACTIVE|FIT-TIER-augmented|IN-ND-CURVE-FIT,Heath Chapman
heath-grundy,RD,2004,34,,KPD,14,237,1567.08,1205.82,3623.33,1.2996,FIT-TIER-core|IN-POOL-CELL-FIT,Heath Grundy
heath-hocking,RD,2005,19,,MID,10,123,402.25,309.52,652.96,1.2996,FIT-TIER-core|IN-POOL-CELL-FIT,Heath Hocking
heath-neville,ND 1-64,2005,59,59,SF,0,0,0.0,0.0,0.0,,FIT-TIER-core|IN-ND-CURVE-FIT,Heath Neville
heath-shaw,ND 1-64,2003,46,46,SD,16,298,4116.26,3167.33,9131.85,1.2996,FIT-TIER-core|PRE-2004-OUT-OF-WINDOW,Heath Shaw
henry-crauford,SSP,2019,,,RUCK,0,0,0.0,0.0,0.0,,FIT-TIER-augmented|PICKLESS|IN-POOL-CELL-FIT,Henry Crauford
henry-hustwaite,ND 1-64,2022,37,37,MID,4,11,1.05,0.91,1.06,1.1474,ACTIVE|FIT-TIER-sensitivity,Henry Hustwaite
henry-schade,ND 1-64,2011,29,29,KPD,3,28,23.02,17.71,38.11,1.2996,FIT-TIER-core|IN-ND-CURVE-FIT,Henry Schade
henry-slattery,ND 1-64,2004,45,45,SD,8,95,0.45,0.35,0.69,1.2979,FIT-TIER-core|IN-ND-CURVE-FIT,Henry Slattery
henry-smith,ND 1-64,2020,50,50,RUCK,3,6,0.06,0.05,0.09,1.2996,ACTIVE|FIT-TIER-augmented|IN-ND-CURVE-FIT,Henry Smith
henry-white,RD,2007,24,,MID,0,0,0.0,0.0,0.0,,FIT-TIER-core|IN-POOL-CELL-FIT,Henry White
heritier-lumumba,RD,2004,20,,SD,12,204,265.28,204.42,620.11,1.2978,FIT-TIER-core|IN-POOL-CELL-FIT,Heritier Lumumba
hewago-oea,PDA,2020,,,SF,2,13,0.01,0.01,0.02,1.2996,FIT-TIER-augmented|PICKLESS|IN-POOL-CELL-FIT,Hewago Paul Oea
hudson-o-keeffe,SSP,2022,,,RUCK,2,8,0.01,0.01,0.01,1.2996,ACTIVE|FIT-TIER-sensitivity|PICKLESS,Hudson O'Keeffe
hugh-beasley,RD,2014,17,,KPD,1,6,0.12,0.1,0.12,1.14,FIT-TIER-core|IN-POOL-CELL-FIT,Hugh Beasley
hugh-bond,ND 1-64,2022,50,50,MID,3,19,0.05,0.04,0.07,1.2996,ACTIVE|FIT-TIER-sensitivity,Hugh Bond
hugh-boxshall,ND 1-64,2024,45,45,MID,2,19,0.22,0.19,0.22,1.172,ACTIVE|FIT-TIER-sensitivity,Hugh Boxshall
hugh-davies,ND 1-64,2022,33,33,KPD,2,2,0.0,0.0,0.0,1.2996,ACTIVE|FIT-TIER-sensitivity,Hugh Davies
hugh-dixon,ND 1-64,2017,44,44,KPF,2,11,0.45,0.35,0.64,1.2996,FIT-TIER-augmented|IN-ND-CURVE-FIT,Hugh Dixon
hugh-goddard,ND 1-64,2014,22,21,KPD,4,12,8.27,7.25,8.27,1.1402,FIT-TIER-core|SLID-2013-14|IN-ND-CURVE-FIT,Hugh Goddard
hugh-greenwood,UNR,2015,,,MID,8,121,1433.89,1433.89,2546.28,1.0,FIT-TIER-augmented|PICKLESS|IN-POOL-CELL-FIT,Hugh Greenwood
hugh-jackson,ND 1-64,2021,55,55,MID,1,9,0.0,0.0,0.0,1.2996,FIT-TIER-augmented|IN-ND-CURVE-FIT,Hugh Jackson
hugh-mccluggage,ND 1-64,2016,3,3,MID,10,222,3508.49,2699.77,5886.96,1.2996,ACTIVE|FIT-TIER-augmented|IN-ND-CURVE-FIT,Hugh McCluggage
hugh-minson,ND 1-64,2005,53,53,RUCK,0,0,0.0,0.0,0.0,,FIT-TIER-core|IN-ND-CURVE-FIT,Hugh Minson
hugh-sandilands,RD,2007,15,,RUCK,0,0,0.0,0.0,0.0,,FIT-TIER-core|IN-POOL-CELL-FIT,Hugh Sandilands
hugo-garcia,ND 1-64,2023,50,50,MID,3,47,399.33,307.28,450.39,1.2996,ACTIVE|FIT-TIER-sensitivity,Hugo Garcia
hugo-hall-kahan,MSD,2026,10,,SD,1,9,19.54,19.54,19.54,1.0,ACTIVE|FIT-TIER-sensitivity,Hugo Hall-Kahan
hugo-mikunda,ND 1-64,2025,48,48,SF,1,0,0.0,0.0,0.0,,ACTIVE|FIT-TIER-sensitivity,Hugo Mikunda
hugo-ralphsmith,ND 1-64,2019,45,45,SF,6,73,8.42,6.48,10.67,1.2996,ACTIVE|FIT-TIER-augmented|IN-ND-CURVE-FIT,Hugo Ralphsmith
hunter-clark,ND 1-64,2017,7,7,MID,9,118,277.7,213.68,338.34,1.2996,ACTIVE|FIT-TIER-augmented|IN-ND-CURVE-FIT,Hunter Clark
hunter-holmes,ND 1-64,2025,33,33,MID,1,0,0.0,0.0,0.0,,ACTIVE|FIT-TIER-sensitivity,Hunter Holmes
hussien-el-achkar,ND 1-64,2025,53,53,SF,1,9,0.02,0.02,0.02,1.14,ACTIVE|FIT-TIER-sensitivity,Hussien El Achkar
ian-callinan,RD,2010,45,,SF,3,32,55.27,55.27,75.9,1.0,FIT-TIER-core|IN-POOL-CELL-FIT,Ian Callinan
iliro-smit,MSD,2024,10,,RUCK,1,0,0.0,0.0,0.0,,ACTIVE|FIT-TIER-sensitivity,Iliro Smit
indhi-kirk,PDA,2023,,,MID,0,0,0.0,0.0,0.0,,FIT-TIER-sensitivity|PICKLESS,Indhi Kirk
indy-cotton,UNR,2025,,,SF,1,0,0.0,0.0,0.0,,ACTIVE|FIT-TIER-sensitivity|PICKLESS,Indy Cotton
irving-mosquito,ND 1-64,2018,38,38,SF,1,4,0.72,0.56,0.72,1.2996,FIT-TIER-augmented|IN-ND-CURVE-FIT,Irving Mosquito
isaac-chugg,RD,2020,9,,SD,0,0,0.0,0.0,0.0,,FIT-TIER-augmented|IN-POOL-CELL-FIT,Isaac Chugg
isaac-conway,RD,2013,5,,MID,0,0,0.0,0.0,0.0,,FIT-TIER-core|IN-POOL-CELL-FIT,Isaac Conway
isaac-cumming,ND 1-64,2016,20,20,SD,9,119,666.84,513.11,1071.36,1.2996,ACTIVE|FIT-TIER-augmented|IN-ND-CURVE-FIT,Isaac Cumming
isaac-heeney,ND 1-64,2014,4,3,MID,12,243,4836.43,3722.04,9355.05,1.2994,ACTIVE|FIT-TIER-core|SLID-2013-14|IN-ND-CURVE-FIT,Isaac Heeney
isaac-kako,ND 1-64,2024,13,13,SF,2,36,1.33,1.16,1.33,1.1423,ACTIVE|FIT-TIER-sensitivity,Isaac Kako
isaac-keeler,ND 1-64,2022,44,44,KPF,2,13,0.04,0.03,0.05,1.2996,ACTIVE|FIT-TIER-sensitivity,Isaac Keeler
isaac-quaynor,ND 1-64,2018,13,13,SD,8,152,178.99,137.76,263.18,1.2992,ACTIVE|FIT-TIER-augmented|IN-ND-CURVE-FIT,Isaac Quaynor
isaac-smith,ND 1-64,2010,20,20,MID,13,280,1512.86,1512.86,3713.98,1.0,FIT-TIER-core|IN-ND-CURVE-FIT,Isaac Smith
isaac-weetra,ND 1-64,2006,62,62,SF,1,2,0.0,0.0,0.0,1.2996,FIT-TIER-core|IN-ND-CURVE-FIT,Isaac Weetra
isaiah-butters,PDN,2019,,,SF,0,0,0.0,0.0,0.0,,FIT-TIER-augmented|PICKLESS|IN-POOL-CELL-FIT,Isaiah Butters
isaiah-dudley,SSP,2024,,,SF,2,37,2.83,2.83,3.67,1.0,ACTIVE|FIT-TIER-sensitivity|PICKLESS,Isaiah Dudley
isiah-stevens,RD,2010,7,,SF,0,0,0.0,0.0,0.0,,FIT-TIER-core|IN-POOL-CELL-FIT,Isiah Stevens
isiah-winder,ND 1-64,2020,59,59,SF,0,0,0.0,0.0,0.0,,FIT-TIER-augmented|IN-ND-CURVE-FIT,Isiah Winder
israel-folau,UNR,2011,,,KPF,1,13,0.01,0.01,0.02,1.0,FIT-TIER-core|PICKLESS|IN-POOL-CELL-FIT,Israel Folau
iszac-thompson,ND 1-64,2003,48,48,KPD,0,0,0.0,0.0,0.0,,FIT-TIER-core|PRE-2004-OUT-OF-WINDOW,Iszac Thompson
ivan-maric,ND 1-64,2004,41,41,RUCK,11,151,1302.93,1002.56,3284.08,1.2996,FIT-TIER-core|IN-ND-CURVE-FIT,Ivan Maric
ivan-soldo,UNR,2014,,,RUCK,8,66,419.3,322.64,978.93,1.2996,FIT-TIER-core|PICKLESS|IN-POOL-CELL-FIT,Ivan Soldo
izak-rankine,ND 1-64,2018,3,3,SF,7,123,1941.22,1493.7,3477.49,1.2996,ACTIVE|FIT-TIER-augmented|IN-ND-CURVE-FIT,Izak Rankine
jace-bode,RD,2005,8,,MID,2,9,0.01,0.01,0.01,1.2996,FIT-TIER-core|IN-POOL-CELL-FIT,Jace Bode
jack-bell,RD,2019,3,,KPF,0,0,0.0,0.0,0.0,,FIT-TIER-augmented|IN-POOL-CELL-FIT,Jack Bell
jack-billings,ND 1-64,2013,3,2,SF,12,172,2325.0,1789.97,3324.27,1.2989,FIT-TIER-core|SLID-2013-14|IN-ND-CURVE-FIT,Jack Billings
jack-bowes,ND 1-64,2016,10,10,MID,10,152,475.34,365.77,738.06,1.2995,ACTIVE|FIT-TIER-augmented|IN-ND-CURVE-FIT,Jack Bowes
jack-buckley,PDN,2017,,,KPD,6,94,451.34,451.34,1093.17,1.0,ACTIVE|FIT-TIER-augmented|PICKLESS|IN-POOL-CELL-FIT,Jack Buckley
jack-buller,MSD,2023,11,,KPF,3,20,1.68,1.68,2.18,1.0,ACTIVE|FIT-TIER-sensitivity,Jack Buller
jack-bytel,ND 1-64,2018,41,41,MID,4,29,0.09,0.07,0.09,1.2996,FIT-TIER-augmented|IN-ND-CURVE-FIT,Jack Bytel
jack-carroll,ND 1-64,2020,43,43,MID,5,36,0.27,0.21,0.45,1.2996,ACTIVE|FIT-TIER-augmented|IN-ND-CURVE-FIT,Jack Carroll
jack-carter,RD,2009,27,,SD,0,0,0.0,0.0,0.0,,FIT-TIER-core|IN-POOL-CELL-FIT,Jack Carter
jack-crisp,RD,2011,34,,MID,15,295,2613.48,2010.99,6048.04,1.2996,ACTIVE|FIT-TIER-core|IN-POOL-CELL-FIT,Jack Crisp
jack-dalton,ND 1-64,2025,34,34,MID,1,4,0.02,0.02,0.02,1.14,ACTIVE|FIT-TIER-sensitivity,Jack Dalton
jack-darling,ND 1-64,2010,28,28,KPF,16,340,2909.14,2262.49,5119.41,1.2858,ACTIVE|FIT-TIER-core|IN-ND-CURVE-FIT,Jack Darling
jack-delean,ND 1-64,2023,60,60,SF,0,0,0.0,0.0,0.0,,FIT-TIER-sensitivity,Jack Delean
jack-fitzpatrick,ND 1-64,2009,49,49,RUCK,7,26,11.33,8.72,21.5,1.2996,FIT-TIER-core|IN-ND-CURVE-FIT,Jack Fitzpatrick
jack-frost,RD,2012,25,,KPD,5,56,5.97,5.97,8.87,1.0,FIT-TIER-core|IN-POOL-CELL-FIT,Jack Frost
jack-ginnivan,RD,2020,8,,SF,6,110,558.31,429.61,857.54,1.2996,ACTIVE|FIT-TIER-augmented|IN-POOL-CELL-FIT,Jack Ginnivan
jack-graham,ND 1-64,2016,53,53,MID,10,160,944.19,737.54,1765.16,1.2802,ACTIVE|FIT-TIER-augmented|IN-ND-CURVE-FIT,Jack Graham
jack-grimes,ND 1-64,2007,14,14,SD,9,100,1475.3,1135.2,1898.81,1.2996,FIT-TIER-core|IN-ND-CURVE-FIT,Jack Grimes
jack-gunston,ND 1-64,2009,29,29,KPF,17,298,3585.95,2759.3,7674.74,1.2996,ACTIVE|FIT-TIER-core|IN-ND-CURVE-FIT,Jack Gunston
jack-hannath,RD,2012,4,,RUCK,4,20,2.66,2.66,3.93,1.0,FIT-TIER-core|IN-POOL-CELL-FIT,Jack Hannath
jack-hayes,SSP,2021,,,KPF,3,8,245.14,245.14,293.44,1.0,FIT-TIER-augmented|PICKLESS|IN-POOL-CELL-FIT,Jack Hayes
jack-henderson,SSP,2024,,,SF,2,5,0.01,0.01,0.02,1.0,ACTIVE|FIT-TIER-sensitivity|PICKLESS,Jack Henderson
jack-henry,RD,2016,12,,KPD,9,180,522.41,401.97,849.27,1.2996,ACTIVE|FIT-TIER-augmented|IN-POOL-CELL-FIT,Jack Henry
jack-higgins,ND 1-64,2017,17,17,SF,9,160,809.09,645.98,993.25,1.2525,ACTIVE|FIT-TIER-augmented|IN-ND-CURVE-FIT,Jack Higgins
jack-hiscox,ND 1-64,2014,38,37,MID,1,1,0.0,0.0,0.0,1.2996,FIT-TIER-core|SLID-2013-14|IN-ND-CURVE-FIT,Jack Hiscox
jack-hutchinson,MSD,2024,3,,MID,3,28,2.25,2.25,2.55,1.0,ACTIVE|FIT-TIER-sensitivity,Jack Hutchinson
jack-ison,ND 1-64,2025,47,47,SF,1,7,0.01,0.01,0.01,1.14,ACTIVE|FIT-TIER-sensitivity,Jack Ison
jack-juniper,RD,2004,22,,SF,0,0,0.0,0.0,0.0,,FIT-TIER-core|IN-POOL-CELL-FIT,Jack Juniper
jack-leslie,ND 1-64,2013,20,19,KPD,5,28,219.37,168.8,252.15,1.2996,FIT-TIER-core|SLID-2013-14|IN-ND-CURVE-FIT,Jack Leslie
jack-lonie,ND 1-64,2014,41,40,SF,7,87,71.52,55.21,96.51,1.2954,FIT-TIER-core|SLID-2013-14|IN-ND-CURVE-FIT,Jack Lonie
jack-lukosius,ND 1-64,2018,2,2,KPF,8,131,907.32,698.27,1164.36,1.2994,ACTIVE|FIT-TIER-augmented|IN-ND-CURVE-FIT,Jack Lukosius
jack-lynch,PDS,2011,,,SD,0,0,0.0,0.0,0.0,,FIT-TIER-core|PICKLESS|IN-POOL-CELL-FIT,Jack Lynch
jack-madgen,UNR,2017,,,KPD,5,49,99.12,99.12,150.97,1.0,FIT-TIER-augmented|PICKLESS|IN-POOL-CELL-FIT,Jack Madgen
jack-mahony,ND 1-64,2019,34,34,SF,4,44,1.53,1.21,1.53,1.2667,FIT-TIER-augmented|IN-ND-CURVE-FIT,Jack Mahony
jack-mahony-haw,PDS,2010,,,SF,0,0,0.0,0.0,0.0,,FIT-TIER-core|PICKLESS|IN-POOL-CELL-FIT,Jack Mahony
jack-maibaum,ND 1-64,2016,45,45,KPD,0,0,0.0,0.0,0.0,,FIT-TIER-augmented|IN-ND-CURVE-FIT,Jack Maibaum
jack-martin,ND 1-64,2012,3,3,MID,13,181,1181.6,909.2,1988.27,1.2996,ACTIVE|FIT-TIER-core|IN-ND-CURVE-FIT,Jack Martin
jack-mayo,MSD,2019,5,,KPF,0,0,0.0,0.0,0.0,,FIT-TIER-augmented|IN-POOL-CELL-FIT,Jack Mayo
jack-newnes,ND 1-64,2011,46,46,MID,11,207,949.62,730.71,1404.06,1.2996,FIT-TIER-core|IN-ND-CURVE-FIT,Jack Newnes
jack-o-sullivan,ND 1-64,2022,46,46,SF,0,0,0.0,0.0,0.0,,FIT-TIER-sensitivity,Jack O'Sullivan
jack-osborn,UNR,2012,,,RUCK,0,0,0.0,0.0,0.0,,FIT-TIER-core|PICKLESS|IN-POOL-CELL-FIT,Jack Osborn
jack-ough,ND 1-64,2024,36,36,MID,1,5,0.0,0.0,0.0,1.2996,ACTIVE|FIT-TIER-sensitivity,Jack Ough
jack-payne,ND 1-64,2017,54,54,KPD,7,81,96.65,74.37,165.31,1.2996,ACTIVE|FIT-TIER-augmented|IN-ND-CURVE-FIT,Jack Payne
jack-perham,RD,2010,43,,KPF,0,0,0.0,0.0,0.0,,FIT-TIER-core|IN-POOL-CELL-FIT,Jack Perham
jack-peris,PDN,2021,,,SF,1,1,12.21,9.4,12.21,1.2996,FIT-TIER-augmented|PICKLESS|IN-POOL-CELL-FIT,Jack Peris
jack-petruccelle,ND 1-64,2017,38,38,SF,8,90,2.56,1.97,4.03,1.2996,FIT-TIER-augmented|IN-ND-CURVE-FIT,Jack Petruccelle
jack-redden,ND 1-64,2008,25,25,MID,14,263,3117.31,2398.7,5687.87,1.2996,FIT-TIER-core|IN-ND-CURVE-FIT,Jack Redden
jack-redpath,RD,2011,47,,KPF,5,36,29.45,29.45,56.97,1.0,FIT-TIER-core|IN-POOL-CELL-FIT,Jack Redpath
jack-riewoldt,ND 1-64,2006,14,14,KPF,17,347,3406.0,2620.81,7276.23,1.2996,FIT-TIER-core|IN-ND-CURVE-FIT,Jack Riewoldt
jack-ross,ND 1-64,2018,43,43,MID,8,109,639.2,491.91,1338.95,1.2994,ACTIVE|FIT-TIER-augmented|IN-ND-CURVE-FIT,Jack Ross
jack-saunders,RD,2020,3,,SF,1,1,0.0,0.0,0.0,1.2996,FIT-TIER-augmented|IN-POOL-CELL-FIT,Jack Saunders
jack-scrimshaw,ND 1-64,2016,7,7,SD,9,129,571.16,439.49,1012.37,1.2996,ACTIVE|FIT-TIER-augmented|IN-ND-CURVE-FIT,Jack Scrimshaw
jack-silvagni,ND 1-64,2015,53,53,KPF,10,149,553.23,425.83,1281.98,1.2992,ACTIVE|FIT-TIER-augmented|IN-ND-CURVE-FIT,Jack Silvagni
jack-sinclair,RD,2014,1,,MID,12,224,2885.68,2220.44,6950.39,1.2996,ACTIVE|FIT-TIER-core|IN-POOL-CELL-FIT,Jack Sinclair
jack-stanley,RD,2010,35,,MID,0,0,0.0,0.0,0.0,,FIT-TIER-core|IN-POOL-CELL-FIT,Jack Stanley
jack-steele,ND 1-64,2014,21,20,MID,12,223,4767.91,3670.91,9056.71,1.2988,ACTIVE|FIT-TIER-core|SLID-2013-14|IN-ND-CURVE-FIT,Jack Steele
jack-steven,ND 1-64,2007,42,42,MID,12,192,2256.01,1735.93,4641.51,1.2996,FIT-TIER-core|IN-ND-CURVE-FIT,Jack Steven
jack-trengove,ND 1-64,2009,2,2,MID,8,89,423.46,329.46,440.74,1.2853,FIT-TIER-core|IN-ND-CURVE-FIT,Jack Trengove
jack-viney,ND 1-64,2012,13,13,MID,14,237,2490.38,1917.85,4890.59,1.2985,ACTIVE|FIT-TIER-core|IN-ND-CURVE-FIT,Jack Viney
jack-watkins,RD,2025,3,,MID,1,11,0.0,0.0,0.0,1.0,ACTIVE|FIT-TIER-sensitivity,Jack Watkins
jack-watts,ND 1-64,2008,1,1,KPF,11,174,1909.78,1469.52,3249.76,1.2996,FIT-TIER-core|IN-ND-CURVE-FIT,Jack Watts
jack-weston,RD,2009,16,,KPD,0,0,0.0,0.0,0.0,,FIT-TIER-core|IN-POOL-CELL-FIT,Jack Weston
jack-whitlock,ND 1-64,2024,33,33,KPF,2,25,1.16,0.89,1.16,1.2951,ACTIVE|FIT-TIER-sensitivity,Jack Whitlock
jack-williams,ND 1-64,2021,57,57,KPF,4,51,5.05,3.89,6.4,1.2996,ACTIVE|FIT-TIER-augmented|IN-ND-CURVE-FIT,Jack Williams
jack-ziebell,ND 1-64,2008,9,9,MID,15,280,2109.4,1623.88,5314.06,1.299,FIT-TIER-core|IN-ND-CURVE-FIT,Jack Ziebell
jackson-allen,ND>64,2011,80,80,MID,2,4,103.11,90.45,103.11,1.14,FIT-TIER-core|IN-POOL-CELL-FIT,Jackson Allen
jackson-archer,ND 1-64,2021,59,59,SD,5,26,0.01,0.01,0.01,1.1987,ACTIVE|FIT-TIER-augmented|IN-ND-CURVE-FIT,Jackson Archer
jackson-callow,MSD,2021,15,,KPF,1,3,0.0,0.0,0.0,1.14,FIT-TIER-augmented|IN-POOL-CELL-FIT,Jackson Callow
jackson-edwards,RD,2017,20,,MID,0,0,0.0,0.0,0.0,,FIT-TIER-augmented|IN-POOL-CELL-FIT,Jackson Edwards
jackson-ferguson,PDS,2010,,,KPD,1,1,0.0,0.0,0.0,1.2996,FIT-TIER-core|PICKLESS|IN-POOL-CELL-FIT,Jackson Ferguson
jackson-hately,ND 1-64,2018,14,14,MID,5,28,8.73,6.76,10.93,1.2904,FIT-TIER-augmented|IN-ND-CURVE-FIT,Jackson Hately
jackson-macrae,ND 1-64,2012,8,8,MID,14,280,7296.16,5614.21,14151.26,1.2996,ACTIVE|FIT-TIER-core|IN-ND-CURVE-FIT,Jackson Macrae
jackson-mead,ND 1-64,2019,25,25,MID,5,74,2.55,1.97,3.84,1.2996,ACTIVE|FIT-TIER-augmented|IN-ND-CURVE-FIT,Jackson Mead
jackson-merrett,ND 1-64,2011,37,37,MID,6,56,15.91,12.24,22.03,1.2996,FIT-TIER-core|IN-ND-CURVE-FIT,Jackson Merrett
jackson-nelson,ND 1-64,2014,51,50,SD,8,102,17.0,13.08,28.77,1.2996,FIT-TIER-core|SLID-2013-14|IN-ND-CURVE-FIT,Jackson Nelson
jackson-paine,ND 1-64,2011,59,59,KPF,3,16,0.6,0.53,0.61,1.1421,FIT-TIER-core|IN-ND-CURVE-FIT,Jackson Paine
jackson-ramsey,ND 1-64,2012,41,41,SD,0,0,0.0,0.0,0.0,,FIT-TIER-core|IN-ND-CURVE-FIT,Jackson Ramsey
jackson-ross,ND>64,2017,70,70,SF,0,0,0.0,0.0,0.0,,FIT-TIER-augmented|IN-POOL-CELL-FIT,Jackson Ross
jackson-sheringham,RD,2011,33,,MID,2,12,0.0,0.0,0.0,1.0,FIT-TIER-core|IN-POOL-CELL-FIT,Jackson Sheringham
jackson-thurlow,ND 1-64,2012,20,20,SD,7,63,41.94,32.56,74.1,1.288,FIT-TIER-core|IN-ND-CURVE-FIT,Jackson Thurlow
jackson-trengove,ND 1-64,2008,22,22,KPD,11,186,591.02,454.77,1068.21,1.2996,FIT-TIER-core|IN-ND-CURVE-FIT,Jackson Trengove
jacob-allison,ND 1-64,2016,55,55,MID,3,10,5.4,4.74,5.4,1.1401,FIT-TIER-augmented|IN-ND-CURVE-FIT,Jacob Allison
jacob-ballard,RD,2013,25,,MID,1,1,0.0,0.0,0.0,1.2996,FIT-TIER-core|IN-POOL-CELL-FIT,Jacob Ballard
jacob-bauer,MSD,2022,10,,KPF,3,12,4.15,4.15,5.39,1.0,FIT-TIER-sensitivity,Jacob Bauer
jacob-blight,MSD,2024,2,,KPD,2,10,47.03,47.03,48.9,1.0,FIT-TIER-sensitivity,Jacob Blight
jacob-brennan,ND 1-64,2010,62,62,SD,3,28,0.01,0.01,0.02,1.0,FIT-TIER-core|IN-ND-CURVE-FIT,Jacob Brennan
jacob-dawson,PDA,2017,,,MID,2,9,1.35,1.04,1.35,1.2958,FIT-TIER-augmented|PICKLESS|IN-POOL-CELL-FIT,Jacob Dawson
jacob-edwards,MSD,2021,1,,KPF,0,0,0.0,0.0,0.0,,FIT-TIER-augmented|IN-POOL-CELL-FIT,Jacob Edwards
jacob-farrow,ND 1-64,2025,10,10,SD,1,18,23.67,20.77,23.67,1.14,ACTIVE|FIT-TIER-sensitivity,Jacob Farrow
jacob-heron,PDA,2017,,,SF,2,13,0.0,0.0,0.0,1.2092,FIT-TIER-augmented|PICKLESS|IN-POOL-CELL-FIT,Jacob Heron
jacob-hopper,ND 1-64,2015,7,7,MID,11,177,1442.33,1109.99,2358.99,1.2994,ACTIVE|FIT-TIER-augmented|IN-ND-CURVE-FIT,Jacob Hopper
jacob-kennerly,ND 1-64,2018,50,50,MID,0,0,0.0,0.0,0.0,,FIT-TIER-augmented|IN-ND-CURVE-FIT,Jacob Kennerly
jacob-konstanty,ND 1-64,2022,20,20,SF,2,33,0.1,0.07,0.12,1.2996,ACTIVE|FIT-TIER-sensitivity,Jacob Konstanty
jacob-koschitzke,ND 1-64,2018,52,52,KPF,5,64,11.97,9.21,17.24,1.2996,FIT-TIER-augmented|IN-ND-CURVE-FIT,Jacob Koschitzke
jacob-molier,ND 1-64,2024,52,52,RUCK,1,0,0.0,0.0,0.0,,ACTIVE|FIT-TIER-sensitivity,Jacob Molier
jacob-moss,UNR,2024,,,KPF,1,0,0.0,0.0,0.0,,ACTIVE|FIT-TIER-sensitivity|PICKLESS,Jacob Moss
jacob-newton,MSD,2025,8,,SF,2,5,0.0,0.0,0.0,1.0967,ACTIVE|FIT-TIER-sensitivity,Jacob Newton
jacob-surjan,RD,2003,16,,SD,8,113,13.31,10.24,17.89,1.2996,FIT-TIER-core|PRE-2004-OUT-OF-WINDOW,Jacob Surjan
jacob-van-rooyen,ND 1-64,2021,19,19,KPF,4,78,233.2,179.44,304.23,1.2996,ACTIVE|FIT-TIER-augmented|IN-ND-CURVE-FIT,Jacob Van Rooyen
jacob-wehr,ND 1-64,2020,61,61,SD,5,54,1.17,1.17,1.63,1.0,ACTIVE|FIT-TIER-augmented|IN-ND-CURVE-FIT,Jacob Wehr
jacob-weitering,ND 1-64,2015,1,1,KPD,11,214,1781.23,1381.82,3379.2,1.289,ACTIVE|FIT-TIER-augmented|IN-ND-CURVE-FIT,Jacob Weitering
jade-gresham,ND 1-64,2015,18,18,SF,11,184,1333.0,1025.75,1942.82,1.2995,ACTIVE|FIT-TIER-augmented|IN-ND-CURVE-FIT,Jade Gresham
jaden-mcgrath,ND>64,2014,69,68,SD,1,3,2.49,2.19,2.49,1.14,FIT-TIER-core|SLID-2013-14|IN-POOL-CELL-FIT,Jaden McGrath
jaeger-o-meara,ND 1-64,2011,1,1,MID,12,206,1871.57,1440.11,3323.43,1.2996,ACTIVE|FIT-TIER-core|IN-ND-CURVE-FIT,Jaeger O'Meara
jagga-smith,ND 1-64,2024,3,3,MID,1,20,573.14,441.01,573.14,1.2996,ACTIVE|FIT-TIER-sensitivity,Jagga Smith
jai-culley,MSD,2022,1,,MID,5,23,39.56,32.66,43.84,1.2113,ACTIVE|FIT-TIER-sensitivity,Jai Culley
jai-murray,ND 1-64,2025,17,17,MID,1,8,0.01,0.01,0.01,1.14,ACTIVE|FIT-TIER-sensitivity,Jai Murray
jai-newcombe,MSD,2021,2,,MID,6,123,2016.28,2016.28,3062.05,1.0,ACTIVE|FIT-TIER-augmented|IN-POOL-CELL-FIT,Jai Newcombe
jai-saxena,PDN,2025,,,SF,1,0,0.0,0.0,0.0,,ACTIVE|FIT-TIER-sensitivity|PICKLESS,Jai Saxena
jai-serong,ND 1-64,2021,53,53,KPD,4,30,28.39,21.85,42.01,1.2996,ACTIVE|FIT-TIER-augmented|IN-ND-CURVE-FIT,Jai Serong
jai-sheehan,RD,2011,9,,SF,0,0,0.0,0.0,0.0,,FIT-TIER-core|IN-POOL-CELL-FIT,Jai Sheehan
jaiden-hunter,MSD,2023,8,,KPF,0,0,0.0,0.0,0.0,,FIT-TIER-sensitivity,Jaiden Hunter
jaiden-magor,RD,2022,11,,SF,0,0,0.0,0.0,0.0,,FIT-TIER-sensitivity,Jaiden Magor
jaidyn-stephenson,ND 1-64,2017,6,6,SF,7,122,684.55,528.33,780.2,1.2957,FIT-TIER-augmented|IN-ND-CURVE-FIT,Jaidyn Stephenson
jaime-uhr-henry,UNR,2024,,,RUCK,1,0,0.0,0.0,0.0,,ACTIVE|FIT-TIER-sensitivity|PICKLESS,Jaime Uhr-Henry
jake-aarts,RD,2018,11,,SF,3,42,6.3,6.3,8.26,1.0,FIT-TIER-augmented|IN-POOL-CELL-FIT,Jake Aarts
jake-barrett,ND 1-64,2013,61,60,MID,3,23,1.62,1.25,2.28,1.2996,FIT-TIER-core|SLID-2013-14|IN-ND-CURVE-FIT,Jake Barrett
jake-batchelor,ND 1-64,2010,32,32,SD,7,84,8.18,6.31,8.28,1.2959,FIT-TIER-core|IN-ND-CURVE-FIT,Jake Batchelor
jake-bowey,ND 1-64,2020,22,22,SD,6,97,888.35,684.53,1406.31,1.2977,ACTIVE|FIT-TIER-augmented|IN-ND-CURVE-FIT,Jake Bowey
jake-brown,PDA,2017,,,SF,0,0,0.0,0.0,0.0,,FIT-TIER-augmented|PICKLESS|IN-POOL-CELL-FIT,Jake Brown
jake-carlisle,ND 1-64,2009,24,24,KPD,11,151,996.98,767.15,1658.25,1.2996,FIT-TIER-core|IN-ND-CURVE-FIT,Jake Carlisle
jake-crawford,PDA,2010,,,MID,0,0,0.0,0.0,0.0,,FIT-TIER-core|PICKLESS|IN-POOL-CELL-FIT,Jake Crawford
jake-edwards,ND 1-64,2005,36,36,KPF,1,5,1.33,1.02,1.52,1.2996,FIT-TIER-core|IN-ND-CURVE-FIT,Jake Edwards
jake-furfaro,RD,2003,40,,SF,0,0,0.0,0.0,0.0,,FIT-TIER-core|PRE-2004-OUT-OF-WINDOW,Jake Furfaro
jake-kelly,RD,2013,22,,SD,9,168,42.61,32.79,74.28,1.2996,FIT-TIER-core|IN-POOL-CELL-FIT,Jake Kelly
jake-king,RD,2006,23,,SD,8,107,425.3,425.3,581.34,1.0,FIT-TIER-core|IN-POOL-CELL-FIT,Jake King
jake-kolodjashnij,ND 1-64,2013,41,40,KPD,11,209,156.26,120.24,262.05,1.2996,ACTIVE|FIT-TIER-core|SLID-2013-14|IN-ND-CURVE-FIT,Jake Kolodjashnij
jake-lever,ND 1-64,2014,15,14,KPD,12,206,1615.12,1247.93,2629.22,1.2942,ACTIVE|FIT-TIER-core|SLID-2013-14|IN-ND-CURVE-FIT,Jake Lever
jake-lloyd,RD,2012,16,,SD,13,292,3413.69,2626.72,7201.27,1.2996,ACTIVE|FIT-TIER-core|IN-POOL-CELL-FIT,Jake Lloyd
jake-long,RD,2014,31,,SD,2,5,0.23,0.18,0.29,1.2996,FIT-TIER-core|IN-POOL-CELL-FIT,Jake Long
jake-melksham,ND 1-64,2009,10,10,MID,16,254,106.56,82.01,267.39,1.2995,ACTIVE|FIT-TIER-core|IN-ND-CURVE-FIT,Jake Melksham
jake-neade,ND 1-64,2012,56,56,SF,6,62,49.03,37.75,60.34,1.2986,FIT-TIER-core|IN-ND-CURVE-FIT,Jake Neade
jake-orreal,UNR,2007,,,RUCK,0,0,0.0,0.0,0.0,,FIT-TIER-core|PICKLESS|IN-POOL-CELL-FIT,Jake Orreal
jake-pasini,RD,2019,5,,KPD,0,0,0.0,0.0,0.0,,FIT-TIER-augmented|IN-POOL-CELL-FIT,Jake Pasini
jake-patmore,ND 1-64,2017,58,58,SF,0,0,0.0,0.0,0.0,,FIT-TIER-augmented|IN-ND-CURVE-FIT,Jake Patmore
jake-riccardi,ND 1-64,2019,50,50,KPF,7,98,231.67,231.67,385.27,1.0,ACTIVE|FIT-TIER-augmented|IN-ND-CURVE-FIT,Jake Riccardi
jake-rogers,ND 1-64,2023,14,14,MID,3,25,0.07,0.05,0.08,1.2989,ACTIVE|FIT-TIER-sensitivity,Jake Rogers
jake-soligo,ND 1-64,2021,36,36,MID,5,103,664.6,511.49,795.47,1.2994,ACTIVE|FIT-TIER-augmented|IN-ND-CURVE-FIT,Jake Soligo
jake-spencer,RD,2007,36,,RUCK,7,38,71.94,55.36,130.94,1.2996,FIT-TIER-core|IN-POOL-CELL-FIT,Jake Spencer
jake-stein,UNR,2016,,,KPD,3,20,0.76,0.76,1.14,1.0,FIT-TIER-augmented|PICKLESS|IN-POOL-CELL-FIT,Jake Stein
jake-stringer,ND 1-64,2012,7,7,SF,14,248,949.54,730.65,1725.63,1.2996,ACTIVE|FIT-TIER-core|IN-ND-CURVE-FIT,Jake Stringer
jake-tarca,ND>64,2018,68,68,SF,0,0,0.0,0.0,0.0,,FIT-TIER-augmented|IN-POOL-CELL-FIT,Jake Tarca
jake-von-bertouch,RD,2010,27,,KPF,0,0,0.0,0.0,0.0,,FIT-TIER-core|IN-POOL-CELL-FIT,Jake Von Bertouch
jake-waterman,ND>64,2016,76,76,KPF,9,133,468.44,360.45,1056.58,1.2996,ACTIVE|FIT-TIER-augmented|IN-POOL-CELL-FIT,Jake Waterman
jakob-ryan,ND 1-64,2022,28,28,SD,2,1,0.0,0.0,0.0,1.14,ACTIVE|FIT-TIER-sensitivity,Jakob Ryan
jamaine-jones,RD,2016,30,,SF,6,66,18.11,13.94,31.67,1.2996,FIT-TIER-augmented|IN-POOL-CELL-FIT,Jamaine Jones
jamarra-ugle-hagan,ND 1-64,2020,1,1,KPF,5,70,72.27,55.64,90.06,1.299,ACTIVE|FIT-TIER-augmented|IN-ND-CURVE-FIT,Jamarra Ugle-Hagan
jamason-daniels,RD,2008,14,,MID,0,0,0.0,0.0,0.0,,FIT-TIER-core|IN-POOL-CELL-FIT,Jamason Daniels
james-aish,ND 1-64,2013,7,6,MID,12,186,88.37,69.32,182.36,1.2748,FIT-TIER-core|SLID-2013-14|IN-ND-CURVE-FIT,James Aish
james-allan,RD,2003,19,,MID,0,0,0.0,0.0,0.0,,FIT-TIER-core|PRE-2004-OUT-OF-WINDOW,James Allan
james-barrat,ND 1-64,2024,32,32,KPD,1,0,0.0,0.0,0.0,,ACTIVE|FIT-TIER-sensitivity,James Barrat
james-battersby,RD,2013,16,,MID,0,0,0.0,0.0,0.0,,FIT-TIER-core|IN-POOL-CELL-FIT,James Battersby
james-bell,PDA,2017,,,SF,4,24,0.23,0.17,0.26,1.2996,FIT-TIER-augmented|PICKLESS|IN-POOL-CELL-FIT,James Bell
james-blanck,MSD,2022,14,,KPD,3,24,0.02,0.02,0.02,1.0,ACTIVE|FIT-TIER-sensitivity,James Blanck
james-borlase,PDN,2020,,,KPD,4,31,43.9,33.78,63.46,1.2996,ACTIVE|FIT-TIER-augmented|PICKLESS|IN-POOL-CELL-FIT,James Borlase
james-condos,RD,2003,2,,MID,0,0,0.0,0.0,0.0,,FIT-TIER-core|PRE-2004-OUT-OF-WINDOW,James Condos
james-cousins,RD,2016,29,,MID,5,35,162.06,124.7,210.63,1.2996,FIT-TIER-augmented|IN-POOL-CELL-FIT,James Cousins
james-craig,ND 1-64,2009,58,58,RUCK,0,0,0.0,0.0,0.0,,FIT-TIER-core|IN-ND-CURVE-FIT,James Craig
james-ezard,ND 1-64,2004,36,36,MID,1,4,0.0,0.0,0.0,1.2996,FIT-TIER-core|IN-ND-CURVE-FIT,James Ezard
james-frawley,ND 1-64,2006,13,13,KPD,15,241,1072.34,825.13,1870.63,1.2996,FIT-TIER-core|IN-ND-CURVE-FIT,James Frawley
james-gwilt,ND 1-64,2004,58,58,SD,11,142,302.76,232.96,632.41,1.2996,FIT-TIER-core|IN-ND-CURVE-FIT,James Gwilt
james-harmes,RD,2013,1,,MID,11,174,1047.1,805.71,1843.67,1.2996,FIT-TIER-core|IN-POOL-CELL-FIT,James Harmes
james-hawksley,ND 1-64,2006,39,39,SD,5,32,13.37,10.28,21.0,1.2996,FIT-TIER-core|IN-ND-CURVE-FIT,James Hawksley
james-jordon,ND 1-64,2018,33,33,MID,6,135,61.31,47.18,95.49,1.2996,ACTIVE|FIT-TIER-augmented|IN-ND-CURVE-FIT,James Jordon
james-leake,ND 1-64,2023,17,17,SD,2,8,0.48,0.37,0.54,1.2996,ACTIVE|FIT-TIER-sensitivity,James Leake
james-madden,IRE,2018,,,SD,3,13,1.97,1.52,2.24,1.2996,FIT-TIER-augmented|PICKLESS|IN-POOL-CELL-FIT,James Madden
james-magmer,RD,2011,36,,SF,0,0,0.0,0.0,0.0,,FIT-TIER-core|IN-POOL-CELL-FIT,James Magmer
james-mcdonald,ND>64,2011,78,78,MID,1,13,1.22,1.22,1.4,1.0,FIT-TIER-core|IN-POOL-CELL-FIT,James McDonald
james-moss,RD,2007,14,,MID,0,0,0.0,0.0,0.0,,FIT-TIER-core|IN-POOL-CELL-FIT,James Moss
james-mulligan,RD,2007,9,,RUCK,1,3,0.0,0.0,0.0,1.2996,FIT-TIER-core|IN-POOL-CELL-FIT,James Mulligan
james-o-donnell,UNR,2022,,,KPD,4,65,32.34,32.34,53.36,1.0,ACTIVE|FIT-TIER-sensitivity|PICKLESS,James O'Donnell
james-parsons,RD,2015,22,,SF,3,35,14.96,11.51,19.32,1.2996,FIT-TIER-augmented|IN-POOL-CELL-FIT,James Parsons
james-peatling,MSD,2021,8,,MID,6,88,339.11,339.11,585.55,1.0,ACTIVE|FIT-TIER-augmented|IN-POOL-CELL-FIT,James Peatling
james-podsiadly,RD,2009,38,,KPF,5,95,1623.32,1623.32,2174.32,1.0,FIT-TIER-core|IN-POOL-CELL-FIT,James Podsiadly
james-polkinghorne,ND 1-64,2007,41,41,MID,8,101,28.18,21.68,36.54,1.2996,FIT-TIER-core|IN-ND-CURVE-FIT,James Polkinghorne
james-rose,ND 1-64,2014,37,36,SF,5,14,5.55,4.27,5.63,1.2996,FIT-TIER-core|SLID-2013-14|IN-ND-CURVE-FIT,James Rose
james-rowbottom,ND 1-64,2018,25,25,MID,8,159,1111.86,855.61,1671.58,1.2995,ACTIVE|FIT-TIER-augmented|IN-ND-CURVE-FIT,James Rowbottom
james-rowe,ND 1-64,2020,40,40,SF,2,36,1.36,1.36,1.63,1.0,FIT-TIER-augmented|IN-ND-CURVE-FIT,James Rowe
james-sellar,ND 1-64,2006,15,15,KPF,6,44,15.54,11.95,26.43,1.2996,FIT-TIER-core|IN-ND-CURVE-FIT,James Sellar
james-sicily,ND 1-64,2013,52,51,SF,11,199,3549.06,2730.89,8230.33,1.2996,ACTIVE|FIT-TIER-core|SLID-2013-14|IN-ND-CURVE-FIT,James Sicily
james-stewart,ND 1-64,2012,30,30,KPF,9,78,148.07,113.93,245.66,1.2996,FIT-TIER-core|IN-ND-CURVE-FIT,James Stewart
james-strauss,ND 1-64,2008,19,19,SD,4,24,0.05,0.04,0.07,1.2996,FIT-TIER-core|IN-ND-CURVE-FIT,James Strauss
james-thomson,ND>64,2006,76,76,KPD,0,0,0.0,0.0,0.0,,FIT-TIER-core|IN-POOL-CELL-FIT,James Thomson
james-toohey,RD,2013,10,,KPD,0,0,0.0,0.0,0.0,,FIT-TIER-core|IN-POOL-CELL-FIT,James Toohey
james-trezise,MSD,2023,10,,SD,4,38,171.03,171.03,171.81,1.0,ACTIVE|FIT-TIER-sensitivity,James Trezise
james-tsitas,SSP,2021,,,MID,2,5,0.0,0.0,0.0,1.0,FIT-TIER-augmented|PICKLESS|IN-POOL-CELL-FIT,James Tsitas
james-tunstill,ND 1-64,2021,41,41,MID,5,23,0.01,0.01,0.01,1.2866,ACTIVE|FIT-TIER-augmented|IN-ND-CURVE-FIT,James Tunstill
james-turner,RD,2006,28,,KPD,0,0,0.0,0.0,0.0,,FIT-TIER-core|IN-POOL-CELL-FIT,James Turner
james-van-es,ND 1-64,2022,31,31,KPD,0,0,0.0,0.0,0.0,,FIT-TIER-sensitivity,James Van Es
james-wall,RD,2005,28,,KPD,0,0,0.0,0.0,0.0,,FIT-TIER-core|IN-POOL-CELL-FIT,James Wall
james-webster,PDS,2010,,,SD,0,0,0.0,0.0,0.0,,FIT-TIER-core|PICKLESS|IN-POOL-CELL-FIT,James Webster
james-willis,ND 1-64,2021,32,32,MID,0,0,0.0,0.0,0.0,,FIT-TIER-augmented|IN-ND-CURVE-FIT,James Willis
james-wilsen,PDS,2007,,,MID,0,0,0.0,0.0,0.0,,FIT-TIER-core|PICKLESS|IN-POOL-CELL-FIT,James Wilsen
james-worpel,ND 1-64,2017,45,45,MID,9,158,1621.09,1247.82,2020.42,1.2991,ACTIVE|FIT-TIER-augmented|IN-ND-CURVE-FIT,James Worpel
jamie-bennell,ND 1-64,2008,35,35,SF,7,87,0.29,0.23,0.43,1.2965,FIT-TIER-core|IN-ND-CURVE-FIT,Jamie Bennell
jamie-cripps,ND 1-64,2010,26,26,SF,16,277,767.7,590.72,1884.66,1.2996,ACTIVE|FIT-TIER-core|IN-ND-CURVE-FIT,Jamie Cripps
jamie-elliott,ND 1-64,2011,39,39,SF,13,230,1220.05,938.91,2226.25,1.2994,ACTIVE|FIT-TIER-core|IN-ND-CURVE-FIT,Jamie Elliott
jamie-macmillan,ND 1-64,2009,36,36,SD,11,167,525.97,404.71,1069.98,1.2996,FIT-TIER-core|IN-ND-CURVE-FIT,Jamie MacMillan
jamie-mcnamara,RD,2006,15,,MID,3,19,2.13,1.64,2.16,1.2996,FIT-TIER-core|IN-POOL-CELL-FIT,Jamie McNamara
jamie-o-reilly,IRE,2009,,,KPF,2,4,0.0,0.0,0.0,1.0,FIT-TIER-core|PICKLESS|IN-POOL-CELL-FIT,Jamie O'Reilly
jared-ellis,PDA,2013,,,MID,0,0,0.0,0.0,0.0,,FIT-TIER-core|PICKLESS|IN-POOL-CELL-FIT,Jared Ellis
jared-hardisty,RD,2014,15,,MID,0,0,0.0,0.0,0.0,,FIT-TIER-core|IN-POOL-CELL-FIT,Jared Hardisty
jared-petrenko,RD,2007,28,,SF,6,76,24.61,18.94,43.38,1.2996,FIT-TIER-core|IN-POOL-CELL-FIT,Jared Petrenko
jared-polec,ND 1-64,2010,5,5,MID,12,148,712.93,548.58,1544.09,1.2996,FIT-TIER-core|IN-ND-CURVE-FIT,Jared Polec
jaren-carr,ND 1-64,2024,63,63,SF,1,0,0.0,0.0,0.0,,ACTIVE|FIT-TIER-sensitivity,Jaren Carr
jarman-impey,ND 1-64,2013,21,20,SF,13,239,749.08,576.41,1971.23,1.2996,ACTIVE|FIT-TIER-core|SLID-2013-14|IN-ND-CURVE-FIT,Jarman Impey
jarrad-blight,ND 1-64,2008,45,45,SD,0,0,0.0,0.0,0.0,,FIT-TIER-core|IN-ND-CURVE-FIT,Jarrad Blight
jarrad-boumann-1,ND 1-64,2007,47,47,KPD,1,2,0.0,0.0,0.0,1.2996,FIT-TIER-core|IN-ND-CURVE-FIT,Jarrad Boumann
jarrad-grant,ND 1-64,2007,5,5,KPF,9,95,464.12,357.12,691.49,1.2996,FIT-TIER-core|IN-ND-CURVE-FIT,Jarrad Grant
jarrad-irons,RD,2010,40,,MID,1,3,0.0,0.0,0.0,1.14,FIT-TIER-core|IN-POOL-CELL-FIT,Jarrad Irons
jarrad-jansen,ND 1-64,2013,36,35,MID,2,8,0.12,0.09,0.14,1.2996,FIT-TIER-core|SLID-2013-14|IN-ND-CURVE-FIT,Jarrad Jansen
jarrad-oakley-nicholls,ND 1-64,2005,8,8,MID,4,13,0.0,0.0,0.0,1.2996,FIT-TIER-core|IN-ND-CURVE-FIT,Jarrad Oakley-Nicholls
jarrad-redden,ND 1-64,2008,54,54,RUCK,3,16,11.38,8.76,15.29,1.2996,FIT-TIER-core|IN-ND-CURVE-FIT,Jarrad Redden
jarred-moore,ND 1-64,2004,34,34,SF,7,64,257.27,197.96,394.26,1.2996,FIT-TIER-core|IN-ND-CURVE-FIT,Jarred Moore
jarrhan-jacky,ND 1-64,2007,30,30,SF,1,3,0.0,0.0,0.0,1.14,FIT-TIER-core|IN-ND-CURVE-FIT,Jarrhan Jacky
jarrod-atkinson,RD,2007,25,,MID,3,17,24.01,18.48,24.13,1.2996,FIT-TIER-core|IN-POOL-CELL-FIT,Jarrod Atkinson
jarrod-berry,ND 1-64,2016,17,17,MID,10,200,958.89,737.94,1429.33,1.2994,ACTIVE|FIT-TIER-augmented|IN-ND-CURVE-FIT,Jarrod Berry
jarrod-brander,ND 1-64,2017,13,13,KPF,5,27,17.77,13.67,22.5,1.2996,FIT-TIER-augmented|IN-ND-CURVE-FIT,Jarrod Brander
jarrod-cameron,ND 1-64,2018,39,39,SF,2,12,1.98,1.74,1.98,1.14,FIT-TIER-augmented|IN-ND-CURVE-FIT,Jarrod Cameron
jarrod-garlett,ND 1-64,2014,16,15,SF,4,30,1.91,1.47,1.92,1.2996,FIT-TIER-core|SLID-2013-14|IN-ND-CURVE-FIT,Jarrod Garlett
jarrod-garth,RD,2004,15,,KPF,0,0,0.0,0.0,0.0,,FIT-TIER-core|IN-POOL-CELL-FIT,Jarrod Garth
jarrod-harbrow,RD,2006,26,,SD,15,262,1090.52,839.12,1907.2,1.2996,FIT-TIER-core|IN-POOL-CELL-FIT,Jarrod Harbrow
jarrod-kayler-thomson,RD,2009,22,,MID,0,0,0.0,0.0,0.0,,FIT-TIER-core|IN-POOL-CELL-FIT,Jarrod Kayler-Thomson
jarrod-lienert,RD,2016,26,,SD,5,34,172.3,172.3,255.06,1.0,FIT-TIER-augmented|IN-POOL-CELL-FIT,Jarrod Lienert
jarrod-pickett,ND 1-64,2014,5,4,MID,2,17,0.06,0.05,0.07,1.2996,FIT-TIER-core|SLID-2013-14|IN-ND-CURVE-FIT,Jarrod Pickett
jarrod-silvester,RD,2007,21,,KPD,1,5,20.09,15.46,20.09,1.2996,FIT-TIER-core|IN-POOL-CELL-FIT,Jarrod Silvester
jarrod-witts,ND>64,2011,74,74,RUCK,14,217,2212.13,1702.16,6394.58,1.2996,ACTIVE|FIT-TIER-core|IN-POOL-CELL-FIT,Jarrod Witts
jarryd-allen,ND 1-64,2006,59,59,KPF,1,4,0.0,0.0,0.0,1.2996,FIT-TIER-core|IN-ND-CURVE-FIT,Jarryd Allen
jarryd-blair,RD,2008,23,,SF,9,157,1050.13,808.04,1592.61,1.2996,FIT-TIER-core|IN-POOL-CELL-FIT,Jarryd Blair
jarryd-lyons,ND 1-64,2010,61,61,MID,13,194,2009.23,1546.04,5100.66,1.2996,FIT-TIER-core|IN-ND-CURVE-FIT,Jarryd Lyons
jarryd-morton,ND 1-64,2006,34,34,MID,3,22,124.14,95.52,134.83,1.2996,FIT-TIER-core|IN-ND-CURVE-FIT,Jarryd Morton
jarryd-roughead,ND 1-64,2004,2,2,KPD,14,262,3777.84,2907.35,8600.3,1.2994,FIT-TIER-core|IN-ND-CURVE-FIT,Jarryd Roughead
jarryn-geary,RD,2006,44,,SD,14,207,209.64,161.31,494.98,1.2996,FIT-TIER-core|IN-POOL-CELL-FIT,Jarryn Geary
jarvis-pina,RD,2019,4,,SD,0,0,0.0,0.0,0.0,,FIT-TIER-augmented|IN-POOL-CELL-FIT,Jarvis Pina
jaryd-cachia,RD,2009,11,,MID,1,14,0.37,0.29,0.48,1.2996,FIT-TIER-core|IN-POOL-CELL-FIT,Jaryd Cachia
jase-burgoyne,ND 1-64,2021,60,60,SD,5,77,487.36,375.01,653.51,1.2996,ACTIVE|FIT-TIER-augmented|IN-ND-CURVE-FIT,Jase Burgoyne
jason-ashby,ND 1-64,2012,38,38,SD,3,12,0.0,0.0,0.0,1.2996,FIT-TIER-core|IN-ND-CURVE-FIT,Jason Ashby
jason-carter,PDN,2018,,,SD,1,2,0.0,0.0,0.0,1.14,FIT-TIER-augmented|PICKLESS|IN-POOL-CELL-FIT,Jason Carter
jason-castagna,RD,2014,22,,SF,7,134,38.58,29.68,58.67,1.2996,FIT-TIER-core|IN-POOL-CELL-FIT,Jason Castagna
jason-davenport,RD,2006,35,,MID,3,28,66.09,66.09,104.93,1.0,FIT-TIER-core|IN-POOL-CELL-FIT,Jason Davenport
jason-gillbee,PDA,2022,,,SD,0,0,0.0,0.0,0.0,,FIT-TIER-sensitivity|PICKLESS,Jason Gillbee
jason-holmes,UNR,2013,,,RUCK,2,5,0.05,0.05,0.07,1.0,FIT-TIER-core|PICKLESS|IN-POOL-CELL-FIT,Jason Holmes
jason-horne-francis,ND 1-64,2021,1,1,MID,5,100,1984.98,1529.34,2489.54,1.2979,ACTIVE|FIT-TIER-augmented|IN-ND-CURVE-FIT,Jason Horne-Francis
jason-johannisen,RD,2010,32,,SD,14,212,911.52,701.39,2012.88,1.2996,FIT-TIER-core|IN-POOL-CELL-FIT,Jason Johannisen
jason-porplyzia,RD,2005,22,,SF,9,122,958.65,958.65,1667.1,1.0,FIT-TIER-core|IN-POOL-CELL-FIT,Jason Porplyzia
jason-roe,RD,2005,6,,KPD,4,49,1035.11,1035.11,1242.15,1.0,FIT-TIER-core|IN-POOL-CELL-FIT,Jason Roe
jason-tutt,ND 1-64,2009,30,30,SF,6,40,271.17,208.66,326.24,1.2996,FIT-TIER-core|IN-ND-CURVE-FIT,Jason Tutt
jaspa-fletcher,ND 1-64,2022,12,12,MID,4,89,375.98,289.31,434.31,1.2996,ACTIVE|FIT-TIER-sensitivity,Jaspa Fletcher
jasper-alger,ND 1-64,2024,58,58,SF,2,12,0.48,0.37,0.48,1.2996,ACTIVE|FIT-TIER-sensitivity,Jasper Alger
jasper-mcmillan-pittard,ND 1-64,2009,16,16,SD,10,159,474.07,364.78,953.32,1.2996,FIT-TIER-core|IN-ND-CURVE-FIT,Jasper Mcmillan-Pittard
jasper-scaife,MSD,2024,5,,KPD,0,0,0.0,0.0,0.0,,FIT-TIER-sensitivity,Jasper Scaife
jaxon-artemis,MSD,2026,1,,SD,1,4,0.05,0.05,0.05,1.0,ACTIVE|FIT-TIER-sensitivity,Jaxon Artemis
jaxon-binns,ND 1-64,2022,32,32,MID,2,8,0.02,0.01,0.02,1.2996,FIT-TIER-sensitivity,Jaxon Binns
jaxon-prior,ND 1-64,2019,58,58,SD,6,82,11.69,9.0,20.99,1.2996,ACTIVE|FIT-TIER-augmented|IN-ND-CURVE-FIT,Jaxon Prior
jaxson-barham,ND 1-64,2007,58,58,MID,2,7,0.05,0.04,0.05,1.2996,FIT-TIER-core|IN-ND-CURVE-FIT,Jaxson Barham
jay-kennedy-harris,ND 1-64,2013,40,39,SF,5,39,1.37,1.05,1.94,1.2956,FIT-TIER-core|SLID-2013-14|IN-ND-CURVE-FIT,Jay Kennedy-Harris
jay-lever,ND>64,2011,68,68,SD,0,0,0.0,0.0,0.0,,FIT-TIER-core|IN-POOL-CELL-FIT,Jay Lever
jay-lockhart,SSP,2018,,,SF,2,22,0.69,0.69,0.89,1.0,FIT-TIER-augmented|PICKLESS|IN-POOL-CELL-FIT,Jay Lockhart
jay-nash,ND 1-64,2003,28,28,SD,6,51,29.79,22.92,41.34,1.2996,FIT-TIER-core|PRE-2004-OUT-OF-WINDOW,Jay Nash
jay-neagle,ND 1-64,2005,39,39,KPF,4,27,2.97,2.29,4.22,1.2996,FIT-TIER-core|IN-ND-CURVE-FIT,Jay Neagle
jay-polkinghorne,ND 1-64,2024,44,44,SF,1,4,0.02,0.02,0.02,1.2996,ACTIVE|FIT-TIER-sensitivity,Jay Polkinghorne
jay-rantall,ND 1-64,2019,39,39,MID,1,5,0.0,0.0,0.0,1.2996,FIT-TIER-augmented|IN-ND-CURVE-FIT,Jay Rantall
jay-van-berlo,RD,2008,43,,MID,4,32,0.14,0.14,0.21,1.0,FIT-TIER-core|IN-POOL-CELL-FIT,Jay van Berlo
jayden-attard,ND 1-64,2004,47,47,SD,3,25,0.02,0.02,0.02,1.2996,FIT-TIER-core|IN-ND-CURVE-FIT,Jayden Attard
jayden-davey,ND 1-64,2022,54,54,SF,0,0,0.0,0.0,0.0,,FIT-TIER-sensitivity,Jayden Davey
jayden-foster,ND 1-64,2014,62,61,KPF,0,0,0.0,0.0,0.0,,FIT-TIER-core|SLID-2013-14|IN-ND-CURVE-FIT,Jayden Foster
jayden-hunt,ND 1-64,2013,53,52,SD,10,172,50.28,38.69,112.47,1.2996,FIT-TIER-core|SLID-2013-14|IN-ND-CURVE-FIT,Jayden Hunt
jayden-laverde,ND 1-64,2014,20,19,MID,12,163,270.95,208.76,669.92,1.2979,ACTIVE|FIT-TIER-core|SLID-2013-14|IN-ND-CURVE-FIT,Jayden Laverde
jayden-nguyen,PDN,2024,,,SD,2,10,0.0,0.0,0.0,1.2567,ACTIVE|FIT-TIER-sensitivity|PICKLESS,Jayden Nguyen
jayden-pitt,ND 1-64,2010,22,22,MID,2,10,0.01,0.01,0.01,1.14,FIT-TIER-core|IN-ND-CURVE-FIT,Jayden Pitt
jayden-post,ND 1-64,2008,26,26,KPF,4,30,1.5,1.17,1.9,1.2891,FIT-TIER-core|IN-ND-CURVE-FIT,Jayden Post
jayden-schofield,ND>64,2010,70,70,SD,1,7,0.0,0.0,0.0,1.14,FIT-TIER-core|IN-POOL-CELL-FIT,Jayden Schofield
jayden-short,RD,2014,9,,SD,11,209,1854.22,1426.76,3952.12,1.2996,ACTIVE|FIT-TIER-core|IN-POOL-CELL-FIT,Jayden Short
jaymie-graham,RD,2003,29,,KPD,3,33,12.17,12.17,18.55,1.0,FIT-TIER-core|PRE-2004-OUT-OF-WINDOW,Jaymie Graham
jed-adams,ND 1-64,2022,38,38,KPD,2,1,0.0,0.0,0.0,1.2996,ACTIVE|FIT-TIER-sensitivity,Jed Adams
jed-adcock,ND 1-64,2003,33,33,SD,12,210,1954.82,1504.17,3316.91,1.2996,FIT-TIER-core|PRE-2004-OUT-OF-WINDOW,Jed Adcock
jed-anderson,ND 1-64,2012,16,16,MID,9,97,926.99,713.29,1989.12,1.2996,FIT-TIER-core|IN-ND-CURVE-FIT,Jed Anderson
jed-bews,ND>64,2011,77,77,SD,13,175,1.78,1.37,6.99,1.2996,ACTIVE|FIT-TIER-core|IN-POOL-CELL-FIT,Jed Bews
jed-lamb,ND 1-64,2010,23,23,SF,6,66,7.95,6.12,15.66,1.2996,FIT-TIER-core|IN-ND-CURVE-FIT,Jed Lamb
jed-mcentee,MSD,2021,11,,SF,5,52,0.08,0.08,0.11,1.0,FIT-TIER-augmented|IN-POOL-CELL-FIT,Jed McEntee
jed-walter,ND 1-64,2023,3,3,KPF,3,46,1.59,1.23,1.79,1.2988,ACTIVE|FIT-TIER-sensitivity,Jed Walter
jedd-busslinger,ND 1-64,2022,13,13,KPD,2,15,114.38,88.01,148.64,1.2996,ACTIVE|FIT-TIER-sensitivity,Jedd Busslinger
jeff-garlett,RD,2008,8,,SF,11,185,707.66,544.53,986.37,1.2996,FIT-TIER-core|IN-POOL-CELL-FIT,Jeff Garlett
jeremy-cameron,ND 1-64,2011,12,12,KPF,15,296,2814.05,2170.08,6722.01,1.2968,ACTIVE|FIT-TIER-core|STORE-PVC-EXCLUDE|IN-ND-CURVE-FIT,Jeremy Cameron
jeremy-finlayson,ND>64,2014,75,74,KPD,9,128,988.78,760.83,1879.47,1.2996,FIT-TIER-core|SLID-2013-14|IN-POOL-CELL-FIT,Jeremy Finlayson
jeremy-howe,ND 1-64,2010,35,35,SF,16,287,2294.81,2294.81,6636.72,1.0,ACTIVE|FIT-TIER-core|IN-ND-CURVE-FIT,Jeremy Howe
jeremy-laidler,RD,2007,33,,SD,9,87,93.11,71.65,123.65,1.2996,FIT-TIER-core|IN-POOL-CELL-FIT,Jeremy Laidler
jeremy-mcgovern,RD,2010,37,,KPD,12,197,3260.81,2509.09,8390.89,1.2996,FIT-TIER-core|IN-POOL-CELL-FIT,Jeremy McGovern
jeremy-sharp,ND 1-64,2019,27,27,MID,6,62,7.23,5.57,9.89,1.2996,ACTIVE|FIT-TIER-augmented|IN-ND-CURVE-FIT,Jeremy Sharp
jeremy-stiller,RD,2003,44,,MID,0,0,0.0,0.0,0.0,,FIT-TIER-core|PRE-2004-OUT-OF-WINDOW,Jeremy Stiller
jeremy-taylor,ND 1-64,2010,41,41,SD,2,10,139.26,122.16,139.26,1.14,FIT-TIER-core|IN-ND-CURVE-FIT,Jeremy Taylor
jermaine-miller-lewis,RD,2014,25,,SF,0,0,0.0,0.0,0.0,,FIT-TIER-core|IN-POOL-CELL-FIT,Jermaine Miller-Lewis
jeromey-webberley,ND 1-64,2009,60,60,SD,3,16,0.27,0.27,0.31,1.0,FIT-TIER-core|IN-ND-CURVE-FIT,Jeromey Webberley
jesse-crichton,ND 1-64,2009,47,47,MID,0,0,0.0,0.0,0.0,,FIT-TIER-core|IN-ND-CURVE-FIT,Jesse Crichton
jesse-dattoli,ND 1-64,2024,22,22,SF,2,4,326.05,250.89,326.05,1.2996,ACTIVE|FIT-TIER-sensitivity,Jesse Dattoli
jesse-glass-mccasker,RD,2015,1,,KPD,0,0,0.0,0.0,0.0,,FIT-TIER-augmented|IN-POOL-CELL-FIT,Jesse Glass-McCasker
jesse-hogan,ND 1-64,2012,5,5,KPF,12,190,2150.55,1654.78,4574.72,1.2996,ACTIVE|FIT-TIER-core|IN-ND-CURVE-FIT,Jesse Hogan
jesse-joyce,PDA,2015,,,SD,4,182,0.08,0.06,0.13,1.2996,FIT-TIER-augmented|PICKLESS|IN-POOL-CELL-FIT,Jesse Joyce
jesse-laurie,RD,2008,44,,MID,0,0,0.0,0.0,0.0,,FIT-TIER-core|IN-POOL-CELL-FIT,Jesse Laurie
jesse-lonergan,ND 1-64,2012,17,17,MID,6,60,29.43,22.65,48.17,1.2994,FIT-TIER-core|IN-ND-CURVE-FIT,Jesse Lonergan
jesse-mellor,PDN,2025,,,MID,1,0,0.0,0.0,0.0,,ACTIVE|FIT-TIER-sensitivity|PICKLESS,Jesse Mellor
jesse-motlop,ND 1-64,2021,27,27,SF,5,63,0.57,0.44,0.65,1.2893,ACTIVE|FIT-TIER-augmented|IN-ND-CURVE-FIT,Jesse Motlop
jesse-o-brien,ND 1-64,2009,63,63,MID,4,17,0.13,0.1,0.14,1.28,FIT-TIER-core|IN-ND-CURVE-FIT,Jesse O'Brien
jesse-palmer,ND>64,2014,72,71,MID,1,3,0.12,0.09,0.12,1.2996,FIT-TIER-core|SLID-2013-14|IN-POOL-CELL-FIT,Jesse Palmer
jesse-smith,ND 1-64,2004,11,11,SD,4,26,134.53,103.51,155.26,1.2996,FIT-TIER-core|IN-ND-CURVE-FIT,Jesse Smith
jesse-stringer,RD,2009,43,,MID,3,19,0.04,0.03,0.05,1.2996,FIT-TIER-core|IN-POOL-CELL-FIT,Jesse Stringer
jesse-wells,ND 1-64,2004,25,25,KPD,0,0,0.0,0.0,0.0,,FIT-TIER-core|IN-ND-CURVE-FIT,Jesse Wells
jesse-white,ND>64,2006,75,75,KPF,10,127,306.57,235.9,726.21,1.2996,FIT-TIER-core|IN-POOL-CELL-FIT,Jesse White
jevan-phillipou,ND 1-64,2025,35,35,SF,1,0,0.0,0.0,0.0,,ACTIVE|FIT-TIER-sensitivity,Jevan Phillipou
jez-mclennan,ND 1-64,2018,23,23,SD,0,0,0.0,0.0,0.0,,FIT-TIER-augmented|IN-ND-CURVE-FIT,Jez McLennan
jhye-clark,ND 1-64,2022,8,8,MID,4,33,5.49,4.23,7.14,1.2996,ACTIVE|FIT-TIER-sensitivity,Jhye Clark
jimmi-savage,RD,2010,6,,SF,0,0,0.0,0.0,0.0,,FIT-TIER-core|IN-POOL-CELL-FIT,Jimmi Savage
jimmy-toumpas,ND 1-64,2012,6,6,MID,5,37,1.19,0.92,1.42,1.2993,FIT-TIER-core|IN-ND-CURVE-FIT,Jimmy Toumpas
jimmy-webster,ND 1-64,2011,51,51,SD,12,180,206.54,158.92,394.4,1.2996,FIT-TIER-core|IN-ND-CURVE-FIT,Jimmy Webster
jobe-shanahan,ND 1-64,2024,30,30,KPF,2,30,18.17,14.08,18.17,1.2905,ACTIVE|FIT-TIER-sensitivity,Jobe Shanahan
jock-cornell,RD,2015,6,,SF,0,0,0.0,0.0,0.0,,FIT-TIER-augmented|IN-POOL-CELL-FIT,Jock Cornell
joe-anderson,ND>64,2006,67,67,SD,4,17,0.96,0.74,1.19,1.2996,FIT-TIER-core|IN-POOL-CELL-FIT,Joe Anderson
joe-atley,ND 1-64,2016,32,32,MID,2,4,0.62,0.47,0.7,1.299,FIT-TIER-augmented|IN-ND-CURVE-FIT,Joe Atley
joe-berry,ND 1-64,2024,15,15,SF,2,33,3.01,2.32,3.01,1.2992,ACTIVE|FIT-TIER-sensitivity,Joe Berry
joe-daniher,ND 1-64,2012,9,9,KPF,12,204,1187.53,913.85,2604.25,1.2995,FIT-TIER-core|IN-ND-CURVE-FIT,Joe Daniher
joe-dare,RD,2009,24,,SD,0,0,0.0,0.0,0.0,,FIT-TIER-core|IN-POOL-CELL-FIT,Joe Dare
joe-furphy,UNR,2023,,,RUCK,0,0,0.0,0.0,0.0,,FIT-TIER-sensitivity|PICKLESS,Joe Furphy
joe-krieger,RD,2004,10,,MID,0,0,0.0,0.0,0.0,,FIT-TIER-core|IN-POOL-CELL-FIT,Joe Krieger
joe-pike,RD,2024,9,,RUCK,1,0,0.0,0.0,0.0,,ACTIVE|FIT-TIER-sensitivity,Joe Pike
joe-redfern,PDA,2012,,,MID,0,0,0.0,0.0,0.0,,FIT-TIER-core|PICKLESS|IN-POOL-CELL-FIT,Joe Redfern
joe-richards,ND 1-64,2022,48,48,SF,3,49,328.36,328.36,540.4,1.0,ACTIVE|FIT-TIER-sensitivity,Joe Richards
joel-amartey,RD,2017,17,,KPF,7,76,26.6,20.47,41.69,1.2996,ACTIVE|FIT-TIER-augmented|IN-POOL-CELL-FIT,Joel Amartey
joel-campbell,RD,2003,36,,MID,0,0,0.0,0.0,0.0,,FIT-TIER-core|PRE-2004-OUT-OF-WINDOW,Joel Campbell
joel-cochran,ND 1-64,2024,47,47,KPD,1,0,0.0,0.0,0.0,,ACTIVE|FIT-TIER-sensitivity,Joel Cochran
joel-crocker,ND>64,2018,69,69,SF,0,0,0.0,0.0,0.0,,FIT-TIER-augmented|IN-POOL-CELL-FIT,Joel Crocker
joel-fitzgerald,MSD,2026,16,,MID,1,8,5.95,5.95,5.95,1.0,ACTIVE|FIT-TIER-sensitivity,Joel Fitzgerald
joel-freijah,ND 1-64,2023,45,45,MID,3,57,453.85,358.14,486.22,1.2672,ACTIVE|FIT-TIER-sensitivity,Joel Freijah
joel-garner,ND 1-64,2017,60,60,SD,1,4,0.01,0.01,0.01,1.2996,FIT-TIER-augmented|IN-ND-CURVE-FIT,Joel Garner
joel-hamling,ND 1-64,2011,41,41,KPD,10,112,162.63,125.14,337.11,1.2996,ACTIVE|FIT-TIER-core|IN-ND-CURVE-FIT,Joel Hamling
joel-houghton,ND 1-64,2009,35,35,KPF,0,0,0.0,0.0,0.0,,FIT-TIER-core|IN-ND-CURVE-FIT,Joel Houghton
joel-jeffrey,ND 1-64,2020,30,30,SF,6,73,275.91,212.31,387.43,1.2996,ACTIVE|FIT-TIER-augmented|IN-ND-CURVE-FIT,Joel Jeffrey
joel-patfull,ND 1-64,2005,51,51,KPD,11,216,307.59,307.59,723.38,1.0,FIT-TIER-core|IN-ND-CURVE-FIT,Joel Patfull
joel-reynolds,RD,2006,6,,MID,0,0,0.0,0.0,0.0,,FIT-TIER-core|IN-POOL-CELL-FIT,Joel Reynolds
joel-selwood,ND 1-64,2006,8,8,MID,16,355,7256.6,5591.63,14087.64,1.2978,FIT-TIER-core|IN-ND-CURVE-FIT,Joel Selwood
joel-smith-1,UNR,2015,,,SD,6,42,0.12,0.09,0.14,1.2996,FIT-TIER-augmented|PICKLESS|IN-POOL-CELL-FIT,Joel Smith
joel-tippett,RD,2006,43,,KPD,3,9,0.02,0.02,0.04,1.2996,FIT-TIER-core|IN-POOL-CELL-FIT,Joel Tippett
joel-western,ND 1-64,2020,56,56,SF,1,4,0.0,0.0,0.0,1.14,FIT-TIER-augmented|IN-ND-CURVE-FIT,Joel Western
johann-wagner,UNR,2014,,,SD,0,0,0.0,0.0,0.0,,FIT-TIER-core|PICKLESS|IN-POOL-CELL-FIT,Johann Wagner
john-anthony,ND 1-64,2005,37,37,KPF,5,46,280.33,215.71,364.77,1.2996,FIT-TIER-core|IN-ND-CURVE-FIT,John Anthony
john-butcher,ND 1-64,2009,8,8,KPF,6,31,119.07,91.62,171.46,1.2996,FIT-TIER-core|IN-ND-CURVE-FIT,John Butcher
john-heslin,IRE,2011,,,MID,0,0,0.0,0.0,0.0,,FIT-TIER-core|PICKLESS|IN-POOL-CELL-FIT,John Heslin
john-hinge,RD,2004,30,,SD,1,1,0.01,0.01,0.01,1.2996,FIT-TIER-core|IN-POOL-CELL-FIT,John Hinge
john-mccarthy,RD,2011,2,,MID,1,21,2.61,2.61,2.98,1.0,FIT-TIER-core|IN-POOL-CELL-FIT,John McCarthy
john-mccarthy-1,ND 1-64,2007,31,31,MID,5,39,1.84,1.42,2.71,1.2976,FIT-TIER-core|IN-ND-CURVE-FIT,John McCarthy
john-meesen,ND 1-64,2004,8,8,RUCK,2,6,0.13,0.1,0.2,1.2996,FIT-TIER-core|IN-ND-CURVE-FIT,John Meesen
john-noble,MSD,2019,8,,SD,8,158,800.44,800.44,1738.58,1.0,ACTIVE|FIT-TIER-augmented|IN-POOL-CELL-FIT,John Noble
john-shaw,RD,2007,37,,KPD,0,0,0.0,0.0,0.0,,FIT-TIER-core|IN-POOL-CELL-FIT,John Shaw
john-williams,RD,2007,4,,SF,1,1,0.0,0.0,0.0,1.14,FIT-TIER-core|IN-POOL-CELL-FIT,John Williams
johnny-bennell,RD,2008,35,,SF,0,0,0.0,0.0,0.0,,FIT-TIER-core|IN-POOL-CELL-FIT,Johnny Bennell
johnny-rayner,UNR,2013,,,RUCK,0,0,0.0,0.0,0.0,,FIT-TIER-core|PICKLESS|IN-POOL-CELL-FIT,Johnny Rayner
jonathan-freeman,ND 1-64,2013,56,55,KPF,3,14,0.05,0.04,0.05,1.2939,FIT-TIER-core|SLID-2013-14|IN-ND-CURVE-FIT,Jonathan Freeman
jonathan-giles,ND 1-64,2005,61,61,RUCK,6,62,376.05,289.36,795.59,1.2996,FIT-TIER-core|IN-ND-CURVE-FIT,Jonathan Giles
jonathan-o-rourke,ND 1-64,2012,2,2,MID,5,21,0.21,0.16,0.24,1.2996,FIT-TIER-core|IN-ND-CURVE-FIT,Jonathan O'Rourke
jonathan-simpkin,RD,2005,15,,MID,5,37,12.9,9.93,39.22,1.2996,FIT-TIER-core|IN-POOL-CELL-FIT,Jonathan Simpkin
jonathon-ceglar,RD,2012,15,,RUCK,10,110,496.92,496.92,1335.18,1.0,FIT-TIER-core|IN-POOL-CELL-FIT,Jonathon Ceglar
jonathon-griffin,RD,2004,21,,RUCK,11,95,723.53,556.73,1570.13,1.2996,FIT-TIER-core|IN-POOL-CELL-FIT,Jonathon Griffin
jonathon-marsh,ND 1-64,2013,60,59,KPD,4,26,13.59,10.46,16.17,1.2996,FIT-TIER-core|SLID-2013-14|IN-ND-CURVE-FIT,Jonathon Marsh
jonathon-patton,ND 1-64,2011,2,2,KPF,8,95,600.37,461.98,1032.91,1.2996,FIT-TIER-core|IN-ND-CURVE-FIT,Jonathon Patton
jono-beech,RD,2015,26,,SF,0,0,0.0,0.0,0.0,,FIT-TIER-augmented|IN-POOL-CELL-FIT,Jono Beech
jonty-faull,ND 1-64,2024,14,14,KPF,2,26,0.04,0.03,0.04,1.1633,ACTIVE|FIT-TIER-sensitivity,Jonty Faull
jordan-bourke,PDA,2012,,,KPD,0,0,0.0,0.0,0.0,,FIT-TIER-core|PICKLESS|IN-POOL-CELL-FIT,Jordan Bourke
jordan-boyd,MSD,2021,17,,SD,5,40,1.47,1.47,2.57,1.0,ACTIVE|FIT-TIER-augmented|IN-POOL-CELL-FIT,Jordan Boyd
jordan-clark,ND 1-64,2018,15,15,SD,8,147,1634.24,1257.57,2842.02,1.2995,ACTIVE|FIT-TIER-augmented|IN-ND-CURVE-FIT,Jordan Clark
jordan-croft,ND 1-64,2023,15,15,KPF,2,18,33.15,25.51,33.16,1.2996,ACTIVE|FIT-TIER-sensitivity,Jordan Croft
jordan-cunico,ND 1-64,2014,58,57,MID,2,15,6.93,5.33,9.0,1.2996,FIT-TIER-core|SLID-2013-14|IN-ND-CURVE-FIT,Jordan Cunico
jordan-dawson,ND 1-64,2015,55,55,MID,10,174,3238.77,2492.13,6982.68,1.2996,ACTIVE|FIT-TIER-augmented|IN-ND-CURVE-FIT,Jordan Dawson
jordan-de-goey,ND 1-64,2014,6,5,MID,12,201,2473.25,1903.11,4457.62,1.2996,ACTIVE|FIT-TIER-core|SLID-2013-14|IN-ND-CURVE-FIT,Jordan De Goey
jordan-foote,PDA,2014,,,MID,2,6,0.0,0.0,0.0,1.2996,FIT-TIER-core|PICKLESS|IN-POOL-CELL-FIT,Jordan Foote
jordan-gallucci,ND 1-64,2016,15,15,MID,3,27,2.08,1.68,2.1,1.2372,FIT-TIER-augmented|IN-ND-CURVE-FIT,Jordan Gallucci
jordan-gysberts,ND 1-64,2009,11,11,MID,3,19,44.69,34.57,44.69,1.2928,FIT-TIER-core|IN-ND-CURVE-FIT,Jordan Gysberts
jordan-houlahan,ND 1-64,2017,49,49,SF,0,0,0.0,0.0,0.0,,FIT-TIER-augmented|IN-ND-CURVE-FIT,Jordan Houlahan
jordan-johns,PDS,2009,,,RUCK,0,0,0.0,0.0,0.0,,FIT-TIER-core|PICKLESS|IN-POOL-CELL-FIT,Jordan Johns
jordan-jones,ND 1-64,2008,52,52,KPD,1,2,0.0,0.0,0.0,1.2996,FIT-TIER-core|IN-ND-CURVE-FIT,Jordan Jones
jordan-kelly,ND 1-64,2011,47,47,SD,0,0,0.0,0.0,0.0,,FIT-TIER-core|IN-ND-CURVE-FIT,Jordan Kelly
jordan-king,RD,2011,46,,SF,0,0,0.0,0.0,0.0,,FIT-TIER-core|IN-POOL-CELL-FIT,Jordan King
jordan-lewis,ND 1-64,2004,7,7,MID,15,293,2922.16,2248.57,6579.67,1.2996,FIT-TIER-core|IN-ND-CURVE-FIT,Jordan Lewis
jordan-lisle,ND 1-64,2008,50,50,KPD,4,23,272.13,209.39,384.84,1.2996,FIT-TIER-core|IN-ND-CURVE-FIT,Jordan Lisle
jordan-lockyer,ND 1-64,2011,52,52,SD,0,0,0.0,0.0,0.0,,FIT-TIER-core|IN-ND-CURVE-FIT,Jordan Lockyer
jordan-murdoch,ND 1-64,2011,57,57,SF,8,122,173.0,133.36,281.11,1.2973,FIT-TIER-core|IN-ND-CURVE-FIT,Jordan Murdoch
jordan-ridley,ND 1-64,2016,22,22,SD,9,110,2701.8,2078.94,4695.68,1.2996,ACTIVE|FIT-TIER-augmented|IN-ND-CURVE-FIT,Jordan Ridley
jordan-roughead,ND 1-64,2008,31,31,RUCK,13,201,268.02,206.23,634.95,1.2996,FIT-TIER-core|IN-ND-CURVE-FIT,Jordan Roughead
jordan-russell,ND 1-64,2004,9,9,SD,9,123,293.39,225.75,484.23,1.2996,FIT-TIER-core|IN-ND-CURVE-FIT,Jordan Russell
jordan-schroder,ND 1-64,2010,55,55,MID,2,5,0.0,0.0,0.0,1.2996,FIT-TIER-core|IN-ND-CURVE-FIT,Jordan Schroder
jordan-snadden,RD,2015,13,,MID,0,0,0.0,0.0,0.0,,FIT-TIER-augmented|IN-POOL-CELL-FIT,Jordan Snadden
jordan-staley,RD,2011,40,,MID,0,0,0.0,0.0,0.0,,FIT-TIER-core|IN-POOL-CELL-FIT,Jordan Staley
jordan-williams,ND 1-64,2009,56,56,MID,0,0,0.0,0.0,0.0,,FIT-TIER-core|IN-ND-CURVE-FIT,Jordan Williams
jordie-mckenzie,RD,2008,3,,MID,7,79,224.43,172.7,245.75,1.2995,FIT-TIER-core|IN-POOL-CELL-FIT,Jordie McKenzie
jordon-butts,RD,2018,17,,KPD,7,94,7.12,5.48,9.61,1.2996,ACTIVE|FIT-TIER-augmented|IN-POOL-CELL-FIT,Jordon Butts
jordon-sweet,RD,2018,14,,RUCK,5,67,574.07,574.07,1454.35,1.0,ACTIVE|FIT-TIER-augmented|IN-POOL-CELL-FIT,Jordon Sweet
jordyn-baker,PDN,2022,,,MID,0,0,0.0,0.0,0.0,,FIT-TIER-sensitivity|PICKLESS,Jordyn Baker
josaia-delana,PDA,2024,,,SF,2,10,0.1,0.08,0.1,1.2996,ACTIVE|FIT-TIER-sensitivity|PICKLESS,Josaia Delana
joseph-fonti,ND 1-64,2023,44,44,SD,3,42,15.43,11.87,17.57,1.2996,ACTIVE|FIT-TIER-sensitivity,Joseph Fonti
josh-battle,ND 1-64,2016,39,39,KPF,10,168,1131.09,870.34,2306.26,1.2996,ACTIVE|FIT-TIER-augmented|IN-ND-CURVE-FIT,Josh Battle
josh-bootsma,ND 1-64,2011,27,27,SD,2,14,0.0,0.0,0.0,1.2001,FIT-TIER-core|IN-ND-CURVE-FIT,Josh Bootsma
josh-caddy,ND 1-64,2010,7,7,MID,11,174,1196.4,920.6,2089.89,1.2996,FIT-TIER-core|IN-ND-CURVE-FIT,Josh Caddy
josh-carmichael,MSD,2022,9,,MID,2,8,0.0,0.0,0.0,1.0,FIT-TIER-sensitivity,Josh Carmichael
josh-clayton,ND>64,2014,76,75,SF,1,2,0.0,0.0,0.0,1.2996,FIT-TIER-core|SLID-2013-14|IN-POOL-CELL-FIT,Josh Clayton
josh-corbett,SSP,2018,,,KPF,5,41,2.99,2.99,4.26,1.0,FIT-TIER-augmented|PICKLESS|IN-POOL-CELL-FIT,Josh Corbett
josh-cowan,ND 1-64,2009,55,55,MID,4,16,1.79,1.38,3.44,1.2996,FIT-TIER-core|IN-ND-CURVE-FIT,Josh Cowan
josh-daicos,ND 1-64,2016,57,57,MID,10,172,1046.08,804.94,2331.93,1.2996,ACTIVE|FIT-TIER-augmented|IN-ND-CURVE-FIT,Josh Daicos
josh-deluca-cardillo,ND>64,2014,66,65,SF,2,10,0.09,0.07,0.12,1.2996,FIT-TIER-core|SLID-2013-14|IN-POOL-CELL-FIT,Josh Deluca-Cardillo
josh-dolan,ND 1-64,2024,31,31,SF,2,20,0.23,0.17,0.23,1.2995,ACTIVE|FIT-TIER-sensitivity,Josh Dolan
josh-donaldson,RD,2009,44,,KPF,0,0,0.0,0.0,0.0,,FIT-TIER-core|IN-POOL-CELL-FIT,Josh Donaldson
josh-draper,PDN,2022,,,KPD,3,31,0.67,0.52,0.7,1.2996,ACTIVE|FIT-TIER-sensitivity|PICKLESS,Josh Draper
josh-drummond,RD,2004,40,,SD,8,93,1993.76,1993.76,3203.55,1.0,FIT-TIER-core|IN-POOL-CELL-FIT,Josh Drummond
josh-dunkley,ND 1-64,2015,25,25,MID,11,215,5403.9,4161.36,9606.68,1.2986,ACTIVE|FIT-TIER-augmented|IN-ND-CURVE-FIT,Josh Dunkley
josh-dyson,RD,2009,25,,MID,1,1,0.0,0.0,0.0,1.2996,FIT-TIER-core|IN-POOL-CELL-FIT,Josh Dyson
josh-eyre,ND 1-64,2020,41,41,KPF,0,0,0.0,0.0,0.0,,FIT-TIER-augmented|IN-ND-CURVE-FIT,Josh Eyre
josh-fahey,ND 1-64,2021,42,42,SD,1,7,0.0,0.0,0.0,1.2996,FIT-TIER-augmented|IN-ND-CURVE-FIT,Josh Fahey
josh-gibcus,ND 1-64,2021,9,9,KPD,4,22,2.75,2.31,3.16,1.1894,ACTIVE|FIT-TIER-augmented|IN-ND-CURVE-FIT,Josh Gibcus
josh-gibson,RD,2004,9,,KPD,12,202,1779.73,1779.73,5088.45,1.0,FIT-TIER-core|IN-POOL-CELL-FIT,Josh Gibson
josh-glenn,RD,2014,6,,SD,1,5,0.01,0.01,0.01,1.0,FIT-TIER-core|IN-POOL-CELL-FIT,Josh Glenn
josh-goater,ND 1-64,2021,22,22,MID,4,17,2.8,2.43,2.84,1.1516,ACTIVE|FIT-TIER-augmented|IN-ND-CURVE-FIT,Josh Goater
josh-hall,PDA,2011,,,KPF,3,7,0.03,0.03,0.05,1.0,FIT-TIER-core|PICKLESS|IN-POOL-CELL-FIT,Josh Hall
josh-hill,ND 1-64,2006,61,61,SF,11,173,641.86,493.89,849.14,1.2996,FIT-TIER-core|IN-ND-CURVE-FIT,Josh Hill
josh-honey,RD,2019,1,,SF,4,17,0.01,0.0,0.01,1.2996,FIT-TIER-augmented|IN-POOL-CELL-FIT,Josh Honey
josh-jenkins,RD,2010,11,,KPF,10,149,1025.91,1025.91,2387.4,1.0,FIT-TIER-core|IN-POOL-CELL-FIT,Josh Jenkins
josh-lai,SSP,2024,,,SD,1,16,0.3,0.23,0.3,1.2996,ACTIVE|FIT-TIER-sensitivity|PICKLESS,Josh Lai
josh-lindsay,ND 1-64,2025,19,19,SD,1,13,42.32,37.12,42.32,1.14,ACTIVE|FIT-TIER-sensitivity,Josh Lindsay
josh-mcguiness,ND>64,2014,73,72,SD,0,0,0.0,0.0,0.0,,FIT-TIER-core|SLID-2013-14|IN-POOL-CELL-FIT,Josh McGuiness
josh-mellington,ND 1-64,2010,57,57,MID,3,6,0.92,0.71,1.04,1.2996,FIT-TIER-core|IN-ND-CURVE-FIT,Josh Mellington
josh-morris,ND 1-64,2019,56,56,SF,3,15,0.0,0.0,0.0,1.2175,FIT-TIER-augmented|IN-ND-CURVE-FIT,Josh Morris
josh-p-kennedy,ND 1-64,2006,41,41,MID,15,290,4351.22,3348.12,10340.87,1.2996,FIT-TIER-core|IN-ND-CURVE-FIT,Josh Kennedy
josh-rachele,ND 1-64,2021,6,6,SF,5,91,272.92,210.05,299.17,1.2993,ACTIVE|FIT-TIER-augmented|IN-ND-CURVE-FIT,Josh Rachele
josh-rotham,ND 1-64,2016,37,37,SD,6,72,32.24,24.81,47.33,1.2996,FIT-TIER-augmented|IN-ND-CURVE-FIT,Josh Rotham
josh-saunders,ND 1-64,2012,46,46,SF,3,22,0.23,0.17,0.23,1.2992,FIT-TIER-core|IN-ND-CURVE-FIT,Josh Saunders
josh-schache,ND 1-64,2015,2,2,KPF,9,76,11.58,9.06,14.96,1.278,FIT-TIER-augmented|IN-ND-CURVE-FIT,Josh Schache
josh-simpson,ND 1-64,2012,21,21,MID,2,2,0.0,0.0,0.0,1.1627,FIT-TIER-core|IN-ND-CURVE-FIT,Josh Simpson
josh-sinn,ND 1-64,2021,12,12,SD,5,30,0.03,0.02,0.04,1.2996,ACTIVE|FIT-TIER-augmented|IN-ND-CURVE-FIT,Josh Sinn
josh-smillie,ND 1-64,2024,7,7,MID,1,0,0.0,0.0,0.0,,ACTIVE|FIT-TIER-sensitivity,Josh Smillie
josh-smith,ND 1-64,2007,59,59,KPF,3,11,1.26,0.97,1.26,1.2996,FIT-TIER-core|IN-ND-CURVE-FIT,Josh Smith
josh-smith-1,RD,2015,20,,MID,4,34,21.73,21.73,25.53,1.0,FIT-TIER-augmented|IN-POOL-CELL-FIT,Josh Smith
josh-thomas,ND 1-64,2009,64,64,MID,7,123,178.19,137.11,374.34,1.2996,FIT-TIER-core|IN-ND-CURVE-FIT,Josh Thomas
josh-thurgood,RD,2003,28,,SD,1,2,0.0,0.0,0.0,1.2996,FIT-TIER-core|PRE-2004-OUT-OF-WINDOW,Josh Thurgood
josh-treacy,RD,2020,4,,KPF,6,101,1362.45,1048.38,2050.54,1.2996,ACTIVE|FIT-TIER-augmented|IN-POOL-CELL-FIT,Josh Treacy
josh-tynan,ND 1-64,2011,61,61,SD,1,2,0.0,0.0,0.0,1.14,FIT-TIER-core|IN-ND-CURVE-FIT,Josh Tynan
josh-ward,ND 1-64,2021,7,7,MID,5,88,335.51,258.28,460.26,1.299,ACTIVE|FIT-TIER-augmented|IN-ND-CURVE-FIT,Josh Ward
josh-watts,ND 1-64,2014,63,62,SD,0,0,0.0,0.0,0.0,,FIT-TIER-core|SLID-2013-14|IN-ND-CURVE-FIT,Josh Watts
josh-williams,ND 1-64,2016,36,36,MID,1,2,0.01,0.01,0.01,1.14,FIT-TIER-augmented|IN-ND-CURVE-FIT,Josh Williams
josh-willoughby,ND 1-64,2003,16,16,MID,0,0,0.0,0.0,0.0,,FIT-TIER-core|PRE-2004-OUT-OF-WINDOW,Josh Willoughby
josh-worrell,ND 1-64,2019,28,28,KPD,6,76,1252.69,963.91,2076.13,1.2996,ACTIVE|FIT-TIER-augmented|IN-ND-CURVE-FIT,Josh Worrell
joshua-begley,ND 1-64,2016,31,31,SF,4,17,0.73,0.58,0.81,1.2526,FIT-TIER-augmented|IN-ND-CURVE-FIT,Joshua Begley
joshua-bennetts,PDN,2022,,,KPD,0,0,0.0,0.0,0.0,,FIT-TIER-sensitivity|PICKLESS,Joshua Bennetts
joshua-green,ND 1-64,2010,34,34,SF,8,105,64.74,49.82,91.49,1.2996,FIT-TIER-core|IN-ND-CURVE-FIT,Joshua Green
joshua-head,RD,2007,5,,SD,2,9,0.34,0.3,0.34,1.14,FIT-TIER-core|IN-POOL-CELL-FIT,Joshua Head
joshua-jaska,RD,2017,1,,KPD,0,0,0.0,0.0,0.0,,FIT-TIER-augmented|IN-POOL-CELL-FIT,Joshua Jaska
joshua-kelly,ND 1-64,2013,2,1,MID,13,230,4666.18,3590.95,8574.12,1.2994,ACTIVE|FIT-TIER-core|SLID-2013-14|IN-ND-CURVE-FIT,Joshua Kelly
joshua-kennedy,ND 1-64,2005,4,4,KPF,17,276,2189.58,1684.81,5667.65,1.2996,FIT-TIER-core|IN-ND-CURVE-FIT,Joshua Kennedy
joshua-krueger,ND 1-64,2003,31,31,KPD,0,0,0.0,0.0,0.0,,FIT-TIER-core|PRE-2004-OUT-OF-WINDOW,Joshua Krueger
joshua-prudden,ND 1-64,2012,53,53,MID,1,4,0.02,0.01,0.02,1.2996,FIT-TIER-core|IN-ND-CURVE-FIT,Joshua Prudden
joshua-schoenfeld,ND 1-64,2015,34,34,MID,4,15,0.08,0.07,0.08,1.184,FIT-TIER-augmented|IN-ND-CURVE-FIT,Joshua Schoenfeld
joshua-wagner,RD,2015,5,,SD,5,42,14.81,14.81,20.69,1.0,FIT-TIER-augmented|IN-POOL-CELL-FIT,Joshua Wagner
joshua-walker,RD,2010,21,,KPD,11,139,163.71,125.97,365.52,1.2996,FIT-TIER-core|IN-POOL-CELL-FIT,Joshua Walker
joshua-weddle,ND 1-64,2022,18,18,SD,4,77,143.44,110.95,160.37,1.2928,ACTIVE|FIT-TIER-sensitivity,Joshua Weddle
josiah-kyle,PDN,2021,,,SF,0,0,0.0,0.0,0.0,,FIT-TIER-augmented|PICKLESS|IN-POOL-CELL-FIT,Josiah Kyle
judd-mcvee,RD,2021,9,,SD,4,85,16.75,12.89,19.21,1.2996,ACTIVE|FIT-TIER-augmented|IN-POOL-CELL-FIT,Judd McVee
judson-clarke,ND 1-64,2021,30,30,SF,4,18,3.5,2.7,5.16,1.2985,ACTIVE|FIT-TIER-augmented|IN-ND-CURVE-FIT,Judson Clarke
julian-rowe,ND 1-64,2003,54,54,MID,1,16,0.03,0.02,0.03,1.2996,FIT-TIER-core|PRE-2004-OUT-OF-WINDOW,Julian Rowe
justin-bollenhagen,ND 1-64,2009,51,51,MID,2,4,0.0,0.0,0.0,1.14,FIT-TIER-core|IN-ND-CURVE-FIT,Justin Bollenhagen
justin-clarke,RD,2011,7,,KPD,3,56,12.71,9.78,15.11,1.2996,FIT-TIER-core|IN-POOL-CELL-FIT,Justin Clarke
justin-hoskin,RD,2012,18,,SD,0,0,0.0,0.0,0.0,,FIT-TIER-core|IN-POOL-CELL-FIT,Justin Hoskin
justin-mcinerney,ND 1-64,2018,44,44,MID,8,122,873.95,672.48,1691.54,1.2996,ACTIVE|FIT-TIER-augmented|IN-ND-CURVE-FIT,Justin McInerney
justin-perkins,RD,2004,37,,SD,0,0,0.0,0.0,0.0,,FIT-TIER-core|IN-POOL-CELL-FIT,Justin Perkins
justin-sherman,ND 1-64,2004,44,44,SF,8,136,711.13,547.23,866.2,1.2995,FIT-TIER-core|IN-ND-CURVE-FIT,Justin Sherman
justin-sweeney,ND 1-64,2005,62,62,SF,1,1,0.0,0.0,0.0,1.2996,FIT-TIER-core|IN-ND-CURVE-FIT,Justin Sweeney
justin-westhoff,ND>64,2006,70,70,KPF,14,280,2539.63,2539.63,7515.73,1.0,FIT-TIER-core|IN-POOL-CELL-FIT,Justin Westhoff
jy-farrar,ND 1-64,2019,59,59,SD,6,45,24.34,24.34,52.0,1.0,ACTIVE|FIT-TIER-augmented|IN-ND-CURVE-FIT,Jy Farrar
jy-simpkin,ND 1-64,2016,12,12,SF,10,194,1973.22,1518.34,3396.58,1.2996,ACTIVE|FIT-TIER-augmented|IN-ND-CURVE-FIT,Jy Simpkin
jye-amiss,ND 1-64,2021,8,8,KPF,5,92,175.14,137.3,245.43,1.2756,ACTIVE|FIT-TIER-augmented|IN-ND-CURVE-FIT,Jye Amiss
jye-bolton,RD,2010,49,,MID,0,0,0.0,0.0,0.0,,FIT-TIER-core|IN-POOL-CELL-FIT,Jye Bolton
jye-caldwell,ND 1-64,2018,11,11,MID,8,104,1203.84,926.32,2034.31,1.2996,ACTIVE|FIT-TIER-augmented|IN-ND-CURVE-FIT,Jye Caldwell
jye-menzie,MSD,2022,13,,SF,4,47,0.08,0.08,0.09,1.0,FIT-TIER-sensitivity,Jye Menzie
kade-chandler,RD,2018,10,,SF,7,99,242.34,186.48,488.98,1.2995,ACTIVE|FIT-TIER-augmented|IN-POOL-CELL-FIT,Kade Chandler
kade-klemke,RD,2008,40,,KPD,0,0,0.0,0.0,0.0,,FIT-TIER-core|IN-POOL-CELL-FIT,Kade Klemke
kade-kolodjashnij,ND 1-64,2013,5,4,SD,6,80,471.5,363.74,481.33,1.2963,FIT-TIER-core|SLID-2013-14|IN-ND-CURVE-FIT,Kade Kolodjashnij
kade-stewart,RD,2015,28,,MID,2,7,8.34,7.32,8.34,1.1401,FIT-TIER-augmented|IN-POOL-CELL-FIT,Kade Stewart
kaelen-bradtke,SSP,2022,,,RUCK,0,0,0.0,0.0,0.0,,FIT-TIER-sensitivity|PICKLESS,Kaelen Bradtke
kai-lohmann,ND 1-64,2021,20,20,SF,5,74,213.88,164.57,275.62,1.2996,ACTIVE|FIT-TIER-augmented|IN-ND-CURVE-FIT,Kai Lohmann
kai-pudney,PDN,2018,,,MID,0,0,0.0,0.0,0.0,,FIT-TIER-augmented|PICKLESS|IN-POOL-CELL-FIT,Kai Pudney
kaiden-brand,ND 1-64,2012,64,64,KPD,6,48,70.77,54.46,119.44,1.2996,FIT-TIER-core|IN-ND-CURVE-FIT,Kaiden Brand
kaine-baldwin,SSP,2020,,,KPF,2,8,0.32,0.25,0.36,1.2996,FIT-TIER-augmented|PICKLESS|IN-POOL-CELL-FIT,Kaine Baldwin
kalani-white,PDN,2025,,,KPF,1,0,0.0,0.0,0.0,,ACTIVE|FIT-TIER-sensitivity|PICKLESS,Kalani White
kale-kirby,ND 1-64,2016,50,50,SF,0,0,0.0,0.0,0.0,,FIT-TIER-augmented|IN-ND-CURVE-FIT,Kale Kirby
kaleb-smith,ND 1-64,2022,49,49,SD,3,12,0.0,0.0,0.0,1.2996,ACTIVE|FIT-TIER-sensitivity,Kaleb Smith
kalin-lane,MSD,2021,12,,RUCK,0,0,0.0,0.0,0.0,,FIT-TIER-augmented|IN-POOL-CELL-FIT,Kalin Lane
kallan-dawson,MSD,2022,2,,KPD,4,19,23.45,23.45,23.74,1.0,FIT-TIER-sensitivity,Kallan Dawson
kamdyn-mcintosh,ND 1-64,2012,35,35,MID,11,213,81.66,62.83,118.07,1.2996,FIT-TIER-core|IN-ND-CURVE-FIT,Kamdyn McIntosh
kane-farrell,ND 1-64,2017,51,51,SF,9,127,591.52,455.15,1200.59,1.2996,ACTIVE|FIT-TIER-augmented|IN-ND-CURVE-FIT,Kane Farrell
kane-lambert,RD,2014,30,,MID,8,135,1443.57,1443.57,2563.67,1.0,FIT-TIER-core|IN-POOL-CELL-FIT,Kane Lambert
kane-lucas,ND 1-64,2009,12,12,MID,5,42,6.17,4.75,7.99,1.2994,FIT-TIER-core|IN-ND-CURVE-FIT,Kane Lucas
kane-mcauliffe,ND 1-64,2023,40,40,MID,3,23,132.31,101.81,135.55,1.2996,ACTIVE|FIT-TIER-sensitivity,Kane McAuliffe
kane-mitchell,RD,2012,8,,MID,4,35,11.44,11.44,16.18,1.0,FIT-TIER-core|IN-POOL-CELL-FIT,Kane Mitchell
kane-tenace,ND 1-64,2003,7,7,MID,5,46,0.41,0.31,0.53,1.2996,FIT-TIER-core|PRE-2004-OUT-OF-WINDOW,Kane Tenace
karl-amon,ND 1-64,2013,59,58,MID,12,211,977.4,752.08,2654.26,1.2996,ACTIVE|FIT-TIER-core|SLID-2013-14|IN-ND-CURVE-FIT,Karl Amon
karl-gallagher,IRE,2023,,,SF,0,0,0.0,0.0,0.0,,FIT-TIER-sensitivity|PICKLESS,Karl Gallagher
karl-worner,RD,2021,4,,SD,4,52,180.71,139.05,267.68,1.2996,ACTIVE|FIT-TIER-augmented|IN-POOL-CELL-FIT,Karl Worner
karmichael-hunt,UNR,2010,,,SD,4,44,0.23,0.23,0.29,1.0,FIT-TIER-core|PICKLESS|IN-POOL-CELL-FIT,Karmichael Hunt
kayle-gerreyn,ND 1-64,2024,37,37,KPF,1,0,0.0,0.0,0.0,,ACTIVE|FIT-TIER-sensitivity,Kayle Gerreyn
kayne-turner,RD,2013,17,,SF,9,130,15.83,12.29,22.33,1.2884,FIT-TIER-core|IN-POOL-CELL-FIT,Kayne Turner
keegan-brooksby,RD,2014,28,,RUCK,4,15,141.87,141.87,203.57,1.0,FIT-TIER-core|IN-POOL-CELL-FIT,Keegan Brooksby
keenan-ramsey,RD,2014,21,,KPD,0,0,0.0,0.0,0.0,,FIT-TIER-core|IN-POOL-CELL-FIT,Keenan Ramsey
keidean-coleman,ND 1-64,2019,36,36,SF,7,78,634.7,488.43,779.24,1.2995,ACTIVE|FIT-TIER-augmented|IN-ND-CURVE-FIT,Keidean Coleman
keighton-matofai-forbes,ND>64,2024,69,69,SD,1,0,0.0,0.0,0.0,,ACTIVE|FIT-TIER-sensitivity,Keighton Matofai-Forbes
keiran-king,ND>64,2008,75,75,MID,0,0,0.0,0.0,0.0,,FIT-TIER-core|IN-POOL-CELL-FIT,Keiran King
kelsey-rypstra,MSD,2024,8,,SF,0,0,0.0,0.0,0.0,,FIT-TIER-sensitivity,Kelsey Rypstra
kelvin-lawrence,RD,2010,38,,SF,0,0,0.0,0.0,0.0,,FIT-TIER-core|IN-POOL-CELL-FIT,Kelvin Lawrence
kepler-bradley,ND 1-64,2003,6,6,KPD,9,111,909.72,700.0,1519.55,1.2996,FIT-TIER-core|PRE-2004-OUT-OF-WINDOW,Kepler Bradley
kevin-dyas,IRE,2007,,,MID,0,0,0.0,0.0,0.0,,FIT-TIER-core|PICKLESS|IN-POOL-CELL-FIT,Kevin Dyas
khan-haretuku,PDS,2007,,,KPD,0,0,0.0,0.0,0.0,,FIT-TIER-core|PICKLESS|IN-POOL-CELL-FIT,Khan Haretuku
kieran-collins,ND 1-64,2015,26,26,KPD,1,1,0.0,0.0,0.0,1.14,FIT-TIER-augmented|IN-ND-CURVE-FIT,Kieran Collins
kieran-harper,ND 1-64,2010,29,29,SF,3,40,1.0,0.86,1.0,1.1738,FIT-TIER-core|IN-ND-CURVE-FIT,Kieran Harper
kieran-lovell,ND 1-64,2015,22,22,MID,1,2,0.01,0.01,0.01,1.14,FIT-TIER-augmented|IN-ND-CURVE-FIT,Kieran Lovell
kieran-strachan,RD,2018,3,,RUCK,4,7,338.87,338.87,503.87,1.0,FIT-TIER-augmented|IN-POOL-CELL-FIT,Kieran Strachan
kieren-briggs,ND 1-64,2018,34,34,RUCK,6,86,1338.44,1029.88,2144.41,1.2996,ACTIVE|FIT-TIER-augmented|IN-ND-CURVE-FIT,Kieren Briggs
kieren-jack,RD,2005,42,,MID,13,234,2277.86,1752.74,4838.69,1.2996,FIT-TIER-core|IN-POOL-CELL-FIT,Kieren Jack
kirk-ugle,ND 1-64,2010,60,60,SF,1,3,0.0,0.0,0.0,1.2996,FIT-TIER-core|IN-ND-CURVE-FIT,Kirk Ugle
kobe-mcdonald,IRE,2025,,,SD,1,0,0.0,0.0,0.0,,ACTIVE|FIT-TIER-sensitivity|PICKLESS,Kobe McDonald
kobe-mutch,ND 1-64,2016,42,42,MID,2,4,0.03,0.02,0.03,1.2996,FIT-TIER-augmented|IN-ND-CURVE-FIT,Kobe Mutch
koby-coulson,ND 1-64,2025,46,46,MID,1,0,0.0,0.0,0.0,,ACTIVE|FIT-TIER-sensitivity,Koby Coulson
koby-evans,ND 1-64,2025,38,38,SF,1,0,0.0,0.0,0.0,,ACTIVE|FIT-TIER-sensitivity,Koby Evans
koby-stevens,ND 1-64,2009,23,23,MID,9,91,636.54,489.82,1185.83,1.2995,FIT-TIER-core|IN-ND-CURVE-FIT,Koby Stevens
koltyn-tholstrup,ND 1-64,2023,13,13,SF,3,40,125.28,96.75,142.36,1.2948,ACTIVE|FIT-TIER-sensitivity,Koltyn Tholstrup
kristan-height,RD,2004,36,,SF,0,0,0.0,0.0,0.0,,FIT-TIER-core|IN-POOL-CELL-FIT,Kristan Height
kristian-jaksch,ND 1-64,2012,15,15,KPF,4,14,1.25,0.96,1.35,1.2994,FIT-TIER-core|IN-ND-CURVE-FIT,Kristian Jaksch
kristin-thornton,ND 1-64,2005,50,50,SD,1,8,0.0,0.0,0.0,1.2996,FIT-TIER-core|IN-ND-CURVE-FIT,Kristin Thornton
kurt-heatherley,UNR,2013,,,KPD,2,5,4.68,3.6,5.46,1.2996,FIT-TIER-core|PICKLESS|IN-POOL-CELL-FIT,Kurt Heatherley
kurt-mutimer,ND 1-64,2015,56,56,MID,0,0,0.0,0.0,0.0,,FIT-TIER-augmented|IN-ND-CURVE-FIT,Kurt Mutimer
kurt-tippett,ND 1-64,2006,33,33,KPF,10,178,2167.97,1668.18,3965.58,1.2996,FIT-TIER-core|IN-ND-CURVE-FIT,Kurt Tippett
kyah-farris-white,UNR,2022,,,SF,0,0,0.0,0.0,0.0,,FIT-TIER-sensitivity|PICKLESS,Kyah Farris-White
kyal-horsely,RD,2011,6,,MID,0,0,0.0,0.0,0.0,,FIT-TIER-core|IN-POOL-CELL-FIT,Kyal Horsely
kye-annand,MSD,2026,2,,KPD,1,9,12.3,12.3,12.3,1.0,ACTIVE|FIT-TIER-sensitivity,Kye Annand
kye-declase,MSD,2021,13,,MID,0,0,0.0,0.0,0.0,,FIT-TIER-augmented|IN-POOL-CELL-FIT,Kye Declase
kye-fincher,ND 1-64,2025,52,52,MID,1,0,0.0,0.0,0.0,,ACTIVE|FIT-TIER-sensitivity,Kye Fincher
kyle-archibald,ND 1-64,2003,61,61,KPF,0,0,0.0,0.0,0.0,,FIT-TIER-core|PRE-2004-OUT-OF-WINDOW,Kyle Archibald
kyle-cheney,ND 1-64,2007,52,52,SD,9,85,17.93,13.8,33.07,1.2996,FIT-TIER-core|IN-ND-CURVE-FIT,Kyle Cheney
kyle-coney,IRE,2008,,,SD,0,0,0.0,0.0,0.0,,FIT-TIER-core|PICKLESS|IN-POOL-CELL-FIT,Kyle Coney
kyle-dunkley,MSD,2019,2,,MID,1,5,0.0,0.0,0.0,1.0,FIT-TIER-augmented|IN-POOL-CELL-FIT,Kyle Dunkley
kyle-galloway,PDA,2015,,,RUCK,0,0,0.0,0.0,0.0,,FIT-TIER-augmented|PICKLESS|IN-POOL-CELL-FIT,Kyle Galloway
kyle-hardingham,RD,2009,3,,SD,5,65,173.71,173.71,226.29,1.0,FIT-TIER-core|IN-POOL-CELL-FIT,Kyle Hardingham
kyle-hartigan,RD,2012,14,,KPD,10,135,37.56,37.56,54.19,1.0,FIT-TIER-core|IN-POOL-CELL-FIT,Kyle Hartigan
kyle-langford,ND 1-64,2014,18,17,SF,12,179,1192.43,917.53,2183.08,1.2996,ACTIVE|FIT-TIER-core|SLID-2013-14|IN-ND-CURVE-FIT,Kyle Langford
kyle-marshall,ND 1-64,2022,58,58,KPD,0,0,0.0,0.0,0.0,,FIT-TIER-sensitivity,Kyle Marshall
kyle-martin,RD,2012,13,,MID,2,6,34.05,34.05,38.82,1.0,FIT-TIER-core|IN-POOL-CELL-FIT,Kyle Martin
kyle-reimers,ND 1-64,2006,47,47,SF,6,60,271.14,208.64,295.28,1.2996,FIT-TIER-core|IN-ND-CURVE-FIT,Kyle Reimers
kym-lebois,RD,2016,3,,SF,0,0,0.0,0.0,0.0,,FIT-TIER-augmented|IN-POOL-CELL-FIT,Kym Lebois
kynan-brown,RD,2023,9,,MID,1,2,0.0,0.0,0.0,1.14,FIT-TIER-sensitivity,Kynan Brown
kyron-hayden,ND 1-64,2017,61,61,MID,4,17,0.02,0.02,0.03,1.2996,FIT-TIER-augmented|IN-ND-CURVE-FIT,Kyron Hayden
kysaiah-pickett,ND 1-64,2019,12,12,SF,7,147,1147.36,882.87,1968.6,1.2996,ACTIVE|FIT-TIER-augmented|IN-ND-CURVE-FIT,Kysaiah Pickett
lachie-hill,RD,2007,22,,SF,0,0,0.0,0.0,0.0,,FIT-TIER-core|IN-POOL-CELL-FIT,Lachlan Hill
lachie-hosie,MSD,2019,4,,SF,1,5,0.01,0.01,0.01,1.0,FIT-TIER-augmented|IN-POOL-CELL-FIT,Lachie Hosie
lachie-jaques,ND 1-64,2024,29,29,SD,1,9,0.37,0.28,0.37,1.2996,ACTIVE|FIT-TIER-sensitivity,Lachie Jaques
lachie-neale,ND>64,2011,66,66,MID,15,315,6389.92,4916.84,15321.68,1.2996,ACTIVE|FIT-TIER-core|IN-POOL-CELL-FIT,Lachie Neale
lachie-rankin,ND 1-64,2021,58,58,SD,0,0,0.0,0.0,0.0,,FIT-TIER-augmented|IN-ND-CURVE-FIT,Lachie Rankin
lachie-sullivan,SSP,2023,,,SF,3,26,0.62,0.62,0.75,1.0,ACTIVE|FIT-TIER-sensitivity|PICKLESS,Lachie Sullivan
lachie-whitfield,ND 1-64,2012,1,1,MID,14,275,3459.37,2664.1,8441.93,1.2985,ACTIVE|FIT-TIER-core|IN-ND-CURVE-FIT,Lachie Whitfield
lachie-young,RD,2018,2,,SD,5,47,11.17,8.59,14.54,1.2996,FIT-TIER-augmented|IN-POOL-CELL-FIT,Lachie Young
lachlan-ash,ND 1-64,2019,4,4,SD,7,146,1395.03,1073.49,2323.85,1.2995,ACTIVE|FIT-TIER-augmented|IN-ND-CURVE-FIT,Lachlan Ash
lachlan-blakiston,MSD,2025,12,,RUCK,2,28,0.09,0.09,0.09,1.0,ACTIVE|FIT-TIER-sensitivity,Lachlan Blakiston
lachlan-bramble,SSP,2020,,,SF,6,97,73.36,73.36,110.64,1.0,ACTIVE|FIT-TIER-augmented|PICKLESS|IN-POOL-CELL-FIT,Lachlan Bramble
lachlan-carmichael,ND 1-64,2025,21,21,SD,1,0,0.0,0.0,0.0,,ACTIVE|FIT-TIER-sensitivity,Lachlan Carmichael
lachlan-charleson,ND 1-64,2023,52,52,SF,0,0,0.0,0.0,0.0,,FIT-TIER-sensitivity,Lachlan Charleson
lachlan-cowan,ND 1-64,2022,30,30,SD,4,58,8.04,6.19,9.77,1.2996,ACTIVE|FIT-TIER-sensitivity,Lachlan Cowan
lachlan-filipovic,RD,2016,6,,RUCK,0,0,0.0,0.0,0.0,,FIT-TIER-augmented|IN-POOL-CELL-FIT,Lachlan Filipovic
lachlan-fogarty,ND 1-64,2017,22,22,MID,9,92,40.02,30.82,65.21,1.2984,ACTIVE|FIT-TIER-augmented|IN-ND-CURVE-FIT,Lachlan Fogarty
lachlan-gollant,ND 1-64,2019,47,47,SF,4,16,5.44,4.19,7.07,1.2996,FIT-TIER-augmented|IN-ND-CURVE-FIT,Lachlan Gollant
lachlan-gulbin,PDA,2024,,,SF,2,10,0.09,0.08,0.09,1.2054,ACTIVE|FIT-TIER-sensitivity|PICKLESS,Lachlan Gulbin
lachlan-hansen,ND 1-64,2006,4,4,KPD,11,151,559.89,430.82,1034.52,1.2996,FIT-TIER-core|IN-ND-CURVE-FIT,Lachlan Hansen
lachlan-henderson,ND 1-64,2007,8,8,KPF,14,206,1327.98,1021.83,3100.74,1.2996,FIT-TIER-core|IN-ND-CURVE-FIT,Lachlan Henderson
lachlan-hunter,ND 1-64,2012,52,52,MID,12,199,2203.68,1695.67,3860.31,1.2996,FIT-TIER-core|IN-ND-CURVE-FIT,Lachlan Hunter
lachlan-johnson,ND 1-64,2019,62,62,SF,0,0,0.0,0.0,0.0,,FIT-TIER-augmented|IN-ND-CURVE-FIT,Lachlan Johnson
lachlan-jones,ND 1-64,2020,16,16,SD,6,92,4.02,3.1,4.83,1.296,ACTIVE|FIT-TIER-augmented|IN-ND-CURVE-FIT,Lachlan Jones
lachlan-keeffe,UNR,2008,,,KPD,12,119,103.43,79.59,288.89,1.2996,FIT-TIER-core|PICKLESS|IN-POOL-CELL-FIT,Lachlan Keeffe
lachlan-langford,RD,2014,33,,KPF,0,0,0.0,0.0,0.0,,FIT-TIER-core|IN-POOL-CELL-FIT,Lachlan Langford
lachlan-mcandrew,SSP,2024,,,RUCK,2,22,275.21,275.21,357.66,1.0,ACTIVE|FIT-TIER-sensitivity|PICKLESS,Lachlan McAndrew
lachlan-mckinnon,RD,2005,4,,RUCK,0,0,0.0,0.0,0.0,,FIT-TIER-core|IN-POOL-CELL-FIT,Lachlan McKinnon
lachlan-mcneil,RD,2020,6,,SF,6,85,7.04,5.42,9.43,1.2996,ACTIVE|FIT-TIER-augmented|IN-POOL-CELL-FIT,Lachlan McNeil
lachlan-murphy,RD,2017,19,,SD,8,120,52.12,40.11,82.49,1.2995,FIT-TIER-augmented|IN-POOL-CELL-FIT,Lachlan Murphy
lachlan-plowman,ND 1-64,2012,4,4,KPD,11,145,231.11,177.83,420.14,1.2996,FIT-TIER-core|IN-ND-CURVE-FIT,Lachlan Plowman
lachlan-roach,RD,2010,39,,KPF,0,0,0.0,0.0,0.0,,FIT-TIER-core|IN-POOL-CELL-FIT,Lachlan Roach
lachlan-schultz,ND 1-64,2018,57,57,SF,8,144,495.58,495.58,1117.38,1.0,ACTIVE|FIT-TIER-augmented|IN-ND-CURVE-FIT,Lachlan Schultz
lachlan-sholl,ND 1-64,2018,64,64,SD,7,79,152.53,117.37,255.09,1.2996,ACTIVE|FIT-TIER-augmented|IN-ND-CURVE-FIT,Lachlan Sholl
lachlan-smith,ND 1-64,2023,47,47,RUCK,1,2,0.02,0.02,0.02,1.2996,ACTIVE|FIT-TIER-sensitivity,Lachlan Smith
lachlan-smith-2011,RD,2011,18,,RUCK,0,0,0.0,0.0,0.0,,FIT-TIER-core|IN-POOL-CELL-FIT,Lachlan Smith
lachlan-tiziani,ND 1-64,2016,54,54,SF,0,0,0.0,0.0,0.0,,FIT-TIER-augmented|IN-ND-CURVE-FIT,Lachlan Tiziani
lachlan-weller,ND 1-64,2014,14,13,MID,12,172,830.47,639.02,1461.92,1.2996,ACTIVE|FIT-TIER-core|SLID-2013-14|IN-ND-CURVE-FIT,Lachlan Weller
lachy-dovaston,ND 1-64,2025,16,16,SF,1,6,0.0,0.0,0.0,1.14,ACTIVE|FIT-TIER-sensitivity,Lachy Dovaston
laitham-vandermeer,ND 1-64,2018,37,37,SD,7,89,1.0,0.77,1.28,1.2996,ACTIVE|FIT-TIER-augmented|IN-ND-CURVE-FIT,Laitham Vandermeer
lance-collard,ND 1-64,2023,28,28,SF,3,15,0.0,0.0,0.0,1.2996,ACTIVE|FIT-TIER-sensitivity,Lance Collard
lance-franklin,ND 1-64,2004,5,5,KPF,18,326,6491.68,4997.16,14509.88,1.2991,FIT-TIER-core|IN-ND-CURVE-FIT,Lance Franklin
latrelle-pickett,ND 1-64,2025,12,12,SF,1,15,0.0,0.0,0.0,1.0,ACTIVE|FIT-TIER-sensitivity,Latrelle Pickett
lauchlan-dalgleish,RD,2011,13,,SD,1,3,0.02,0.02,0.02,1.2996,FIT-TIER-core|IN-POOL-CELL-FIT,Lauchlan Dalgleish
lawson-humphries,ND 1-64,2023,63,63,SD,3,56,404.73,404.73,517.37,1.0,ACTIVE|FIT-TIER-sensitivity,Lawson Humphries
lee-spurr,RD,2011,10,,SD,6,120,144.75,144.75,238.67,1.0,FIT-TIER-core|IN-POOL-CELL-FIT,Lee Spurr
leek-aleer,ND 1-64,2021,15,15,KPD,4,32,10.67,10.67,16.98,1.0,ACTIVE|FIT-TIER-augmented|IN-ND-CURVE-FIT,Leek Aleer
leigh-adams,RD,2006,3,,MID,7,104,961.75,740.04,1510.72,1.2996,FIT-TIER-core|IN-POOL-CELL-FIT,Leigh Adams
leigh-osborne,RD,2012,5,,SD,1,1,0.0,0.0,0.0,1.0,FIT-TIER-core|IN-POOL-CELL-FIT,Leigh Osborne
leigh-ryswyk,RD,2003,43,,SD,0,0,0.0,0.0,0.0,,FIT-TIER-core|PRE-2004-OUT-OF-WINDOW,Leigh Ryswyk
leigh-williams,RD,2011,44,,MID,0,0,0.0,0.0,0.0,,FIT-TIER-core|IN-POOL-CELL-FIT,Leigh Williams
lennox-hoffman,ND>64,2024,66,66,SD,1,0,0.0,0.0,0.0,,ACTIVE|FIT-TIER-sensitivity,Lennox Hoffman
leno-thomas,PDN,2019,,,SD,0,0,0.0,0.0,0.0,,FIT-TIER-augmented|PICKLESS|IN-POOL-CELL-FIT,Leno Thomas
leo-connolly,ND 1-64,2019,63,63,SD,1,7,0.0,0.0,0.0,1.2996,FIT-TIER-augmented|IN-ND-CURVE-FIT,Leo Connolly
leo-lombard,ND 1-64,2024,9,9,SF,2,25,8.48,6.52,8.48,1.2996,ACTIVE|FIT-TIER-sensitivity,Leo Lombard
leon-kickett,RD,2025,4,,SF,1,0,0.0,0.0,0.0,,ACTIVE|FIT-TIER-sensitivity,Leon Kickett
leonard-clark,RD,2005,21,,RUCK,0,0,0.0,0.0,0.0,,FIT-TIER-core|IN-POOL-CELL-FIT,Leonard Clark
leroy-jetta,ND 1-64,2006,19,19,SF,8,93,340.13,261.72,470.79,1.2996,FIT-TIER-core|IN-ND-CURVE-FIT,Leroy Jetta
levi-ashcroft,ND 1-64,2024,5,5,MID,2,48,178.74,155.24,178.74,1.1514,ACTIVE|FIT-TIER-sensitivity,Levi Ashcroft
levi-casboult,RD,2009,35,,KPF,13,198,339.7,261.39,736.63,1.2996,FIT-TIER-core|IN-POOL-CELL-FIT,Levi Casboult
levi-greenwood,ND 1-64,2007,32,32,MID,13,160,553.37,425.8,1035.02,1.2996,FIT-TIER-core|IN-ND-CURVE-FIT,Levi Greenwood
lewis-broome,RD,2009,7,,SF,0,0,0.0,0.0,0.0,,FIT-TIER-core|IN-POOL-CELL-FIT,Lewis Broome
lewis-hayes,ND 1-64,2022,25,25,KPD,2,1,12.25,9.42,13.96,1.2996,ACTIVE|FIT-TIER-sensitivity,Lewis Hayes
lewis-jetta,ND 1-64,2009,14,14,SF,11,202,366.09,366.09,758.31,1.0,FIT-TIER-core|IN-ND-CURVE-FIT,Lewis Jetta
lewis-johnston,ND 1-64,2008,12,12,KPF,4,10,97.44,74.98,144.93,1.2996,FIT-TIER-core|IN-ND-CURVE-FIT,Lewis Johnston
lewis-melican,RD,2014,32,,KPD,9,111,107.76,82.92,197.29,1.2996,ACTIVE|FIT-TIER-core|IN-POOL-CELL-FIT,Lewis Melican
lewis-pierce,ND>64,2012,66,66,RUCK,3,5,0.34,0.26,0.58,1.2996,FIT-TIER-core|IN-POOL-CELL-FIT,Lewis Pierce
lewis-stevenson,RD,2007,16,,SD,2,19,0.39,0.3,0.57,1.2996,FIT-TIER-core|IN-POOL-CELL-FIT,Lewis Stevenson
lewis-taylor,ND 1-64,2013,28,27,SF,8,123,586.53,453.34,752.86,1.2938,FIT-TIER-core|SLID-2013-14|IN-ND-CURVE-FIT,Lewis Taylor
lewis-young,ND 1-64,2016,49,49,KPD,9,90,397.32,305.77,689.92,1.2994,ACTIVE|FIT-TIER-augmented|IN-ND-CURVE-FIT,Lewis Young
liam-anthony,ND 1-64,2008,43,43,MID,6,58,797.47,797.47,1034.81,1.0,FIT-TIER-core|IN-ND-CURVE-FIT,Liam Anthony
liam-baker,RD,2017,11,,SF,9,169,1461.87,1124.86,2394.8,1.2996,ACTIVE|FIT-TIER-augmented|IN-POOL-CELL-FIT,Liam Baker
liam-bedford,RD,2008,4,,MID,0,0,0.0,0.0,0.0,,FIT-TIER-core|IN-POOL-CELL-FIT,Liam Bedford
liam-bedford-2,RD,2006,22,,MID,0,0,0.0,0.0,0.0,,FIT-TIER-core|IN-POOL-CELL-FIT,Liam Bedford
liam-dawson,ND 1-64,2014,44,43,SD,3,18,0.0,0.0,0.0,1.1488,FIT-TIER-core|SLID-2013-14|IN-ND-CURVE-FIT,Liam Dawson
liam-duggan,ND 1-64,2014,12,11,SD,12,221,624.71,480.7,1492.62,1.2996,ACTIVE|FIT-TIER-core|SLID-2013-14|IN-ND-CURVE-FIT,Liam Duggan
liam-fawcett,ND 1-64,2023,43,43,KPF,2,8,0.01,0.01,0.01,1.2996,ACTIVE|FIT-TIER-sensitivity,Liam Fawcett
liam-henry,ND 1-64,2019,9,9,SF,7,69,117.45,90.37,154.1,1.2996,ACTIVE|FIT-TIER-augmented|IN-ND-CURVE-FIT,Liam Henry
liam-hetherton,PDA,2025,,,KPF,1,0,0.0,0.0,0.0,,ACTIVE|FIT-TIER-sensitivity|PICKLESS,Liam Hetherton
liam-hulett,ND 1-64,2015,46,46,KPF,0,0,0.0,0.0,0.0,,FIT-TIER-augmented|IN-ND-CURVE-FIT,Liam Hulett
liam-jones,ND 1-64,2008,32,32,KPF,15,205,373.67,287.53,1162.54,1.2996,FIT-TIER-core|IN-ND-CURVE-FIT,Liam Jones
liam-jurrah,RD,2008,2,,SF,4,36,317.6,317.6,404.89,1.0,FIT-TIER-core|IN-POOL-CELL-FIT,Liam Jurrah
liam-mackie,RD,2016,24,,SD,1,2,0.0,0.0,0.0,1.2996,FIT-TIER-augmented|IN-POOL-CELL-FIT,Liam Mackie
liam-mcbean,ND 1-64,2012,37,37,KPF,2,5,0.09,0.07,0.12,1.2996,FIT-TIER-core|IN-ND-CURVE-FIT,Liam McBean
liam-mcmahon,ND 1-64,2020,33,33,KPF,2,7,0.04,0.03,0.05,1.2996,ACTIVE|FIT-TIER-augmented|IN-ND-CURVE-FIT,Liam McMahon
liam-o-connell,IRE,2023,,,SD,2,18,0.01,0.01,0.01,1.0,ACTIVE|FIT-TIER-sensitivity|PICKLESS,Liam O'Connell
liam-picken,RD,2008,26,,SD,9,198,432.11,432.11,1114.99,1.0,FIT-TIER-core|IN-POOL-CELL-FIT,Liam Picken
liam-puncher,MSD,2026,15,,KPD,1,6,0.01,0.01,0.01,1.0,ACTIVE|FIT-TIER-sensitivity,Liam Puncher
liam-reidy,RD,2022,4,,RUCK,3,7,26.37,26.37,44.54,1.0,ACTIVE|FIT-TIER-sensitivity,Liam Reidy
liam-ryan,ND 1-64,2017,26,26,SF,9,141,310.73,310.73,503.04,1.0,ACTIVE|FIT-TIER-augmented|IN-ND-CURVE-FIT,Liam Ryan
liam-shiels,ND 1-64,2008,34,34,MID,16,288,1124.2,865.04,2295.5,1.2996,FIT-TIER-core|IN-ND-CURVE-FIT,Liam Shiels
liam-stocker,ND 1-64,2018,19,19,MID,7,100,3.36,2.58,4.92,1.2992,ACTIVE|FIT-TIER-augmented|IN-ND-CURVE-FIT,Liam Stocker
liam-sumner,ND 1-64,2011,16,16,SF,5,32,0.15,0.12,0.19,1.2196,FIT-TIER-core|IN-ND-CURVE-FIT,Liam Sumner
lin-jong,RD,2011,11,,MID,8,65,211.89,163.05,340.36,1.2995,FIT-TIER-core|IN-POOL-CELL-FIT,Lin Jong
lincoln-mccarthy,ND>64,2011,73,73,SF,12,159,171.91,132.28,475.41,1.2996,ACTIVE|FIT-TIER-core|IN-POOL-CELL-FIT,Lincoln McCarthy
lindsay-thomas,ND 1-64,2006,53,53,SF,12,212,190.39,146.51,350.82,1.2995,FIT-TIER-core|IN-ND-CURVE-FIT,Lindsay Thomas
llane-spaanderman,ND 1-64,2003,18,18,RUCK,1,3,0.0,0.0,0.0,1.2996,FIT-TIER-core|PRE-2004-OUT-OF-WINDOW,Llane Spaanderman
lloyd-johnston,PDA,2022,,,SD,2,9,0.01,0.0,0.01,1.2816,FIT-TIER-sensitivity|PICKLESS,Lloyd Johnston
lloyd-meek,ND>64,2017,68,68,RUCK,6,98,1085.98,835.62,2124.9,1.2996,ACTIVE|FIT-TIER-augmented|IN-POOL-CELL-FIT,Lloyd Meek
lloyd-perris,PDA,2013,,,MID,0,0,0.0,0.0,0.0,,FIT-TIER-core|PICKLESS|IN-POOL-CELL-FIT,Lloyd Perris
loch-rawlinson,RD,2023,1,,SF,1,1,0.0,0.0,0.0,1.14,FIT-TIER-sensitivity,Loch Rawlinson
lochie-o-brien,ND 1-64,2017,10,10,MID,6,66,1.65,1.27,2.3,1.2987,FIT-TIER-augmented|IN-ND-CURVE-FIT,Lochie O'Brien
logan-austin,ND>64,2014,67,66,KPD,3,20,370.22,284.87,481.06,1.2996,FIT-TIER-core|SLID-2013-14|IN-POOL-CELL-FIT,Logan Austin
logan-evans,MSD,2024,12,,SD,3,42,75.98,59.94,75.98,1.2676,ACTIVE|FIT-TIER-sensitivity,Logan Evans
logan-mcdonald,ND 1-64,2020,4,4,KPF,5,89,82.48,63.69,119.93,1.2951,ACTIVE|FIT-TIER-augmented|IN-ND-CURVE-FIT,Logan McDonald
logan-morris,ND 1-64,2023,31,31,KPF,3,65,343.26,264.46,383.66,1.298,ACTIVE|FIT-TIER-sensitivity,Logan Morris
logan-smith,ND>64,2024,71,71,RUCK,1,0,0.0,0.0,0.0,,ACTIVE|FIT-TIER-sensitivity,Logan Smith
louis-butler,ND 1-64,2019,52,52,SD,3,4,0.01,0.01,0.01,1.1433,FIT-TIER-augmented|IN-ND-CURVE-FIT,Louis Butler
louis-emmett,ND 1-64,2025,27,27,RUCK,1,6,0.0,0.0,0.0,1.14,ACTIVE|FIT-TIER-sensitivity,Louis Emmett
louis-herbert,RD,2013,3,,SF,1,3,0.0,0.0,0.0,1.14,FIT-TIER-core|IN-POOL-CELL-FIT,Louis Herbert
luamon-lual,ND 1-64,2023,39,39,SD,1,12,0.0,0.0,0.0,1.2996,FIT-TIER-sensitivity,Luamon Lual
lucas-camporeale,ND 1-64,2024,54,54,MID,2,3,0.0,0.0,0.0,1.14,ACTIVE|FIT-TIER-sensitivity,Lucas Camporeale
lucas-cook,ND 1-64,2010,12,12,KPF,0,0,0.0,0.0,0.0,,FIT-TIER-core|IN-ND-CURVE-FIT,Lucas Cook
lucca-grego,ND 1-64,2024,48,48,SD,2,1,0.07,0.06,0.07,1.14,ACTIVE|FIT-TIER-sensitivity,Lucca Grego
lukas-cooke,MSD,2026,11,,KPD,1,2,0.03,0.03,0.03,1.0,ACTIVE|FIT-TIER-sensitivity,Lukas Cooke
lukas-markovic,RD,2005,18,,KPD,3,29,2.39,1.84,4.78,1.2996,FIT-TIER-core|IN-POOL-CELL-FIT,Lukas Markovic
lukas-webb,ND 1-64,2014,27,26,MID,4,24,1.13,0.88,1.31,1.2944,FIT-TIER-core|SLID-2013-14|IN-ND-CURVE-FIT,Lukas Webb
luke-beecken,MSD,2024,16,,MID,2,1,0.0,0.0,0.0,1.0,ACTIVE|FIT-TIER-sensitivity,Luke Beecken
luke-blackwell,ND 1-64,2004,42,42,MID,2,23,0.25,0.19,0.28,1.2996,FIT-TIER-core|IN-ND-CURVE-FIT,Luke Blackwell
luke-brennan,RD,2006,39,,KPF,2,9,8.3,6.41,8.3,1.2956,FIT-TIER-core|IN-POOL-CELL-FIT,Luke Brennan
luke-breust,RD,2008,37,,SF,15,288,2091.55,1609.38,4260.84,1.2996,FIT-TIER-core|IN-POOL-CELL-FIT,Luke Breust
luke-brown,ND 1-64,2011,33,33,SD,11,182,30.39,23.38,55.31,1.2996,FIT-TIER-core|IN-ND-CURVE-FIT,Luke Brown
luke-buckland,RD,2003,6,,SD,0,0,0.0,0.0,0.0,,FIT-TIER-core|PRE-2004-OUT-OF-WINDOW,Luke Buckland
luke-casey-leigh,RD,2007,17,,KPD,0,0,0.0,0.0,0.0,,FIT-TIER-core|IN-POOL-CELL-FIT,Luke Casey-Leigh
luke-cleary,ND 1-64,2021,61,61,SD,5,25,0.2,0.16,0.26,1.2995,ACTIVE|FIT-TIER-augmented|IN-ND-CURVE-FIT,Luke Cleary
luke-dahlhaus,RD,2010,20,,SF,12,225,3336.36,2570.95,5071.17,1.2977,FIT-TIER-core|IN-POOL-CELL-FIT,Luke Dahlhaus
luke-davies-uniacke,ND 1-64,2017,4,4,MID,9,151,2924.67,2250.44,5177.97,1.2996,ACTIVE|FIT-TIER-augmented|IN-ND-CURVE-FIT,Luke Davies-Uniacke
luke-davis,ND 1-64,2010,64,64,SD,0,0,0.0,0.0,0.0,,FIT-TIER-core|IN-ND-CURVE-FIT,Luke Davis
luke-delaney,RD,2008,22,,KPD,6,63,3.93,3.02,5.03,1.2996,FIT-TIER-core|IN-POOL-CELL-FIT,Luke Delaney
luke-dunstan,ND 1-64,2013,18,17,MID,9,121,967.93,748.13,1604.31,1.2938,FIT-TIER-core|SLID-2013-14|IN-ND-CURVE-FIT,Luke Dunstan
luke-edwards,ND 1-64,2020,54,54,MID,4,37,0.05,0.04,0.06,1.2959,FIT-TIER-augmented|IN-ND-CURVE-FIT,Luke Edwards
luke-english,ND 1-64,2018,62,62,MID,0,0,0.0,0.0,0.0,,FIT-TIER-augmented|IN-ND-CURVE-FIT,Luke English
luke-foley,ND 1-64,2018,31,31,MID,4,32,0.19,0.14,0.26,1.2996,FIT-TIER-augmented|IN-ND-CURVE-FIT,Luke Foley
luke-forsyth,ND 1-64,2004,59,59,SF,0,0,0.0,0.0,0.0,,FIT-TIER-core|IN-ND-CURVE-FIT,Luke Forsyth
luke-goetz,RD,2015,24,,RUCK,0,0,0.0,0.0,0.0,,FIT-TIER-augmented|IN-POOL-CELL-FIT,Luke Goetz
luke-jackson,ND 1-64,2019,3,3,RUCK,7,140,3925.53,3020.59,5920.6,1.2996,ACTIVE|FIT-TIER-augmented|IN-ND-CURVE-FIT,Luke Jackson
luke-kennedy,ND 1-64,2024,62,62,MID,1,4,0.0,0.0,0.0,1.2996,ACTIVE|FIT-TIER-sensitivity,Luke Kennedy
luke-lavender,UNR,2017,,,RUCK,0,0,0.0,0.0,0.0,,FIT-TIER-augmented|PICKLESS|IN-POOL-CELL-FIT,Luke Lavender
luke-lloyd,ND 1-64,2023,42,42,KPF,1,0,0.0,0.0,0.0,,ACTIVE|FIT-TIER-sensitivity,Luke Lloyd
luke-lowden,ND 1-64,2008,62,62,RUCK,1,1,38.64,29.73,65.26,1.2996,FIT-TIER-core|IN-ND-CURVE-FIT,Luke Lowden
luke-mcdonald,ND 1-64,2013,8,7,SD,13,235,742.31,571.56,1441.66,1.2987,ACTIVE|FIT-TIER-core|SLID-2013-14|IN-ND-CURVE-FIT,Luke McDonald
luke-mcentee,RD,2005,3,,RUCK,0,0,0.0,0.0,0.0,,FIT-TIER-core|IN-POOL-CELL-FIT,Luke McEntee
luke-mcguane,ND 1-64,2004,38,38,KPD,10,112,165.5,127.35,343.2,1.2996,FIT-TIER-core|IN-ND-CURVE-FIT,Luke McGuane
luke-miles,RD,2007,27,,KPD,1,2,0.27,0.21,0.31,1.2996,FIT-TIER-core|IN-POOL-CELL-FIT,Luke Miles
luke-mitchell,ND 1-64,2010,43,43,KPF,1,1,0.01,0.01,0.01,1.2996,FIT-TIER-core|IN-ND-CURVE-FIT,Luke Mitchell
luke-nankervis,RD,2021,1,,SF,4,45,20.84,16.03,24.74,1.2996,ACTIVE|FIT-TIER-augmented|IN-POOL-CELL-FIT,Luke Nankervis
luke-parker,ND 1-64,2010,42,42,MID,16,336,4643.06,3572.68,10490.56,1.2996,ACTIVE|FIT-TIER-core|IN-ND-CURVE-FIT,Luke Parker
luke-parks,RD,2020,5,,SD,2,8,0.0,0.0,0.0,1.2593,FIT-TIER-augmented|IN-POOL-CELL-FIT,Luke Parks
luke-partington,ND 1-64,2015,28,28,MID,1,6,0.0,0.0,0.0,1.2996,FIT-TIER-augmented|IN-ND-CURVE-FIT,Luke Partington
luke-pedlar,ND 1-64,2020,11,11,SF,6,49,1.47,1.13,1.71,1.2996,ACTIVE|FIT-TIER-augmented|IN-ND-CURVE-FIT,Luke Pedlar
luke-peel,ND 1-64,2003,34,34,SD,0,0,0.0,0.0,0.0,,FIT-TIER-core|PRE-2004-OUT-OF-WINDOW,Luke Peel
luke-pratt,RD,2007,26,,SD,1,1,0.0,0.0,0.0,1.2996,FIT-TIER-core|IN-POOL-CELL-FIT,Luke Pratt
luke-reynolds,RD,2013,8,,SF,0,0,0.0,0.0,0.0,,FIT-TIER-core|IN-POOL-CELL-FIT,Luke Reynolds
luke-rounds,ND 1-64,2008,46,46,MID,2,6,0.0,0.0,0.0,1.2996,FIT-TIER-core|IN-ND-CURVE-FIT,Luke Rounds
luke-ryan,ND>64,2016,65,65,SD,10,199,3357.59,3357.59,7122.47,1.0,ACTIVE|FIT-TIER-augmented|IN-POOL-CELL-FIT,Luke Ryan
luke-shuey,ND 1-64,2008,18,18,MID,14,248,3397.23,2614.06,6919.37,1.2996,FIT-TIER-core|IN-ND-CURVE-FIT,Luke Shuey
luke-stanton,RD,2008,21,,MID,0,0,0.0,0.0,0.0,,FIT-TIER-core|IN-POOL-CELL-FIT,Luke Stanton
luke-strnadica,RD,2016,16,,RUCK,1,2,0.99,0.76,1.67,1.2996,FIT-TIER-augmented|IN-POOL-CELL-FIT,Luke Strnadica
luke-surman,RD,2015,14,,KPF,0,0,0.0,0.0,0.0,,FIT-TIER-augmented|IN-POOL-CELL-FIT,Luke Surman
luke-tapscott,ND 1-64,2009,18,18,MID,4,48,2.93,2.25,2.93,1.2996,FIT-TIER-core|IN-ND-CURVE-FIT,Luke Tapscott
luke-taylor,RD,2003,39,,SD,0,0,0.0,0.0,0.0,,FIT-TIER-core|PRE-2004-OUT-OF-WINDOW,Luke Taylor
luke-thompson,RD,2009,13,,KPD,3,20,55.35,42.59,55.95,1.2996,FIT-TIER-core|IN-POOL-CELL-FIT,Luke Thompson
luke-towey,IRE,2019,,,KPD,0,0,0.0,0.0,0.0,,FIT-TIER-augmented|PICKLESS|IN-POOL-CELL-FIT,Luke Towey
luke-trainor,ND 1-64,2024,21,21,KPD,2,30,4.03,3.24,4.03,1.2432,ACTIVE|FIT-TIER-sensitivity,Luke Trainor
luke-urquhart,ND 1-64,2024,57,57,MID,1,0,0.0,0.0,0.0,,ACTIVE|FIT-TIER-sensitivity,Luke Urquhart
luke-valente,ND 1-64,2018,32,32,MID,0,0,0.0,0.0,0.0,,FIT-TIER-augmented|IN-ND-CURVE-FIT,Luke Valente
luke-van-rheenen,RD,2006,24,,RUCK,0,0,0.0,0.0,0.0,,FIT-TIER-core|IN-POOL-CELL-FIT,Luke Van Rheenen
luke-vogels,RD,2004,26,,KPF,3,16,79.3,79.3,103.02,1.0,FIT-TIER-core|IN-POOL-CELL-FIT,Luke Vogels
luker-kentfield,MSD,2024,11,,KPF,1,3,0.0,0.0,0.0,1.2996,ACTIVE|FIT-TIER-sensitivity,Luker Kentfield
lynden-dunn,ND 1-64,2004,17,17,KPF,14,198,902.82,694.69,2269.8,1.2996,FIT-TIER-core|IN-ND-CURVE-FIT,Lynden Dunn
mabior-chol,RD,2015,25,,KPF,9,124,271.42,208.85,582.27,1.2996,ACTIVE|FIT-TIER-augmented|IN-POOL-CELL-FIT,Mabior Chol
mac-andrew,ND 1-64,2021,5,5,KPD,5,86,802.15,617.23,1088.49,1.2996,ACTIVE|FIT-TIER-augmented|IN-ND-CURVE-FIT,Mac Andrew
mackenzie-willis,ND 1-64,2015,52,52,SD,2,5,0.0,0.0,0.0,1.0,FIT-TIER-augmented|IN-ND-CURVE-FIT,Mackenzie Willis
majak-daw,RD,2009,6,,KPF,7,54,321.25,247.19,725.11,1.2996,FIT-TIER-core|IN-POOL-CELL-FIT,Majak Daw
malachy-carruthers,RD,2020,2,,SD,0,0,0.0,0.0,0.0,,FIT-TIER-augmented|IN-POOL-CELL-FIT,Malachy Carruthers
malakai-champion,PDN,2024,,,SF,2,10,0.0,0.0,0.0,1.2995,ACTIVE|FIT-TIER-sensitivity|PICKLESS,Malakai Champion
malcolm-karpany,ND 1-64,2013,31,30,SF,2,7,0.56,0.43,0.73,1.2996,FIT-TIER-core|SLID-2013-14|IN-ND-CURVE-FIT,Malcolm Karpany
malcolm-lynch,ND>64,2006,66,66,MID,1,2,0.0,0.0,0.0,1.14,FIT-TIER-core|IN-POOL-CELL-FIT,Malcolm Lynch
malcolm-rosas,RD,2019,14,,SF,6,65,0.78,0.6,1.1,1.2996,ACTIVE|FIT-TIER-augmented|IN-POOL-CELL-FIT,Malcolm Rosas
mani-liddy,MSD,2025,15,,MID,2,9,0.01,0.01,0.01,1.0,ACTIVE|FIT-TIER-sensitivity,Mani Liddy
marc-murphy,ND 1-64,2005,1,1,MID,16,294,5243.73,4035.91,10037.5,1.2993,FIT-TIER-core|IN-ND-CURVE-FIT,Marc Murphy
marc-pittonet,ND 1-64,2014,50,49,RUCK,10,98,493.82,379.98,1237.73,1.2996,ACTIVE|FIT-TIER-core|SLID-2013-14|IN-ND-CURVE-FIT,Marc Pittonet
marc-sheather,PDA,2020,,,SF,0,0,0.0,0.0,0.0,,FIT-TIER-augmented|PICKLESS|IN-POOL-CELL-FIT,Marc Sheather
marco-paparone,ND 1-64,2012,27,27,SF,5,55,253.75,195.26,289.47,1.2996,FIT-TIER-core|IN-ND-CURVE-FIT,Marco Paparone
marcus-adams,ND 1-64,2015,35,35,KPD,7,73,1022.62,1022.62,1452.13,1.0,FIT-TIER-augmented|IN-ND-CURVE-FIT,Marcus Adams
marcus-allan,RD,2004,42,,MID,2,5,0.01,0.01,0.01,1.2996,FIT-TIER-core|IN-POOL-CELL-FIT,Marcus Allan
marcus-bontempelli,ND 1-64,2013,4,3,MID,13,279,8259.93,6365.27,17224.41,1.2977,ACTIVE|FIT-TIER-core|SLID-2013-14|IN-ND-CURVE-FIT,Marcus Bontempelli
marcus-davies,ND 1-64,2009,42,42,SD,4,17,0.0,0.0,0.0,1.2705,FIT-TIER-core|IN-ND-CURVE-FIT,Marcus Davies
marcus-drum,ND 1-64,2005,10,10,KPD,4,22,389.13,299.43,459.25,1.2996,FIT-TIER-core|IN-ND-CURVE-FIT,Marcus Drum
marcus-herbert,MSD,2026,13,,SD,1,8,319.9,319.9,319.9,1.0,ACTIVE|FIT-TIER-sensitivity,Marcus Herbert
marcus-marigliani,RD,2009,40,,MID,1,2,0.87,0.87,0.99,1.0,FIT-TIER-core|IN-POOL-CELL-FIT,Marcus Marigliani
marcus-white,RD,2008,11,,SD,1,2,0.0,0.0,0.0,1.2996,FIT-TIER-core|IN-POOL-CELL-FIT,Marcus White
marcus-windhager,ND 1-64,2021,47,47,MID,5,96,203.48,156.58,269.85,1.2996,ACTIVE|FIT-TIER-augmented|IN-ND-CURVE-FIT,Marcus Windhager
mark-austin,ND 1-64,2006,36,36,KPD,7,44,4.54,3.49,6.52,1.2996,FIT-TIER-core|IN-ND-CURVE-FIT,Mark Austin
mark-baguley,RD,2011,39,,SD,8,134,256.6,256.6,409.67,1.0,FIT-TIER-core|IN-POOL-CELL-FIT,Mark Baguley
mark-blake,ND 1-64,2003,38,38,RUCK,6,90,0.14,0.11,0.22,1.2996,FIT-TIER-core|PRE-2004-OUT-OF-WINDOW,Mark Blake
mark-blicavs,UNR,2011,,,MID,14,312,1869.39,1869.39,5474.38,1.0,ACTIVE|FIT-TIER-core|PICKLESS|IN-POOL-CELL-FIT,Mark Blicavs
mark-hutchings,RD,2009,15,,MID,9,120,412.7,317.56,611.15,1.2996,FIT-TIER-core|IN-POOL-CELL-FIT,Mark Hutchings
mark-keane,SSP,2022,,,KPD,6,63,638.59,638.59,893.0,1.0,ACTIVE|FIT-TIER-sensitivity|PICKLESS,Mark Keane
mark-lecras,ND 1-64,2004,39,39,SF,13,204,2006.07,1543.61,3996.49,1.2996,FIT-TIER-core|IN-ND-CURVE-FIT,Mark LeCras
mark-o-connor,IRE,2016,,,SD,10,165,20.64,15.88,31.76,1.2996,ACTIVE|FIT-TIER-augmented|PICKLESS|IN-POOL-CELL-FIT,Mark O'Connor
marley-williams,RD,2011,32,,SD,9,128,340.54,262.04,430.23,1.2996,FIT-TIER-core|IN-POOL-CELL-FIT,Marley Williams
marlion-pickett,MSD,2019,7,,MID,6,91,198.11,198.11,205.58,1.0,FIT-TIER-augmented|IN-POOL-CELL-FIT,Marlion Pickett
marlon-motlop,ND 1-64,2007,28,28,SF,2,5,0.61,0.53,0.61,1.1551,FIT-TIER-core|IN-ND-CURVE-FIT,Marlon Motlop
martin-clarke,IRE,2006,,,SD,6,73,168.73,131.87,175.18,1.2795,FIT-TIER-core|PICKLESS|IN-POOL-CELL-FIT,Martin Clarke
martin-frederick,PDN,2018,,,SD,2,14,0.0,0.0,0.0,1.2996,FIT-TIER-augmented|PICKLESS|IN-POOL-CELL-FIT,Martin Frederick
martin-gleeson,ND 1-64,2012,57,57,SD,7,97,27.55,21.2,45.07,1.2996,FIT-TIER-core|IN-ND-CURVE-FIT,Martin Gleeson
martin-pask,RD,2004,45,,KPF,1,8,0.0,0.0,0.0,1.2996,FIT-TIER-core|IN-POOL-CELL-FIT,Martin Pask
marty-hore,ND 1-64,2018,56,56,SD,2,20,15.1,15.1,17.22,1.0,FIT-TIER-augmented|IN-ND-CURVE-FIT,Marty Hore
mason-cox,UNR,2014,,,KPF,11,153,94.86,94.86,199.31,1.0,ACTIVE|FIT-TIER-core|PICKLESS|IN-POOL-CELL-FIT,Mason Cox
mason-redman,ND 1-64,2015,30,30,SD,10,157,1094.76,842.38,2515.26,1.2996,ACTIVE|FIT-TIER-augmented|IN-ND-CURVE-FIT,Mason Redman
mason-shaw,ND 1-64,2012,34,34,KPF,0,0,0.0,0.0,0.0,,FIT-TIER-core|IN-ND-CURVE-FIT,Mason Shaw
mason-wood,ND 1-64,2012,44,44,KPF,13,175,755.29,581.17,1865.13,1.2996,ACTIVE|FIT-TIER-core|IN-ND-CURVE-FIT,Mason Wood
massimo-d-ambrosio,MSD,2022,3,,SD,5,87,470.16,361.78,487.04,1.2996,ACTIVE|FIT-TIER-sensitivity,Massimo D'Ambrosio
mate-colina,UNR,2020,,,RUCK,0,0,0.0,0.0,0.0,,FIT-TIER-augmented|PICKLESS|IN-POOL-CELL-FIT,Mate Colina
mathew-stokes,ND 1-64,2005,56,56,SF,11,181,1706.93,1706.93,3514.15,1.0,FIT-TIER-core|IN-ND-CURVE-FIT,Mathew Stokes
matt-allison,ND 1-64,2020,27,27,KPF,0,0,0.0,0.0,0.0,,FIT-TIER-augmented|IN-ND-CURVE-FIT,Matt Allison
matt-austin,ND 1-64,2007,54,54,MID,3,15,0.01,0.0,0.01,1.2996,FIT-TIER-core|IN-ND-CURVE-FIT,Matt Austin
matt-campbell,RD,2006,31,,SF,6,82,189.22,145.62,189.92,1.2994,FIT-TIER-core|IN-POOL-CELL-FIT,Matt Campbell
matt-carroll,RD,2023,7,,MID,2,27,3.82,2.94,4.34,1.2996,ACTIVE|FIT-TIER-sensitivity,Matt Carroll
matt-conroy,RD,2019,13,,RUCK,0,0,0.0,0.0,0.0,,FIT-TIER-augmented|IN-POOL-CELL-FIT,Matt Conroy
matt-cottrell,SSP,2018,,,MID,7,84,97.05,74.68,181.0,1.2996,ACTIVE|FIT-TIER-augmented|PICKLESS|IN-POOL-CELL-FIT,Matt Cottrell
matt-coulthard,MSD,2023,4,,SF,2,6,0.0,0.0,0.0,1.0,FIT-TIER-sensitivity,Matt Coulthard
matt-crouch,ND 1-64,2013,23,22,MID,11,164,3466.28,2667.21,6211.7,1.2996,FIT-TIER-core|SLID-2013-14|IN-ND-CURVE-FIT,Matt Crouch
matt-duffy,IRE,2024,,,SD,1,0,0.0,0.0,0.0,,ACTIVE|FIT-TIER-sensitivity|PICKLESS,Matt Duffy
matt-eagles,UNR,2016,,,RUCK,2,6,0.01,0.01,0.02,1.0,FIT-TIER-augmented|PICKLESS|IN-POOL-CELL-FIT,Matt Eagles
matt-guelfi,ND>64,2017,75,75,SD,9,124,63.32,63.32,145.2,1.0,ACTIVE|FIT-TIER-augmented|IN-POOL-CELL-FIT,Matt Guelfi
matt-hill,UNR,2024,,,SF,1,2,0.0,0.0,0.0,1.0,ACTIVE|FIT-TIER-sensitivity|PICKLESS,Matt Hill
matt-johnson-1,ND 1-64,2021,21,21,MID,4,75,28.24,21.73,38.82,1.2996,ACTIVE|FIT-TIER-augmented|IN-ND-CURVE-FIT,Matt Johnson
matt-jones,ND 1-64,2012,55,55,MID,4,61,125.84,125.84,207.16,1.0,FIT-TIER-core|IN-ND-CURVE-FIT,Matt Jones
matt-korcheck,UNR,2015,,,RUCK,0,0,0.0,0.0,0.0,,FIT-TIER-augmented|PICKLESS|IN-POOL-CELL-FIT,Matt Korcheck
matt-mcguinness,PDN,2019,,,KPD,0,0,0.0,0.0,0.0,,FIT-TIER-augmented|PICKLESS|IN-POOL-CELL-FIT,Matt McGuinness
matt-owies,UNR,2018,,,SF,7,91,2.83,2.83,4.94,1.0,ACTIVE|FIT-TIER-augmented|PICKLESS|IN-POOL-CELL-FIT,Matt Owies
matt-pardew,RD,2003,26,,SD,0,0,0.0,0.0,0.0,,FIT-TIER-core|PRE-2004-OUT-OF-WINDOW,Matt Pardew
matt-priddis,RD,2005,27,,MID,12,228,3942.8,3942.8,9648.59,1.0,FIT-TIER-core|IN-POOL-CELL-FIT,Matt Priddis
matt-riggio,ND 1-64,2005,28,28,MID,3,10,0.01,0.01,0.01,1.2996,FIT-TIER-core|IN-ND-CURVE-FIT,Matt Riggio
matt-rosa,ND 1-64,2004,32,32,MID,14,199,719.22,553.41,1410.99,1.2996,FIT-TIER-core|IN-ND-CURVE-FIT,Matt Rosa
matt-rowell,ND 1-64,2019,1,1,MID,7,126,3196.56,2517.92,4632.01,1.2695,ACTIVE|FIT-TIER-augmented|IN-ND-CURVE-FIT,Matt Rowell
matt-thomas,RD,2005,20,,MID,10,102,214.02,164.68,500.96,1.2996,FIT-TIER-core|IN-POOL-CELL-FIT,Matt Thomas
matt-tyler,ND 1-64,2006,54,54,KPD,0,0,0.0,0.0,0.0,,FIT-TIER-core|IN-ND-CURVE-FIT,Matt Tyler
matt-white,RD,2005,14,,MID,12,150,33.78,26.01,71.13,1.2989,FIT-TIER-core|IN-POOL-CELL-FIT,Matt White
matt-whitlock,ND 1-64,2024,27,27,KPD,2,5,0.0,0.0,0.0,1.2826,ACTIVE|FIT-TIER-sensitivity,Matt Whitlock
mattaes-phillipou,ND 1-64,2022,10,10,MID,4,63,10.09,7.79,11.99,1.2951,ACTIVE|FIT-TIER-sensitivity,Mattaes Phillipou
matthew-allen,ND 1-64,2015,61,61,KPF,0,0,0.0,0.0,0.0,,FIT-TIER-augmented|IN-ND-CURVE-FIT,Matthew Allen
matthew-arnot,ND 1-64,2011,63,63,MID,3,9,0.03,0.02,0.03,1.2996,FIT-TIER-core|IN-ND-CURVE-FIT,Matthew Arnot
matthew-bate,ND 1-64,2004,15,15,SF,7,100,983.52,756.78,1217.46,1.2996,FIT-TIER-core|IN-ND-CURVE-FIT,Matthew Bate
matthew-beckmans,RD,2007,44,,KPF,0,0,0.0,0.0,0.0,,FIT-TIER-core|IN-POOL-CELL-FIT,Matthew Beckmans
matthew-broadbent,ND 1-64,2008,38,38,MID,10,171,627.66,483.03,1079.95,1.2994,FIT-TIER-core|IN-ND-CURVE-FIT,Matthew Broadbent
matthew-buntine,ND 1-64,2011,7,7,SD,9,67,19.88,15.3,22.1,1.2995,FIT-TIER-core|IN-ND-CURVE-FIT,Matthew Buntine
matthew-davis,ND 1-64,2003,53,53,SF,0,0,0.0,0.0,0.0,,FIT-TIER-core|PRE-2004-OUT-OF-WINDOW,Matthew Davis
matthew-dea,ND 1-64,2009,43,43,SD,8,70,41.58,32.0,82.67,1.2995,FIT-TIER-core|IN-ND-CURVE-FIT,Matthew Dea
matthew-deboer,RD,2008,19,,MID,14,223,614.36,472.76,1135.43,1.2995,FIT-TIER-core|IN-POOL-CELL-FIT,Matthew DeBoer
matthew-dick,ND 1-64,2012,63,63,SD,1,6,0.01,0.01,0.01,1.2996,FIT-TIER-core|IN-ND-CURVE-FIT,Matthew Dick
matthew-egan,ND 1-64,2004,57,57,KPD,3,57,32.01,32.01,45.18,1.0,FIT-TIER-core|IN-ND-CURVE-FIT,Matthew Egan
matthew-firman,RD,2005,30,,SD,0,0,0.0,0.0,0.0,,FIT-TIER-core|IN-POOL-CELL-FIT,Matthew Firman
matthew-flynn,ND 1-64,2015,41,41,RUCK,6,59,598.18,460.28,1230.1,1.2996,ACTIVE|FIT-TIER-augmented|IN-ND-CURVE-FIT,Matthew Flynn
matthew-fuller,ND 1-64,2013,42,41,SD,0,0,0.0,0.0,0.0,,FIT-TIER-core|SLID-2013-14|IN-ND-CURVE-FIT,Matthew Fuller
matthew-goodyear,ND 1-64,2014,48,47,MID,1,2,0.0,0.0,0.0,1.2996,FIT-TIER-core|SLID-2013-14|IN-ND-CURVE-FIT,Matthew Goodyear
matthew-hammelmann,PDA,2014,,,KPF,2,12,0.04,0.03,0.04,1.2996,FIT-TIER-core|PICKLESS|IN-POOL-CELL-FIT,Matthew Hammelmann
matthew-hayball,ND>64,2015,67,67,SF,0,0,0.0,0.0,0.0,,FIT-TIER-augmented|IN-POOL-CELL-FIT,Matthew Hayball
matthew-jaensch,RD,2009,36,,SD,6,74,499.26,499.26,878.9,1.0,FIT-TIER-core|IN-POOL-CELL-FIT,Matthew Jaensch
matthew-jefferson,ND 1-64,2022,15,15,KPF,2,21,0.13,0.1,0.16,1.2996,ACTIVE|FIT-TIER-sensitivity,Matthew Jefferson
matthew-kennedy-1,ND 1-64,2015,13,13,MID,11,162,1137.78,875.48,2425.99,1.2996,ACTIVE|FIT-TIER-augmented|IN-ND-CURVE-FIT,Matthew Kennedy
matthew-kreuzer,ND 1-64,2007,1,1,RUCK,13,189,1941.73,1494.15,3953.37,1.2996,FIT-TIER-core|IN-ND-CURVE-FIT,Matthew Kreuzer
matthew-laidlaw,ND 1-64,2005,48,48,MID,1,1,0.0,0.0,0.0,1.2996,FIT-TIER-core|IN-ND-CURVE-FIT,Matthew Laidlaw
matthew-leray,ND 1-64,2025,56,56,MID,1,0,0.0,0.0,0.0,,ACTIVE|FIT-TIER-sensitivity,Matthew LeRay
matthew-leuenberger,ND 1-64,2006,5,5,RUCK,12,137,973.97,749.44,1707.65,1.2996,FIT-TIER-core|IN-ND-CURVE-FIT,Matthew Leuenberger
matthew-ling,ND 1-64,2017,14,14,MID,1,3,0.0,0.0,0.0,1.2996,FIT-TIER-augmented|IN-ND-CURVE-FIT,Matthew Ling
matthew-little,ND 1-64,2004,29,29,SF,1,1,0.0,0.0,0.0,1.2996,FIT-TIER-core|IN-ND-CURVE-FIT,Matthew Little
matthew-lobbe,ND 1-64,2007,16,16,RUCK,9,100,881.84,678.55,1486.01,1.2996,FIT-TIER-core|IN-ND-CURVE-FIT,Matthew Lobbe
matthew-lodge,PDS,2011,,,SD,0,0,0.0,0.0,0.0,,FIT-TIER-core|PICKLESS|IN-POOL-CELL-FIT,Matthew Lodge
matthew-martin,RD,2008,39,,KPF,0,0,0.0,0.0,0.0,,FIT-TIER-core|IN-POOL-CELL-FIT,Matthew Martin
matthew-mcdonough,ND 1-64,2012,45,45,SF,3,10,0.33,0.25,0.33,1.2995,FIT-TIER-core|IN-ND-CURVE-FIT,Matthew McDonough
matthew-moody,ND 1-64,2003,23,23,SF,4,34,0.35,0.27,0.42,1.2996,FIT-TIER-core|PRE-2004-OUT-OF-WINDOW,Matthew Moody
matthew-o-dwyer,RD,2006,29,,MID,3,7,0.07,0.05,0.09,1.2996,FIT-TIER-core|IN-POOL-CELL-FIT,Matthew O'Dwyer
matthew-panos,RD,2009,37,,KPF,0,0,0.0,0.0,0.0,,FIT-TIER-core|IN-POOL-CELL-FIT,Matthew Panos
matthew-parker,ND 1-64,2018,47,47,SF,4,30,7.4,7.4,10.77,1.0,FIT-TIER-augmented|IN-ND-CURVE-FIT,Matthew Parker
matthew-roberts,ND 1-64,2021,34,34,MID,5,65,409.05,314.75,514.48,1.2996,ACTIVE|FIT-TIER-augmented|IN-ND-CURVE-FIT,Matthew Roberts
matthew-scharenberg,ND 1-64,2013,6,5,SD,5,41,150.65,115.92,227.33,1.2996,FIT-TIER-core|SLID-2013-14|IN-ND-CURVE-FIT,Matthew Scharenberg
matthew-scott,RD,2009,19,,MID,0,0,0.0,0.0,0.0,,FIT-TIER-core|IN-POOL-CELL-FIT,Matthew Scott
matthew-signorello,ND 1-64,2016,61,61,MID,0,0,0.0,0.0,0.0,,FIT-TIER-augmented|IN-ND-CURVE-FIT,Matthew Signorello
matthew-spangher,ND 1-64,2005,34,34,KPD,8,50,301.13,231.71,568.89,1.2996,FIT-TIER-core|IN-ND-CURVE-FIT,Matthew Spangher
matthew-spencer,ND 1-64,2003,41,41,KPD,1,2,0.0,0.0,0.0,1.2996,FIT-TIER-core|PRE-2004-OUT-OF-WINDOW,Matthew Spencer
matthew-suckling,RD,2006,21,,SD,11,178,637.67,490.67,1665.4,1.2996,FIT-TIER-core|IN-POOL-CELL-FIT,Matthew Suckling
matthew-taberner,RD,2012,11,,KPF,12,125,517.88,398.49,1031.39,1.2996,FIT-TIER-core|IN-POOL-CELL-FIT,Matthew Taberner
matthew-taylor,RD,2016,27,,KPD,0,0,0.0,0.0,0.0,,FIT-TIER-augmented|IN-POOL-CELL-FIT,Matthew Taylor
matthew-uebergang,RD,2015,12,,KPD,0,0,0.0,0.0,0.0,,FIT-TIER-augmented|IN-POOL-CELL-FIT,Matthew Uebergang
matthew-walker,ND 1-64,2018,63,63,SF,0,0,0.0,0.0,0.0,,FIT-TIER-augmented|IN-ND-CURVE-FIT,Matthew Walker
matthew-warnock,RD,2004,24,,KPD,9,87,45.93,45.93,115.66,1.0,FIT-TIER-core|IN-POOL-CELL-FIT,Matthew Warnock
matthew-watson-1,ND 1-64,2010,19,19,KPD,5,23,233.34,179.8,288.48,1.2978,FIT-TIER-core|IN-ND-CURVE-FIT,Matthew Watson
matthew-westhoff,ND 1-64,2007,33,33,KPF,2,6,0.02,0.02,0.02,1.1673,FIT-TIER-core|IN-ND-CURVE-FIT,Matthew Westhoff
matthew-wright,RD,2009,26,,SF,8,159,976.58,976.58,1891.97,1.0,FIT-TIER-core|IN-POOL-CELL-FIT,Matthew Wright
maurice-rioli-1,ND 1-64,2020,53,53,SF,6,58,1.07,0.82,1.41,1.2996,ACTIVE|FIT-TIER-augmented|IN-ND-CURVE-FIT,Maurice Rioli
max-bailey,ND 1-64,2005,18,18,RUCK,5,37,49.92,38.41,95.6,1.2996,FIT-TIER-core|IN-ND-CURVE-FIT,Max Bailey
max-beattie,MSD,2026,12,,SF,1,0,0.0,0.0,0.0,,ACTIVE|FIT-TIER-sensitivity,Max Beattie
max-duffy,ND 1-64,2012,42,42,SF,2,3,0.09,0.07,0.1,1.2996,FIT-TIER-core|IN-ND-CURVE-FIT,Max Duffy
max-gawn,ND 1-64,2009,33,33,RUCK,15,268,6068.73,4669.69,20143.31,1.2996,ACTIVE|FIT-TIER-core|IN-ND-CURVE-FIT,Max Gawn
max-gruzewski,ND 1-64,2022,22,22,KPF,3,23,2.11,1.62,2.74,1.2996,ACTIVE|FIT-TIER-sensitivity,Max Gruzewski
max-hall,MSD,2024,4,,SF,2,44,815.36,815.36,1028.06,1.0,ACTIVE|FIT-TIER-sensitivity,Max Hall
max-heath,MSD,2021,7,,RUCK,2,11,0.91,0.7,1.34,1.2996,ACTIVE|FIT-TIER-augmented|IN-POOL-CELL-FIT,Max Heath
max-holmes,ND 1-64,2020,21,21,MID,6,120,2373.21,1826.11,3507.5,1.2996,ACTIVE|FIT-TIER-augmented|IN-ND-CURVE-FIT,Max Holmes
max-king-1,RD,2013,13,,SF,0,0,0.0,0.0,0.0,,FIT-TIER-core|IN-POOL-CELL-FIT,Maximus King
max-king-stk,ND 1-64,2018,4,4,KPF,6,83,219.49,168.89,274.97,1.2996,ACTIVE|FIT-TIER-augmented|IN-ND-CURVE-FIT,Max King
max-king-syd,ND 1-64,2025,49,49,SF,1,0,0.0,0.0,0.0,,ACTIVE|FIT-TIER-sensitivity,Maxwell King
max-knobel,ND 1-64,2022,42,42,RUCK,1,0,0.0,0.0,0.0,,ACTIVE|FIT-TIER-sensitivity,Max Knobel
max-kondogiannis,ND 1-64,2025,36,36,SD,1,9,0.0,0.0,0.0,1.14,ACTIVE|FIT-TIER-sensitivity,Max Kondogiannis
max-lynch,RD,2016,31,,RUCK,4,11,1.37,1.06,2.07,1.2996,FIT-TIER-augmented|IN-POOL-CELL-FIT,Max Lynch
max-mapley,MSD,2026,18,,RUCK,1,0,0.0,0.0,0.0,,ACTIVE|FIT-TIER-sensitivity,Max Mapley
max-michalanney,ND 1-64,2022,17,17,SD,4,87,5.72,4.42,6.09,1.2948,ACTIVE|FIT-TIER-sensitivity,Max Michalanney
max-otten,RD,2010,19,,KPD,0,0,0.0,0.0,0.0,,FIT-TIER-core|IN-POOL-CELL-FIT,Max Otten
max-ramsden,MSD,2022,6,,RUCK,4,11,30.12,23.17,34.33,1.2996,ACTIVE|FIT-TIER-sensitivity,Max Ramsden
max-spencer,PDA,2016,,,SF,2,8,0.51,0.45,0.51,1.1404,FIT-TIER-augmented|PICKLESS|IN-POOL-CELL-FIT,Max Spencer
max-warren,RD,2011,12,,SF,1,1,0.0,0.0,0.0,1.2996,FIT-TIER-core|IN-POOL-CELL-FIT,Max Warren
michael-apeness,ND 1-64,2013,17,16,KPF,3,12,100.03,76.98,148.11,1.2995,FIT-TIER-core|SLID-2013-14|IN-ND-CURVE-FIT,Michael Apeness
michael-barlow,RD,2009,5,,MID,9,141,3602.91,3602.91,6065.16,1.0,FIT-TIER-core|IN-POOL-CELL-FIT,Michael Barlow
michael-close,ND 1-64,2012,36,36,KPF,4,27,122.73,94.43,159.55,1.2996,FIT-TIER-core|IN-ND-CURVE-FIT,Michael Close
michael-embley,RD,2003,21,,KPF,0,0,0.0,0.0,0.0,,FIT-TIER-core|PRE-2004-OUT-OF-WINDOW,Michael Embley
michael-evans,RD,2010,26,,MID,3,16,0.99,0.76,1.12,1.2993,FIT-TIER-core|IN-POOL-CELL-FIT,Michael Evans
michael-frederick,ND 1-64,2019,60,60,SF,7,118,23.13,17.8,37.72,1.2996,ACTIVE|FIT-TIER-augmented|IN-ND-CURVE-FIT,Michael Frederick
michael-gibbons,SSP,2018,,,MID,3,47,182.38,182.38,240.1,1.0,FIT-TIER-augmented|PICKLESS|IN-POOL-CELL-FIT,Michael Gibbons
michael-hartley,PDS,2011,,,KPD,6,49,323.71,249.08,718.14,1.2996,FIT-TIER-core|PICKLESS|IN-POOL-CELL-FIT,Michael Hartley
michael-hibberd,RD,2010,1,,SD,12,197,1191.94,1191.94,2182.03,1.0,FIT-TIER-core|IN-POOL-CELL-FIT,Michael Hibberd
michael-hurley,ND 1-64,2008,5,5,KPD,12,194,3255.43,2548.06,5964.44,1.2776,FIT-TIER-core|IN-ND-CURVE-FIT,Michael Hurley
michael-jamison,RD,2006,16,,KPD,10,150,225.03,225.03,335.31,1.0,FIT-TIER-core|IN-POOL-CELL-FIT,Michael Jamison
michael-johnson,RD,2003,1,,KPD,14,233,3121.77,2402.1,6322.5,1.2996,FIT-TIER-core|PRE-2004-OUT-OF-WINDOW,Michael Johnson
michael-knoll,MSD,2019,3,,RUCK,0,0,0.0,0.0,0.0,,FIT-TIER-augmented|IN-POOL-CELL-FIT,Michael Knoll
michael-luxford,UNR,2013,,,MID,1,2,0.0,0.0,0.0,1.2996,FIT-TIER-core|PICKLESS|IN-POOL-CELL-FIT,Michael Luxford
michael-manteit,RD,2014,7,,SD,0,0,0.0,0.0,0.0,,FIT-TIER-core|IN-POOL-CELL-FIT,Michael Manteit
michael-mascoulis,RD,2011,17,,MID,0,0,0.0,0.0,0.0,,FIT-TIER-core|IN-POOL-CELL-FIT,Michael Mascoulis
michael-newton,ND 1-64,2004,43,43,KPF,5,28,206.47,158.87,386.83,1.2996,FIT-TIER-core|IN-ND-CURVE-FIT,Michael Newton
michael-pettigrew,ND 1-64,2003,44,44,KPD,7,96,22.85,17.58,33.59,1.2996,FIT-TIER-core|PRE-2004-OUT-OF-WINDOW,Michael Pettigrew
michael-quinn,IRE,2008,,,SD,2,7,0.02,0.01,0.02,1.14,FIT-TIER-core|PICKLESS|IN-POOL-CELL-FIT,Michael Quinn
michael-rischitelli,ND 1-64,2003,55,55,MID,15,240,908.45,699.02,2004.72,1.2996,FIT-TIER-core|PRE-2004-OUT-OF-WINDOW,Michael Rischitelli
michael-rix,RD,2003,20,,RUCK,2,18,0.0,0.0,0.0,1.0,FIT-TIER-core|PRE-2004-OUT-OF-WINDOW,Michael Rix
michael-ross,ND>64,2010,74,74,SF,1,2,0.0,0.0,0.0,1.14,FIT-TIER-core|IN-POOL-CELL-FIT,Michael Ross
michael-sellwood,MSD,2025,5,,SD,1,20,0.63,0.63,0.72,1.0,ACTIVE|FIT-TIER-sensitivity,Michael Sellwood
michael-shields,IRE,2007,,,KPF,0,0,0.0,0.0,0.0,,FIT-TIER-core|PICKLESS|IN-POOL-CELL-FIT,Michael Shields
michael-still,ND 1-64,2008,55,55,KPF,0,0,0.0,0.0,0.0,,FIT-TIER-core|IN-ND-CURVE-FIT,Michael Still
michael-talia,ND 1-64,2011,48,48,KPD,5,31,452.29,348.31,502.8,1.2986,FIT-TIER-core|IN-ND-CURVE-FIT,Michael Talia
michael-walters,ND 1-64,2008,53,53,SF,16,239,2299.15,1769.13,5273.01,1.2996,FIT-TIER-core|IN-ND-CURVE-FIT,Michael Walters
michael-warren,RD,2003,30,,KPD,0,0,0.0,0.0,0.0,,FIT-TIER-core|PRE-2004-OUT-OF-WINDOW,Michael Warren
michael-west,ND 1-64,2005,52,52,KPF,0,0,0.0,0.0,0.0,,FIT-TIER-core|IN-ND-CURVE-FIT,Michael West
michael-wood,RD,2013,11,,SF,0,0,0.0,0.0,0.0,,FIT-TIER-core|IN-POOL-CELL-FIT,Michael Wood
michael-wundke,RD,2007,47,,KPF,0,0,0.0,0.0,0.0,,FIT-TIER-core|IN-POOL-CELL-FIT,Michael Wundke
mike-pyke,UNR,2008,,,RUCK,7,110,221.29,221.29,432.42,1.0,FIT-TIER-core|PICKLESS|IN-POOL-CELL-FIT,Mike Pyke
milan-murdock,SSP,2025,,,SF,1,17,89.02,89.02,101.49,1.0,ACTIVE|FIT-TIER-sensitivity|PICKLESS,Milan Murdock
miles-bergman,ND 1-64,2019,14,14,SD,6,116,217.73,167.54,356.56,1.2996,ACTIVE|FIT-TIER-augmented|IN-ND-CURVE-FIT,Miles Bergman
miller-bergman,ND 1-64,2021,38,38,SD,2,15,0.01,0.0,0.01,1.2996,FIT-TIER-augmented|IN-ND-CURVE-FIT,Miller Bergman
mitch-clark,ND 1-64,2005,9,9,KPF,10,104,1221.85,940.81,1820.06,1.2987,FIT-TIER-core|IN-ND-CURVE-FIT,Mitch Clark
mitch-curnow,RD,2010,46,,RUCK,0,0,0.0,0.0,0.0,,FIT-TIER-core|IN-POOL-CELL-FIT,Mitch Curnow
mitch-georgiades,ND 1-64,2019,18,18,KPF,7,110,471.23,364.1,775.35,1.2942,ACTIVE|FIT-TIER-augmented|IN-ND-CURVE-FIT,Mitch Georgiades
mitch-hardie,MSD,2023,6,,MID,0,0,0.0,0.0,0.0,,FIT-TIER-sensitivity,Mitch Hardie
mitch-honeychurch,ND 1-64,2013,55,54,SF,5,35,75.85,58.37,92.08,1.2995,FIT-TIER-core|SLID-2013-14|IN-ND-CURVE-FIT,Mitch Honeychurch
mitch-king,ND 1-64,2015,42,42,KPF,0,0,0.0,0.0,0.0,,FIT-TIER-augmented|IN-ND-CURVE-FIT,Mitch King
mitch-mccarthy,RD,2016,5,,KPF,0,0,0.0,0.0,0.0,,FIT-TIER-augmented|IN-POOL-CELL-FIT,Mitch McCarthy
mitch-mcgovern,ND 1-64,2014,43,42,KPF,11,166,318.45,318.45,772.8,1.0,ACTIVE|FIT-TIER-core|SLID-2013-14|IN-ND-CURVE-FIT,Mitch McGovern
mitch-morton,ND 1-64,2004,14,14,SF,9,80,545.59,419.82,827.93,1.2996,FIT-TIER-core|IN-ND-CURVE-FIT,Mitch Morton
mitch-o-neill,RD,2019,12,,MID,0,0,0.0,0.0,0.0,,FIT-TIER-augmented|IN-POOL-CELL-FIT,Mitch O'Neill
mitch-podhajski,MSD,2026,17,,KPF,1,2,0.25,0.25,0.25,1.0,ACTIVE|FIT-TIER-sensitivity,Mitch Podhajski
mitch-riordan,MSD,2019,1,,MID,0,0,0.0,0.0,0.0,,FIT-TIER-augmented|IN-POOL-CELL-FIT,Mitch Riordan
mitch-robinson,ND 1-64,2008,40,40,MID,14,247,2610.69,2008.84,4934.91,1.2996,FIT-TIER-core|IN-ND-CURVE-FIT,Mitch Robinson
mitch-zadow,SSP,2025,,,SF,1,7,0.0,0.0,0.0,1.0,ACTIVE|FIT-TIER-sensitivity|PICKLESS,Mitch Zadow
mitchell-banner,ND 1-64,2008,42,42,MID,2,19,1.41,1.09,1.46,1.2996,FIT-TIER-core|IN-ND-CURVE-FIT,Mitchell Banner
mitchell-brown,ND 1-64,2006,17,17,KPF,9,94,9.12,7.02,11.28,1.299,FIT-TIER-core|IN-ND-CURVE-FIT,Mitchell Brown
mitchell-brown-1,ND 1-64,2008,15,15,KPF,11,79,236.13,181.7,675.36,1.2996,FIT-TIER-core|IN-ND-CURVE-FIT,Mitchell Brown
mitchell-carter,RD,2010,47,,KPD,0,0,0.0,0.0,0.0,,FIT-TIER-core|IN-POOL-CELL-FIT,Mitchell Carter
mitchell-clisby,RD,2012,17,,SD,1,8,6.8,6.8,7.75,1.0,FIT-TIER-core|IN-POOL-CELL-FIT,Mitchell Clisby
mitchell-cox,SSP,2021,,,SF,0,0,0.0,0.0,0.0,,FIT-TIER-augmented|PICKLESS|IN-POOL-CELL-FIT,Mitchell Cox
mitchell-crowden,ND 1-64,2017,59,59,MID,4,40,11.88,9.15,12.04,1.2993,FIT-TIER-augmented|IN-ND-CURVE-FIT,Mitchell Crowden
mitchell-duncan,ND 1-64,2009,28,28,MID,16,305,3104.54,2389.15,7434.17,1.2994,FIT-TIER-core|IN-ND-CURVE-FIT,Mitchell Duncan
mitchell-edwards,ND 1-64,2023,32,32,RUCK,1,16,0.05,0.04,0.06,1.2996,ACTIVE|FIT-TIER-sensitivity,Mitchell Edwards
mitchell-farmer,ND 1-64,2007,48,48,SD,3,31,0.1,0.08,0.12,1.2988,FIT-TIER-core|IN-ND-CURVE-FIT,Mitch Farmer
mitchell-golby,RD,2009,12,,SD,5,56,105.96,81.53,127.37,1.2996,FIT-TIER-core|IN-POOL-CELL-FIT,Mitchell Golby
mitchell-grigg,ND 1-64,2011,50,50,MID,3,20,202.38,155.72,228.2,1.2996,FIT-TIER-core|IN-ND-CURVE-FIT,Mitchell Grigg
mitchell-hallahan,ND 1-64,2010,40,40,MID,4,26,73.95,56.9,113.67,1.2996,FIT-TIER-core|IN-ND-CURVE-FIT,Mitchell Hallahan
mitchell-hannan,ND 1-64,2016,46,46,SF,7,80,4.86,4.86,6.65,1.0,FIT-TIER-augmented|IN-ND-CURVE-FIT,Mitchell Hannan
mitchell-harvey,ND 1-64,2013,45,44,KPF,0,0,0.0,0.0,0.0,,FIT-TIER-core|SLID-2013-14|IN-ND-CURVE-FIT,Mitchell Harvey
mitchell-hibberd,ND 1-64,2015,33,33,MID,2,9,0.19,0.15,0.28,1.2996,FIT-TIER-augmented|IN-ND-CURVE-FIT,Mitchell Hibberd
mitchell-hinge,RD,2016,15,,SD,8,90,602.81,463.84,1118.5,1.2996,ACTIVE|FIT-TIER-augmented|IN-POOL-CELL-FIT,Mitchell Hinge
mitchell-knevitt,ND 1-64,2021,25,25,MID,5,23,0.06,0.05,0.07,1.2994,ACTIVE|FIT-TIER-augmented|IN-ND-CURVE-FIT,Mitchell Knevitt
mitchell-lewis,ND>64,2016,75,75,KPF,9,97,557.18,428.74,963.49,1.2996,ACTIVE|FIT-TIER-augmented|IN-POOL-CELL-FIT,Mitchell Lewis
mitchell-marsh,ND 1-64,2025,22,22,KPF,1,0,0.0,0.0,0.0,,ACTIVE|FIT-TIER-sensitivity,Mitchell Marsh
mitchell-thorp,ND 1-64,2006,7,7,KPF,2,2,0.01,0.01,0.01,1.1551,FIT-TIER-core|IN-ND-CURVE-FIT,Mitchell Thorp
mitchell-wallis,ND 1-64,2010,17,17,MID,12,162,1800.81,1385.67,3163.54,1.2996,FIT-TIER-core|IN-ND-CURVE-FIT,Mitchell Wallis
mitchell-white-1,RD,2014,16,,KPD,3,4,104.21,91.2,104.21,1.1427,FIT-TIER-core|IN-POOL-CELL-FIT,Mitchell White
mitchell-wilkins,ND 1-64,2012,50,50,SF,0,0,0.0,0.0,0.0,,FIT-TIER-core|IN-ND-CURVE-FIT,Mitchell Wilkins
mitchito-owens,ND 1-64,2021,33,33,MID,5,90,537.5,413.59,601.28,1.2996,ACTIVE|FIT-TIER-augmented|IN-ND-CURVE-FIT,Mitchito Owens
murphy-reid,ND 1-64,2024,17,17,SF,2,45,679.92,531.53,679.92,1.2792,ACTIVE|FIT-TIER-sensitivity,Murphy Reid
murray-boyd,RD,2003,17,,KPD,0,0,0.0,0.0,0.0,,FIT-TIER-core|PRE-2004-OUT-OF-WINDOW,Murray Boyd
murray-newman,ND 1-64,2011,28,28,SF,2,6,0.0,0.0,0.0,1.1563,FIT-TIER-core|IN-ND-CURVE-FIT,Murray Newman
myke-cook,ND 1-64,2007,38,38,MID,3,14,0.01,0.01,0.01,1.2996,FIT-TIER-core|IN-ND-CURVE-FIT,Myke Cook
mykelti-lefau,SSP,2023,,,KPF,3,30,5.51,5.51,7.04,1.0,ACTIVE|FIT-TIER-sensitivity|PICKLESS,Mykelti Lefau
myles-poholke,ND 1-64,2016,44,44,MID,3,16,0.49,0.38,0.61,1.2996,FIT-TIER-augmented|IN-ND-CURVE-FIT,Myles Poholke
nakia-cockatoo,ND 1-64,2014,11,10,MID,6,49,18.25,14.05,18.73,1.2996,FIT-TIER-core|SLID-2013-14|IN-ND-CURVE-FIT,Nakia Cockatoo
nasiah-wanganeen-milera,ND 1-64,2021,11,11,SD,5,102,3037.19,2337.03,3931.02,1.2996,ACTIVE|FIT-TIER-augmented|IN-ND-CURVE-FIT,Nasiah Wanganeen-Milera
nate-caddy,ND 1-64,2023,10,10,KPF,3,46,11.92,9.35,13.01,1.2741,ACTIVE|FIT-TIER-sensitivity,Nate Caddy
nathan-ablett,ND 1-64,2004,46,46,KPF,4,30,282.13,246.55,283.35,1.1443,FIT-TIER-core|IN-ND-CURVE-FIT,Nathan Ablett
nathan-barkla,PDN,2022,,,SD,0,0,0.0,0.0,0.0,,FIT-TIER-sensitivity|PICKLESS,Nathan Barkla
nathan-batsanis,RD,2006,33,,MID,0,0,0.0,0.0,0.0,,FIT-TIER-core|IN-POOL-CELL-FIT,Nathan Batsanis
nathan-blee,ND 1-64,2011,60,60,SD,2,6,0.01,0.01,0.01,1.0,FIT-TIER-core|IN-ND-CURVE-FIT,Nathan Blee
nathan-broad,ND>64,2015,65,65,SD,11,190,174.73,174.73,447.63,1.0,ACTIVE|FIT-TIER-augmented|IN-POOL-CELL-FIT,Nathan Broad
nathan-brown,ND 1-64,2006,11,11,KPD,11,183,6.61,5.09,14.04,1.2996,FIT-TIER-core|IN-ND-CURVE-FIT,Nathan Brown
nathan-djerrkura,ND 1-64,2006,26,26,MID,4,25,0.06,0.04,0.1,1.2996,FIT-TIER-core|IN-ND-CURVE-FIT,Nathan Djerrkura
nathan-drummond,ND 1-64,2014,52,51,SD,2,5,0.03,0.02,0.03,1.2996,FIT-TIER-core|SLID-2013-14|IN-ND-CURVE-FIT,Nathan Drummond
nathan-foley,RD,2003,5,,MID,10,153,1552.54,1194.63,2803.25,1.2996,FIT-TIER-core|PRE-2004-OUT-OF-WINDOW,Nathan Foley
nathan-freeman,ND 1-64,2013,10,9,MID,1,2,8.33,6.41,12.35,1.2996,FIT-TIER-core|SLID-2013-14|IN-ND-CURVE-FIT,Nathan Freeman
nathan-fyfe,ND 1-64,2009,20,20,MID,16,248,7339.16,5668.32,12948.48,1.2948,FIT-TIER-core|IN-ND-CURVE-FIT,Nathan Fyfe
nathan-gordon,PDS,2009,,,MID,3,23,0.07,0.05,0.1,1.2996,FIT-TIER-core|PICKLESS|IN-POOL-CELL-FIT,Nathan Gordon
nathan-grima,RD,2007,18,,KPD,7,88,1545.75,1545.75,2589.92,1.0,FIT-TIER-core|IN-POOL-CELL-FIT,Nathan Grima
nathan-hrovat,ND 1-64,2012,25,25,MID,7,69,122.92,94.69,155.18,1.2982,FIT-TIER-core|IN-ND-CURVE-FIT,Nathan Hrovat
nathan-jones,ND 1-64,2005,12,12,MID,16,297,1790.82,1380.28,4449.71,1.2974,FIT-TIER-core|IN-ND-CURVE-FIT,Nathan Jones
nathan-krakouer,ND 1-64,2006,40,40,SF,7,82,129.83,99.9,196.97,1.2996,FIT-TIER-core|IN-ND-CURVE-FIT,Nathan Krakouer
nathan-kreuger,RD,2014,13,,KPF,4,15,1.24,1.24,4.2,1.0,FIT-TIER-core|IN-POOL-CELL-FIT,Nathan Kreuger
nathan-lovett-murray,RD,2003,22,,SD,7,116,310.87,310.87,699.49,1.0,FIT-TIER-core|PRE-2004-OUT-OF-WINDOW,Nathan Lovett-Murray
nathan-mullenger-mchugh,RD,2016,14,,KPD,0,0,0.0,0.0,0.0,,FIT-TIER-augmented|IN-POOL-CELL-FIT,Nathan Mullenger-McHugh
nathan-murphy,ND 1-64,2017,39,39,KPD,4,57,4.57,3.52,7.71,1.2992,FIT-TIER-augmented|IN-ND-CURVE-FIT,Nathan Murphy
nathan-o-driscoll,ND 1-64,2020,28,28,MID,5,52,6.61,5.08,10.58,1.2996,ACTIVE|FIT-TIER-augmented|IN-ND-CURVE-FIT,Nathan O'Driscoll
nathan-o-keefe,ND 1-64,2008,58,58,KPF,1,2,0.0,0.0,0.0,1.2996,FIT-TIER-core|IN-ND-CURVE-FIT,Nathan O'Keefe
nathan-stark,RD,2012,6,,KPF,0,0,0.0,0.0,0.0,,FIT-TIER-core|IN-POOL-CELL-FIT,Nathan Stark
nathan-van-berlo,ND 1-64,2004,27,27,MID,11,195,547.2,421.05,859.34,1.2996,FIT-TIER-core|IN-ND-CURVE-FIT,Nathan van Berlo
nathan-vardy,ND 1-64,2009,41,41,RUCK,9,77,150.19,115.56,256.48,1.2996,FIT-TIER-core|IN-ND-CURVE-FIT,Nathan Vardy
nathan-wardius,PDA,2023,,,SF,1,0,0.0,0.0,0.0,,ACTIVE|FIT-TIER-sensitivity|PICKLESS,Nathan Wardius
nathan-wright,ND 1-64,2012,28,28,SD,6,35,0.02,0.02,0.03,1.2288,FIT-TIER-core|IN-ND-CURVE-FIT,Nathan Wright
ned-bowman,ND 1-64,2024,26,26,SF,1,0,0.0,0.0,0.0,,ACTIVE|FIT-TIER-sensitivity,Ned Bowman
ned-cahill,ND 1-64,2019,55,55,SF,2,6,0.0,0.0,0.0,1.2491,FIT-TIER-augmented|IN-ND-CURVE-FIT,Ned Cahill
ned-long,RD,2021,3,,MID,5,56,131.43,101.13,181.54,1.2996,ACTIVE|FIT-TIER-augmented|IN-POOL-CELL-FIT,Ned Long
ned-moyle,MSD,2021,5,,RUCK,4,27,424.22,326.43,544.26,1.2996,ACTIVE|FIT-TIER-augmented|IN-POOL-CELL-FIT,Ned Moyle
ned-reeves,SSP,2018,,,RUCK,6,58,110.1,110.1,167.36,1.0,ACTIVE|FIT-TIER-augmented|PICKLESS|IN-POOL-CELL-FIT,Ned Reeves
neil-erasmus,ND 1-64,2021,10,10,MID,5,60,25.15,19.35,33.28,1.2996,ACTIVE|FIT-TIER-augmented|IN-ND-CURVE-FIT,Neil Erasmus
neville-jetta,ND 1-64,2008,51,51,SF,13,159,8.33,6.41,16.75,1.2993,FIT-TIER-core|IN-ND-CURVE-FIT,Neville Jetta
nial-mckeever,IRE,2009,,,KPD,3,22,0.96,0.96,1.41,1.0,FIT-TIER-core|PICKLESS|IN-POOL-CELL-FIT,Nial McKeever
nic-newman,RD,2014,24,,SD,9,149,1174.79,1174.79,3247.85,1.0,ACTIVE|FIT-TIER-core|IN-POOL-CELL-FIT,Nic Newman
nic-reid,SSP,2019,,,KPF,0,0,0.0,0.0,0.0,,FIT-TIER-augmented|PICKLESS|IN-POOL-CELL-FIT,Nic Reid
nicholas-coffield,ND 1-64,2017,8,8,SD,7,77,139.31,107.2,159.39,1.2995,ACTIVE|FIT-TIER-augmented|IN-ND-CURVE-FIT,Nicholas Coffield
nicholas-coughlan,RD,2015,19,,KPD,0,0,0.0,0.0,0.0,,FIT-TIER-augmented|IN-POOL-CELL-FIT,Nicholas Coughlan
nicholas-duigan,ND>64,2010,68,68,SD,3,43,8.29,8.29,9.54,1.0,FIT-TIER-core|IN-POOL-CELL-FIT,Nicholas Duigan
nicholas-graham,ND 1-64,2012,58,58,MID,6,48,292.96,225.43,402.92,1.2996,FIT-TIER-core|IN-ND-CURVE-FIT,Nicholas Graham
nicholas-heyne,ND 1-64,2008,48,48,SF,1,3,0.0,0.0,0.0,1.2996,FIT-TIER-core|IN-ND-CURVE-FIT,Nicholas Heyne
nicholas-holman,ND 1-64,2013,49,48,MID,11,153,72.72,55.96,152.21,1.2996,ACTIVE|FIT-TIER-core|SLID-2013-14|IN-ND-CURVE-FIT,Nicholas Holman
nicholas-kommer,ND>64,2012,65,65,SF,2,22,0.03,0.03,0.03,1.0,FIT-TIER-core|IN-POOL-CELL-FIT,Nicholas Kommer
nicholas-martin,SSP,2021,,,MID,5,83,1915.33,1915.33,2759.74,1.0,ACTIVE|FIT-TIER-augmented|PICKLESS|IN-POOL-CELL-FIT,Nicholas Martin
nicholas-naitanui,ND 1-64,2008,2,2,RUCK,13,213,4340.65,3340.01,9059.91,1.2996,FIT-TIER-core|IN-ND-CURVE-FIT,Nicholas Naitanui
nicholas-o-brien,ND>64,2011,67,67,MID,3,14,10.6,8.21,13.64,1.2917,FIT-TIER-core|IN-POOL-CELL-FIT,Nicholas O'Brien
nicholas-robertson,ND 1-64,2013,34,33,MID,6,73,2.41,1.86,3.48,1.2963,FIT-TIER-core|SLID-2013-14|IN-ND-CURVE-FIT,Nicholas Robertson
nicholas-shipley,ND 1-64,2017,63,63,MID,2,6,0.0,0.0,0.0,1.1418,FIT-TIER-augmented|IN-ND-CURVE-FIT,Nicholas Shipley
nicholas-suban,ND 1-64,2008,24,24,MID,9,156,25.07,19.32,40.19,1.2979,FIT-TIER-core|IN-ND-CURVE-FIT,Nicholas Suban
nicholas-winmar,ND 1-64,2009,31,31,MID,1,2,0.0,0.0,0.0,1.2996,FIT-TIER-core|IN-ND-CURVE-FIT,Nicholas Winmar
nick-batchelor,RD,2004,27,,MID,0,0,0.0,0.0,0.0,,FIT-TIER-core|IN-POOL-CELL-FIT,Nick Batchelor
nick-becker,RD,2004,31,,SF,0,0,0.0,0.0,0.0,,FIT-TIER-core|IN-POOL-CELL-FIT,Nick Becker
nick-blakey,ND 1-64,2018,10,10,KPF,8,172,1616.01,1243.89,2839.39,1.2992,ACTIVE|FIT-TIER-augmented|IN-ND-CURVE-FIT,Nick Blakey
nick-bourke,RD,2013,19,,SF,0,0,0.0,0.0,0.0,,FIT-TIER-core|IN-POOL-CELL-FIT,Nick Bourke
nick-bryan,ND 1-64,2019,37,37,RUCK,6,34,86.41,66.49,115.11,1.2996,ACTIVE|FIT-TIER-augmented|IN-ND-CURVE-FIT,Nick Bryan
nick-daicos,ND 1-64,2021,4,4,MID,5,115,5438.2,4234.74,6493.98,1.2842,ACTIVE|FIT-TIER-augmented|IN-ND-CURVE-FIT,Nick Daicos
nick-driscoll,RD,2025,6,,MID,1,0,0.0,0.0,0.0,,ACTIVE|FIT-TIER-sensitivity,Nick Driscoll
nick-gill,ND 1-64,2006,64,64,KPF,3,17,267.84,234.53,267.84,1.142,FIT-TIER-core|IN-ND-CURVE-FIT,Nick Gill
nick-hayes,RD,2012,9,,MID,0,0,0.0,0.0,0.0,,FIT-TIER-core|IN-POOL-CELL-FIT,Nick Hayes
nick-haynes,ND 1-64,2011,10,10,SD,15,251,1479.13,1138.15,2773.72,1.2996,ACTIVE|FIT-TIER-core|IN-ND-CURVE-FIT,Nick Haynes
nick-hind,ND 1-64,2018,54,54,SF,6,95,777.17,777.17,1204.94,1.0,FIT-TIER-augmented|IN-ND-CURVE-FIT,Nick Hind
nick-joyce,ND 1-64,2011,55,55,MID,0,0,0.0,0.0,0.0,,FIT-TIER-core|IN-ND-CURVE-FIT,Nick Joyce
nick-larkey,ND>64,2016,72,72,KPF,9,155,285.34,219.56,613.23,1.2996,ACTIVE|FIT-TIER-augmented|IN-POOL-CELL-FIT,Nick Larkey
nick-lower,ND 1-64,2005,30,30,SD,6,55,224.81,172.99,403.11,1.2996,FIT-TIER-core|IN-ND-CURVE-FIT,Nick Lower
nick-madden,PDA,2022,,,RUCK,2,10,229.53,176.62,273.75,1.2996,ACTIVE|FIT-TIER-sensitivity|PICKLESS,Nick Madden
nick-murray,SSP,2020,,,KPD,6,78,80.24,80.24,168.4,1.0,ACTIVE|FIT-TIER-augmented|PICKLESS|IN-POOL-CELL-FIT,Nick Murray
nick-o-kearney,RD,2015,4,,MID,0,0,0.0,0.0,0.0,,FIT-TIER-augmented|IN-POOL-CELL-FIT,Nick O'Kearney
nick-potter,RD,2003,42,,SF,0,0,0.0,0.0,0.0,,FIT-TIER-core|PRE-2004-OUT-OF-WINDOW,Nick Potter
nick-salter,RD,2007,19,,KPF,4,21,68.54,52.74,75.49,1.2996,FIT-TIER-core|IN-POOL-CELL-FIT,Nick Salter
nick-smith-1,RD,2006,14,,SD,11,211,46.23,35.57,99.11,1.2996,FIT-TIER-core|IN-POOL-CELL-FIT,Nick Smith
nick-stevens,ND 1-64,2020,49,49,SD,0,0,0.0,0.0,0.0,,FIT-TIER-augmented|IN-ND-CURVE-FIT,Nick Stevens
nick-vlastuin,ND 1-64,2012,12,12,SD,14,275,1580.97,1223.45,3867.7,1.2922,ACTIVE|FIT-TIER-core|IN-ND-CURVE-FIT,Nick Vlastuin
nick-watson,ND 1-64,2023,5,5,SF,3,61,546.59,426.43,612.45,1.2818,ACTIVE|FIT-TIER-sensitivity,Nick Watson
nick-westhoff,RD,2009,39,,KPF,0,0,0.0,0.0,0.0,,FIT-TIER-core|IN-POOL-CELL-FIT,Nick Westhoff
nikolas-cox,ND 1-64,2020,8,8,KPD,5,61,1.93,1.65,2.05,1.1691,ACTIVE|FIT-TIER-augmented|IN-ND-CURVE-FIT,Nikolas Cox
noah-anderson,ND 1-64,2019,2,2,MID,7,149,3287.32,2535.48,4756.35,1.2965,ACTIVE|FIT-TIER-augmented|IN-ND-CURVE-FIT,Noah Anderson
noah-answerth,ND 1-64,2018,55,55,SD,7,101,8.36,6.49,13.84,1.2881,ACTIVE|FIT-TIER-augmented|IN-ND-CURVE-FIT,Noah Answerth
noah-balta,ND 1-64,2017,25,25,KPD,8,134,459.59,353.64,733.62,1.2996,ACTIVE|FIT-TIER-augmented|IN-ND-CURVE-FIT,Noah Balta
noah-chamberlain,PDA,2025,,,SF,1,0,0.0,0.0,0.0,,ACTIVE|FIT-TIER-sensitivity|PICKLESS,Noah Chamberlain
noah-cumberland,ND 1-64,2019,42,42,SF,3,25,9.0,6.93,10.26,1.2996,FIT-TIER-augmented|IN-ND-CURVE-FIT,Noah Cumberland
noah-gown,ND 1-64,2018,60,60,KPF,0,0,0.0,0.0,0.0,,FIT-TIER-augmented|IN-ND-CURVE-FIT,Noah Gown
noah-howes,MSD,2025,14,,KPF,1,1,0.0,0.0,0.0,1.0,ACTIVE|FIT-TIER-sensitivity,Noah Howes
noah-long,ND 1-64,2022,57,57,SF,4,36,0.55,0.47,0.55,1.1725,ACTIVE|FIT-TIER-sensitivity,Noah Long
noah-mraz,ND 1-64,2024,35,35,KPD,1,4,360.58,277.45,360.58,1.2996,ACTIVE|FIT-TIER-sensitivity,Noah Mraz
noah-roberts-thomson,ND 1-64,2025,54,54,SF,1,3,0.0,0.0,0.0,1.14,ACTIVE|FIT-TIER-sensitivity,Noah Roberts-Thomson
odin-jones,RD,2023,4,,KPF,0,0,0.0,0.0,0.0,,FIT-TIER-sensitivity,Odin Jones
oisin-mullin,IRE,2021,,,SD,4,64,0.15,0.15,0.29,1.0,ACTIVE|FIT-TIER-augmented|PICKLESS|IN-POOL-CELL-FIT,Oisin Mullin
oleg-markov,ND 1-64,2015,50,50,SD,9,94,62.67,50.04,94.82,1.2525,FIT-TIER-augmented|IN-ND-CURVE-FIT,Oleg Markov
oliver-florent,ND 1-64,2016,11,11,MID,10,205,297.69,229.07,614.99,1.2996,ACTIVE|FIT-TIER-augmented|IN-ND-CURVE-FIT,Oliver Florent
oliver-francou,MSD,2026,3,,MID,1,4,8.25,8.25,8.25,1.0,ACTIVE|FIT-TIER-sensitivity,Oliver Francou
oliver-griffin,MSD,2026,6,,SF,1,0,0.0,0.0,0.0,,ACTIVE|FIT-TIER-sensitivity,Oliver Griffin
oliver-hannaford,ND 1-64,2024,18,18,SF,1,5,0.0,0.0,0.0,1.2996,ACTIVE|FIT-TIER-sensitivity,Oliver Hannaford
oliver-hayes-brown,UNR,2023,,,RUCK,1,7,0.01,0.01,0.01,1.0,ACTIVE|FIT-TIER-sensitivity|PICKLESS,Oliver Hayes-Brown
oliver-henry,ND 1-64,2020,18,18,SF,6,105,13.74,10.57,20.04,1.2995,ACTIVE|FIT-TIER-augmented|IN-ND-CURVE-FIT,Oliver Henry
oliver-hollands,ND 1-64,2022,11,11,MID,4,76,67.68,52.09,79.15,1.2993,ACTIVE|FIT-TIER-sensitivity,Oliver Hollands
oliver-sestan,RD,2022,10,,SF,0,0,0.0,0.0,0.0,,FIT-TIER-sensitivity,Oliver Sestan
oliver-wiltshire,ND 1-64,2023,61,61,SF,2,15,0.15,0.15,0.22,1.0,ACTIVE|FIT-TIER-sensitivity,Oliver Wiltshire
oliver-wines,ND 1-64,2012,10,10,MID,14,290,4290.33,3304.33,7912.34,1.2984,ACTIVE|FIT-TIER-core|IN-ND-CURVE-FIT,Oliver Wines
olli-hotton,ND 1-64,2022,35,35,SF,0,0,0.0,0.0,0.0,,FIT-TIER-sensitivity,Olli Hotton
ollie-dempsey,RD,2021,7,,SF,5,79,458.43,352.75,594.4,1.2996,ACTIVE|FIT-TIER-augmented|IN-POOL-CELL-FIT,Ollie Dempsey
ollie-greeves,RD,2025,5,,MID,1,4,0.0,0.0,0.0,1.14,ACTIVE|FIT-TIER-sensitivity,Ollie Greeves
ollie-hanrahan,RD,2016,11,,SF,3,29,0.46,0.35,0.53,1.2996,FIT-TIER-augmented|IN-POOL-CELL-FIT,Ollie Hanrahan
ollie-lord,ND 1-64,2020,51,51,KPF,4,35,0.99,0.76,1.15,1.2996,ACTIVE|FIT-TIER-augmented|IN-ND-CURVE-FIT,Ollie Lord
ollie-murphy,ND 1-64,2023,41,41,KPD,1,0,0.0,0.0,0.0,,ACTIVE|FIT-TIER-sensitivity,Ollie Murphy
orazio-fantasia,ND 1-64,2013,51,50,SF,11,119,488.22,375.67,688.64,1.2996,FIT-TIER-core|SLID-2013-14|IN-ND-CURVE-FIT,Orazio Fantasia
orren-stephenson,ND>64,2011,76,76,RUCK,3,15,39.79,39.79,54.4,1.0,FIT-TIER-core|IN-POOL-CELL-FIT,Orren Stephenson
osca-ricciardi,RD,2022,12,,SF,0,0,0.0,0.0,0.0,,FIT-TIER-sensitivity,Osca Ricciardi
oscar-adams,ND 1-64,2021,51,51,KPD,2,21,0.08,0.06,0.11,1.2996,ACTIVE|FIT-TIER-augmented|IN-ND-CURVE-FIT,Oscar Adams
oscar-allen,ND 1-64,2017,21,21,KPF,8,114,607.86,467.92,760.54,1.2991,ACTIVE|FIT-TIER-augmented|IN-ND-CURVE-FIT,Oscar Allen
oscar-berry,UNR,2025,,,KPD,1,0,0.0,0.0,0.0,,ACTIVE|FIT-TIER-sensitivity|PICKLESS,Oscar Berry
oscar-brownless,ND>64,2018,74,74,MID,0,0,0.0,0.0,0.0,,FIT-TIER-augmented|IN-POOL-CELL-FIT,Oscar Brownless
oscar-clavarino,ND 1-64,2017,35,35,KPD,1,5,0.0,0.0,0.01,1.2996,FIT-TIER-augmented|IN-ND-CURVE-FIT,Oscar Clavarino
oscar-junker,RD,2016,19,,MID,0,0,0.0,0.0,0.0,,FIT-TIER-augmented|IN-POOL-CELL-FIT,Oscar Junker
oscar-mcdonald,ND 1-64,2014,53,52,KPD,11,102,300.7,231.38,405.98,1.2996,ACTIVE|FIT-TIER-core|SLID-2013-14|IN-ND-CURVE-FIT,Oscar McDonald
oscar-mcinerney,RD,2016,23,,RUCK,8,165,1302.28,1302.28,2736.18,1.0,FIT-TIER-augmented|IN-POOL-CELL-FIT,Oscar McInerney
oscar-murdoch,RD,2022,7,,SD,0,0,0.0,0.0,0.0,,FIT-TIER-sensitivity,Oscar Murdoch
oscar-ryan,ND 1-64,2023,27,27,SD,1,2,151.15,116.31,172.31,1.2996,ACTIVE|FIT-TIER-sensitivity,Oscar Ryan
oscar-steene,SSP,2022,,,RUCK,1,8,1.06,0.82,1.38,1.2996,ACTIVE|FIT-TIER-sensitivity|PICKLESS,Oscar Steene
oskar-baker,ND 1-64,2017,48,48,MID,7,57,0.61,0.47,1.17,1.2996,ACTIVE|FIT-TIER-augmented|IN-ND-CURVE-FIT,Oskar Baker
oskar-faulkhead,MSD,2022,7,,MID,0,0,0.0,0.0,0.0,,FIT-TIER-sensitivity,Oskar Faulkhead
oskar-smartt,MSD,2025,16,,SF,1,4,0.0,0.0,0.0,1.0,FIT-TIER-sensitivity,Oskar Smartt
oskar-taylor,ND 1-64,2025,15,15,SD,1,0,0.0,0.0,0.0,,ACTIVE|FIT-TIER-sensitivity,Oskar Taylor
paddy-brophy,IRE,2014,,,SD,0,0,0.0,0.0,0.0,,FIT-TIER-core|PICKLESS|IN-POOL-CELL-FIT,Paddy Brophy
paddy-cross,SSP,2025,,,SF,1,10,0.06,0.06,0.07,1.0,ACTIVE|FIT-TIER-sensitivity|PICKLESS,Paddy Cross
paddy-dow,ND 1-64,2017,3,3,MID,8,83,1.89,1.48,2.21,1.2745,ACTIVE|FIT-TIER-augmented|IN-ND-CURVE-FIT,Paddy Dow
paddy-mccartin,ND 1-64,2014,1,,KPF,6,63,57.22,44.03,124.87,1.2996,FORCE-MAJEURE-EXCLUDED|FIT-TIER-core,Paddy McCartin
paddy-ryder,ND 1-64,2005,7,7,KPD,16,277,3176.7,2444.37,7719.88,1.2996,FIT-TIER-core|IN-ND-CURVE-FIT,Paddy Ryder
padraig-lucey,IRE,2014,,,RUCK,0,0,0.0,0.0,0.0,,FIT-TIER-core|PICKLESS|IN-POOL-CELL-FIT,Padraig Lucey
pat-contin,RD,2009,17,,MID,0,0,0.0,0.0,0.0,,FIT-TIER-core|IN-POOL-CELL-FIT,Pat Contin
pat-garner,ND 1-64,2004,30,30,KPD,0,0,0.0,0.0,0.0,,FIT-TIER-core|IN-ND-CURVE-FIT,Pat Garner
pat-kerr,ND 1-64,2016,64,64,KPF,1,4,0.23,0.17,0.23,1.2996,FIT-TIER-augmented|IN-ND-CURVE-FIT,Pat Kerr
patrick-ambrose,RD,2009,45,,KPF,7,88,19.3,19.3,43.74,1.0,FIT-TIER-core|IN-POOL-CELL-FIT,Patrick Ambrose
patrick-bines,UNR,2018,,,RUCK,0,0,0.0,0.0,0.0,,FIT-TIER-augmented|PICKLESS|IN-POOL-CELL-FIT,Patrick Bines
patrick-carr,UNR,2025,,,RUCK,1,0,0.0,0.0,0.0,,ACTIVE|FIT-TIER-sensitivity|PICKLESS,Patrick Carr
patrick-cripps,ND 1-64,2013,13,12,MID,13,251,5500.09,4232.14,9989.04,1.2996,ACTIVE|FIT-TIER-core|SLID-2013-14|IN-ND-CURVE-FIT,Patrick Cripps
patrick-dangerfield,ND 1-64,2007,10,10,MID,19,376,6862.34,5280.35,17500.7,1.2996,ACTIVE|FIT-TIER-core|IN-ND-CURVE-FIT,Patrick Dangerfield
patrick-karnezis,ND 1-64,2010,27,27,KPF,4,25,1.99,1.67,2.02,1.1935,FIT-TIER-core|IN-ND-CURVE-FIT,Patrick Karnezis
patrick-lipinski,ND 1-64,2016,28,28,MID,10,160,1229.81,946.32,2041.12,1.2996,ACTIVE|FIT-TIER-augmented|IN-ND-CURVE-FIT,Patrick Lipinski
patrick-mccarthy,ND 1-64,2010,36,36,KPD,1,1,0.0,0.0,0.0,1.2996,FIT-TIER-core|IN-ND-CURVE-FIT,Patrick McCarthy
patrick-mcginnity,RD,2007,6,,MID,8,93,13.68,10.52,30.33,1.2996,FIT-TIER-core|IN-POOL-CELL-FIT,Patrick McGinnity
patrick-mckenna,ND 1-64,2014,24,23,SF,0,0,0.0,0.0,0.0,,FIT-TIER-core|SLID-2013-14|IN-ND-CURVE-FIT,Patrick McKenna
patrick-mitchell,UNR,2013,,,RUCK,0,0,0.0,0.0,0.0,,FIT-TIER-core|PICKLESS|IN-POOL-CELL-FIT,Patrick Mitchell
patrick-murtagh,PDA,2019,,,KPF,0,0,0.0,0.0,0.0,,FIT-TIER-augmented|PICKLESS|IN-POOL-CELL-FIT,Patrick Murtagh
patrick-naish,ND 1-64,2017,34,34,MID,4,20,14.6,11.24,15.16,1.2996,FIT-TIER-augmented|IN-ND-CURVE-FIT,Patrick Naish
patrick-parnell,MSD,2021,4,,SD,3,17,0.0,0.0,0.0,1.0,FIT-TIER-augmented|IN-POOL-CELL-FIT,Patrick Parnell
patrick-retschko,RD,2024,8,,MID,1,16,12.03,9.26,12.03,1.2996,ACTIVE|FIT-TIER-sensitivity,Patrick Retschko
patrick-said,ND 1-64,2024,60,60,SF,1,0,0.0,0.0,0.0,,ACTIVE|FIT-TIER-sensitivity,Patrick Said
patrick-snell,ND 1-64,2023,53,53,KPD,1,0,0.0,0.0,0.0,,ACTIVE|FIT-TIER-sensitivity,Patrick Snell
patrick-veszpremi,ND 1-64,2007,11,11,SF,6,23,6.88,5.5,7.71,1.2503,FIT-TIER-core|IN-ND-CURVE-FIT,Patrick Veszpremi
patrick-voss,RD,2021,5,,KPF,3,47,120.41,92.65,175.52,1.2996,ACTIVE|FIT-TIER-augmented|IN-POOL-CELL-FIT,Patrick Voss
patrick-walker,RD,2020,1,,SD,0,0,0.0,0.0,0.0,,FIT-TIER-augmented|IN-POOL-CELL-FIT,Patrick Walker
patrick-wearden,ND 1-64,2011,56,56,MID,0,0,0.0,0.0,0.0,,FIT-TIER-core|IN-ND-CURVE-FIT,Patrick Wearden
patrick-wilson,RD,2017,10,,MID,2,2,0.0,0.0,0.0,1.0,FIT-TIER-augmented|IN-POOL-CELL-FIT,Patrick Wilson
paul-ahern,ND 1-64,2014,9,8,MID,3,24,67.17,51.69,87.93,1.2996,FIT-TIER-core|SLID-2013-14|IN-ND-CURVE-FIT,Paul Ahern
paul-bower,ND 1-64,2005,20,20,KPD,7,68,793.2,610.34,1096.89,1.2996,FIT-TIER-core|IN-ND-CURVE-FIT,Paul Bower
paul-cahill,ND>64,2008,71,71,KPF,0,0,0.0,0.0,0.0,,FIT-TIER-core|IN-POOL-CELL-FIT,Paul Cahill
paul-cribbin,IRE,2010,,,SD,0,0,0.0,0.0,0.0,,FIT-TIER-core|PICKLESS|IN-POOL-CELL-FIT,Paul Cribbin
paul-currie,RD,2005,35,,KPF,0,0,0.0,0.0,0.0,,FIT-TIER-core|IN-POOL-CELL-FIT,Paul Currie
paul-curtis,ND 1-64,2021,35,35,SF,5,96,384.47,295.93,525.02,1.2992,ACTIVE|FIT-TIER-augmented|IN-ND-CURVE-FIT,Paul Curtis
paul-duffield,RD,2003,11,,SD,10,162,1089.76,838.54,2333.7,1.2996,FIT-TIER-core|PRE-2004-OUT-OF-WINDOW,Paul Duffield
paul-hunter,RD,2015,10,,RUCK,1,7,0.01,0.01,0.01,1.0,FIT-TIER-augmented|IN-POOL-CELL-FIT,Paul Hunter
paul-newman,RD,2003,18,,SD,0,0,0.0,0.0,0.0,,FIT-TIER-core|PRE-2004-OUT-OF-WINDOW,Paul Newman
paul-o-shea,ND>64,2006,72,72,KPD,0,0,0.0,0.0,0.0,,FIT-TIER-core|IN-POOL-CELL-FIT,Paul O'Shea
paul-puopolo,ND>64,2010,65,65,SF,10,196,709.49,709.49,1236.66,1.0,FIT-TIER-core|IN-POOL-CELL-FIT,Paul Puopolo
paul-seedsman,ND>64,2010,72,72,SD,10,132,427.15,328.68,1054.51,1.2996,FIT-TIER-core|IN-POOL-CELL-FIT,Paul Seedsman
paul-shelton,RD,2003,41,,MID,0,0,0.0,0.0,0.0,,FIT-TIER-core|PRE-2004-OUT-OF-WINDOW,Paul Shelton
paul-stewart,ND 1-64,2006,24,24,SD,9,101,6.86,5.28,12.12,1.2996,FIT-TIER-core|IN-ND-CURVE-FIT,Paul Stewart
paul-thomas,ND 1-64,2004,56,56,MID,1,8,0.0,0.0,0.0,1.0,FIT-TIER-core|IN-ND-CURVE-FIT,Paul Thomas
paul-tsapatolis,UNR,2020,,,RUCK,0,0,0.0,0.0,0.0,,FIT-TIER-augmented|PICKLESS|IN-POOL-CELL-FIT,Paul Tsapatolis
pearce-hanley,IRE,2007,,,SD,13,169,1604.55,1234.65,2928.33,1.2996,FIT-TIER-core|PICKLESS|IN-POOL-CELL-FIT,Pearce Hanley
peter-faulks-1,ND>64,2006,65,65,KPD,2,3,0.06,0.05,0.11,1.2996,FIT-TIER-core|IN-POOL-CELL-FIT,Peter Faulks
peter-hardy,RD,2006,41,,MID,0,0,0.0,0.0,0.0,,FIT-TIER-core|IN-POOL-CELL-FIT,Peter Hardy
peter-ladhams,RD,2016,7,,RUCK,8,65,990.31,762.01,1488.46,1.2996,ACTIVE|FIT-TIER-augmented|IN-POOL-CELL-FIT,Peter Ladhams
peter-summers,RD,2003,38,,SF,0,0,0.0,0.0,0.0,,FIT-TIER-core|PRE-2004-OUT-OF-WINDOW,Peter Summers
peter-wright,ND 1-64,2014,10,9,KPF,11,168,1323.64,1018.5,2551.15,1.2996,ACTIVE|FIT-TIER-core|SLID-2013-14|IN-ND-CURVE-FIT,Peter Wright
phil-davis,ND 1-64,2008,10,10,KPD,13,192,554.62,426.77,1250.73,1.2996,FIT-TIER-core|IN-ND-CURVE-FIT,Phil Davis
phil-smith,RD,2007,12,,MID,0,0,0.0,0.0,0.0,,FIT-TIER-core|IN-POOL-CELL-FIT,Phil Smith
phillip-raymond,ND 1-64,2005,57,57,SF,0,0,0.0,0.0,0.0,,FIT-TIER-core|IN-ND-CURVE-FIT,Phillip Raymond
phoenix-foster,ND 1-64,2022,52,52,KPF,0,0,0.0,0.0,0.0,,FIT-TIER-sensitivity,Phoenix Foster
phoenix-gothard,ND 1-64,2023,12,12,SF,1,15,67.68,52.07,77.15,1.2996,ACTIVE|FIT-TIER-sensitivity,Phoenix Gothard
phoenix-spicer,ND 1-64,2020,44,44,SF,3,12,0.0,0.0,0.0,1.2996,FIT-TIER-augmented|IN-ND-CURVE-FIT,Phoenix Spicer
piva-wright,RD,2011,50,,KPD,0,0,0.0,0.0,0.0,,FIT-TIER-core|IN-POOL-CELL-FIT,Piva Wright
quinton-narkle,ND 1-64,2016,59,59,MID,8,59,250.35,192.64,285.51,1.2996,FIT-TIER-augmented|IN-ND-CURVE-FIT,Quinton Narkle
ranga-ediriwickrama,PDS,2008,,,SF,0,0,0.0,0.0,0.0,,FIT-TIER-core|PICKLESS|IN-POOL-CELL-FIT,Ranga Ediriwickrama
raphael-clarke,ND 1-64,2003,8,8,SD,8,74,27.51,21.17,39.24,1.2996,FIT-TIER-core|PRE-2004-OUT-OF-WINDOW,Raphael Clarke
ray-connellan,IRE,2016,,,SD,0,0,0.0,0.0,0.0,,FIT-TIER-augmented|PICKLESS|IN-POOL-CELL-FIT,Ray Connellan
red-og-murphy,IRE,2018,,,SD,0,0,0.0,0.0,0.0,,FIT-TIER-augmented|PICKLESS|IN-POOL-CELL-FIT,Red Og Murphy
reece-conca,ND 1-64,2010,6,6,MID,11,150,137.98,106.18,183.18,1.2995,FIT-TIER-core|IN-ND-CURVE-FIT,Reece Conca
reece-mckenzie,ND>64,2014,71,70,KPF,0,0,0.0,0.0,0.0,,FIT-TIER-core|SLID-2013-14|IN-POOL-CELL-FIT,Reece McKenzie
reece-torrent,ND 1-64,2023,64,64,MID,1,0,0.0,0.0,0.0,,ACTIVE|FIT-TIER-sensitivity,Reece Torrent
reef-mcinnes,ND 1-64,2020,24,24,MID,5,23,0.01,0.01,0.02,1.2996,ACTIVE|FIT-TIER-augmented|IN-ND-CURVE-FIT,Reef McInnes
reilly-o-brien,RD,2014,8,,RUCK,9,148,2245.3,1727.68,4658.82,1.2996,ACTIVE|FIT-TIER-core|IN-POOL-CELL-FIT,Reilly O'Brien
relton-roberts,RD,2009,31,,SF,1,2,0.0,0.0,0.0,1.0,FIT-TIER-core|IN-POOL-CELL-FIT,Relton Roberts
reuben-ginbey,ND 1-64,2022,9,9,MID,4,76,54.71,42.28,65.92,1.2938,ACTIVE|FIT-TIER-sensitivity,Reuben Ginbey
reuben-william,RD,2015,16,,MID,0,0,0.0,0.0,0.0,,FIT-TIER-augmented|IN-POOL-CELL-FIT,Reuben William
rhan-hooper,ND 1-64,2005,41,41,SF,5,52,111.71,85.96,114.03,1.2995,FIT-TIER-core|IN-ND-CURVE-FIT,Rhan Hooper
rhett-bazzo,ND 1-64,2021,37,37,KPD,5,40,16.18,12.46,23.76,1.2989,ACTIVE|FIT-TIER-augmented|IN-ND-CURVE-FIT,Rhett Bazzo
rhett-montgomerie,RD,2022,2,,SD,0,0,0.0,0.0,0.0,,FIT-TIER-sensitivity,Rhett Montgomerie
rhyan-mansell,SSP,2020,,,SD,6,79,5.85,5.85,10.55,1.0,ACTIVE|FIT-TIER-augmented|PICKLESS|IN-POOL-CELL-FIT,Rhyan Mansell
rhylee-west,ND 1-64,2018,26,26,MID,8,101,98.28,75.63,179.78,1.2994,ACTIVE|FIT-TIER-augmented|IN-ND-CURVE-FIT,Rhylee West
rhys-archard,RD,2006,38,,MID,0,0,0.0,0.0,0.0,,FIT-TIER-core|IN-POOL-CELL-FIT,Rhys Archard
rhys-cooyou,RD,2010,4,,SF,1,1,0.0,0.0,0.0,1.2996,FIT-TIER-core|IN-POOL-CELL-FIT,Rhys Cooyou
rhys-healey,RD,2008,17,,SF,0,0,0.0,0.0,0.0,,FIT-TIER-core|IN-POOL-CELL-FIT,Rhys Healey
rhys-magin,RD,2007,10,,SF,1,4,0.0,0.0,0.0,1.14,FIT-TIER-core|IN-POOL-CELL-FIT,Rhys Magin
rhys-mathieson,ND 1-64,2015,39,39,MID,7,72,268.92,208.02,367.83,1.2928,FIT-TIER-augmented|IN-ND-CURVE-FIT,Rhys Mathieson
rhys-nicholls,RD,2020,12,,MID,0,0,0.0,0.0,0.0,,FIT-TIER-augmented|IN-POOL-CELL-FIT,Rhys Nicholls
rhys-o-keeffe,ND 1-64,2008,64,64,SF,2,3,0.0,0.0,0.0,1.2996,FIT-TIER-core|IN-ND-CURVE-FIT,Rhys O'Keeffe
rhys-palmer,ND 1-64,2007,7,7,MID,10,123,530.27,441.88,737.34,1.2,FIT-TIER-core|IN-ND-CURVE-FIT,Rhys Palmer
rhys-stanley,ND 1-64,2008,47,47,RUCK,17,230,1217.31,936.68,3538.09,1.2996,ACTIVE|FIT-TIER-core|IN-ND-CURVE-FIT,Rhys Stanley
rhys-unwin,ND 1-64,2024,61,61,SF,2,5,0.0,0.0,0.0,1.2977,ACTIVE|FIT-TIER-sensitivity,Rhys Unwin
riak-andrew,ND 1-64,2024,55,55,KPD,1,0,0.0,0.0,0.0,,ACTIVE|FIT-TIER-sensitivity,Riak Andrew
richard-douglas,ND 1-64,2005,16,16,MID,14,233,1481.18,1140.5,3152.09,1.2987,FIT-TIER-core|IN-ND-CURVE-FIT,Richard Douglas
richard-newell,PDS,2011,,,KPD,0,0,0.0,0.0,0.0,,FIT-TIER-core|PICKLESS|IN-POOL-CELL-FIT,Richard Newell
richard-tambling,ND 1-64,2004,4,4,MID,9,124,265.27,204.12,390.35,1.2996,FIT-TIER-core|IN-ND-CURVE-FIT,Richard Tambling
ricky-dyson,ND 1-64,2003,43,43,MID,8,102,20.41,15.71,36.93,1.2996,FIT-TIER-core|PRE-2004-OUT-OF-WINDOW,Ricky Dyson
ricky-henderson,RD,2008,12,,MID,11,159,560.85,560.85,1559.91,1.0,FIT-TIER-core|IN-POOL-CELL-FIT,Ricky Henderson
ricky-mentha,PDN,2024,,,SF,1,0,0.0,0.0,0.0,,ACTIVE|FIT-TIER-sensitivity|PICKLESS,Ricky Mentha
ricky-petterd,ND 1-64,2006,31,31,SF,9,84,723.91,557.09,1131.6,1.2995,FIT-TIER-core|IN-ND-CURVE-FIT,Ricky Petterd
riley-bice,ND 1-64,2024,41,41,SD,2,35,118.4,118.4,153.71,1.0,ACTIVE|FIT-TIER-sensitivity,Riley Bice
riley-bonner,ND 1-64,2015,37,37,SD,9,112,131.41,103.64,192.24,1.268,FIT-TIER-augmented|IN-ND-CURVE-FIT,Riley Bonner
riley-collier-dawkins,ND 1-64,2018,20,20,MID,2,11,0.09,0.07,0.1,1.2996,FIT-TIER-augmented|IN-ND-CURVE-FIT,Riley Collier-Dawkins
riley-garcia,ND 1-64,2019,61,61,MID,6,39,15.52,11.94,24.14,1.2996,ACTIVE|FIT-TIER-augmented|IN-ND-CURVE-FIT,Riley Garcia
riley-grundy,ND>64,2018,73,73,KPD,0,0,0.0,0.0,0.0,,FIT-TIER-augmented|IN-POOL-CELL-FIT,Riley Grundy
riley-hamilton,PDA,2025,,,SF,1,6,0.0,0.0,0.0,1.14,ACTIVE|FIT-TIER-sensitivity|PICKLESS,Riley Hamilton
riley-hardeman,ND 1-64,2023,23,23,SD,3,25,0.1,0.08,0.1,1.2967,ACTIVE|FIT-TIER-sensitivity,Riley Hardeman
riley-knight,ND 1-64,2013,46,45,MID,6,55,30.6,23.54,46.24,1.2996,FIT-TIER-core|SLID-2013-14|IN-ND-CURVE-FIT,Riley Knight
riley-milne,RD,2008,16,,KPD,2,3,0.01,0.01,0.01,1.1401,FIT-TIER-core|IN-POOL-CELL-FIT,Riley Milne
riley-onley,RD,2025,2,,MID,1,0,0.0,0.0,0.0,,ACTIVE|FIT-TIER-sensitivity,Riley Onley
riley-thilthorpe,ND 1-64,2020,2,2,KPF,6,96,1223.68,944.39,1791.78,1.2957,ACTIVE|FIT-TIER-augmented|IN-ND-CURVE-FIT,Riley Thilthorpe
river-stevens,ND>64,2024,67,67,SF,1,0,0.0,0.0,0.0,,ACTIVE|FIT-TIER-sensitivity,River Stevens
roan-steele,MSD,2025,7,,MID,2,21,0.04,0.04,0.05,1.0,ACTIVE|FIT-TIER-sensitivity,Roan Steele
roarke-smith,RD,2014,4,,SD,7,47,3.72,2.86,6.46,1.2996,FIT-TIER-core|IN-POOL-CELL-FIT,Roarke Smith
rob-monahan,IRE,2023,,,SD,1,0,0.0,0.0,0.0,,ACTIVE|FIT-TIER-sensitivity|PICKLESS,Rob Monahan
robbie-fox,RD,2016,22,,MID,8,105,98.02,98.02,172.91,1.0,FIT-TIER-augmented|IN-POOL-CELL-FIT,Robbie Fox
robbie-mccomb,RD,2021,10,,MID,2,18,0.01,0.01,0.01,1.0,FIT-TIER-augmented|IN-POOL-CELL-FIT,Robbie McComb
robert-campbell,RD,2010,50,,RUCK,0,0,0.0,0.0,0.0,,FIT-TIER-core|IN-POOL-CELL-FIT,Robert Campbell
robert-eddy,RD,2006,36,,MID,3,33,0.05,0.04,0.06,1.2996,FIT-TIER-core|IN-POOL-CELL-FIT,Robert Eddy
robert-gray,ND 1-64,2006,55,55,SF,16,271,3545.39,2731.34,8506.35,1.298,FIT-TIER-core|IN-ND-CURVE-FIT,Robbie Gray
robert-hansen,MSD,2023,2,,SF,4,20,0.0,0.0,0.0,1.2246,ACTIVE|FIT-TIER-sensitivity,Robert Hansen
robert-hicks,RD,2009,4,,SF,1,3,0.03,0.02,0.03,1.14,FIT-TIER-core|IN-POOL-CELL-FIT,Robert Hicks
robert-tarrant,ND 1-64,2007,15,15,KPF,13,194,828.71,637.67,2613.66,1.2996,FIT-TIER-core|IN-ND-CURVE-FIT,Robbie Tarrant
robert-warnock,ND 1-64,2005,42,42,RUCK,8,83,520.93,400.84,1049.99,1.2996,FIT-TIER-core|IN-ND-CURVE-FIT,Robert Warnock
robert-young,ND>64,2018,67,67,SF,1,3,0.0,0.0,0.0,1.0,FIT-TIER-augmented|IN-POOL-CELL-FIT,Robert Young
robin-nahas,RD,2008,10,,SF,8,116,535.62,535.62,792.97,1.0,FIT-TIER-core|IN-POOL-CELL-FIT,Robin Nahas
rohan-bail,ND 1-64,2008,63,63,SF,7,71,68.16,68.16,97.54,1.0,FIT-TIER-core|IN-ND-CURVE-FIT,Rohan Bail
rohan-kerr,ND 1-64,2009,57,57,MID,0,0,0.0,0.0,0.0,,FIT-TIER-core|IN-ND-CURVE-FIT,Rohan Kerr
ronin-o-connor,ND 1-64,2019,41,41,MID,1,3,0.0,0.0,0.0,1.2996,FIT-TIER-augmented|IN-ND-CURVE-FIT,Ronin O'Connor
rory-atkins,ND>64,2012,68,68,MID,11,141,129.42,99.58,219.6,1.2996,FIT-TIER-core|IN-POOL-CELL-FIT,Rory Atkins
rory-laird,RD,2011,8,,SD,14,285,4510.18,3470.44,11602.41,1.2996,ACTIVE|FIT-TIER-core|IN-POOL-CELL-FIT,Rory Laird
rory-lobb,ND 1-64,2013,29,28,RUCK,13,217,1453.84,1453.84,3423.45,1.0,ACTIVE|FIT-TIER-core|SLID-2013-14|IN-ND-CURVE-FIT,Rory Lobb
rory-sloane,ND 1-64,2008,44,44,MID,15,255,4324.58,3327.62,8669.68,1.2996,FIT-TIER-core|IN-ND-CURVE-FIT,Rory Sloane
rory-taggert,ND 1-64,2011,45,45,MID,0,0,0.0,0.0,0.0,,FIT-TIER-core|IN-ND-CURVE-FIT,Rory Taggert
rory-thompson,RD,2010,8,,KPD,9,106,196.4,152.02,221.66,1.292,FIT-TIER-core|IN-POOL-CELL-FIT,Rory Thompson
ross-mcquillan,IRE,2019,,,SD,0,0,0.0,0.0,0.0,,FIT-TIER-augmented|PICKLESS|IN-POOL-CELL-FIT,Ross McQuillan
ross-tungatulum,RD,2008,46,,SF,0,0,0.0,0.0,0.0,,FIT-TIER-core|IN-POOL-CELL-FIT,Ross Tungatulum
ross-young,RD,2006,30,,MID,1,6,0.02,0.02,0.02,1.14,FIT-TIER-core|IN-POOL-CELL-FIT,Ross Young
rowan-andrews,RD,2003,23,,RUCK,0,0,0.0,0.0,0.0,,FIT-TIER-core|PRE-2004-OUT-OF-WINDOW,Rowan Andrews
rowan-marshall,RD,2016,8,,RUCK,10,175,3834.61,3834.61,8217.25,1.0,ACTIVE|FIT-TIER-augmented|IN-POOL-CELL-FIT,Rowan Marshall
rowan-nayna,RD,2004,5,,SD,0,0,0.0,0.0,0.0,,FIT-TIER-core|IN-POOL-CELL-FIT,Rowan Nayna
rowen-powell,RD,2013,14,,MID,0,0,0.0,0.0,0.0,,FIT-TIER-core|IN-POOL-CELL-FIT,Rowen Powell
ruory-kirkby,RD,2004,4,,SD,0,0,0.0,0.0,0.0,,FIT-TIER-core|IN-POOL-CELL-FIT,Ruory Kirkby
rupert-wills,ND 1-64,2015,62,62,MID,4,23,123.22,123.22,148.11,1.0,FIT-TIER-augmented|IN-ND-CURVE-FIT,Rupert Wills
ryan-abbott,ND>64,2016,68,68,RUCK,3,6,35.23,35.23,45.93,1.0,FIT-TIER-augmented|IN-POOL-CELL-FIT,Ryan Abbott
ryan-angwin,ND 1-64,2020,19,19,MID,5,48,9.71,7.47,15.0,1.2996,ACTIVE|FIT-TIER-augmented|IN-ND-CURVE-FIT,Ryan Angwin
ryan-bain,RD,2004,13,,MID,0,0,0.0,0.0,0.0,,FIT-TIER-core|IN-POOL-CELL-FIT,Ryan Bain
ryan-bastinac,ND 1-64,2009,21,21,MID,10,164,585.32,451.41,858.61,1.2966,FIT-TIER-core|IN-ND-CURVE-FIT,Ryan Bastinac
ryan-bathie,RD,2010,48,,KPD,0,0,0.0,0.0,0.0,,FIT-TIER-core|IN-POOL-CELL-FIT,Ryan Bathie
ryan-brabazon,ND 1-64,2005,54,54,MID,2,3,0.0,0.0,0.0,1.2996,FIT-TIER-core|IN-ND-CURVE-FIT,Ryan Brabazon
ryan-burrows,RD,2017,8,,SD,0,0,0.0,0.0,0.0,,FIT-TIER-augmented|IN-POOL-CELL-FIT,Ryan Burrows
ryan-burton,ND 1-64,2015,19,19,SD,10,162,725.3,558.1,947.62,1.2996,FIT-TIER-augmented|IN-ND-CURVE-FIT,Ryan Burton
ryan-byrnes,ND 1-64,2019,51,51,MID,7,93,11.32,8.71,15.52,1.2996,ACTIVE|FIT-TIER-augmented|IN-ND-CURVE-FIT,Ryan Byrnes
ryan-clarke,ND 1-64,2015,31,31,MID,8,97,86.19,66.33,101.78,1.2995,FIT-TIER-augmented|IN-ND-CURVE-FIT,Ryan Clarke
ryan-cook,ND 1-64,2005,23,23,MID,3,12,4.11,3.16,4.68,1.2996,FIT-TIER-core|IN-ND-CURVE-FIT,Ryan Cook
ryan-davis,PDS,2007,,,MID,4,35,1.76,1.38,4.44,1.2781,FIT-TIER-core|PICKLESS|IN-POOL-CELL-FIT,Ryan Davis
ryan-gamble,ND 1-64,2005,45,45,SF,5,35,141.8,109.11,162.62,1.2996,FIT-TIER-core|IN-ND-CURVE-FIT,Ryan Gamble
ryan-gardner,ND 1-64,2015,58,58,KPD,7,55,19.12,14.71,36.98,1.2996,ACTIVE|FIT-TIER-augmented|IN-ND-CURVE-FIT,Ryan Gardner
ryan-garthwaite,ND>64,2016,71,71,KPD,3,14,9.77,7.52,10.29,1.2996,FIT-TIER-augmented|IN-POOL-CELL-FIT,Ryan Garthwaite
ryan-griffen,ND 1-64,2004,3,3,MID,14,243,2609.77,2008.69,5813.48,1.2992,FIT-TIER-core|IN-ND-CURVE-FIT,Ryan Griffen
ryan-harwood,ND 1-64,2009,46,46,SD,8,81,171.78,132.21,253.39,1.2993,FIT-TIER-core|IN-ND-CURVE-FIT,Ryan Harwood
ryan-jackson,RD,2005,1,,MID,3,9,1.29,0.99,1.29,1.2996,FIT-TIER-core|IN-POOL-CELL-FIT,Ryan Jackson
ryan-lester,ND 1-64,2010,30,30,SD,16,250,382.26,294.14,917.38,1.2996,ACTIVE|FIT-TIER-core|IN-ND-CURVE-FIT,Ryan Lester
ryan-maric,MSD,2023,1,,KPF,4,63,526.56,405.43,527.26,1.2987,ACTIVE|FIT-TIER-sensitivity,Ryan Maric
ryan-murphy,ND 1-64,2003,12,12,KPF,6,44,138.18,106.33,159.68,1.2996,FIT-TIER-core|PRE-2004-OUT-OF-WINDOW,Ryan Murphy
ryan-neates,RD,2009,2,,SF,1,1,0.0,0.0,0.0,1.2996,FIT-TIER-core|IN-POOL-CELL-FIT,Ryan Neates
ryan-nye,RD,2004,7,,SD,0,0,0.0,0.0,0.0,,FIT-TIER-core|IN-POOL-CELL-FIT,Ryan Nye
ryan-nyhuis,RD,2015,27,,SD,3,17,0.53,0.41,0.61,1.2996,FIT-TIER-augmented|IN-POOL-CELL-FIT,Ryan Nyhuis
ryan-schoenmakers,ND 1-64,2008,16,16,KPD,10,121,218.25,167.94,340.96,1.2996,FIT-TIER-core|IN-ND-CURVE-FIT,Ryan Schoenmakers
ryan-williams,ND>64,2006,77,77,MID,1,2,0.0,0.0,0.0,1.2996,FIT-TIER-core|IN-POOL-CELL-FIT,Ryan Williams
ryan-willits,ND 1-64,2004,21,21,KPF,1,3,0.1,0.08,0.1,1.2996,FIT-TIER-core|IN-ND-CURVE-FIT,Ryan Willits
ryda-luke,PDN,2025,,,SF,1,0,0.0,0.0,0.0,,ACTIVE|FIT-TIER-sensitivity|PICKLESS,Ryda Luke
ryley-dunn,ND 1-64,2003,10,10,SD,3,6,0.0,0.0,0.0,1.2996,FIT-TIER-core|PRE-2004-OUT-OF-WINDOW,Ryley Dunn
ryley-sanders,ND 1-64,2023,6,6,MID,3,54,714.47,551.45,797.13,1.2956,ACTIVE|FIT-TIER-sensitivity,Ryley Sanders
ryley-stoddart,ND 1-64,2017,53,53,SD,3,6,0.0,0.0,0.0,1.2977,FIT-TIER-augmented|IN-ND-CURVE-FIT,Ryley Stoddart
saad-el-hawli,MSD,2024,13,,SD,2,17,0.04,0.04,0.06,1.0,ACTIVE|FIT-TIER-sensitivity,Saad El-Hawli
salim-hassan,RD,2003,24,,SF,0,0,0.0,0.0,0.0,,FIT-TIER-core|PRE-2004-OUT-OF-WINDOW,Salim Hassan
sam-alabakis,UNR,2018,,,RUCK,0,0,0.0,0.0,0.0,,FIT-TIER-augmented|PICKLESS|IN-POOL-CELL-FIT,Sam Alabakis
sam-allen,ND 1-64,2025,29,29,MID,1,0,0.0,0.0,0.0,,ACTIVE|FIT-TIER-sensitivity,Sam Allen
sam-banks,ND 1-64,2021,29,29,MID,4,59,145.15,111.69,189.12,1.2996,ACTIVE|FIT-TIER-augmented|IN-ND-CURVE-FIT,Sam Banks
sam-berry,ND 1-64,2020,29,29,MID,6,96,991.67,763.06,1277.97,1.2996,ACTIVE|FIT-TIER-augmented|IN-ND-CURVE-FIT,Sam Berry
sam-blease,ND 1-64,2008,17,17,MID,5,34,0.1,0.08,0.12,1.2996,FIT-TIER-core|IN-ND-CURVE-FIT,Sam Blease
sam-butler,ND 1-64,2003,20,20,MID,12,140,506.41,389.67,774.63,1.2996,FIT-TIER-core|PRE-2004-OUT-OF-WINDOW,Sam Butler
sam-butler-1,ND 1-64,2021,23,23,SF,5,33,0.78,0.6,1.03,1.2991,ACTIVE|FIT-TIER-augmented|IN-ND-CURVE-FIT,Sam Butler
sam-clohesy,RD,2023,3,,MID,3,44,14.33,14.33,17.16,1.0,ACTIVE|FIT-TIER-sensitivity,Sam Clohesy
sam-colquhoun,RD,2012,2,,SD,2,16,0.28,0.22,0.31,1.2834,FIT-TIER-core|IN-POOL-CELL-FIT,Sam Colquhoun
sam-crocker,ND 1-64,2010,44,44,MID,0,0,0.0,0.0,0.0,,FIT-TIER-core|IN-ND-CURVE-FIT,Sam Crocker
sam-cumming,ND 1-64,2025,7,7,MID,1,14,0.9,0.79,0.9,1.14,ACTIVE|FIT-TIER-sensitivity,Sam Cumming
sam-darcy,ND 1-64,2021,2,2,KPF,5,51,1431.54,1101.64,1847.49,1.2995,ACTIVE|FIT-TIER-augmented|IN-ND-CURVE-FIT,Sam Darcy
sam-davidson,ND 1-64,2024,51,51,SF,2,33,18.64,18.64,21.25,1.0,ACTIVE|FIT-TIER-sensitivity,Sam Davidson
sam-day,ND 1-64,2010,3,3,KPF,14,168,209.8,161.44,489.16,1.2996,FIT-TIER-core|IN-ND-CURVE-FIT,Sam Day
sam-de-koning,ND 1-64,2019,19,19,KPD,6,97,286.27,220.27,431.72,1.2996,ACTIVE|FIT-TIER-augmented|IN-ND-CURVE-FIT,Sam De Koning
sam-docherty,ND 1-64,2011,18,18,SD,11,184,2860.9,2201.37,5979.08,1.2996,FIT-TIER-core|IN-ND-CURVE-FIT,Sam Docherty
sam-draper,RD,2016,1,,RUCK,7,98,622.08,478.67,1443.21,1.2996,ACTIVE|FIT-TIER-augmented|IN-POOL-CELL-FIT,Sam Draper
sam-dunnell,RD,2011,14,,MID,0,0,0.0,0.0,0.0,,FIT-TIER-core|IN-POOL-CELL-FIT,Sam Dunnell
sam-durdin,ND 1-64,2014,17,16,KPD,6,24,3.68,2.83,5.3,1.2996,FIT-TIER-core|SLID-2013-14|IN-ND-CURVE-FIT,Sam Durdin
sam-durham,MSD,2021,9,,MID,6,111,674.9,674.9,1112.07,1.0,ACTIVE|FIT-TIER-augmented|IN-POOL-CELL-FIT,Sam Durham
sam-dwyer,RD,2012,20,,MID,3,39,91.61,91.61,111.27,1.0,FIT-TIER-core|IN-POOL-CELL-FIT,Sam Dwyer
sam-elliott,RD,2005,39,,MID,0,0,0.0,0.0,0.0,,FIT-TIER-core|IN-POOL-CELL-FIT,Sam Elliott
sam-fisher,PDA,2016,,,SF,0,0,0.0,0.0,0.0,,FIT-TIER-augmented|PICKLESS|IN-POOL-CELL-FIT,Sam Fisher
sam-fisher-2003,ND 1-64,2003,50,50,KPD,12,208,3506.27,3506.27,8004.93,1.0,FIT-TIER-core|PRE-2004-OUT-OF-WINDOW,Sam Fisher
sam-flanders,ND 1-64,2019,11,11,MID,7,101,2020.29,1554.55,3039.33,1.2996,ACTIVE|FIT-TIER-augmented|IN-ND-CURVE-FIT,Sam Flanders
sam-fletcher,SSP,2018,,,MID,0,0,0.0,0.0,0.0,,FIT-TIER-augmented|PICKLESS|IN-POOL-CELL-FIT,Sam Fletcher
sam-frost,RD,2011,5,,KPD,14,185,264.37,219.57,411.68,1.204,FIT-TIER-core|IN-POOL-CELL-FIT,Sam Frost
sam-gibson,RD,2006,34,,MID,7,135,323.75,323.75,1068.35,1.0,FIT-TIER-core|IN-POOL-CELL-FIT,Sam Gibson
sam-gilbert,ND 1-64,2005,33,33,KPD,13,197,2367.84,1821.97,3773.06,1.2996,FIT-TIER-core|IN-ND-CURVE-FIT,Sam Gilbert
sam-gray,RD,2013,18,,SF,7,102,880.7,880.7,1284.72,1.0,FIT-TIER-core|IN-POOL-CELL-FIT,Sam Gray
sam-grimley,ND 1-64,2009,38,38,RUCK,2,7,1.43,1.1,1.86,1.2996,FIT-TIER-core|IN-ND-CURVE-FIT,Sam Grimley
sam-hayes,ND 1-64,2017,47,47,RUCK,2,11,16.59,12.76,24.59,1.2996,FIT-TIER-augmented|IN-ND-CURVE-FIT,Sam Hayes
sam-iles,RD,2005,7,,MID,4,33,302.14,232.49,578.1,1.2996,FIT-TIER-core|IN-POOL-CELL-FIT,Sam Iles
sam-jacobs,RD,2006,1,,RUCK,12,208,2540.92,1955.16,5891.3,1.2996,FIT-TIER-core|IN-POOL-CELL-FIT,Sam Jacobs
sam-kerridge,ND 1-64,2011,32,32,MID,7,69,368.73,283.73,588.84,1.2996,FIT-TIER-core|IN-ND-CURVE-FIT,Sam Kerridge
sam-lalor,ND 1-64,2024,1,1,MID,2,22,26.92,20.86,26.92,1.2908,ACTIVE|FIT-TIER-sensitivity,Sam Lalor
sam-lloyd,ND 1-64,2013,58,57,SF,7,89,246.2,246.2,441.56,1.0,FIT-TIER-core|SLID-2013-14|IN-ND-CURVE-FIT,Sam Lloyd
sam-lonergan,ND 1-64,2005,47,47,MID,7,81,54.75,42.13,71.67,1.2996,FIT-TIER-core|IN-ND-CURVE-FIT,Sam Lonergan
sam-marshall,ND 1-64,2024,25,25,MID,2,13,0.43,0.33,0.43,1.2995,ACTIVE|FIT-TIER-sensitivity,Sam Marshall
sam-martyn,PDS,2010,,,SD,0,0,0.0,0.0,0.0,,FIT-TIER-core|PICKLESS|IN-POOL-CELL-FIT,Sam Martyn
sam-mayes,ND 1-64,2012,11,11,SF,9,121,309.72,249.77,371.77,1.2401,FIT-TIER-core|IN-ND-CURVE-FIT,Sam Mayes
sam-mclarty,ND 1-64,2016,30,30,KPD,0,0,0.0,0.0,0.0,,FIT-TIER-augmented|IN-ND-CURVE-FIT,Sam McLarty
sam-menegola,RD,2010,17,,MID,8,117,1611.99,1240.38,3719.24,1.2996,FIT-TIER-core|IN-POOL-CELL-FIT,Sam Menegola
sam-michael,PDA,2011,,,RUCK,2,5,0.0,0.0,0.0,1.2996,FIT-TIER-core|PICKLESS|IN-POOL-CELL-FIT,Sam Michael
sam-naismith,RD,2012,29,,RUCK,5,33,211.67,211.67,493.49,1.0,FIT-TIER-core|IN-POOL-CELL-FIT,Sam Naismith
sam-petrevski-seton,ND 1-64,2016,6,6,MID,7,121,481.13,370.63,561.51,1.2981,FIT-TIER-augmented|IN-ND-CURVE-FIT,Sam Petrevski-Seton
sam-philp,ND 1-64,2019,20,20,MID,1,2,0.0,0.0,0.0,1.14,FIT-TIER-augmented|IN-ND-CURVE-FIT,Sam Philp
sam-pleming,RD,2003,35,,KPD,0,0,0.0,0.0,0.0,,FIT-TIER-core|PRE-2004-OUT-OF-WINDOW,Sam Pleming
sam-powell-pepper,ND 1-64,2016,18,18,MID,10,158,468.09,360.38,679.03,1.2989,ACTIVE|FIT-TIER-augmented|IN-ND-CURVE-FIT,Sam Powell-Pepper
sam-ramsay,ND 1-64,2019,46,46,SD,0,0,0.0,0.0,0.0,,FIT-TIER-augmented|IN-ND-CURVE-FIT,Sam Ramsay
sam-reid-syd,ND 1-64,2009,37,37,KPF,12,181,960.24,745.63,2499.0,1.2878,FIT-TIER-core|IN-ND-CURVE-FIT,Sam Reid
sam-rowe,RD,2005,46,,KPF,7,100,78.13,60.12,198.69,1.2996,FIT-TIER-core|IN-POOL-CELL-FIT,Sam Rowe
sam-russell,RD,2013,9,,SD,0,0,0.0,0.0,0.0,,FIT-TIER-core|IN-POOL-CELL-FIT,Sam Russell
sam-shaw,ND 1-64,2009,44,44,KPD,4,24,58.81,45.25,67.66,1.2996,FIT-TIER-core|IN-ND-CURVE-FIT,Sam Shaw
sam-sheldon,ND>64,2006,69,69,MID,4,43,0.04,0.03,0.06,1.2996,FIT-TIER-core|IN-POOL-CELL-FIT,Sam Sheldon
sam-siggins,ND 1-64,2012,62,62,KPD,0,0,0.0,0.0,0.0,,FIT-TIER-core|IN-ND-CURVE-FIT,Sam Siggins
sam-simpson,RD,2016,32,,MID,5,25,22.31,17.16,29.4,1.2995,FIT-TIER-augmented|IN-POOL-CELL-FIT,Sam Simpson
sam-skinner,ND 1-64,2015,47,47,KPD,3,5,8.12,6.25,8.2,1.2996,FIT-TIER-augmented|IN-ND-CURVE-FIT,Sam Skinner
sam-sturt,ND 1-64,2018,17,17,SF,5,31,6.32,4.86,6.59,1.2996,ACTIVE|FIT-TIER-augmented|IN-ND-CURVE-FIT,Sam Sturt
sam-switkowski,ND>64,2017,72,72,SF,8,126,420.15,420.15,817.44,1.0,ACTIVE|FIT-TIER-augmented|IN-POOL-CELL-FIT,Sam Switkowski
sam-taylor,ND 1-64,2017,28,28,KPD,9,141,1684.87,1296.5,2660.6,1.2996,ACTIVE|FIT-TIER-augmented|IN-ND-CURVE-FIT,Sam Taylor
sam-walsh,ND 1-64,2018,1,1,MID,8,154,4940.1,3833.54,6743.88,1.2887,ACTIVE|FIT-TIER-augmented|IN-ND-CURVE-FIT,Sam Walsh
sam-weideman,ND 1-64,2015,9,9,KPF,9,76,27.8,21.39,37.38,1.2995,FIT-TIER-augmented|IN-ND-CURVE-FIT,Sam Weideman
sam-wicks,PDA,2018,,,SF,7,103,7.42,5.71,10.8,1.2996,ACTIVE|FIT-TIER-augmented|PICKLESS|IN-POOL-CELL-FIT,Sam Wicks
samson-ryan,ND 1-64,2020,42,42,RUCK,4,29,2.52,2.52,3.75,1.0,ACTIVE|FIT-TIER-augmented|IN-ND-CURVE-FIT,Samson Ryan
samuel-collins,ND 1-64,2015,54,54,KPD,10,168,934.53,934.53,2259.4,1.0,ACTIVE|FIT-TIER-augmented|IN-ND-CURVE-FIT,Samuel Collins
samuel-grlj,ND 1-64,2025,8,8,MID,1,19,0.06,0.06,0.06,1.14,ACTIVE|FIT-TIER-sensitivity,Samuel Grlj
samuel-mcgarry,RD,2008,48,,SD,0,0,0.0,0.0,0.0,,FIT-TIER-core|IN-POOL-CELL-FIT,Samuel McGarry
samuel-murray,PDA,2015,,,SD,1,13,16.52,12.71,18.83,1.2996,FIT-TIER-augmented|PICKLESS|IN-POOL-CELL-FIT,Samuel Murray
samuel-reid,ND 1-64,2007,35,35,MID,12,108,11.11,8.55,39.19,1.2996,FIT-TIER-core|IN-ND-CURVE-FIT,Samuel Reid
samuel-swadling,ND 1-64,2025,37,37,MID,1,6,0.09,0.08,0.09,1.14,ACTIVE|FIT-TIER-sensitivity,Samuel Swadling
samuel-wright,ND 1-64,2008,27,27,SD,10,136,245.58,189.03,383.82,1.2992,FIT-TIER-core|IN-ND-CURVE-FIT,Samuel Wright
sandy-brock,PDA,2021,,,KPD,2,20,22.53,17.33,29.28,1.2996,ACTIVE|FIT-TIER-augmented|PICKLESS|IN-POOL-CELL-FIT,Sandy Brock
scott-clouston,RD,2006,19,,KPD,1,2,0.01,0.0,0.01,1.2996,FIT-TIER-core|IN-POOL-CELL-FIT,Scott Clouston
scott-gumbleton,ND 1-64,2006,3,3,KPF,4,35,12.87,9.9,22.47,1.2996,FIT-TIER-core|IN-ND-CURVE-FIT,Scott Gumbleton
scott-harding,RD,2004,46,,SF,5,49,0.01,0.01,0.01,1.2996,FIT-TIER-core|IN-POOL-CELL-FIT,Scott Harding
scott-jones,ND>64,2017,74,74,RUCK,2,6,119.41,119.41,155.17,1.0,FIT-TIER-augmented|IN-POOL-CELL-FIT,Scott Jones
scott-lycett,ND 1-64,2010,31,31,RUCK,13,146,1583.09,1218.59,3617.34,1.2991,FIT-TIER-core|IN-ND-CURVE-FIT,Scott Lycett
scott-mcmahon,RD,2004,32,,SD,9,119,821.23,631.91,1280.3,1.2996,FIT-TIER-core|IN-POOL-CELL-FIT,Scott McMahon
scott-pendlebury,ND 1-64,2005,5,5,MID,21,407,8450.48,6502.38,20130.16,1.2996,ACTIVE|FIT-TIER-core|IN-ND-CURVE-FIT,Scott Pendlebury
scott-reed,PDS,2008,,,KPD,0,0,0.0,0.0,0.0,,FIT-TIER-core|PICKLESS|IN-POOL-CELL-FIT,Scott Reed
scott-selwood,ND 1-64,2007,22,22,MID,12,169,1350.17,1038.92,2310.71,1.2996,FIT-TIER-core|IN-ND-CURVE-FIT,Scott Selwood
scott-simpson,ND 1-64,2007,44,44,KPF,0,0,0.0,0.0,0.0,,FIT-TIER-core|IN-ND-CURVE-FIT,Scott Simpson
scott-thompson-1,ND 1-64,2007,37,37,KPD,12,241,2267.79,2267.79,4597.3,1.0,FIT-TIER-core|IN-ND-CURVE-FIT,Scott Thompson
seamus-mcnamara,UNR,2009,,,RUCK,0,0,0.0,0.0,0.0,,FIT-TIER-core|PICKLESS|IN-POOL-CELL-FIT,Seamus McNamara
seamus-mitchell,ND 1-64,2020,31,31,SF,3,28,11.44,8.8,13.04,1.2996,FIT-TIER-augmented|IN-ND-CURVE-FIT,Seamus Mitchell
sean-darcy,ND 1-64,2016,38,38,RUCK,10,134,2603.73,2015.61,4330.31,1.2918,ACTIVE|FIT-TIER-augmented|IN-ND-CURVE-FIT,Sean Darcy
sean-gregory,ND>64,2012,69,69,KPD,0,0,0.0,0.0,0.0,,FIT-TIER-core|IN-POOL-CELL-FIT,Sean Gregory
sean-hurley,IRE,2014,,,KPD,0,0,0.0,0.0,0.0,,FIT-TIER-core|PICKLESS|IN-POOL-CELL-FIT,Sean Hurley
sean-lemmens,ND 1-64,2013,27,26,SF,12,149,0.5,0.39,1.07,1.2983,FIT-TIER-core|SLID-2013-14|IN-ND-CURVE-FIT,Sean Lemmens
sean-mclaren,RD,2014,14,,KPD,0,0,0.0,0.0,0.0,,FIT-TIER-core|IN-POOL-CELL-FIT,Sean McLaren
sean-rusling,ND 1-64,2004,26,26,KPF,4,13,479.62,369.05,546.38,1.2996,FIT-TIER-core|IN-ND-CURVE-FIT,Sean Rusling
sean-yoshiura,PDA,2009,,,KPF,0,0,0.0,0.0,0.0,,FIT-TIER-core|PICKLESS|IN-POOL-CELL-FIT,Sean Yoshiura
sebastian-ross,ND 1-64,2011,30,30,MID,13,211,1733.94,1334.21,3466.15,1.2996,FIT-TIER-core|IN-ND-CURVE-FIT,Sebastian Ross
sebastian-tape,ND 1-64,2010,13,13,SD,6,40,0.19,0.15,0.3,1.295,FIT-TIER-core|IN-ND-CURVE-FIT,Sebastian Tape
sebit-kuek,MSD,2022,12,,KPF,0,0,0.0,0.0,0.0,,FIT-TIER-sensitivity,Sebit Kuek
setanta-o-hailpin,IRE,2003,,,KPF,9,86,127.6,127.6,357.9,1.0,FIT-TIER-core|PRE-2004-OUT-OF-WINDOW|PICKLESS,Setanta Ó hAilpín
seth-campbell,RD,2022,3,,SF,3,64,108.21,83.27,135.3,1.2996,ACTIVE|FIT-TIER-sensitivity,Seth Campbell
shadeau-brain,PDA,2022,,,SD,2,11,0.1,0.07,0.11,1.2996,ACTIVE|FIT-TIER-sensitivity|PICKLESS,Shadeau Brain
shai-bolton,ND 1-64,2016,29,29,SF,10,178,2128.88,1638.12,3961.64,1.2996,ACTIVE|FIT-TIER-augmented|IN-ND-CURVE-FIT,Shai Bolton
shane-biggs,RD,2011,15,,SD,6,63,92.79,92.79,193.06,1.0,FIT-TIER-core|IN-POOL-CELL-FIT,Shane Biggs
shane-edwards,ND 1-64,2006,27,27,MID,16,303,1391.65,1070.85,3733.72,1.2996,FIT-TIER-core|IN-ND-CURVE-FIT,Shane Edwards
shane-kersten,ND 1-64,2011,43,43,KPF,5,66,51.76,39.83,83.39,1.2996,FIT-TIER-core|IN-ND-CURVE-FIT,Shane Kersten
shane-mumford,RD,2007,48,,RUCK,13,216,2863.37,2863.37,6971.28,1.0,FIT-TIER-core|IN-POOL-CELL-FIT,Shane Mumford
shane-neaves,RD,2005,32,,RUCK,0,0,0.0,0.0,0.0,,FIT-TIER-core|IN-POOL-CELL-FIT,Shane Neaves
shane-savage,ND>64,2008,72,72,MID,10,162,582.87,448.5,1516.63,1.2996,FIT-TIER-core|IN-POOL-CELL-FIT,Shane Savage
shane-thorne,ND>64,2009,65,65,MID,0,0,0.0,0.0,0.0,,FIT-TIER-core|IN-POOL-CELL-FIT,Shane Thorne
shane-tuck,ND 1-64,2003,58,58,MID,9,169,2717.56,2717.56,5366.74,1.0,FIT-TIER-core|PRE-2004-OUT-OF-WINDOW,Shane Tuck
shane-valenti,RD,2007,42,,MID,2,15,89.17,72.22,89.17,1.2347,FIT-TIER-core|IN-POOL-CELL-FIT,Shane Valenti
shane-yarran,ND 1-64,2015,60,60,SF,1,6,1.08,1.08,1.23,1.0,FIT-TIER-augmented|IN-ND-CURVE-FIT,Shane Yarran
shannon-cox,RD,2005,29,,KPD,3,23,633.29,487.3,766.19,1.2996,FIT-TIER-core|IN-POOL-CELL-FIT,Shannon Cox
shannon-hurn,ND 1-64,2005,13,13,SD,18,314,2178.11,1675.98,6724.25,1.2996,FIT-TIER-core|IN-ND-CURVE-FIT,Shannon Hurn
shannon-neale,ND 1-64,2020,35,35,KPF,5,66,323.41,248.85,535.0,1.2996,ACTIVE|FIT-TIER-augmented|IN-ND-CURVE-FIT,Shannon Neale
sharrod-wellingham,RD,2006,9,,MID,10,171,354.62,272.87,695.61,1.2996,FIT-TIER-core|IN-POOL-CELL-FIT,Sharrod Wellingham
shaun-atley,ND 1-64,2010,18,18,MID,11,234,188.92,145.37,396.1,1.2996,FIT-TIER-core|IN-ND-CURVE-FIT,Shaun Atley
shaun-bergin,RD,2003,37,,SD,0,0,0.0,0.0,0.0,,FIT-TIER-core|PRE-2004-OUT-OF-WINDOW,Shaun Bergin
shaun-edwards,RD,2011,42,,MID,4,24,0.22,0.17,0.28,1.2412,FIT-TIER-core|IN-POOL-CELL-FIT,Shaun Edwards
shaun-grigg,ND 1-64,2006,20,20,MID,12,214,1078.45,829.83,2282.08,1.2996,FIT-TIER-core|IN-ND-CURVE-FIT,Shaun Grigg
shaun-hampson,ND 1-64,2006,18,18,RUCK,10,98,196.36,151.1,463.3,1.2996,FIT-TIER-core|IN-ND-CURVE-FIT,Shaun Hampson
shaun-higgins,ND 1-64,2005,11,11,MID,17,247,2227.96,1714.34,5750.71,1.2996,FIT-TIER-core|IN-ND-CURVE-FIT,Shaun Higgins
shaun-mannagh,ND 1-64,2023,36,36,SF,3,55,805.72,805.72,1040.48,1.0,ACTIVE|FIT-TIER-sensitivity,Shaun Mannagh
shaun-mckernan,ND 1-64,2008,28,28,KPF,12,91,567.53,436.7,1261.53,1.2996,FIT-TIER-core|IN-ND-CURVE-FIT,Shaun McKernan
shem-tatupu,UNR,2013,,,RUCK,0,0,0.0,0.0,0.0,,FIT-TIER-core|PICKLESS|IN-POOL-CELL-FIT,Shem Tatupu
sid-draper,ND 1-64,2024,4,4,MID,2,10,0.0,0.0,0.0,1.14,ACTIVE|FIT-TIER-sensitivity,Sid Draper
simon-buckley,ND 1-64,2005,49,49,SD,5,47,6.18,4.76,8.89,1.2996,FIT-TIER-core|IN-ND-CURVE-FIT,Simon Buckley
simon-hogan,ND 1-64,2006,57,57,MID,3,22,46.42,35.72,52.91,1.2996,FIT-TIER-core|IN-ND-CURVE-FIT,Simon Hogan
simon-phillips,RD,2005,40,,SF,4,14,0.21,0.16,0.29,1.2995,FIT-TIER-core|IN-POOL-CELL-FIT,Simon Phillips
simon-taylor,ND 1-64,2004,50,50,RUCK,6,83,0.08,0.08,0.13,1.0,FIT-TIER-core|IN-ND-CURVE-FIT,Simon Taylor
simon-white,RD,2009,41,,KPD,8,87,59.31,59.31,136.01,1.0,FIT-TIER-core|IN-POOL-CELL-FIT,Simon White
spencer-white,ND 1-64,2012,29,29,KPF,1,2,0.0,0.0,0.0,1.2996,FIT-TIER-core|IN-ND-CURVE-FIT,Spencer White
steele-sidebottom,ND 1-64,2008,11,11,MID,18,373,4649.11,3585.69,9814.13,1.2966,ACTIVE|FIT-TIER-core|IN-ND-CURVE-FIT,Steele Sidebottom
steely-green,ND 1-64,2022,55,55,SF,3,43,0.27,0.21,0.35,1.2996,ACTIVE|FIT-TIER-sensitivity,Steely Green
stefan-garrubba,RD,2004,38,,MID,0,0,0.0,0.0,0.0,,FIT-TIER-core|IN-POOL-CELL-FIT,Stefan Garrubba
stefan-giro,RD,2017,13,,MID,3,15,0.01,0.01,0.01,1.1506,FIT-TIER-augmented|IN-POOL-CELL-FIT,Stefan Giro
stefan-martin,RD,2007,3,,RUCK,15,203,2076.31,2076.31,5964.68,1.0,FIT-TIER-core|IN-POOL-CELL-FIT,Stefan Martin
stefan-okunbor,IRE,2018,,,SD,0,0,0.0,0.0,0.0,,FIT-TIER-augmented|PICKLESS|IN-POOL-CELL-FIT,Stefan Okunbor
stephen-clifton,RD,2010,3,,MID,1,5,0.1,0.1,0.13,1.0,FIT-TIER-core|IN-POOL-CELL-FIT,Stephen Clifton
stephen-coniglio,ND 1-64,2011,3,3,MID,15,246,3191.44,2460.59,6578.69,1.297,ACTIVE|FIT-TIER-core|IN-ND-CURVE-FIT,Stephen Coniglio
stephen-hill,ND 1-64,2008,3,3,MID,12,218,1226.47,944.22,2141.47,1.2989,FIT-TIER-core|IN-ND-CURVE-FIT,Stephen Hill
stephen-kenna,ND 1-64,2003,59,59,SF,0,0,0.0,0.0,0.0,,FIT-TIER-core|PRE-2004-OUT-OF-WINDOW,Stephen Kenna
stephen-owen,ND 1-64,2005,35,35,KPF,0,0,0.0,0.0,0.0,,FIT-TIER-core|IN-ND-CURVE-FIT,Stephen Owen
stephen-tiller,ND 1-64,2004,51,51,SD,3,19,8.22,6.32,12.17,1.2996,FIT-TIER-core|IN-ND-CURVE-FIT,Stephen Tiller
stephen-verrier,RD,2011,37,,SF,0,0,0.0,0.0,0.0,,FIT-TIER-core|IN-POOL-CELL-FIT,Stephen Verrier
stephen-wrigley,RD,2011,21,,SD,1,3,0.04,0.04,0.04,1.0,FIT-TIER-core|IN-POOL-CELL-FIT,Stephen Wrigley
steve-gaertner,RD,2008,42,,SD,0,0,0.0,0.0,0.0,,FIT-TIER-core|IN-POOL-CELL-FIT,Steve Gaertner
steven-browne,ND 1-64,2007,36,36,SD,3,23,0.08,0.06,0.08,1.2436,FIT-TIER-core|IN-ND-CURVE-FIT,Steven Browne
steven-may,ND 1-64,2010,49,49,KPD,15,251,2632.03,2025.57,6910.99,1.2994,FIT-TIER-core|IN-ND-CURVE-FIT,Steven May
steven-morris,ND 1-64,2011,53,53,SD,6,85,3.51,3.51,4.32,1.0,FIT-TIER-core|IN-ND-CURVE-FIT,Steven Morris
steven-motlop,ND 1-64,2008,39,39,SF,13,217,1168.45,899.08,2246.59,1.2996,FIT-TIER-core|IN-ND-CURVE-FIT,Steven Motlop
stewart-crameri,RD,2009,34,,KPF,9,102,824.62,824.62,1373.56,1.0,FIT-TIER-core|IN-POOL-CELL-FIT,Stewart Crameri
sullivan-robey,ND 1-64,2025,9,9,MID,1,14,10.92,9.58,10.92,1.14,ACTIVE|FIT-TIER-sensitivity,Sullivan Robey
sydney-stack,SSP,2018,,,SD,4,35,288.79,235.05,312.54,1.2286,FIT-TIER-augmented|PICKLESS|IN-POOL-CELL-FIT,Sydney Stack
tai-hayes,ND 1-64,2025,44,44,SF,1,0,0.0,0.0,0.0,,ACTIVE|FIT-TIER-sensitivity,Tai Hayes
taite-silverlock,RD,2009,10,,MID,0,0,0.0,0.0,0.0,,FIT-TIER-core|IN-POOL-CELL-FIT,Taite Silverlock
taj-hotton,ND 1-64,2024,12,12,MID,2,15,8.48,6.64,8.48,1.278,ACTIVE|FIT-TIER-sensitivity,Taj Hotton
taj-schofield,RD,2020,10,,MID,0,0,0.0,0.0,0.0,,FIT-TIER-augmented|IN-POOL-CELL-FIT,Taj Schofield
taj-woewodin,ND 1-64,2021,64,64,MID,3,21,0.0,0.0,0.0,1.2996,FIT-TIER-augmented|IN-ND-CURVE-FIT,Taj Woewodin
talor-byrne,ND 1-64,2025,45,45,SF,1,15,3.33,2.92,3.33,1.14,ACTIVE|FIT-TIER-sensitivity,Talor Byrne
tanner-bruhn,ND 1-64,2020,12,12,MID,5,84,226.65,174.4,340.01,1.2996,ACTIVE|FIT-TIER-augmented|IN-ND-CURVE-FIT,Tanner Bruhn
tanner-smith,ND 1-64,2012,40,40,KPD,3,4,131.22,101.0,149.56,1.2993,FIT-TIER-core|IN-ND-CURVE-FIT,Tanner Smith
tariek-newchurch,PDN,2020,,,SF,0,0,0.0,0.0,0.0,,FIT-TIER-augmented|PICKLESS|IN-POOL-CELL-FIT,Tariek Newchurch
tarir-bayok,PDN,2016,,,SF,0,0,0.0,0.0,0.0,,FIT-TIER-augmented|PICKLESS|IN-POOL-CELL-FIT,Tarir Bayok
tarryn-thomas,ND 1-64,2018,8,8,MID,5,69,895.11,688.84,1175.78,1.2995,FIT-TIER-augmented|IN-ND-CURVE-FIT,Tarryn Thomas
tasman-clingan,RD,2006,7,,SD,0,0,0.0,0.0,0.0,,FIT-TIER-core|IN-POOL-CELL-FIT,Tasman Clingan
taylin-duman,RD,2016,2,,SD,4,45,19.71,15.17,21.0,1.2996,FIT-TIER-augmented|IN-POOL-CELL-FIT,Taylin Duman
taylor-adams,ND 1-64,2011,19,19,MID,14,229,3324.4,2581.73,6100.22,1.2877,FIT-TIER-core|IN-ND-CURVE-FIT,Taylor Adams
taylor-duryea,ND 1-64,2009,61,61,SD,13,219,193.15,148.62,554.19,1.2996,FIT-TIER-core|IN-ND-CURVE-FIT,Taylor Duryea
taylor-garner,ND 1-64,2012,19,19,SF,7,49,44.51,34.25,69.83,1.2996,FIT-TIER-core|IN-ND-CURVE-FIT,Taylor Garner
taylor-gilchrist,RD,2008,24,,SD,0,0,0.0,0.0,0.0,,FIT-TIER-core|IN-POOL-CELL-FIT,Taylor Gilchrist
taylor-goad,ND 1-64,2023,20,20,RUCK,1,2,0.0,0.0,0.0,1.2996,ACTIVE|FIT-TIER-sensitivity,Taylor Goad
taylor-hunt,ND 1-64,2008,49,49,SD,8,105,11.12,8.55,21.46,1.2996,FIT-TIER-core|IN-ND-CURVE-FIT,Taylor Hunt
taylor-walker,ND 1-64,2007,64,64,KPF,18,316,2304.42,1773.18,6286.79,1.2996,ACTIVE|FIT-TIER-core|IN-ND-CURVE-FIT,Taylor Walker
tayte-pears,ND 1-64,2007,23,23,KPD,7,70,265.04,203.95,352.24,1.2996,FIT-TIER-core|IN-ND-CURVE-FIT,Tayte Pears
ted-clohesy,PDN,2022,,,MID,3,12,0.0,0.0,0.0,1.2996,FIT-TIER-sensitivity|PICKLESS,Ted Clohesy
teia-miles,ND 1-64,2014,49,48,SD,2,12,11.88,9.14,15.43,1.2996,FIT-TIER-core|SLID-2013-14|IN-ND-CURVE-FIT,Teia Miles
tendai-mzungu,ND>64,2010,78,78,MID,7,97,366.88,366.88,497.45,1.0,FIT-TIER-core|IN-POOL-CELL-FIT,Tendai Mzungu
tew-jiath,ND 1-64,2023,37,37,SD,2,1,0.0,0.0,0.0,1.14,ACTIVE|FIT-TIER-sensitivity,Tew Jiath
tex-wanganeen,SSP,2021,,,SF,1,5,0.0,0.0,0.0,1.14,FIT-TIER-augmented|PICKLESS|IN-POOL-CELL-FIT,Tex Wanganeen
thomas-anastasopoulos,ND 1-64,2023,48,48,SF,1,3,0.02,0.02,0.03,1.2996,ACTIVE|FIT-TIER-sensitivity,Tom Anastasopoulos
thomas-berry,ND 1-64,2018,36,36,SF,5,43,0.23,0.18,0.37,1.2996,FIT-TIER-augmented|IN-ND-CURVE-FIT,Thomas Berry
thomas-boyd,ND 1-64,2013,1,,KPF,5,61,60.5,46.57,74.37,1.2992,FORCE-MAJEURE-EXCLUDED|FIT-TIER-core,Thomas Boyd
thomas-burton,SSP,2025,,,SF,1,5,0.0,0.0,0.0,1.14,ACTIVE|FIT-TIER-sensitivity|PICKLESS,Thomas Burton
thomas-curren,RD,2010,22,,MID,3,25,22.13,17.03,25.24,1.2996,FIT-TIER-core|IN-POOL-CELL-FIT,Thomas Curren
thomas-german,RD,2008,20,,MID,0,0,0.0,0.0,0.0,,FIT-TIER-core|IN-POOL-CELL-FIT,Thomas German
thomas-gillies,ND 1-64,2008,33,33,KPD,4,15,20.46,15.74,26.59,1.2996,FIT-TIER-core|IN-ND-CURVE-FIT,Thomas Gillies
thomas-gordon,RD,2010,23,,KPD,0,0,0.0,0.0,0.0,,FIT-TIER-core|IN-POOL-CELL-FIT,Thomas Gordon
thomas-hunter,RD,2009,14,,SD,0,0,0.0,0.0,0.0,,FIT-TIER-core|IN-POOL-CELL-FIT,Thomas Hunter
thomas-hutchesson,ND 1-64,2019,64,64,MID,1,1,0.0,0.0,0.0,1.0,FIT-TIER-augmented|IN-ND-CURVE-FIT,Tom Hutchesson
thomas-jonas,RD,2010,15,,SD,13,216,243.35,187.25,567.84,1.2996,FIT-TIER-core|IN-POOL-CELL-FIT,Thomas Jonas
thomas-lee,ND 1-64,2008,59,59,KPF,3,17,20.43,15.72,30.33,1.2996,FIT-TIER-core|IN-ND-CURVE-FIT,Thomas Lee
thomas-liberatore,ND 1-64,2010,24,24,MID,15,267,3791.7,2921.42,9313.49,1.2979,ACTIVE|FIT-TIER-core|IN-ND-CURVE-FIT,Thomas Liberatore
thomas-matthews,ND 1-64,2025,30,30,SF,1,0,0.0,0.0,0.0,,ACTIVE|FIT-TIER-sensitivity,Thomas Matthews
thomas-murphy-1,RD,2017,2,,SD,2,9,0.01,0.0,0.01,1.2869,FIT-TIER-augmented|IN-POOL-CELL-FIT,Thomas Murphy
thomas-schneider,RD,2010,30,,MID,0,0,0.0,0.0,0.0,,FIT-TIER-core|IN-POOL-CELL-FIT,Thomas Schneider
thomas-scully,ND 1-64,2022,53,53,KPF,0,0,0.0,0.0,0.0,,FIT-TIER-sensitivity,Thomas Scully
thomas-sheridan,ND 1-64,2011,22,22,MID,9,83,15.51,11.93,26.28,1.2996,FIT-TIER-core|IN-ND-CURVE-FIT,Thomas Sheridan
thomas-sims,ND 1-64,2024,28,28,KPF,2,11,0.02,0.02,0.02,1.14,ACTIVE|FIT-TIER-sensitivity,Thomas Sims
thomas-stewart,ND 1-64,2016,40,40,SD,10,210,3129.43,3129.43,6678.99,1.0,ACTIVE|FIT-TIER-augmented|IN-ND-CURVE-FIT,Thomas Stewart
thomas-vandeleur,RD,2013,20,,KPD,0,0,0.0,0.0,0.0,,FIT-TIER-core|IN-POOL-CELL-FIT,Thomas Vandeleur
thomas-willday,RD,2004,29,,RUCK,0,0,0.0,0.0,0.0,,FIT-TIER-core|IN-POOL-CELL-FIT,Thomas Willday
thomas-young,ND>64,2010,77,77,SD,4,28,5.96,4.59,6.78,1.2976,FIT-TIER-core|IN-POOL-CELL-FIT,Thomas Young
thomson-dow,ND 1-64,2019,21,21,MID,6,45,7.72,5.94,10.98,1.2996,FIT-TIER-augmented|IN-ND-CURVE-FIT,Thomson Dow
tim-houlihan,ND 1-64,2006,43,43,MID,2,15,10.22,7.87,11.65,1.2996,FIT-TIER-core|IN-ND-CURVE-FIT,Tim Houlihan
tim-hutchison,ND 1-64,2005,60,60,KPF,0,0,0.0,0.0,0.0,,FIT-TIER-core|IN-ND-CURVE-FIT,Tim Hutchison
tim-kelly,ND 1-64,2017,24,24,MID,9,183,2767.79,2767.79,4857.02,1.0,ACTIVE|FIT-TIER-augmented|IN-ND-CURVE-FIT,Tim Kelly
tim-klaosen,UNR,2012,,,RUCK,0,0,0.0,0.0,0.0,,FIT-TIER-core|PICKLESS|IN-POOL-CELL-FIT,Tim Klaosen
tim-looby,RD,2005,33,,SD,0,0,0.0,0.0,0.0,,FIT-TIER-core|IN-POOL-CELL-FIT,Tim Looby
tim-mcgenniss,RD,2012,10,,MID,0,0,0.0,0.0,0.0,,FIT-TIER-core|IN-POOL-CELL-FIT,Tim Mcgenniss
tim-mcintyre,RD,2011,35,,MID,1,1,0.34,0.34,0.39,1.0,FIT-TIER-core|IN-POOL-CELL-FIT,Tim McIntyre
tim-membrey,ND 1-64,2012,49,49,KPF,13,219,1443.94,1111.07,2769.08,1.2996,ACTIVE|FIT-TIER-core|IN-ND-CURVE-FIT,Tim Membrey
tim-milera,RD,2010,14,,SF,0,0,0.0,0.0,0.0,,FIT-TIER-core|IN-POOL-CELL-FIT,Tim Milera
tim-mohr,ND>64,2011,81,81,KPD,7,48,306.92,306.92,414.03,1.0,FIT-TIER-core|IN-POOL-CELL-FIT,Tim Mohr
tim-o-brien,ND 1-64,2012,31,31,KPF,9,115,192.23,147.91,400.08,1.2996,FIT-TIER-core|IN-ND-CURVE-FIT,Tim O'Brien
tim-o-keefe,RD,2005,36,,KPF,0,0,0.0,0.0,0.0,,FIT-TIER-core|IN-POOL-CELL-FIT,Tim O'Keefe
tim-ruffles,ND>64,2008,67,67,SF,2,5,0.0,0.0,0.0,1.1402,FIT-TIER-core|IN-POOL-CELL-FIT,Tim Ruffles
tim-schmidt,ND 1-64,2003,29,29,MID,2,15,180.2,138.66,266.95,1.2996,FIT-TIER-core|PRE-2004-OUT-OF-WINDOW,Tim Schmidt
tim-sheringham,RD,2004,35,,SD,0,0,0.0,0.0,0.0,,FIT-TIER-core|IN-POOL-CELL-FIT,Tim Sheringham
tim-smith,RD,2016,17,,KPF,3,13,122.87,122.87,160.83,1.0,FIT-TIER-augmented|IN-POOL-CELL-FIT,Tim Smith
tim-sumner,ND 1-64,2012,59,59,SF,2,17,0.03,0.03,0.03,1.1465,FIT-TIER-core|IN-ND-CURVE-FIT,Tim Sumner
tim-taranto,ND 1-64,2016,2,2,MID,10,192,3729.96,2876.38,6142.62,1.2968,ACTIVE|FIT-TIER-augmented|IN-ND-CURVE-FIT,Tim Taranto
timm-house,ND>64,2016,67,67,KPF,0,0,0.0,0.0,0.0,,FIT-TIER-augmented|IN-POOL-CELL-FIT,Timm House
timothy-broomhead,ND 1-64,2012,24,24,MID,5,36,25.04,19.27,32.6,1.2996,FIT-TIER-core|IN-ND-CURVE-FIT,Timothy Broomhead
timothy-english,ND 1-64,2016,19,19,RUCK,10,169,4113.97,3165.56,7672.44,1.2996,ACTIVE|FIT-TIER-augmented|IN-ND-CURVE-FIT,Timothy English
timothy-walsh,RD,2007,29,,KPD,0,0,0.0,0.0,0.0,,FIT-TIER-core|IN-POOL-CELL-FIT,Timothy Walsh
tobe-watson,RD,2018,13,,KPD,2,14,73.73,73.73,95.85,1.0,FIT-TIER-augmented|IN-POOL-CELL-FIT,Tobe Watson
tobias-thoolen,ND 1-64,2007,46,46,KPD,0,0,0.0,0.0,0.0,,FIT-TIER-core|IN-ND-CURVE-FIT,Tobias Thoolen
tobie-travaglia,ND 1-64,2024,8,8,SD,2,17,0.0,0.0,0.0,1.2686,ACTIVE|FIT-TIER-sensitivity,Tobie Travaglia
tobin-cox,RD,2018,5,,SF,0,0,0.0,0.0,0.0,,FIT-TIER-augmented|IN-POOL-CELL-FIT,Tobin Cox
toby-bedford,ND>64,2018,75,75,SF,6,99,68.65,52.83,141.43,1.2996,ACTIVE|FIT-TIER-augmented|IN-POOL-CELL-FIT,Toby Bedford
toby-conway,ND 1-64,2021,24,24,RUCK,3,6,89.67,69.0,102.23,1.2996,ACTIVE|FIT-TIER-augmented|IN-ND-CURVE-FIT,Toby Conway
toby-greene,ND 1-64,2011,17,17,MID,15,279,3651.64,2866.85,6953.38,1.2737,ACTIVE|FIT-TIER-core|IN-ND-CURVE-FIT,Toby Greene
toby-mclean,ND 1-64,2014,26,25,SF,9,102,1333.58,1027.18,1646.26,1.2983,FIT-TIER-core|SLID-2013-14|IN-ND-CURVE-FIT,Toby McLean
toby-mcmullin,ND 1-64,2022,34,34,SF,4,34,0.04,0.03,0.04,1.2996,ACTIVE|FIT-TIER-sensitivity,Toby McMullin
toby-murray,MSD,2024,7,,KPF,1,11,0.38,0.38,0.49,1.0,ACTIVE|FIT-TIER-sensitivity,Toby Murray
toby-nankervis,ND 1-64,2013,35,34,RUCK,12,189,3116.45,2398.01,6981.97,1.2996,ACTIVE|FIT-TIER-core|SLID-2013-14|IN-ND-CURVE-FIT,Toby Nankervis
toby-pink,RD,2016,33,,KPD,3,37,7.43,5.71,19.41,1.2996,ACTIVE|FIT-TIER-augmented|IN-POOL-CELL-FIT,Toby Pink
toby-stribling,ND 1-64,2004,60,60,MID,0,0,0.0,0.0,0.0,,FIT-TIER-core|IN-ND-CURVE-FIT,Toby Stribling
toby-whan,PDN,2025,,,SF,1,0,0.0,0.0,0.0,,ACTIVE|FIT-TIER-sensitivity|PICKLESS,Toby Whan
toby-wooller,ND 1-64,2017,41,41,KPF,0,0,0.0,0.0,0.0,,FIT-TIER-augmented|IN-ND-CURVE-FIT,Toby Wooller
tobyn-murray,ND 1-64,2025,40,40,SF,1,0,0.0,0.0,0.0,,ACTIVE|FIT-TIER-sensitivity,Tobyn Murray
todd-banfield,ND 1-64,2008,41,41,SF,3,53,14.25,10.97,16.25,1.2996,FIT-TIER-core|IN-ND-CURVE-FIT,Todd Banfield
todd-elton,ND 1-64,2011,31,31,KPF,4,10,0.28,0.22,0.41,1.2978,FIT-TIER-core|IN-ND-CURVE-FIT,Todd Elton
todd-goldstein,ND 1-64,2006,38,38,RUCK,18,345,4787.71,3683.99,13287.73,1.2996,FIT-TIER-core|IN-ND-CURVE-FIT,Todd Goldstein
todd-grima,RD,2005,11,,KPF,0,0,0.0,0.0,0.0,,FIT-TIER-core|IN-POOL-CELL-FIT,Todd Grima
todd-marshall,ND 1-64,2016,16,16,KPF,9,129,373.75,287.63,611.06,1.2994,ACTIVE|FIT-TIER-augmented|IN-ND-CURVE-FIT,Todd Marshall
tom-allwright,RD,2008,36,,MID,0,0,0.0,0.0,0.0,,FIT-TIER-core|IN-POOL-CELL-FIT,Tom Allwright
tom-atkins,RD,2018,7,,MID,8,174,853.0,853.0,1770.62,1.0,ACTIVE|FIT-TIER-augmented|IN-POOL-CELL-FIT,Tom Atkins
tom-barrass,ND 1-64,2013,43,42,KPD,12,192,1753.31,1349.12,3661.77,1.2996,ACTIVE|FIT-TIER-core|SLID-2013-14|IN-ND-CURVE-FIT,Tom Barrass
tom-bell,RD,2011,16,,MID,7,72,437.22,437.22,748.84,1.0,FIT-TIER-core|IN-POOL-CELL-FIT,Tom Bell
tom-bellchambers,RD,2007,1,,RUCK,12,136,738.48,568.24,1780.77,1.2996,FIT-TIER-core|IN-POOL-CELL-FIT,Tom Bellchambers
tom-blamires,SSP,2025,,,MID,1,15,2.69,2.69,3.07,1.0,ACTIVE|FIT-TIER-sensitivity|PICKLESS,Tom Blamires
tom-brown,ND 1-64,2021,17,17,SD,4,58,15.51,11.93,21.04,1.2996,ACTIVE|FIT-TIER-augmented|IN-ND-CURVE-FIT,Tom Brown
tom-campbell,RD,2011,26,,RUCK,11,58,247.76,247.76,587.41,1.0,FIT-TIER-core|IN-POOL-CELL-FIT,Tom Campbell
tom-clurey,ND 1-64,2012,32,32,KPD,10,124,255.47,196.58,528.19,1.2996,FIT-TIER-core|IN-ND-CURVE-FIT,Tom Clurey
tom-cochrane,RD,2024,5,,SF,2,6,0.0,0.0,0.0,1.2775,ACTIVE|FIT-TIER-sensitivity,Tom Cochrane
tom-cole,ND 1-64,2015,36,36,SD,10,146,39.68,30.53,106.34,1.2996,ACTIVE|FIT-TIER-augmented|IN-ND-CURVE-FIT,Tom Cole
tom-collier,ND 1-64,2007,25,25,KPD,4,27,16.5,12.69,21.4,1.2996,FIT-TIER-core|IN-ND-CURVE-FIT,Tom Collier
tom-couch,RD,2011,23,,MID,1,3,0.02,0.02,0.02,1.0,FIT-TIER-core|IN-POOL-CELL-FIT,Tom Couch
tom-curran,ND 1-64,2011,49,49,KPD,0,0,0.0,0.0,0.0,,FIT-TIER-core|IN-ND-CURVE-FIT,Tom Curran
tom-cutler,ND 1-64,2013,33,32,SD,9,96,239.76,184.49,347.38,1.2996,FIT-TIER-core|SLID-2013-14|IN-ND-CURVE-FIT,Tom Cutler
tom-de-koning,ND 1-64,2017,30,30,RUCK,8,113,969.0,745.62,1848.09,1.2996,ACTIVE|FIT-TIER-augmented|IN-ND-CURVE-FIT,Tom De Koning
tom-derickx,ND 1-64,2010,63,63,RUCK,3,15,0.09,0.09,0.15,1.0,FIT-TIER-core|IN-ND-CURVE-FIT,Tom Derickx
tom-doedee,ND 1-64,2015,17,17,SD,8,83,615.57,473.66,907.27,1.2996,ACTIVE|FIT-TIER-augmented|IN-ND-CURVE-FIT,Tom Doedee
tom-downie,ND 1-64,2011,64,64,RUCK,3,9,3.68,2.83,4.79,1.2996,FIT-TIER-core|IN-ND-CURVE-FIT,Tom Downie
tom-edwards,SSP,2024,,,KPF,2,9,0.22,0.22,0.28,1.0,ACTIVE|FIT-TIER-sensitivity|PICKLESS,Tom Edwards
tom-emmett,ND 1-64,2022,41,41,SF,2,15,161.7,161.7,184.34,1.0,FIT-TIER-sensitivity,Tom Emmett
tom-fields,RD,2014,27,,SD,1,2,0.08,0.08,0.09,1.0,FIT-TIER-core|IN-POOL-CELL-FIT,Tom Fields
tom-fullarton,UNR,2018,,,KPF,4,21,0.46,0.35,0.53,1.2996,FIT-TIER-augmented|PICKLESS|IN-POOL-CELL-FIT,Tom Fullarton
tom-gorter,RD,2016,10,,SD,0,0,0.0,0.0,0.0,,FIT-TIER-augmented|IN-POOL-CELL-FIT,Tom Gorter
tom-green,ND 1-64,2019,10,10,MID,7,115,2695.53,2075.69,3749.37,1.2986,ACTIVE|FIT-TIER-augmented|IN-ND-CURVE-FIT,Tom Green
tom-gross,ND 1-64,2024,46,46,MID,2,10,3.31,2.54,3.31,1.2995,ACTIVE|FIT-TIER-sensitivity,Tom Gross
tom-hanily,MSD,2024,14,,SF,2,12,0.07,0.05,0.07,1.2964,ACTIVE|FIT-TIER-sensitivity,Tom Hanily
tom-hawkins,ND 1-64,2006,2,2,KPF,18,359,3429.61,2639.15,9770.25,1.2995,FIT-TIER-core|IN-ND-CURVE-FIT,Tom Hawkins
tom-hickey,RD,2010,9,,RUCK,13,144,1134.17,872.71,2420.86,1.2996,FIT-TIER-core|IN-POOL-CELL-FIT,Tom Hickey
tom-highmore,ND 1-64,2020,47,47,SD,2,16,1.2,1.2,1.39,1.0,FIT-TIER-augmented|IN-ND-CURVE-FIT,Tom Highmore
tom-hill,ND>64,2010,76,76,SF,0,0,0.0,0.0,0.0,,FIT-TIER-core|IN-POOL-CELL-FIT,Tom Hill
tom-hird,SSP,2019,,,SD,0,0,0.0,0.0,0.0,,FIT-TIER-augmented|PICKLESS|IN-POOL-CELL-FIT,Tom Hird
tom-hislop,ND 1-64,2006,21,21,MID,5,27,0.01,0.01,0.02,1.2893,FIT-TIER-core|IN-ND-CURVE-FIT,Tom Hislop
tom-jeffries,UNR,2017,,,KPD,0,0,0.0,0.0,0.0,,FIT-TIER-augmented|PICKLESS|IN-POOL-CELL-FIT,Tom Jeffries
tom-jok,RD,2018,4,,MID,1,1,0.0,0.0,0.0,1.0,FIT-TIER-augmented|IN-POOL-CELL-FIT,Tom Jok
tom-joyce,ND 1-64,2018,40,40,MID,0,0,0.0,0.0,0.0,,FIT-TIER-augmented|IN-ND-CURVE-FIT,Tom Joyce
tom-keough,RD,2015,2,,KPD,0,0,0.0,0.0,0.0,,FIT-TIER-augmented|IN-POOL-CELL-FIT,Tom Keough
tom-lamb,ND 1-64,2014,32,31,KPF,1,1,2.06,1.8,2.06,1.14,FIT-TIER-core|SLID-2013-14|IN-ND-CURVE-FIT,Tom Lamb
tom-langdon,ND 1-64,2013,57,56,SD,6,89,753.58,581.94,889.73,1.2949,FIT-TIER-core|SLID-2013-14|IN-ND-CURVE-FIT,Tom Langdon
tom-ledger,ND 1-64,2010,59,59,MID,3,8,0.06,0.05,0.07,1.2996,FIT-TIER-core|IN-ND-CURVE-FIT,Tom Ledger
tom-logan,ND 1-64,2003,47,47,SD,10,112,62.52,48.11,125.13,1.2996,FIT-TIER-core|PRE-2004-OUT-OF-WINDOW,Tom Logan
tom-lynch,ND 1-64,2008,13,13,SF,12,164,1461.98,1124.95,3504.2,1.2996,FIT-TIER-core|IN-ND-CURVE-FIT,Tom Lynch
tom-lynch-1,ND 1-64,2010,11,11,KPF,16,242,2725.93,2097.74,5129.73,1.2995,ACTIVE|FIT-TIER-core|IN-ND-CURVE-FIT,Tom Lynch
tom-mccallum,ND 1-64,2022,36,36,KPD,0,0,0.0,0.0,0.0,,FIT-TIER-sensitivity,Tom McCallum
tom-mccarthy,MSD,2025,1,,SD,2,30,990.09,990.09,1052.48,1.0,ACTIVE|FIT-TIER-sensitivity,Tom McCarthy
tom-mccartin,ND 1-64,2017,33,33,KPF,9,170,669.86,515.49,1287.27,1.2995,ACTIVE|FIT-TIER-augmented|IN-ND-CURVE-FIT,Tom McCartin
tom-mcdonald,ND 1-64,2010,54,54,KPD,16,257,3040.9,2355.58,5764.82,1.2909,ACTIVE|FIT-TIER-core|IN-ND-CURVE-FIT,Tom McDonald
tom-mckenzie,RD,2018,6,,SD,0,0,0.0,0.0,0.0,,FIT-TIER-augmented|IN-POOL-CELL-FIT,Tom McKenzie
tom-mcnamara,ND 1-64,2007,61,61,MID,2,4,0.43,0.33,0.44,1.2996,FIT-TIER-core|IN-ND-CURVE-FIT,Tom McNamara
tom-mitchell,ND 1-64,2011,13,13,MID,12,207,5208.56,4007.82,10161.01,1.2996,FIT-TIER-core|IN-ND-CURVE-FIT,Tom Mitchell
tom-murphy,ND 1-64,2004,24,24,SD,10,106,60.32,46.42,108.01,1.2996,FIT-TIER-core|IN-ND-CURVE-FIT,Tom Murphy
tom-north,ND 1-64,2017,64,64,MID,0,0,0.0,0.0,0.0,,FIT-TIER-augmented|IN-ND-CURVE-FIT,Tom North
tom-papley,RD,2015,11,,SF,11,212,1493.81,1151.79,2355.14,1.2969,ACTIVE|FIT-TIER-augmented|IN-POOL-CELL-FIT,Tom Papley
tom-phillips,ND 1-64,2015,57,57,MID,7,115,826.3,638.62,966.41,1.2939,FIT-TIER-augmented|IN-ND-CURVE-FIT,Tom Phillips
tom-powell,ND 1-64,2020,13,13,MID,6,99,448.52,345.54,609.49,1.298,ACTIVE|FIT-TIER-augmented|IN-ND-CURVE-FIT,Tom Powell
tom-read,RD,2014,11,,RUCK,0,0,0.0,0.0,0.0,,FIT-TIER-core|IN-POOL-CELL-FIT,Tom Read
tom-redden,RD,2005,26,,RUCK,0,0,0.0,0.0,0.0,,FIT-TIER-core|IN-POOL-CELL-FIT,Tom Redden
tom-rischbieth,RD,2005,10,,MID,0,0,0.0,0.0,0.0,,FIT-TIER-core|IN-POOL-CELL-FIT,Tom Rischbieth
tom-roach,ND 1-64,2003,37,37,MID,1,2,0.0,0.0,0.0,1.2996,FIT-TIER-core|PRE-2004-OUT-OF-WINDOW,Tom Roach
tom-rockliff,RD,2008,1,,MID,13,205,5828.58,4484.9,9743.37,1.2996,FIT-TIER-core|IN-POOL-CELL-FIT,Tom Rockliff
tom-ruggles,RD,2015,29,,SD,2,22,1.82,1.82,2.08,1.0,FIT-TIER-augmented|IN-POOL-CELL-FIT,Tom Ruggles
tom-scully,ND 1-64,2009,1,1,MID,11,182,855.98,659.85,1466.35,1.2972,FIT-TIER-core|IN-ND-CURVE-FIT,Tom Scully
tom-simpkin,RD,2008,25,,MID,4,31,0.41,0.32,0.49,1.2996,FIT-TIER-core|IN-POOL-CELL-FIT,Tom Simpkin
tom-sparrow,ND 1-64,2018,27,27,MID,8,138,295.36,227.27,568.28,1.2996,ACTIVE|FIT-TIER-augmented|IN-ND-CURVE-FIT,Tom Sparrow
tom-swift,ND 1-64,2008,20,20,MID,4,34,0.28,0.24,0.28,1.1866,FIT-TIER-core|IN-ND-CURVE-FIT,Tom Swift
tom-temay,ND 1-64,2012,39,39,SD,0,0,0.0,0.0,0.0,,FIT-TIER-core|IN-ND-CURVE-FIT,Tom Temay
tom-wallis,RD,2015,33,,MID,0,0,0.0,0.0,0.0,,FIT-TIER-augmented|IN-POOL-CELL-FIT,Tom Wallis
tom-wilkinson,RD,2018,18,,SF,0,0,0.0,0.0,0.0,,FIT-TIER-augmented|IN-POOL-CELL-FIT,Tom Wilkinson
tom-williams,ND 1-64,2004,6,6,KPD,8,82,7.32,5.64,14.46,1.2996,FIT-TIER-core|IN-ND-CURVE-FIT,Tom Williams
tom-williamson,ND 1-64,2016,60,60,SD,4,43,0.26,0.2,0.34,1.2865,FIT-TIER-augmented|IN-ND-CURVE-FIT,Tom Williamson
tom-wilson,UNR,2018,,,SF,3,8,0.0,0.0,0.01,1.0,FIT-TIER-augmented|PICKLESS|IN-POOL-CELL-FIT,Tom Wilson
tommy-walsh,IRE,2009,,,KPF,2,5,0.05,0.05,0.07,1.0,FIT-TIER-core|PICKLESS|IN-POOL-CELL-FIT,Tommy Walsh
tony-armstrong,ND 1-64,2007,55,55,SD,6,35,4.82,3.71,6.96,1.2996,FIT-TIER-core|IN-ND-CURVE-FIT,Tony Armstrong
tony-notte,ND 1-64,2007,20,20,KPF,1,2,0.0,0.0,0.0,1.14,FIT-TIER-core|IN-ND-CURVE-FIT,Tony Notte
tony-olango,RD,2017,16,,RUCK,0,0,0.0,0.0,0.0,,FIT-TIER-augmented|IN-POOL-CELL-FIT,Tony Olango
tory-dickson,ND>64,2011,65,65,SF,9,114,339.89,339.89,505.45,1.0,FIT-TIER-core|IN-POOL-CELL-FIT,Tory Dickson
touk-miller,ND 1-64,2014,29,28,MID,12,235,4203.75,3236.87,8458.77,1.2987,ACTIVE|FIT-TIER-core|SLID-2013-14|IN-ND-CURVE-FIT,Touk Miller
travis-baird,RD,2004,16,,SD,2,5,0.0,0.0,0.0,1.2995,FIT-TIER-core|IN-POOL-CELL-FIT,Travis Baird
travis-boak,ND 1-64,2006,6,6,MID,19,387,3701.92,2848.52,10017.87,1.2996,FIT-TIER-core|IN-ND-CURVE-FIT,Travis Boak
travis-casserly,ND 1-64,2005,40,40,MID,0,0,0.0,0.0,0.0,,FIT-TIER-core|IN-ND-CURVE-FIT,Travis Casserly
travis-cloke,ND 1-64,2004,23,23,KPF,13,237,2793.0,2149.43,5223.34,1.2994,FIT-TIER-core|IN-ND-CURVE-FIT,Travis Cloke
travis-colyer,ND 1-64,2009,26,26,SF,12,146,76.52,59.29,130.91,1.2905,FIT-TIER-core|IN-ND-CURVE-FIT,Travis Colyer
travis-tuck,ND 1-64,2005,38,38,MID,3,20,1.32,1.01,1.66,1.2996,FIT-TIER-core|IN-ND-CURVE-FIT,Travis Tuck
travis-varcoe,ND 1-64,2005,15,15,SF,14,209,523.86,403.09,853.44,1.2996,FIT-TIER-core|IN-ND-CURVE-FIT,Travis Varcoe
trent-bianco,ND 1-64,2019,44,44,MID,3,23,0.03,0.03,0.04,1.2996,FIT-TIER-augmented|IN-ND-CURVE-FIT,Trent Bianco
trent-burgoyne,RD,2019,11,,MID,0,0,0.0,0.0,0.0,,FIT-TIER-augmented|IN-POOL-CELL-FIT,Trent Burgoyne
trent-cotchin,ND 1-64,2007,2,2,MID,16,306,3500.8,2694.06,6662.79,1.2995,FIT-TIER-core|IN-ND-CURVE-FIT,Trent Cotchin
trent-dennis-lane,ND 1-64,2009,54,54,SF,5,29,32.27,32.27,36.94,1.0,FIT-TIER-core|IN-ND-CURVE-FIT,Trent Dennis-Lane
trent-dumont,ND 1-64,2013,30,29,MID,8,121,696.42,535.87,1211.78,1.2996,FIT-TIER-core|SLID-2013-14|IN-ND-CURVE-FIT,Trent Dumont
trent-myknott,RD,2017,7,,MID,0,0,0.0,0.0,0.0,,FIT-TIER-augmented|IN-POOL-CELL-FIT,Trent Myknott
trent-rivers,ND 1-64,2019,32,32,SD,7,137,653.4,503.08,1013.45,1.2988,ACTIVE|FIT-TIER-augmented|IN-ND-CURVE-FIT,Trent Rivers
trent-stubbs,ND>64,2010,73,73,MID,0,0,0.0,0.0,0.0,,FIT-TIER-core|IN-POOL-CELL-FIT,Trent Stubbs
trent-west,ND 1-64,2005,31,31,RUCK,9,66,95.66,73.61,188.64,1.2996,FIT-TIER-core|IN-ND-CURVE-FIT,Trent West
trent-zomer,RD,2007,8,,KPF,0,0,0.0,0.0,0.0,,FIT-TIER-core|IN-POOL-CELL-FIT,Trent Zomer
trey-ruscoe,ND 1-64,2019,54,54,SD,4,18,108.42,83.43,140.87,1.2996,FIT-TIER-augmented|IN-ND-CURVE-FIT,Trey Ruscoe
tristan-cartledge,RD,2007,34,,RUCK,1,2,0.0,0.0,0.0,1.14,FIT-TIER-core|IN-POOL-CELL-FIT,Tristan Cartledge
tristan-francis,RD,2008,13,,SF,0,0,0.0,0.0,0.0,,FIT-TIER-core|IN-POOL-CELL-FIT,Tristan Francis
tristan-tweedie,PDN,2016,,,MID,0,0,0.0,0.0,0.0,,FIT-TIER-augmented|PICKLESS|IN-POOL-CELL-FIT,Tristan Tweedie
tristan-xerri,ND>64,2017,71,71,RUCK,7,93,2450.4,1885.51,5166.84,1.2996,ACTIVE|FIT-TIER-augmented|IN-POOL-CELL-FIT,Tristan Xerri
troy-chaplin,ND 1-64,2003,15,15,KPD,12,206,1766.97,1359.63,3520.45,1.2996,FIT-TIER-core|PRE-2004-OUT-OF-WINDOW,Troy Chaplin
troy-davis,ND 1-64,2010,51,51,KPD,1,2,0.0,0.0,0.0,1.2996,FIT-TIER-core|IN-ND-CURVE-FIT,Troy Davis
troy-menzel,ND 1-64,2012,14,14,SF,4,44,0.79,0.61,0.98,1.2988,FIT-TIER-core|IN-ND-CURVE-FIT,Troy Menzel
troy-taylor,ND 1-64,2009,50,50,SF,1,4,0.01,0.01,0.01,1.14,FIT-TIER-core|IN-ND-CURVE-FIT,Troy Taylor
ty-gallop,ND 1-64,2024,42,42,KPF,2,23,13.82,10.65,13.82,1.2975,ACTIVE|FIT-TIER-sensitivity,Ty Gallop
tyan-prindable,ND 1-64,2025,32,32,MID,1,0,0.0,0.0,0.0,,ACTIVE|FIT-TIER-sensitivity,Tyan Prindable
tylah-williams,ND 1-64,2025,39,39,SF,1,0,0.0,0.0,0.0,,ACTIVE|FIT-TIER-sensitivity,Tylah Williams
tylar-young,RD,2022,9,,KPD,4,56,183.09,183.09,276.68,1.0,ACTIVE|FIT-TIER-sensitivity,Tylar Young
tyler-brockman,ND 1-64,2020,48,48,SF,5,56,1.39,1.07,1.73,1.2977,ACTIVE|FIT-TIER-augmented|IN-ND-CURVE-FIT,Tyler Brockman
tyler-brown,ND 1-64,2017,50,50,MID,4,28,0.13,0.1,0.14,1.2996,FIT-TIER-augmented|IN-ND-CURVE-FIT,Tyler Brown
tyler-sellers,SSP,2023,,,KPF,1,2,0.0,0.0,0.0,1.0,FIT-TIER-sensitivity|PICKLESS,Tyler Sellers
tyler-sonsie,ND 1-64,2021,28,28,MID,5,55,43.82,33.9,64.07,1.2927,ACTIVE|FIT-TIER-augmented|IN-ND-CURVE-FIT,Tyler Sonsie
tyler-welsh,ND 1-64,2024,59,59,KPF,1,0,0.0,0.0,0.0,,ACTIVE|FIT-TIER-sensitivity,Tyler Welsh
tyrell-dewar,PDN,2022,,,SF,3,23,0.03,0.03,0.04,1.2996,ACTIVE|FIT-TIER-sensitivity|PICKLESS,Tyrell Dewar
tyrone-downie,RD,2014,34,,RUCK,0,0,0.0,0.0,0.0,,FIT-TIER-core|IN-POOL-CELL-FIT,Tyrone Downie
tyrone-leonardis,ND 1-64,2015,51,51,SD,0,0,0.0,0.0,0.0,,FIT-TIER-augmented|IN-ND-CURVE-FIT,Tyrone Leonardis
tyrone-vickery,ND 1-64,2008,8,8,KPF,9,125,828.5,637.56,1369.14,1.2995,FIT-TIER-core|IN-ND-CURVE-FIT,Tyrone Vickery
tyson-goldsack,ND 1-64,2006,63,63,SD,12,165,129.17,106.75,205.5,1.21,FIT-TIER-core|IN-ND-CURVE-FIT,Tyson Goldsack
tyson-slattery,ND>64,2008,66,66,KPF,1,1,187.45,144.24,187.45,1.2996,FIT-TIER-core|IN-POOL-CELL-FIT,Tyson Slattery
tyson-stengle,RD,2016,4,,SF,8,109,261.26,201.03,488.32,1.2996,ACTIVE|FIT-TIER-augmented|IN-POOL-CELL-FIT,Tyson Stengle
vigo-visentini,RD,2023,5,,RUCK,2,3,72.79,56.01,82.97,1.2996,ACTIVE|FIT-TIER-sensitivity,Vigo Visentini
viv-michie,ND 1-64,2010,45,45,MID,4,22,1.6,1.23,2.11,1.2996,FIT-TIER-core|IN-ND-CURVE-FIT,Viv Michie
wade-derksen,MSD,2022,5,,KPF,1,11,6.36,6.36,10.75,1.0,ACTIVE|FIT-TIER-sensitivity,Wade Derksen
wade-thompson,RD,2008,6,,SF,1,2,0.0,0.0,0.0,1.0,FIT-TIER-core|IN-POOL-CELL-FIT,Wade Thompson
warren-benjamin,ND>64,2008,69,69,SD,0,0,0.0,0.0,0.0,,FIT-TIER-core|IN-POOL-CELL-FIT,Warren Benjamin
warrick-andreoli,RD,2010,34,,MID,0,0,0.0,0.0,0.0,,FIT-TIER-core|IN-POOL-CELL-FIT,Warrick Andreoli
wayde-mills,ND 1-64,2005,25,25,KPD,3,16,2.3,2.0,2.32,1.1493,FIT-TIER-core|IN-ND-CURVE-FIT,Wayde Mills
wayde-skipper,RD,2009,9,,RUCK,1,14,1.94,1.94,2.22,1.0,FIT-TIER-core|IN-POOL-CELL-FIT,Wayde Skipper
wayde-twomey,RD,2010,41,,SD,1,2,0.0,0.0,0.0,1.0,FIT-TIER-core|IN-POOL-CELL-FIT,Wayde Twomey
wayne-milera,ND 1-64,2015,11,11,SF,10,140,874.91,673.26,1800.91,1.2995,ACTIVE|FIT-TIER-augmented|IN-ND-CURVE-FIT,Wayne Milera
wil-dawson,ND 1-64,2023,22,22,KPD,3,16,0.08,0.06,0.08,1.2785,ACTIVE|FIT-TIER-sensitivity,Wil Dawson
wil-parker,UNR,2023,,,SD,3,14,0.0,0.0,0.0,1.0,ACTIVE|FIT-TIER-sensitivity|PICKLESS,Wil Parker
wil-powell,ND 1-64,2017,19,19,SD,9,149,834.35,642.01,1439.33,1.2996,ACTIVE|FIT-TIER-augmented|IN-ND-CURVE-FIT,Wil Powell
will-ashcroft,ND 1-64,2022,2,2,MID,4,79,1954.48,1528.81,2256.44,1.2784,ACTIVE|FIT-TIER-sensitivity,Will Ashcroft
will-brodie,ND 1-64,2016,9,9,MID,8,55,673.15,517.97,1083.37,1.2996,ACTIVE|FIT-TIER-augmented|IN-ND-CURVE-FIT,Will Brodie
will-collins,MSD,2021,10,,KPD,0,0,0.0,0.0,0.0,,FIT-TIER-augmented|IN-POOL-CELL-FIT,Will Collins
will-darcy,ND 1-64,2025,58,58,KPD,1,0,0.0,0.0,0.0,,ACTIVE|FIT-TIER-sensitivity,Will Darcy
will-day,ND 1-64,2019,13,13,SD,7,85,1418.99,1094.29,2092.53,1.2967,ACTIVE|FIT-TIER-augmented|IN-ND-CURVE-FIT,Will Day
will-edwards,PDA,2022,,,KPD,1,13,1.19,0.92,1.55,1.2996,ACTIVE|FIT-TIER-sensitivity|PICKLESS,Will Edwards
will-fordham,RD,2014,23,,MID,0,0,0.0,0.0,0.0,,FIT-TIER-core|IN-POOL-CELL-FIT,Will Fordham
will-gould,ND 1-64,2019,26,26,SD,1,4,0.0,0.0,0.0,1.2996,FIT-TIER-augmented|IN-ND-CURVE-FIT,Will Gould
will-graham,ND 1-64,2023,26,26,MID,3,36,22.66,17.62,22.69,1.2861,ACTIVE|FIT-TIER-sensitivity,Will Graham
will-green,ND 1-64,2023,16,16,RUCK,1,1,19.63,15.1,22.37,1.2996,ACTIVE|FIT-TIER-sensitivity,Will Green
will-hamill,ND 1-64,2018,30,30,SD,4,45,0.05,0.04,0.08,1.2996,FIT-TIER-augmented|IN-ND-CURVE-FIT,Will Hamill
will-hamill-2004,RD,2004,44,,SD,1,3,0.0,0.0,0.0,1.2996,FIT-TIER-core|IN-POOL-CELL-FIT,Will Hamill
will-hams,RD,2012,3,,SF,3,13,3.03,2.33,3.94,1.2996,FIT-TIER-core|IN-POOL-CELL-FIT,Will Hams
will-hayes-1,MSD,2022,15,,MID,0,0,0.0,0.0,0.0,,FIT-TIER-sensitivity,Will Hayes
will-hayes-a,ND>64,2018,78,78,MID,0,0,0.0,0.0,0.0,,FIT-TIER-augmented|IN-POOL-CELL-FIT,William Hayes
will-hayes-b,ND 1-64,2024,56,56,SF,2,9,0.02,0.01,0.02,1.1617,ACTIVE|FIT-TIER-sensitivity,Will Hayes
will-hayward,ND 1-64,2016,21,21,SF,10,204,170.36,131.1,369.32,1.2994,ACTIVE|FIT-TIER-augmented|IN-ND-CURVE-FIT,Will Hayward
will-hoskin-elliott,ND 1-64,2011,6,6,SF,14,242,317.88,244.6,597.99,1.2996,FIT-TIER-core|IN-ND-CURVE-FIT,Will Hoskin-Elliott
will-johnson,ND>64,2009,66,66,SF,1,1,0.0,0.0,0.0,1.0,FIT-TIER-core|IN-POOL-CELL-FIT,Will Johnson
will-kelly,ND 1-64,2018,29,29,KPD,3,5,0.0,0.0,0.0,1.2996,FIT-TIER-augmented|IN-ND-CURVE-FIT,Will Kelly
will-lewis,SSP,2025,,,KPF,1,11,0.29,0.29,0.33,1.0,ACTIVE|FIT-TIER-sensitivity|PICKLESS,Will Lewis
will-lorenz,ND 1-64,2023,57,57,MID,3,11,1.46,1.12,1.65,1.2996,ACTIVE|FIT-TIER-sensitivity,Will Lorenz
will-maginness,RD,2013,4,,SF,0,0,0.0,0.0,0.0,,FIT-TIER-core|IN-POOL-CELL-FIT,Will Maginness
will-martyn,ND 1-64,2019,43,43,MID,1,3,0.0,0.0,0.0,1.2996,FIT-TIER-augmented|IN-ND-CURVE-FIT,Will Martyn
will-mclachlan,MSD,2024,6,,SF,2,7,0.0,0.0,0.0,1.2408,ACTIVE|FIT-TIER-sensitivity,Will McLachlan
will-phillips,ND 1-64,2020,3,3,MID,4,50,158.02,121.59,183.25,1.2996,FIT-TIER-augmented|IN-ND-CURVE-FIT,Will Phillips
will-rowlands,RD,2023,8,,SF,0,0,0.0,0.0,0.0,,FIT-TIER-sensitivity,Will Rowlands
will-schofield,ND 1-64,2006,50,50,KPD,14,194,144.03,110.83,263.58,1.2995,FIT-TIER-core|IN-ND-CURVE-FIT,Will Schofield
will-setterfield,ND 1-64,2016,5,5,MID,9,93,897.37,690.5,1742.6,1.2996,ACTIVE|FIT-TIER-augmented|IN-ND-CURVE-FIT,Will Setterfield
will-shaw,PDA,2020,,,MID,0,0,0.0,0.0,0.0,,FIT-TIER-augmented|PICKLESS|IN-POOL-CELL-FIT,Will Shaw
will-snelling,RD,2015,7,,MID,6,65,311.21,239.51,499.79,1.2994,FIT-TIER-augmented|IN-POOL-CELL-FIT,Will Snelling
will-sullivan,RD,2007,40,,RUCK,0,0,0.0,0.0,0.0,,FIT-TIER-core|IN-POOL-CELL-FIT,Will Sullivan
will-thursfield,RD,2004,3,,KPD,7,77,8.7,6.89,11.32,1.2624,FIT-TIER-core|IN-POOL-CELL-FIT,Will Thursfield
will-verrall,RD,2022,5,,RUCK,0,0,0.0,0.0,0.0,,FIT-TIER-sensitivity,Will Verrall
will-walker,ND 1-64,2017,23,23,MID,2,6,11.47,8.83,13.08,1.2996,FIT-TIER-augmented|IN-ND-CURVE-FIT,Will Walker
will-white,SSP,2024,,,SF,1,14,0.01,0.01,0.01,1.0,FIT-TIER-sensitivity|PICKLESS,Will White
willem-drew,ND 1-64,2016,33,33,MID,7,151,840.98,647.1,1590.39,1.2996,ACTIVE|FIT-TIER-augmented|IN-ND-CURVE-FIT,Willem Drew
willem-duursma,ND 1-64,2025,1,1,MID,1,19,61.38,53.84,61.38,1.14,ACTIVE|FIT-TIER-sensitivity,Willem Duursma
william-golds,RD,2018,16,,MID,0,0,0.0,0.0,0.0,,FIT-TIER-augmented|IN-POOL-CELL-FIT,William Golds
william-langford,PDS,2010,,,MID,6,72,127.28,97.94,177.13,1.2996,FIT-TIER-core|PICKLESS|IN-POOL-CELL-FIT,William Langford
william-mccabe,ND 1-64,2023,19,19,KPD,1,4,0.0,0.0,0.0,1.2996,ACTIVE|FIT-TIER-sensitivity,William McCabe
william-sierakowski,PDS,2008,,,SD,1,7,0.0,0.0,0.0,1.2996,FIT-TIER-core|PICKLESS|IN-POOL-CELL-FIT,William Sierakowski
william-young,ND>64,2008,70,70,KPD,1,2,0.0,0.0,0.0,1.2996,FIT-TIER-core|IN-POOL-CELL-FIT,William Young
willie-rioli,ND 1-64,2016,52,52,SF,6,109,120.88,120.88,218.13,1.0,FIT-TIER-augmented|IN-ND-CURVE-FIT,Willie Rioli
wylie-buzza,ND>64,2015,66,66,KPF,2,9,1.83,1.41,1.83,1.2996,FIT-TIER-augmented|IN-POOL-CELL-FIT,Wylie Buzza
xavier-bamert,MSD,2026,5,,MID,1,8,0.0,0.0,0.0,1.0,ACTIVE|FIT-TIER-sensitivity,Xavier Bamert
xavier-duursma,ND 1-64,2018,18,18,MID,8,128,207.89,164.84,305.58,1.2611,ACTIVE|FIT-TIER-augmented|IN-ND-CURVE-FIT,Xavier Duursma
xavier-ellis,ND 1-64,2005,3,3,MID,10,111,180.8,139.12,269.85,1.2996,FIT-TIER-core|IN-ND-CURVE-FIT,Xavier Ellis
xavier-ivisic,RD,2024,4,,MID,0,0,0.0,0.0,0.0,,FIT-TIER-sensitivity,Xavier Ivisic
xavier-lindsay,ND 1-64,2024,11,11,MID,2,23,6.97,5.36,6.97,1.2993,ACTIVE|FIT-TIER-sensitivity,Xavier Lindsay
xavier-o-halloran,ND 1-64,2018,22,22,MID,7,103,4.7,3.62,8.82,1.2996,ACTIVE|FIT-TIER-augmented|IN-ND-CURVE-FIT,Xavier O'Halloran
xavier-o-neill,ND 1-64,2018,28,28,MID,4,39,6.03,4.64,7.87,1.2996,FIT-TIER-augmented|IN-ND-CURVE-FIT,Xavier O'Neill
xavier-richards,RD,2012,21,,KPD,3,12,45.93,35.34,59.37,1.2996,FIT-TIER-core|IN-POOL-CELL-FIT,Xavier Richards
xavier-taylor,ND 1-64,2025,11,11,SD,1,2,0.0,0.0,0.0,1.14,ACTIVE|FIT-TIER-sensitivity,Xavier Taylor
xavier-walsh,RD,2023,6,,KPD,1,0,0.0,0.0,0.0,,ACTIVE|FIT-TIER-sensitivity,Xavier Walsh
yestin-eades,ND 1-64,2015,63,63,SF,0,0,0.0,0.0,0.0,,FIT-TIER-augmented|IN-ND-CURVE-FIT,Yestin Eades
zac-bailey,ND 1-64,2017,15,15,MID,9,186,1521.52,1170.76,2801.44,1.2996,ACTIVE|FIT-TIER-augmented|IN-ND-CURVE-FIT,Zac Bailey
zac-banch,MSD,2025,2,,SF,2,10,0.02,0.02,0.02,1.0,ACTIVE|FIT-TIER-sensitivity,Zac Banch
zac-bates,RD,2013,24,,SF,0,0,0.0,0.0,0.0,,FIT-TIER-core|IN-POOL-CELL-FIT,Zac Bates
zac-dawson,ND 1-64,2003,40,40,KPD,11,149,24.02,18.48,40.77,1.2996,FIT-TIER-core|PRE-2004-OUT-OF-WINDOW,Zac Dawson
zac-fisher,ND 1-64,2016,27,27,SF,10,133,700.68,539.15,1136.79,1.2996,ACTIVE|FIT-TIER-augmented|IN-ND-CURVE-FIT,Zac Fisher
zac-foot,ND 1-64,2018,51,51,SF,1,2,0.02,0.02,0.02,1.2996,FIT-TIER-augmented|IN-ND-CURVE-FIT,Zac Foot
zac-giles-langdon,ND 1-64,2017,56,56,SF,5,56,1.83,1.83,2.65,1.0,FIT-TIER-augmented|IN-ND-CURVE-FIT,Zac Giles-Langdon
zac-mccarthy,ND 1-64,2025,55,55,KPF,1,0,0.0,0.0,0.0,,ACTIVE|FIT-TIER-sensitivity,Zac McCarthy
zac-o-brien,RD,2013,15,,MID,2,13,0.28,0.28,0.33,1.0,FIT-TIER-core|IN-POOL-CELL-FIT,Zac O'Brien
zac-taylor,ND 1-64,2021,44,44,MID,3,45,2.61,2.01,3.85,1.2996,ACTIVE|FIT-TIER-augmented|IN-ND-CURVE-FIT,Zac Taylor
zac-walker,MSD,2025,11,,SD,1,0,0.0,0.0,0.0,,ACTIVE|FIT-TIER-sensitivity,Zac Walker
zac-webster,RD,2013,26,,SD,0,0,0.0,0.0,0.0,,FIT-TIER-core|IN-POOL-CELL-FIT,Zac Webster
zach-guthrie,RD,2016,21,,SD,10,149,255.0,196.22,576.1,1.2996,ACTIVE|FIT-TIER-augmented|IN-POOL-CELL-FIT,Zach Guthrie
zach-reid,ND 1-64,2020,10,10,KPD,5,40,309.49,238.19,461.25,1.2993,ACTIVE|FIT-TIER-augmented|IN-ND-CURVE-FIT,Zach Reid
zach-tuohy,IRE,2009,,,SD,14,268,548.8,548.8,1926.0,1.0,FIT-TIER-core|PICKLESS|IN-POOL-CELL-FIT,Zach Tuohy
zachary-clarke,ND 1-64,2008,37,37,RUCK,9,110,604.24,464.94,846.27,1.2996,FIT-TIER-core|IN-ND-CURVE-FIT,Zachary Clarke
zachary-merrett,ND 1-64,2013,26,25,MID,13,272,6707.83,5163.81,12985.22,1.299,ACTIVE|FIT-TIER-core|SLID-2013-14|IN-ND-CURVE-FIT,Zachary Merrett
zachary-sproule,PDA,2016,,,KPF,3,17,1.19,0.92,1.76,1.2996,FIT-TIER-augmented|PICKLESS|IN-POOL-CELL-FIT,Zachary Sproule
zachary-williams,PDA,2012,,,SD,13,183,1548.07,1191.21,2993.67,1.2996,ACTIVE|FIT-TIER-core|PICKLESS|IN-POOL-CELL-FIT,Zachary Williams
zaine-cordy,ND 1-64,2014,61,60,KPD,11,141,82.2,63.25,98.53,1.2996,FIT-TIER-core|SLID-2013-14|IN-ND-CURVE-FIT,Zaine Cordy
zak-butters,ND 1-64,2018,12,12,MID,8,156,4798.7,3692.48,7697.08,1.2996,ACTIVE|FIT-TIER-augmented|IN-ND-CURVE-FIT,Zak Butters
zak-evans,UNR,2024,,,MID,1,0,0.0,0.0,0.0,,ACTIVE|FIT-TIER-sensitivity|PICKLESS,Zak Evans
zak-johnson,ND>64,2024,70,70,SD,2,16,0.05,0.04,0.05,1.2536,ACTIVE|FIT-TIER-sensitivity,Zak Johnson
zak-jones,ND 1-64,2013,15,14,SD,12,164,808.68,622.25,1435.53,1.2996,FIT-TIER-core|SLID-2013-14|IN-ND-CURVE-FIT,Zak Jones
zane-duursma,ND 1-64,2023,4,4,SF,3,38,0.01,0.01,0.01,1.2589,ACTIVE|FIT-TIER-sensitivity,Zane Duursma
zane-leonard,RD,2003,15,,MID,0,0,0.0,0.0,0.0,,FIT-TIER-core|PRE-2004-OUT-OF-WINDOW,Zane Leonard
zane-peucker,ND 1-64,2025,31,31,SF,1,2,0.0,0.0,0.0,1.14,ACTIVE|FIT-TIER-sensitivity,Zane Peucker
zane-trew,RD,2020,7,,MID,3,13,0.01,0.0,0.01,1.2996,FIT-TIER-augmented|IN-POOL-CELL-FIT,Zane Trew
zane-williams,MSD,2022,11,,SF,0,0,0.0,0.0,0.0,,FIT-TIER-sensitivity,Zane Williams
zane-zakostelsky,ND 1-64,2023,51,51,KPD,1,3,0.18,0.14,0.21,1.2996,ACTIVE|FIT-TIER-sensitivity,Zane Zakostelsky
zeke-uwland,ND 1-64,2025,2,2,SD,1,17,0.07,0.06,0.07,1.14,ACTIVE|FIT-TIER-sensitivity,Zeke Uwland
zephaniah-skinner,ND>64,2010,75,75,SF,2,8,0.0,0.0,0.0,1.0,FIT-TIER-core|IN-POOL-CELL-FIT,Zephaniah Skinner
