key,player,cohort,draft_year,pos,pathway,pick,band,age,games,v0,pg,s_age,s_ped,v_LIVE,v_K,v_P,v_RB1,v_RAB1,v_R15,v_R20,v_R15A,v_R20A,v_Rb1,v_Rb2,v_R15b1,v_R20b2,v_R20b2A,rank_LIVE,rank_K,rank_P,rank_RB1,rank_RAB1,rank_R15,rank_R20,rank_R15A,rank_R20A,rank_Rb1,rank_Rb2,rank_R15b1,rank_R20b2,rank_R20b2A,charge_LIVE,charge_K,charge_P,charge_RB1,charge_RAB1,charge_R15,charge_R20,charge_R15A,charge_R20A,charge_Rb1,charge_Rb2,charge_R15b1,charge_R20b2,charge_R20b2A,d_PK,dpct_PK,drank_PK,d_SPAN_P,dpct_SPAN_P,drank_SPAN_P,d_ARC,dpct_ARC,drank_ARC,note
jagga-smith,Jagga Smith,2025,2024,SF,ND,3,1-10,20,18,2728.9857997709946,21.43741801147903,33.256977484301444,11.81955947282242,4855,3637,4348,4348,4348,4348,4348,4348,4348,4348,4348,4348,4348,4348,19,35,20,20,20,20,20,20,20,20,20,20,20,20,,0.4653136125221826,0.0,0.0,0.0,0.0,0.0,0.0,0.0,0.0,0.0,0.0,0.0,0.0,711,19.54907891119054,15,0,0.0,0,711,19.54907891119054,15,
harry-dean,Harry Dean,2026,2025,KPD,ND,3,1-10,19,15,2316.434878584902,12.94711148640945,14.855007524649707,1.9078960382402599,2577,2403,3069,3069,3069,3069,3069,3069,3069,3069,3069,3069,3069,3069,77,73,51,51,52,51,51,52,52,52,52,52,52,52,,0.4900357749675578,0.0,0.0,0.0,0.0,0.0,0.0,0.0,0.0,0.0,0.0,0.0,0.0,666,27.715355805243444,22,0,0.0,-1,666,27.715355805243444,21,
willem-duursma,Willem Duursma,2026,2025,MID,ND,1,1-10,19,17,3272.7827724260437,25.440230012706913,19.98051108935222,-5.4597189233547,3977,3703,3920,3920,4236,3920,3920,4236,4236,3932,3950,3932,3950,4225,37,32,28,28,23,28,28,23,23,28,28,28,28,23,,0.4747777932188384,0.3579591685281376,0.3579591685281376,0.18852309902680064,0.3579591685281376,0.3579591685281376,0.18852309902680064,0.18852309902680064,0.3519222458824455,0.3418646686431501,0.3519222458824455,0.3418646686431501,0.1940741379902322,217,5.8601134215500945,4,305,7.780612244897959,5,522,14.096678368890089,9,
sullivan-robey,Sullivan Robey,2026,2025,SF,ND,9,1-10,19,14,1575.6571581817661,13.494025503081925,13.910511089352203,0.41648558627027654,2981,2379,2864,2864,2864,2864,2864,2864,2864,2864,2864,2864,2864,2864,62,74,60,60,61,60,60,61,61,60,60,60,60,61,,0.5,0.0,0.0,0.0,0.0,0.0,0.0,0.0,0.0,0.0,0.0,0.0,0.0,485,20.386717108028584,14,0,0.0,-1,485,20.386717108028584,13,
dyson-sharp,Dyson Sharp,2026,2025,SF,ND,13,11-20,19,11,1444.775736102072,11.283826206821479,20.390511089352206,9.106684882530722,3091,2427,2879,2879,2879,2879,2879,2879,2879,2879,2879,2879,2879,2879,59,72,59,59,60,59,59,60,60,59,59,59,59,60,,0.4986620928325659,0.0,0.0,0.0,0.0,0.0,0.0,0.0,0.0,0.0,0.0,0.0,0.0,452,18.623815409971158,13,0,0.0,-1,452,18.623815409971158,12,
finn-o-sullivan,Finn O'Sullivan,2025,2024,SD,ND,2,1-10,20,37,2869.16697350346,22.265923036851706,6.946150287150603,-15.3197727497011,3740,3462,2810,2810,3055,2810,2810,3055,3055,2821,2839,2821,2839,3051,43,41,62,62,53,62,62,53,53,62,61,62,61,53,,0.23355045361857463,0.8016199586189164,0.8016199586189164,0.5885281755398952,0.8016199586189164,0.8016199586189164,0.5885281755398952,0.5885281755398952,0.7922797229644429,0.7759434940489364,0.7922797229644429,0.7759434940489364,0.5915147723941496,-652,-18.833044482957828,-21,241,8.576512455516013,9,-411,-11.871750433275563,-12,
jacob-farrow,Jacob Farrow,2026,2025,SD,ND,10,1-10,19,16,1288.1140428983629,9.236999215896647,16.45051108935222,7.213511873455573,2601,2155,2515,2515,2515,2515,2515,2515,2515,2515,2515,2515,2515,2515,76,85,67,67,69,67,67,69,69,67,67,67,67,69,,0.4830925455483981,0.0,0.0,0.0,0.0,0.0,0.0,0.0,0.0,0.0,0.0,0.0,0.0,360,16.705336426914155,18,0,0.0,-2,360,16.705336426914155,16,
zane-duursma,Zane Duursma,2024,2023,SF,ND,4,1-10,21,38,1974.93407666647,16.930665289103374,-16.45147552061458,-33.38214080971796,815,629,194,194,206,233,257,233,257,196,200,237,270,270,252,277,508,499,479,448,431,449,432,497,490,446,421,421,,0.2444109950579354,0.9728004277779887,0.9728004277779887,0.9530302440874702,0.9074772886631813,0.8686384688125957,0.9074772886631813,0.8686384688125957,0.9696615459836175,0.9636886889030586,0.9007410772781106,0.8463953262073841,0.8463953262073841,-435,-69.15739268680446,-231,76,39.175257731958766,87,-359,-57.074721780604136,-144,
zeke-uwland,Zeke Uwland,2026,2025,SD,ND,2,1-10,19,16,2454.1575817335493,19.219115076804957,-1.6394889106477848,-20.85860398745274,2633,1949,1486,1486,1582,1486,1523,1582,1582,1497,1517,1497,1557,1595,74,104,142,142,132,142,139,132,132,141,140,141,134,131,,0.4900357749675578,0.8466476744334823,0.8466476744334823,0.7730016158762855,0.8466476744334823,0.8177625762316091,0.7730016158762855,0.7730016158762855,0.8379636694550909,0.8225907800475439,0.8379636694550909,0.7922134868110459,0.7624877361219415,-463,-23.755772190867113,-38,109,7.335127860026918,11,-354,-18.163160595177015,-27,
sid-draper,Sid Draper,2025,2024,SF,ND,4,1-10,20,10,2479.3474904134955,19.43954712847211,-24.51948891064779,-43.95903603911991,1250,1267,623,623,623,798,880,798,880,633,653,813,923,923,188,169,273,269,269,234,217,234,217,267,266,228,214,214,,0.4752543562311964,0.9040026392053209,0.9040026392053209,0.9040026392053209,0.7872226684263922,0.7327681011794741,0.7872226684263922,0.732768101179474,0.8969386258443164,0.8841655564522242,0.7772754143515659,0.704160753119501,0.7041607531195009,-644,-50.828729281767956,-104,300,48.154093097913325,59,-344,-27.150749802683503,-45,
cooper-duff-tytler,Cooper Duff-Tytler,2026,2025,KPF,ND,4,1-10,19,11,1765.0547616595902,10.806543129062868,7.05500752464971,-3.7515356044131565,1561,1505,1824,1824,1824,1824,1824,1824,1824,1827,1832,1827,1832,1832,155,144,116,116,117,116,116,117,117,116,116,116,116,116,,0.4986620928325659,0.21057166365808067,0.21057166365808067,0.21057166365808067,0.21057166365808067,0.21057166365808067,0.21057166365808067,0.21057166365808067,0.20783256259043104,0.20330466088184762,0.20783256259043104,0.20330466088184762,0.20330466088184806,319,21.196013289036546,28,8,0.43859649122807015,0,327,21.727574750830566,28,
elijah-tsatas,Elijah Tsatas,2023,2022,MID,ND,5,1-10,22,22,2061.937896291424,17.28608489848933,-4.801626930657366,-22.087711829146702,1240,1078,689,689,750,689,726,750,750,695,707,695,747,763,189,191,259,256,245,257,251,246,246,255,253,256,247,244,,0.4437070958632394,0.8850444494229683,0.8850444494229683,0.8156722993174608,0.8850444494229683,0.8427633555516114,0.8156722993174608,0.8156722993174608,0.8774646680208984,0.863888938452619,0.8774646680208984,0.8186689215622631,0.8010366517850176,-389,-36.08534322820037,-68,74,10.740203193033382,15,-315,-29.22077922077922,-53,
jed-walter,Jed Walter,2024,2023,KPF,ND,3,1-10,21,44,2035.3640081597264,10.806543129062868,-3.359768112582433,-14.166311241645301,1439,1170,857,857,857,857,857,857,857,862,871,862,871,871,167,175,221,221,222,221,222,222,223,220,218,220,219,219,,0.16708085878551548,0.7774964262438773,0.7774964262438773,0.7774964262438772,0.7774964262438773,0.7774964262438773,0.7774964262438772,0.7774964262438772,0.7678818471914602,0.7511483737627649,0.7678818471914602,0.7511483737627649,0.751148373762765,-313,-26.752136752136753,-46,14,1.633605600933489,2,-299,-25.555555555555557,-44,
phoenix-gothard,Phoenix Gothard,2024,2023,SF,ND,12,11-20,21,15,975.5377468949711,6.532047249065631,12.145167414136852,5.613120165071223,1891,1319,1614,1614,1614,1614,1614,1614,1614,1614,1614,1614,1614,1614,124,160,128,129,130,129,129,130,130,129,129,129,129,130,,0.498783631984298,0.0,0.0,0.0,0.0,0.0,0.0,0.0,0.0,0.0,0.0,0.0,0.0,295,22.365428354814252,32,0,0.0,-2,295,22.365428354814252,30,
jhye-clark,Jhye Clark,2023,2022,SF,ND,8,1-10,22,31,1576.6532532505223,13.508535995622365,-16.89952792463233,-30.408063920254694,1059,921,569,569,580,600,621,600,621,571,575,604,633,633,217,220,294,291,288,280,275,280,275,291,290,280,270,270,,0.303358560276241,0.9615812760664716,0.9615812760664716,0.9419772580264363,0.904246827790287,0.8647372265350167,0.904246827790287,0.8647372265350167,0.9576124628027746,0.9501697163656814,0.8973794550378308,0.8421898257205183,0.8421898257205183,-352,-38.219326818675356,-74,64,11.24780316344464,24,-288,-31.270358306188925,-50,
josh-lindsay,Josh Lindsay,2026,2025,SD,ND,19,11-20,19,12,813.1703586722134,6.074942251176589,18.520511089352212,12.445568838175625,2335,1796,2050,2050,2050,2050,2050,2050,2050,2050,2050,2050,2050,2050,91,118,94,94,95,94,94,95,95,94,94,94,94,95,,0.4986620928325659,0.0,0.0,0.0,0.0,0.0,0.0,0.0,0.0,0.0,0.0,0.0,0.0,254,14.142538975501113,24,0,0.0,-1,254,14.142538975501113,23,
josh-sinn,Josh Sinn,2022,2021,SD,ND,12,11-20,23,30,1286.1218527608507,9.219793546914932,-19.589420209393563,-28.809213756308495,266,357,73,73,76,97,115,97,115,75,79,100,126,126,448,378,650,621,618,597,575,597,577,619,618,593,564,564,,0.3416855971328254,0.9522681888136968,0.9522681888136968,0.9452103755648091,0.9012668212192677,0.8611556063827395,0.9012668212192677,0.8611556063827395,0.9476959362219155,0.9391994931803804,0.8942814267448655,0.8383371039690233,0.8383371039690233,-284,-79.55182072829132,-272,53,72.6027397260274,86,-231,-64.70588235294117,-186,
dylan-patterson,Dylan Patterson,2026,2025,SD,ND,5,1-10,19,4,1594.9841886913212,13.728454216137909,-19.61948891064778,-33.34794312678569,1628,1440,955,955,956,1123,1189,1123,1189,967,987,1136,1222,1222,148,148,208,207,207,179,171,181,171,206,200,176,171,171,,0.33962627575333004,0.7681705379301527,0.7681705379301527,0.7671256419824781,0.6191244134294034,0.5609512074523648,0.6191244134294034,0.5609512074523648,0.7576720816199978,0.7393519860879594,0.6081134233253589,0.5321970709692191,0.532197070969219,-485,-33.68055555555556,-60,267,27.958115183246072,37,-218,-15.13888888888889,-23,
sam-cumming,Sam Cumming,2026,2025,MID,ND,7,1-10,19,13,1577.6493483192783,13.521719007457017,6.270511089352219,-7.251207918104804,2288,1932,2007,2007,2150,2007,2007,2150,2150,2015,2027,2015,2027,2146,93,106,99,98,86,98,98,86,86,97,95,97,95,86,,0.5,0.42224770912757426,0.42224770912757426,0.2754710639771525,0.42224770912757426,0.42224770912757426,0.2754710639771525,0.2754710639771525,0.4145422821099063,0.4016386538572968,0.4145422821099063,0.4016386538572968,0.2801423513215662,75,3.8819875776397517,7,139,6.9257598405580465,13,214,11.076604554865424,20,
neil-erasmus,Neil Erasmus,2022,2021,MID,ND,10,1-10,23,58,1574.6610631130102,13.480825790802976,-8.659900526169906,-22.140726316972884,1026,1010,779,779,793,779,790,793,793,781,784,781,796,798,222,203,236,237,235,238,236,236,236,237,236,238,235,235,,0.08017253864407836,0.9116016697213172,0.9116016697213172,0.8631586057029116,0.9116016697213172,0.8737479852269827,0.8631586057029116,0.8631586057029116,0.9050381711490789,0.8931603476405136,0.9050381711490789,0.851917960927205,0.8453098598080239,-231,-22.871287128712872,-33,19,2.4390243902439024,1,-212,-20.99009900990099,-32,
taj-hotton,Taj Hotton,2025,2024,SF,ND,12,11-20,20,13,1572.668872975498,13.45308044940435,7.237293166658472,-6.2157872827458815,2355,1628,1722,1722,1829,1722,1722,1829,1829,1727,1736,1727,1736,1825,88,128,119,119,116,119,119,116,116,119,119,119,119,117,,0.498783631984298,0.376787701023495,0.376787701023495,0.23784639495990156,0.376787701023495,0.376787701023495,0.23784639495990156,0.23784639495990156,0.3700770398629293,0.35887698079997565,0.3700770398629293,0.35887698079997565,0.2433783546809789,94,5.773955773955774,9,103,5.981416957026713,2,197,12.100737100737101,11,
jamarra-ugle-hagan,Jamarra Ugle-Hagan,2021,2020,KPF,ND,1,1-10,24,70,2372.140800031695,14.04088565499612,3.0159194221856005,-11.024966232810518,287,534,534,297,335,297,297,335,335,301,307,301,307,343,435,308,302,405,381,405,406,382,382,404,400,405,402,380,,0.04578909722183544,0.04578909722183544,0.6853150703152553,0.5837389380770197,0.6853150703152553,0.6853150703152553,0.5837389380770197,0.5837389380770197,0.6753321918844077,0.6582113325776808,0.6753321918844077,0.6582113325776808,0.561762853351782,0,0.0,6,-191,-35.767790262172284,-78,-191,-35.767790262172284,-72,
tobie-travaglia,Tobie Travaglia,2025,2024,SD,ND,8,1-10,20,16,1290.1062330358748,9.25417825168683,-15.541116441545064,-24.795294693231888,685,521,276,276,283,294,322,294,322,280,288,299,338,338,288,314,412,411,410,407,390,407,393,410,409,406,383,384,,0.4900357749675578,0.8941189045714003,0.8941189045714003,0.8832591144989638,0.8641789671204692,0.8177625762316091,0.864178967120469,0.8177625762316091,0.8867972554980994,0.8736311725010223,0.8559325343623257,0.7922134868110459,0.7922134868110458,-245,-47.02495201535508,-98,62,22.463768115942027,28,-183,-35.12476007677543,-70,
aaron-cadman,Aaron Cadman,2023,2022,KPF,ND,1,1-10,22,73,2372.140800031695,14.04088565499612,4.055531860550305,-9.985353794445816,1769,1814,1592,1592,1634,1592,1592,1634,1634,1596,1602,1596,1602,1641,133,116,129,130,129,130,130,129,129,130,130,130,130,128,,0.03432575768284096,0.645640611736017,0.645640611736017,0.5311999001745802,0.645640611736017,0.645640611736017,0.5311999001745802,0.5311999001745802,0.6357778849075809,0.618947679914498,0.6357778849075809,0.618947679914498,0.5113639417009329,-222,-12.238147739801544,-13,49,3.077889447236181,1,-173,-9.536934950385888,-12,
paddy-dow,Paddy Dow,2018,2017,MID,ND,3,1-10,27,83,2728.9857997709946,21.43741801147903,-8.448003494311658,-29.88542150579069,158,206,206,10,20,21,29,21,29,11,13,22,33,33,558,503,491,769,739,739,718,741,719,769,761,738,713,714,,0.02145204433942982,0.02145204433942982,0.9637997318593781,0.9193748501959763,0.9121315169575469,0.8742946911092133,0.912131516957547,0.8742946911092133,0.9599923081245937,0.9528360118542826,0.9055904042979037,0.8525098781550969,0.8525098781550969,0,0.0,12,-173,-83.98058252427184,-223,-173,-83.98058252427184,-211,
xavier-lindsay,Xavier Lindsay,2025,2024,SD,ND,11,11-20,20,23,1573.6649680442542,13.46629690449404,-2.9354744769631633,-16.401771381457205,2106,1539,1298,1298,1355,1298,1298,1355,1355,1304,1315,1304,1315,1367,108,137,161,161,154,161,162,154,154,161,160,161,161,154,,0.431897305778319,0.7981566481769995,0.7981566481769995,0.7106561955157767,0.7981566481769995,0.7981566481769995,0.7106561955157767,0.7106561955157767,0.7886778536987112,0.7721018379849026,0.7886778536987112,0.7721018379849026,0.69244016951803,-241,-15.659519168291098,-24,69,5.315870570107858,7,-172,-11.176088369070825,-17,
daniel-annable,Daniel Annable,2026,2025,MID,ND,6,1-10,19,1,1578.6454433880342,13.53621115274361,-19.01948891064778,-32.555700063391384,1395,1537,1115,1115,1115,1282,1340,1282,1340,1129,1152,1294,1367,1367,174,138,183,182,184,166,156,166,157,176,174,164,152,152,,0.16831560302740423,0.48510979723288594,0.48510979723288594,0.48510979723288616,0.35940403125115505,0.3159865163668891,0.35940403125115516,0.31598651636688924,0.4746575712451998,0.45699455660862254,0.35092520540708116,0.29567097139317344,0.29567097139317333,-422,-27.45608327911516,-45,252,22.60089686098655,31,-170,-11.060507482108003,-14,
harry-rowston,Harry Rowston,2023,2022,MID,ND,16,11-20,22,25,955.7486675547734,6.532047249065631,-15.284158347689187,-21.816205596754816,787,575,386,386,386,386,399,386,399,388,393,388,408,408,257,299,359,355,355,356,350,356,352,353,352,354,345,345,,0.3810064127080698,0.8933478940985891,0.8933478940985891,0.893347894098589,0.8933478940985891,0.8561530911941102,0.893347894098589,0.8561530911941102,0.8860713240687106,0.8730013438845812,0.8860713240687106,0.8329686984037417,0.8329686984037417,-189,-32.869565217391305,-60,22,5.699481865284974,14,-167,-29.043478260869566,-46,
toby-conway,Toby Conway,2022,2021,RUCK,ND,24,21-30,23,6,1067.8216400368306,8.508262669132264,10.874954308741541,2.3666916396092788,503,899,1066,1066,1066,1066,1066,1066,1066,1066,1066,1066,1066,1066,341,222,191,191,191,192,192,192,192,191,191,192,192,192,,0.37945606123610454,0.0,0.0,0.0,0.0,0.0,0.0,0.0,0.0,0.0,0.0,0.0,0.0,167,18.576195773081203,31,0,0.0,-1,167,18.576195773081203,30,
caleb-windsor,Caleb Windsor,2024,2023,SD,ND,7,1-10,21,52,1577.6493483192783,13.521719007457017,0.10817298861629926,-13.413546018840721,1784,1307,1093,1093,1137,1093,1093,1137,1137,1097,1102,1097,1102,1142,132,163,187,187,175,188,188,176,177,185,185,186,186,177,,0.11076290858754778,0.7594710641722294,0.7594710641722294,0.6271902896248249,0.7594710641722294,0.7594710641722294,0.6271902896248249,0.6271902896248249,0.7497058386149802,0.7327666880006878,0.7497058386149802,0.7327666880006878,0.612695138792856,-214,-16.373374139250192,-24,49,4.483074107959744,10,-165,-12.62433052792655,-14,
luke-pedlar,Luke Pedlar,2021,2020,SF,ND,11,11-20,24,49,976.5338419637271,6.532047249065631,-14.747919760212564,-21.279967009278188,112,217,217,43,43,43,50,43,50,45,47,45,55,55,620,490,476,669,671,672,659,673,661,665,662,667,651,654,,0.14364874759182278,0.1436487475918229,0.9013726846625639,0.9013726846625639,0.9013726846625639,0.8725024232812773,0.9013726846625639,0.8725024232812773,0.8944152484581086,0.8818823850364469,0.8944152484581086,0.8505701299181363,0.8505701299181363,0,0.0,14,-162,-74.65437788018433,-178,-162,-74.65437788018433,-164,
conor-stone,Conor Stone,2021,2020,SD,ND,15,11-20,24,28,903.8014284605089,6.532047249065631,-23.80220029847057,-30.334247547536194,76,218,218,17,17,37,51,37,51,18,21,40,59,59,674,488,473,743,748,688,652,692,656,740,736,682,642,642,,0.36787944117144233,0.36787944117144233,0.9580886281604218,0.9573493526503252,0.8986405829735319,0.8580123607698993,0.8986405829735319,0.8580123607698993,0.9538808177178424,0.9460176475065253,0.8915534682933951,0.8349622502959805,0.8349622502959806,0,0.0,15,-159,-72.93577981651376,-169,-159,-72.93577981651376,-154,
ethan-read,Ethan Read,2024,2023,KPF,ND,9,1-10,21,36,1112.2033967526838,8.988357777492562,-4.131147749589176,-13.119505527081737,1024,627,458,458,460,458,458,460,460,462,467,462,467,468,223,278,328,322,322,324,324,324,324,320,319,322,321,321,,0.2444109950579354,0.7452126076306091,0.7452126076306091,0.7416951277418016,0.7452126076306091,0.7452126076306091,0.7416951277418016,0.7416951277418016,0.7353284408286582,0.7182224662590113,0.7353284408286582,0.7182224662590113,0.7157703614894337,-169,-26.953748006379584,-50,10,2.183406113537118,7,-159,-25.358851674641148,-43,
mitchell-edwards,Mitchell Edwards,2024,2023,RUCK,ND,32,31-40,21,15,1059.8528794867823,8.442238728158697,-10.611327309951932,-19.05356603811063,2439,1406,1237,1237,1237,1237,1237,1237,1237,1242,1251,1242,1251,1251,83,152,168,169,169,170,170,170,170,169,168,170,169,169,,0.4953587998572466,0.8109125025604957,0.8109125025604957,0.8109125025604957,0.8109125025604957,0.810407990265505,0.8109125025604957,0.810407990265505,0.8015105488388683,0.7850112254266105,0.8015105488388683,0.784485927999523,0.7844859279995231,-169,-12.019914651493599,-16,14,1.131770412287793,-1,-155,-11.024182076813656,-17,
dylan-stephens,Dylan Stephens,2020,2019,MID,ND,5,1-10,25,100,2061.937896291424,17.28608489848933,-11.127338268331242,-28.413423166820575,620,687,687,515,522,523,530,523,530,516,518,525,534,534,300,263,260,303,302,302,302,302,303,304,303,302,301,302,,0.0067856446265864845,0.0067856446265864845,0.957172601490812,0.9215379575846117,0.9121728478566581,0.8743451145123589,0.9121728478566581,0.8743451145123589,0.9529206049340765,0.9449856270177898,0.9056335011317084,0.8525644814405116,0.8525644814405116,0,0.0,3,-153,-22.270742358078603,-42,-153,-22.270742358078603,-39,
cooper-hynes,Cooper Hynes,2025,2024,SF,ND,20,11-20,20,25,923.6814959619196,6.532047249065631,-10.604938484572399,-17.136985733638024,1543,923,765,765,765,765,765,765,765,768,774,768,774,774,158,217,241,242,242,243,243,243,243,241,239,242,240,240,,0.3810064127080699,0.8239018924822064,0.8239018924822064,0.8239018924822065,0.8239018924822064,0.8239018924822064,0.8239018924822065,0.8239018924822065,0.8148636526582269,0.7989704030562421,0.8148636526582269,0.7989704030562421,0.7989704030562421,-158,-17.118093174431202,-24,9,1.1764705882352942,1,-149,-16.143011917659805,-23,
elijah-hewett,Elijah Hewett,2023,2022,MID,ND,14,11-20,22,40,1173.9089230691104,7.768828398168423,-4.064550318974933,-11.833378717143358,730,595,431,431,439,431,431,439,439,434,440,434,440,447,275,292,338,333,332,333,333,332,332,332,331,332,331,330,,0.22302577902281595,0.7071062887933894,0.7071062887933894,0.6842288570237167,0.7071062887933894,0.7071062887933894,0.6842288570237167,0.6842288570237167,0.697096200674604,0.6798744734198469,0.697096200674604,0.6798744734198469,0.6588917867650701,-164,-27.563025210084035,-46,16,3.7122969837587005,8,-148,-24.873949579831933,-38,
latrelle-pickett,Latrelle Pickett,2026,2025,SF,ND,12,11-20,21,15,975.5377468949711,6.532047249065631,-18.914832585863152,-25.44687983492878,548,446,238,238,238,258,284,258,284,242,249,263,298,298,325,345,450,442,443,429,412,429,412,439,436,426,408,408,,0.498783631984298,0.8885110251259487,0.8885110251259487,0.8885110251259487,0.8502351517029384,0.8019245180978534,0.8502351517029384,0.8019245180978534,0.8809705657581189,0.8674366097682178,0.8415998218441862,0.7756008313541125,0.7756008313541125,-208,-46.63677130044843,-105,60,25.210084033613445,42,-148,-33.18385650224215,-63,
beau-addinsall,Beau Addinsall,2026,2025,MID,ND,18,11-20,19,6,925.6736860994316,6.532047249065631,2.1205110893522203,-4.411536159713407,1521,1158,1297,1297,1297,1297,1297,1297,1297,1299,1302,1299,1302,1302,162,177,162,162,162,162,163,162,163,162,162,162,163,163,,0.41218031767503205,0.18321214675936381,0.18321214675936381,0.1832121467593636,0.18321214675936381,0.18321214675936381,0.1832121467593636,0.1832121467593636,0.1802474662835315,0.1753456342567875,0.1802474662835315,0.1753456342567875,0.17534563425678762,139,12.003454231433507,15,5,0.3855050115651503,-1,144,12.435233160621761,14,
ryan-angwin,Ryan Angwin,2021,2020,MID,ND,19,11-20,24,46,924.6775910306756,6.532047249065631,-11.013124945972256,-17.545172195037882,483,487,487,340,341,340,340,341,341,342,345,342,345,345,350,325,317,378,377,380,380,379,379,377,377,379,378,378,,0.15113603890689853,0.15113603890689853,0.8489005277462753,0.8428563189735503,0.8489005277462753,0.8489005277462753,0.8428563189735503,0.8428563189735503,0.8404207539101431,0.8254189946334847,0.8404207539101431,0.8254189946334847,0.8254189946334847,0,0.0,8,-142,-29.15811088295688,-61,-142,-29.15811088295688,-53,
campbell-chesser,Campbell Chesser,2022,2021,MID,ND,14,11-20,23,39,1173.9089230691104,7.768828398168423,-20.459798851268378,-28.2286272494368,330,333,167,167,168,178,186,178,186,168,170,179,192,192,414,388,532,519,519,516,508,516,509,519,518,516,503,504,,0.23355045361857463,0.9535248587842038,0.9535248587842038,0.9499080053113105,0.9079402706921189,0.8691992146150472,0.9079402706921189,0.8691992146150471,0.9490378824157439,0.940692227348948,0.9012231382395577,0.8470005895775571,0.8470005895775571,-166,-49.849849849849846,-144,25,14.970059880239521,28,-141,-42.34234234234234,-116,
edward-allan,Edward Allan,2023,2022,MID,ND,19,11-20,22,29,924.6775910306756,6.532047249065631,-8.349642325636314,-14.881689574701943,978,700,551,551,552,551,551,552,552,555,560,555,560,560,234,258,300,297,297,298,298,298,298,296,295,297,296,297,,0.32873509991302785,0.7834020442710332,0.7834020442710332,0.7816312668096199,0.7834020442710332,0.7834020442710332,0.7816312668096199,0.7816312668096199,0.7738066357320539,0.7570833434024646,0.7738066357320539,0.7570833434024646,0.7570833434024646,-149,-21.285714285714285,-42,9,1.633393829401089,3,-140,-20.0,-39,
xavier-taylor,Xavier Taylor,2026,2025,SD,ND,11,11-20,19,2,1287.1179478296067,9.228809366857648,-13.219488910647783,-22.44829827750543,802,1162,950,950,950,954,1001,954,1001,959,975,963,1023,1023,255,176,209,208,208,208,199,208,201,208,205,207,196,196,,0.16831560302740423,0.3634186371060726,0.3634186371060726,0.36341863710607236,0.35940403125115505,0.3159865163668891,0.35940403125115516,0.31598651636688924,0.3548639676250761,0.34053628296321237,0.35092520540708116,0.29567097139317344,0.29567097139317333,-212,-18.244406196213426,-33,73,7.684210526315789,13,-139,-11.962134251290879,-20,
bo-allan,Bo Allan,2025,2024,SD,ND,16,11-20,20,22,899.326331847176,6.532047249065631,-10.737139114435854,-17.26918636350148,1128,620,472,472,472,472,472,472,472,476,482,476,482,482,209,284,320,316,316,317,318,317,318,315,313,316,315,315,,0.4196071367631027,0.818698514665509,0.818698514665509,0.8186985146655091,0.818698514665509,0.818698514665509,0.8186985146655091,0.8186985146655091,0.8095452505727878,0.7934668080064825,0.8095452505727878,0.7934668080064825,0.7934668080064827,-148,-23.870967741935484,-36,10,2.1186440677966103,5,-138,-22.258064516129032,-31,
mitchell-knevitt,Mitchell Knevitt,2022,2021,MID,ND,25,21-30,23,23,842.1323994223629,6.345907454552716,-18.370680536812834,-24.71658799136555,258,245,75,75,76,84,99,84,99,77,81,87,107,107,451,455,646,619,619,613,595,614,596,618,614,611,592,592,,0.4318973057783191,0.9145964128800878,0.9145964128800878,0.9115405322887434,0.8886134514832984,0.8461184501473173,0.8886134514832984,0.8461184501473175,0.9081060370044387,0.8963350664422483,0.8811566943883092,0.8222429132599341,0.8222429132599343,-170,-69.38775510204081,-191,32,42.666666666666664,54,-138,-56.326530612244895,-137,
nick-bryan,Nick Bryan,2020,2019,RUCK,ND,37,31-40,25,33,957.7946261449978,8.074160453727483,-5.174299938837447,-13.248460392564933,778,718,718,574,574,574,574,574,574,577,582,577,582,582,260,252,251,288,290,290,291,291,292,288,287,290,290,290,,0.29100482996501353,0.29100482996501353,0.7450526349653234,0.7450526349653233,0.7450526349653234,0.7450526349653234,0.7450526349653233,0.7450526349653233,0.7351518472190548,0.7180162127306308,0.7351518472190548,0.7180162127306308,0.7180162127306308,0,0.0,1,-136,-18.941504178272982,-39,-136,-18.941504178272982,-38,
nikolas-cox,Nikolas Cox,2021,2020,MID,ND,8,1-10,24,61,1125.673610943418,8.463769357180249,-6.630590873106257,-15.094360230286503,136,249,249,109,110,109,109,110,110,111,114,111,114,115,599,452,441,584,584,586,588,586,588,583,575,585,579,580,,0.0758897611306486,0.0758897611306486,0.8021601919064978,0.7986160651752843,0.8021601919064978,0.8021601919064978,0.7986160651752843,0.7986160651752843,0.7928472867061538,0.7765590572716233,0.7928472867061538,0.7765590572716233,0.7734647098707383,0,0.0,11,-134,-53.81526104417671,-139,-134,-53.81526104417671,-128,
oliver-francou,Oliver Francou,2026,2026,MID,MSD,3,pool,20,4,479.4688417872455,1.7905197524992915,8.706977484301461,6.9164577318021685,576,528,661,661,661,661,661,661,661,661,661,661,661,661,317,312,270,264,264,265,265,265,265,264,264,265,267,267,,0.42164823905285276,0.0,0.0,0.0,0.0,0.0,0.0,0.0,0.0,0.0,0.0,0.0,0.0,133,25.189393939393938,42,0,0.0,3,133,25.189393939393938,45,
samuel-grlj,Samuel Grlj,2026,2025,SD,ND,8,1-10,19,17,1576.6532532505223,13.508535995622365,-1.6494889106477828,-15.158024906270152,1735,1613,1390,1390,1467,1390,1390,1467,1467,1398,1412,1398,1412,1480,140,129,150,150,144,150,150,144,144,150,149,150,149,144,,0.4747777932188384,0.7514606694062106,0.7514606694062106,0.6564953854370436,0.7514606694062106,0.7514606694062106,0.6564953854370436,0.6564953854370436,0.7414357436818746,0.7240519580826082,0.7414357436818746,0.7240519580826082,0.6399043055772047,-223,-13.825170489770613,-21,90,6.474820143884892,6,-133,-8.24550526968382,-15,
jake-rogers,Jake Rogers,2024,2023,SF,ND,14,11-20,21,23,735.7745369474236,5.556904050489454,-16.445057237526363,-22.00196128801581,587,328,184,184,187,184,196,187,196,186,190,186,203,203,314,392,517,507,506,508,497,506,498,506,505,507,489,490,,0.4069589449357295,0.8916926099570592,0.8916926099570592,0.880037723299743,0.8916926099570592,0.851724983707467,0.880037723299743,0.851724983707467,0.8843503876976712,0.8711696638604779,0.8843503876976712,0.8282287214334331,0.828228721433433,-144,-43.90243902439025,-125,19,10.326086956521738,27,-125,-38.109756097560975,-98,
matthew-jefferson,Matthew Jefferson,2023,2022,KPF,ND,15,11-20,22,19,759.4628061274012,7.629705783088345,-16.012512460254097,-23.642218243342445,405,297,150,150,150,155,170,155,170,152,156,158,178,178,382,414,548,536,536,531,519,531,519,533,529,529,518,518,,0.4548979947844751,0.8989564940698397,0.8989564940698397,0.8989564940698396,0.8825181014165269,0.8389659699734896,0.882518101416527,0.8389659699734896,0.891844338879602,0.8790352521192994,0.8748503083270808,0.8146308604530211,0.8146308604530212,-147,-49.494949494949495,-134,28,18.666666666666668,30,-119,-40.06734006734007,-104,
jonty-faull,Jonty Faull,2025,2024,KPF,ND,14,11-20,20,26,856.3497028187428,7.727753241901468,-6.863702137827512,-14.59145537972898,989,639,513,513,513,513,513,513,513,517,523,517,523,523,230,274,308,305,306,305,306,306,307,303,302,304,304,304,,0.3940604995571678,0.7661426704713651,0.7661426704713651,0.7661426704713651,0.7661426704713651,0.7661426704713651,0.7661426704713651,0.7661426704713651,0.7563387480484054,0.7393037268240208,0.7563387480484054,0.7393037268240208,0.7393037268240208,-126,-19.718309859154928,-34,10,1.949317738791423,4,-116,-18.15336463223787,-30,
mattaes-phillipou,Mattaes Phillipou,2023,2022,SF,ND,10,1-10,22,61,1574.6610631130102,13.480825790802976,2.0936959324744353,-11.387129858328544,2281,2001,1840,1840,1882,1840,1840,1882,1882,1842,1847,1842,1847,1885,96,99,115,115,111,115,115,111,111,115,115,115,115,111,,0.0679441127002165,0.6977884631553789,0.6977884631553789,0.5319477108987878,0.6977884631553789,0.6977884631553789,0.5319477108987878,0.5319477108987878,0.6877984439577018,0.6706359514029088,0.6877984439577018,0.6706359514029088,0.5229118788640296,-161,-8.045977011494253,-16,45,2.4456521739130435,4,-116,-5.797101449275362,-12,
charlie-banfield,Charlie Banfield,2026,2025,SF,ND,41,41+,19,3,618.8515812021549,4.468034528921674,6.4805110893522055,2.012476560430528,536,683,798,798,798,798,798,798,798,798,798,798,798,798,329,266,232,233,233,233,234,233,234,233,233,234,234,234,,0.23506858983338097,0.0,0.0,0.0,0.0,0.0,0.0,0.0,0.0,0.0,0.0,0.0,0.0,115,16.837481698389457,34,0,0.0,-2,115,16.837481698389457,32,
brayden-cook,Brayden Cook,2021,2020,SF,ND,26,21-30,24,48,841.136304353607,6.336981989824271,-7.305332254948647,-13.642314244772916,782,710,710,589,594,589,589,594,594,590,594,590,594,596,258,255,253,283,279,285,285,282,282,283,280,285,282,281,,0.13647551248351442,0.13647551248351442,0.7649462782473377,0.7368481079020455,0.7649462782473377,0.7649462782473377,0.7368481079020455,0.7368481079020455,0.7552212672346708,0.7383351903999235,0.7552212672346708,0.7383351903999235,0.7270990383391016,0,0.0,2,-114,-16.056338028169016,-28,-114,-16.056338028169016,-26,
nathan-o-driscoll,Nathan O'Driscoll,2021,2020,MID,ND,28,21-30,24,50,823.9188874031466,6.17724845363249,-8.219333977223961,-14.396582430856448,597,562,562,442,447,442,442,447,447,444,447,444,447,449,311,304,296,328,328,328,328,328,328,328,327,328,327,329,,0.12303990985420021,0.12303990985420021,0.7846876393555795,0.7581208726106787,0.7846876393555795,0.7846876393555795,0.7581208726106787,0.7581208726106787,0.7751543935167908,0.7585399526479517,0.7751543935167908,0.7585399526479517,0.7469393383246381,0,0.0,8,-113,-20.106761565836297,-33,-113,-20.106761565836297,-25,
angus-sheldrick,Angus Sheldrick,2022,2021,MID,ND,18,11-20,23,46,925.6736860994316,6.532047249065631,-4.17100647065625,-10.703053719721877,748,691,573,573,576,573,573,576,576,576,580,576,580,580,270,260,292,289,289,291,292,290,291,289,288,291,291,291,,0.16708085878551548,0.6702941783555376,0.6702941783555376,0.6580133194899941,0.6702941783555376,0.6702941783555376,0.6580133194899941,0.6580133194899941,0.660322481776441,0.6432533306087016,0.660322481776441,0.6432533306087016,0.6432533306087016,-118,-17.076700434153402,-32,7,1.2216404886561956,1,-111,-16.063675832127352,-31,
george-wardlaw,George Wardlaw,2023,2022,MID,ND,4,1-10,22,52,2479.3474904134955,19.43954712847211,14.896119279241587,-4.543427849230528,3235,3085,2914,2914,2974,2914,2914,2974,2974,2918,2924,2918,2924,2975,56,53,57,57,57,57,57,57,57,57,57,57,57,57,,0.1167609166465261,0.3377595329839598,0.3377595329839598,0.25979338451637957,0.3377595329839598,0.3377595329839598,0.25979338451637957,0.25979338451637957,0.3327156913635835,0.3243322809520075,0.3327156913635835,0.3243322809520075,0.25916465124576604,-171,-5.542949756888168,-4,61,2.0933424845573096,0,-110,-3.565640194489465,-4,
jeremy-sharp,Jeremy Sharp,2020,2019,MID,ND,27,21-30,25,62,840.1402092848509,6.328858301045465,-13.620338137867817,-19.94919643891329,63,149,149,35,37,35,37,37,37,36,38,36,40,40,687,560,549,699,693,700,693,695,697,698,686,699,686,687,,0.07181646198133296,0.07181646198133296,0.8865235093015313,0.8724496839937206,0.8865235093015313,0.8738591142203285,0.8724496839937206,0.8724496839937206,0.8790626975817114,0.8657032032512733,0.8790626975817114,0.8520382640154207,0.8520382640154207,0,0.0,11,-109,-73.15436241610739,-138,-109,-73.15436241610739,-127,
sam-marshall,Sam Marshall,2025,2024,MID,ND,25,21-30,20,13,842.1323994223629,6.345907454552716,-16.153878696040206,-22.499786150592925,704,542,397,397,397,399,421,399,421,401,408,403,433,433,282,307,350,346,348,346,337,348,338,346,342,343,334,334,,0.4986620928325659,0.8360982497119892,0.8360982497119892,0.8360982497119891,0.8312028287982294,0.7806510375473704,0.8312028287982295,0.7806510375473704,0.8270972433253837,0.8111974951753074,0.8220995792679388,0.7534461983717898,0.7534461983717898,-145,-26.752767527675278,-43,36,9.06801007556675,16,-109,-20.11070110701107,-27,
max-gruzewski,Max Gruzewski,2023,2022,KPF,ND,22,21-30,22,21,721.6177415249131,7.524395507345216,-9.68309139068217,-17.20748689802739,626,434,318,318,318,318,318,318,318,321,326,321,326,326,298,352,396,394,396,395,396,397,398,391,388,392,389,391,,0.4318973057783191,0.8142973313065789,0.8142973313065789,0.8142973313065788,0.8142973313065789,0.8142973313065789,0.8142973313065788,0.8142973313065788,0.805060465803584,0.7888504973551033,0.805060465803584,0.7888504973551033,0.7888504973551033,-116,-26.72811059907834,-44,8,2.5157232704402515,5,-108,-24.88479262672811,-39,
levi-ashcroft,Levi Ashcroft,2025,2024,MID,ND,5,1-10,20,46,2061.937896291424,17.28608489848933,18.000840137142504,0.7147552386531663,3519,3365,3471,3471,3471,3471,3471,3471,3471,3471,3471,3471,3471,3471,48,45,41,41,41,41,41,41,41,41,41,41,41,41,,0.15113603890689853,0.0,0.0,0.0,0.0,0.0,0.0,0.0,0.0,0.0,0.0,0.0,0.0,106,3.150074294205052,4,0,0.0,0,106,3.150074294205052,4,
nicholas-coffield,Nicholas Coffield,2018,2017,SD,ND,8,1-10,27,75,1290.1062330358748,9.25417825168683,-5.562676613307925,-14.816854864994749,50,161,161,48,53,48,48,53,53,49,52,49,52,56,712,545,536,658,647,660,664,650,651,657,651,659,657,652,,0.030549740480166343,0.030549740480166343,0.7963238079852359,0.7625430734630003,0.7963238079852359,0.7963238079852359,0.7625430734630003,0.7625430734630003,0.7869352631045454,0.7705351137334525,0.7869352631045454,0.7705351137334525,0.7394076669708685,0,0.0,9,-105,-65.21739130434783,-116,-105,-65.21739130434783,-107,
cameron-mackenzie,Cameron Mackenzie,2023,2022,MID,ND,7,1-10,22,63,1577.6493483192783,13.521719007457017,4.585421727894795,-8.936297279562226,2251,2027,1852,1852,1924,1852,1852,1924,1924,1855,1861,1855,1861,1923,98,93,114,114,106,114,114,106,106,114,114,114,114,106,,0.06076906716931718,0.6000508516966201,0.6000508516966201,0.37867596682382487,0.6000508516966201,0.6000508516966201,0.37867596682382487,0.37867596682382487,0.5904965147190796,0.5742754820078988,0.5904965147190796,0.5742754820078988,0.3816976247530113,-175,-8.63344844597928,-21,71,3.833693304535637,8,-104,-5.130735076467686,-13,
liam-henry,Liam Henry,2020,2019,SF,ND,9,1-10,25,69,1004.5194373544474,6.532047249065631,-9.134131758499471,-15.666179007565095,63,138,138,31,31,31,31,31,31,32,34,32,34,34,688,569,559,709,710,710,713,711,714,708,705,709,710,712,,0.04847682481289961,0.048476824812899943,0.8150520321754856,0.8150520321754858,0.8150520321754856,0.8150520321754856,0.8150520321754858,0.8150520321754858,0.8059317691734424,0.7899350947551641,0.8059317691734424,0.7899350947551641,0.7899350947551643,0,0.0,10,-104,-75.3623188405797,-153,-104,-75.3623188405797,-143,
billy-wilson,Billy Wilson,2024,2023,SD,ND,34,31-40,21,15,357.9877784388025,-1.2623139425581236,4.870299195352062,6.132613137910185,983,664,767,767,767,767,767,767,767,767,767,767,767,767,232,270,240,241,241,242,242,242,242,242,242,243,243,243,,0.4900357749675578,0.0,0.0,0.0,0.0,0.0,0.0,0.0,0.0,0.0,0.0,0.0,0.0,103,15.512048192771084,30,0,0.0,-3,103,15.512048192771084,27,
marcus-herbert,Marcus Herbert,2026,2026,MID,MSD,13,pool,24,6,358.5352973164835,-1.2623139425581236,11.77000000000001,13.032313942558133,906,690,690,793,793,793,793,793,793,793,793,793,793,793,244,261,258,234,234,235,235,235,235,234,234,235,236,236,,0.49945078586515446,0.49945078586515446,0.0,0.0,0.0,0.0,0.0,0.0,0.0,0.0,0.0,0.0,0.0,0,0.0,3,103,14.927536231884059,22,103,14.927536231884059,25,
ned-moyle,Ned Moyle,2021,2021,RUCK,MSD,5,pool,24,25,448.21342329607927,5.189017235862176,7.2752538890017036,2.086236653139523,2285,1568,1568,1671,1671,1671,1671,1671,1671,1671,1671,1671,1671,1671,95,132,132,125,126,125,125,126,126,125,125,125,125,126,,0.3810064127080699,0.3810064127080699,0.0,0.0,0.0,0.0,0.0,0.0,0.0,0.0,0.0,0.0,0.0,0,0.0,0,103,6.5688775510204085,6,103,6.5688775510204085,6,
deven-robertson,Deven Robertson,2020,2019,SF,ND,22,21-30,25,51,895.6752113487146,6.532047249065631,-8.538008791060525,-15.070056040126152,174,239,239,133,135,133,133,135,135,134,137,134,137,137,536,460,449,549,548,550,553,549,552,549,547,550,552,552,,0.12960861541472057,0.1296086154147208,0.8004273124952949,0.7853472298326726,0.8004273124952949,0.8004273124952949,0.7853472298326726,0.7853472298326726,0.7910865414339479,0.7747551557456704,0.7910865414339479,0.7747551557456704,0.7747425521762618,0,0.0,11,-102,-42.67782426778243,-103,-102,-42.67782426778243,-92,
james-tunstill,James Tunstill,2022,2021,MID,ND,41,41+,23,23,618.8515812021549,4.468034528921674,-25.48154447906504,-29.949579007986713,82,176,42,42,44,58,69,58,69,43,45,60,75,75,664,533,706,670,667,639,627,640,629,671,667,638,623,623,,0.4318973057783191,0.9502964954911077,0.9502964954911077,0.942311063283264,0.8886134514832984,0.8461184501473173,0.8886134514832984,0.8461184501473173,0.9455904871247668,0.9368573086101907,0.8811566943883092,0.8222429132599341,0.822242913259934,-134,-76.13636363636364,-173,33,78.57142857142857,83,-101,-57.38636363636363,-90,
lachie-jaques,Lachie Jaques,2025,2024,SD,ND,29,21-30,20,8,438.0951952388514,0.27560254538325973,-2.063022515698542,-2.3386250610817996,725,483,583,583,586,583,583,586,586,583,582,583,582,584,279,327,289,285,284,287,287,286,286,285,286,287,289,288,,0.4593985818486357,0.09187666288285634,0.09187666288285634,0.07898605118042312,0.09187666288285634,0.09187666288285634,0.07898605118042312,0.07898605118042312,0.09210236538086014,0.09247363751492921,0.09210236538086014,0.09247363751492921,0.08593681974204403,100,20.70393374741201,38,1,0.17152658662092624,1,101,20.910973084886127,39,
oliver-hollands,Oliver Hollands,2023,2022,SD,ND,11,11-20,22,76,1573.6649680442542,13.46629690449404,3.3295100459458817,-10.136786858548163,1739,1550,1405,1405,1449,1405,1405,1449,1449,1407,1411,1407,1411,1450,138,135,149,149,146,149,149,146,146,149,150,149,150,146,,0.0323855611684809,0.6517545412223182,0.6517545412223182,0.46065417629052274,0.6517545412223182,0.6517545412223182,0.46065417629052274,0.46065417629052274,0.6418638928979308,0.6249736483472337,0.6418638928979308,0.6249736483472337,0.4567407778903295,-145,-9.35483870967742,-14,45,3.202846975088968,3,-100,-6.451612903225806,-11,
hugo-hall-kahan,Hugo Hall-Kahan,2026,2026,SD,MSD,10,pool,23,7,358.5352973164835,-1.2623139425581236,2.2840524758754412,3.546366418433564,215,253,352,352,352,352,352,352,352,352,352,352,352,352,489,448,376,373,374,374,375,375,376,373,373,375,375,376,,0.4929164667976509,0.0,0.0,0.0,0.0,0.0,0.0,0.0,0.0,0.0,0.0,0.0,0.0,99,39.130434782608695,72,0,0.0,0,99,39.130434782608695,72,
josh-gibcus,Josh Gibcus,2022,2021,KPD,ND,9,1-10,23,22,927.3306694774677,7.983399908662354,5.8742799586567935,-2.1091199500055624,254,231,330,330,330,330,330,330,330,330,330,330,330,330,457,469,388,383,384,384,384,385,385,384,384,385,386,387,,0.4437070958632394,0.11342972257292161,0.11342972257292161,0.11342972257292105,0.11342972257292161,0.11342972257292161,0.11342972257292105,0.11342972257292105,0.11441982802378203,0.11604664374632234,0.11441982802378203,0.11604664374632234,0.11604664374632234,99,42.857142857142854,81,0,0.0,1,99,42.857142857142854,82,
leek-aleer,Leek Aleer,2022,2021,KPD,ND,15,11-20,25,32,651.0768272368352,7.0855787797604615,-7.74178258822805,-14.82736136798852,231,285,285,180,180,180,180,180,180,182,186,182,186,186,476,417,409,512,512,513,514,513,514,511,508,512,510,510,,0.3159463390052164,0.3159463390052164,0.7835558610795398,0.7835558610795396,0.7835558610795398,0.7835558610795398,0.7835558610795396,0.7835558610795396,0.7739674067271621,0.7572562482110254,0.7739674067271621,0.7572562482110254,0.7572562482110254,0,0.0,8,-99,-34.73684210526316,-101,-99,-34.73684210526316,-93,
tyler-sonsie,Tyler Sonsie,2022,2021,SF,ND,28,21-30,23,53,823.9188874031466,6.17724845363249,-6.405680044230739,-12.582928497863225,1095,958,853,853,858,853,853,858,858,855,857,855,857,860,215,210,222,223,221,223,224,221,222,222,223,222,224,222,,0.10503698491980307,0.7356917017235207,0.7356917017235207,0.702743787565552,0.7356917017235207,0.7356917017235207,0.702743787565552,0.702743787565552,0.7257851284286003,0.7086691426036216,0.7257851284286003,0.7086691426036216,0.6943564275749581,-105,-10.960334029227557,-12,7,0.82063305978898,0,-98,-10.22964509394572,-12,
jordan-croft,Jordan Croft,2024,2023,KPF,ND,15,11-20,21,16,759.4628061274012,7.629705783088345,-9.320472897489607,-16.950178680577956,1048,533,427,427,427,427,427,427,427,430,436,430,436,436,218,309,340,334,334,334,334,334,334,334,333,334,333,333,,0.4830925455483981,0.7853861461850193,0.7853861461850193,0.7853861461850193,0.7853861461850193,0.7853861461850193,0.7853861461850193,0.7853861461850193,0.7756656378052975,0.7587029154958729,0.7756656378052975,0.7587029154958729,0.7587029154958727,-106,-19.887429643527206,-31,9,2.107728337236534,7,-97,-18.19887429643527,-24,
will-setterfield,Will Setterfield,2017,2016,MID,ND,5,1-10,28,91,2061.937896291424,17.28608489848933,4.661359268742624,-12.62472562974671,559,664,664,528,569,528,528,569,569,530,533,530,533,568,320,271,267,301,293,301,303,294,295,301,300,301,302,295,,0.01176693075871904,0.01176693075871904,0.7382735750197613,0.5205325676595142,0.7382735750197613,0.7382735750197613,0.5205325676595142,0.5205325676595142,0.728384650784319,0.7112925461296928,0.728384650784319,0.7112925461296928,0.5232167570056947,0,0.0,4,-96,-14.457831325301205,-28,-96,-14.457831325301205,-24,
callum-coleman-jones,Callum Coleman-Jones,2018,2017,RUCK,ND,20,11-20,27,37,725.7806114123679,7.546255032825137,-11.73461202325391,-19.280867056079042,38,120,120,22,22,22,23,22,23,24,26,24,26,26,741,594,586,730,731,734,734,734,734,727,721,731,727,727,,0.2555994417933758,0.2555994417933758,0.871747567447705,0.871747567447705,0.871747567447705,0.8680152575692901,0.871747567447705,0.8680152575692901,0.863829871778688,0.8497232999697562,0.863829871778688,0.8457228718147596,0.8457228718147596,0,0.0,8,-94,-78.33333333333333,-141,-94,-78.33333333333333,-133,
samuel-swadling,Samuel Swadling,2026,2025,MID,ND,37,31-40,19,5,630.2388376877335,4.6400967367785695,0.15051108935222146,-4.489585647426345,776,682,773,773,773,773,773,773,773,774,776,774,776,776,261,267,237,238,238,239,239,239,239,238,238,239,239,239,,0.37945606123610465,0.16933585435462817,0.16933585435462817,0.1693358543546284,0.16933585435462817,0.16933585435462817,0.1693358543546284,0.1693358543546284,0.1665250461826565,0.1618791346682843,0.1665250461826565,0.1618791346682843,0.16187913466828396,91,13.343108504398828,30,3,0.38809831824062097,-2,94,13.782991202346041,28,
daniel-curtin,Daniel Curtin,2024,2023,MID,ND,8,1-10,21,44,1576.6532532505223,11.628888784102717,12.679488185341029,1.0505994012383155,2488,2242,2335,2335,2335,2335,2335,2335,2335,2335,2335,2335,2335,2335,81,80,77,77,77,77,77,77,77,77,77,77,77,77,,0.16708085878551548,0.0,0.0,0.0,0.0,0.0,0.0,0.0,0.0,0.0,0.0,0.0,0.0,93,4.148082069580732,3,0,0.0,0,93,4.148082069580732,3,
braeden-campbell,Braeden Campbell,2021,2020,SF,ND,5,1-10,24,96,1594.9841886913212,13.728454216137909,-7.224454582010124,-20.95290879814803,403,419,419,318,325,318,321,325,325,319,320,319,323,327,383,360,345,392,388,393,391,389,389,392,393,393,392,389,,0.008675632618332374,0.008675632618332374,0.8992635189717262,0.8413274450468338,0.8992635189717262,0.8743408030318118,0.8413274450468338,0.8413274450468338,0.8922340333219876,0.8795833865861143,0.8922340333219876,0.8525598124908433,0.8230482807270835,0,0.0,15,-92,-21.957040572792362,-44,-92,-21.957040572792362,-29,
jobe-shanahan,Jobe Shanahan,2025,2024,KPF,ND,30,21-30,20,28,564.298383232277,6.3223024608758935,10.217955938941165,3.8956534780652685,1739,1347,1438,1438,1438,1438,1438,1438,1438,1438,1438,1438,1438,1438,137,157,146,146,148,146,146,148,148,146,146,146,146,148,,0.3416855971328254,0.0,0.0,0.0,0.0,0.0,0.0,0.0,0.0,0.0,0.0,0.0,0.0,91,6.755753526354862,11,0,0.0,-2,91,6.755753526354862,9,
riley-hardeman,Riley Hardeman,2024,2023,SD,ND,23,21-30,21,24,677.341120195934,5.201281190149794,-10.488560497125372,-15.68984168727517,258,287,183,183,192,183,183,192,192,185,190,185,190,196,452,416,519,509,502,510,511,502,503,508,506,509,508,502,,0.4069589449357295,0.7892101241426047,0.7892101241426047,0.7557216617496851,0.7892101241426047,0.7892101241426047,0.7557216617496851,0.7557216617496851,0.7796372613318947,0.7629296121815895,0.7796372613318947,0.7629296121815895,0.7401118453693882,-104,-36.23693379790941,-103,13,7.103825136612022,17,-91,-31.70731707317073,-86,
tom-brown,Tom Brown,2022,2021,SD,ND,17,11-20,23,56,888.7620537021933,6.532047249065631,-4.250111756938713,-10.782159006004338,493,515,420,420,425,420,420,425,425,422,425,422,425,425,347,316,344,337,336,337,338,336,336,336,336,336,337,337,,0.08940142632729464,0.6757099942107203,0.6757099942107203,0.6475888386205206,0.6757099942107203,0.6757099942107203,0.6475888386205206,0.6475888386205206,0.6657384992432565,0.6486586010504227,0.6657384992432565,0.6486586010504227,0.6450710551013206,-95,-18.446601941747574,-28,5,1.1904761904761905,7,-90,-17.475728155339805,-21,
wil-dawson,Wil Dawson,2024,2023,KPD,ND,22,21-30,21,14,633.689629104298,6.966841415706711,-12.46586149341386,-19.43270290912057,525,326,228,228,228,228,230,228,230,230,235,230,238,238,331,395,461,450,451,451,451,452,452,450,446,451,447,447,,0.4953587998572466,0.8173879073216178,0.8173879073216178,0.8173879073216177,0.8173879073216178,0.810407990265505,0.8173879073216177,0.810407990265505,0.8080953664515333,0.7917640000733126,0.8080953664515333,0.784485927999523,0.7844859279995229,-98,-30.061349693251532,-66,10,4.385964912280702,14,-88,-26.993865030674847,-52,
kane-mcauliffe,Kane McAuliffe,2024,2023,MID,ND,40,31-40,21,23,627.2505524814654,4.594702502727453,2.7093910414308255,-1.8853114612966293,1312,923,1012,1012,1012,1012,1012,1012,1012,1011,1010,1011,1010,1010,181,218,199,196,197,197,197,198,198,196,196,197,198,199,,0.4318973057783191,0.09393775707977792,0.09393775707977792,0.09312758331993998,0.09393775707977792,0.09393775707977792,0.09312758331993998,0.09312758331993998,0.09562757497333174,0.0984013191894807,0.09562757497333174,0.0984013191894807,0.0984013191894807,89,9.642470205850488,19,-2,-0.1976284584980237,0,87,9.42578548212351,19,
tanner-bruhn,Tanner Bruhn,2021,2020,SD,ND,12,11-20,24,82,1572.668872975498,13.45308044940435,2.8243410250089496,-10.628739424395405,2214,2018,2018,1896,1930,1896,1896,1930,1930,1897,1901,1897,1901,1931,103,96,96,108,104,108,108,104,104,108,108,108,108,104,,0.020213840997256427,0.020213840997256427,0.6709369443277402,0.49072371340084775,0.6709369443277402,0.6709369443277402,0.49072371340084775,0.49072371340084775,0.6609812191737892,0.6439391758801781,0.6609812191737892,0.6439391758801781,0.4845222408006552,0,0.0,0,-87,-4.311199207135778,-8,-87,-4.311199207135778,-8,
harry-armstrong,Harry Armstrong,2025,2024,KPF,ND,23,21-30,20,11,682.0434602995151,7.289284901686604,-16.158259326925045,-23.44754422861165,620,577,454,454,454,461,481,461,481,458,464,465,491,491,301,298,329,323,324,322,315,323,315,323,322,320,314,314,,0.4867408061769699,0.823167083871904,0.823167083871904,0.823167083871904,0.8045818954866125,0.7514749466052255,0.8045818954866126,0.7514749466052256,0.8138437845896436,0.7974202574764216,0.7949315506545795,0.7233270851646945,0.7233270851646945,-123,-21.317157712305026,-31,37,8.14977973568282,15,-86,-14.90467937608319,-16,
harry-o-farrell,Harry O'Farrell,2025,2024,KPD,ND,40,31-40,20,6,406.8605869752411,4.472583330269197,10.955007524649702,6.482424194380506,201,505,591,591,591,591,591,591,591,591,591,591,591,591,510,319,286,281,282,284,284,285,285,282,283,284,285,285,,0.37945606123610476,0.0,0.0,0.0,0.0,0.0,0.0,0.0,0.0,0.0,0.0,0.0,0.0,86,17.02970297029703,33,0,0.0,1,86,17.02970297029703,34,
jesse-dattoli,Jesse Dattoli,2025,2024,SF,ND,22,21-30,20,3,520.6138738113877,2.843411752841786,3.237127688089519,0.3937159352477302,318,531,617,617,617,617,617,617,617,617,617,617,617,617,423,310,277,274,274,276,277,276,277,274,275,276,278,278,,0.2918181528951632,0.0,0.0,0.0,0.0,0.0,0.0,0.0,0.0,0.0,0.0,0.0,0.0,86,16.195856873822976,33,0,0.0,-1,86,16.195856873822976,32,
talor-byrne,Talor Byrne,2026,2025,SF,ND,45,41+,19,13,282.35352462462504,-1.2623139425581236,10.220511089352208,11.48282503191033,857,687,773,773,773,773,773,773,773,773,773,773,773,773,248,264,238,239,239,240,240,240,240,239,240,240,241,241,,0.498783631984298,0.0,0.0,0.0,0.0,0.0,0.0,0.0,0.0,0.0,0.0,0.0,0.0,86,12.518195050946142,26,0,0.0,-3,86,12.518195050946142,23,
billy-cootee,Billy Cootee,2026,2025,MID,ND,42,41+,24,5,600.0376847054965,4.159453395256504,-29.389999999999993,-33.5494533952565,264,232,232,62,62,116,138,116,138,65,71,120,150,150,449,466,455,631,634,571,550,573,550,628,623,570,542,542,,0.41218031767503205,0.41218031767503205,0.8456508712719027,0.8456508712719029,0.7088471074232192,0.6508361812179669,0.7088471074232192,0.6508361812179668,0.8366602894736449,0.8207121912035149,0.6980446198721778,0.6213428211623353,0.6213428211623351,0,0.0,11,-82,-35.3448275862069,-87,-82,-35.3448275862069,-76,
logan-mcdonald,Logan McDonald,2021,2020,KPF,ND,4,1-10,24,87,1765.0547616595902,10.806543129062868,4.395010521241871,-6.411532607820999,693,736,736,650,650,650,650,650,650,651,654,651,654,654,285,247,247,265,265,266,268,266,268,265,265,266,268,268,,0.01498491879092445,0.01498491879092445,0.4664320295377077,0.4664320295377077,0.4664320295377077,0.4664320295377077,0.4664320295377077,0.4664320295377077,0.45867507365271953,0.445664755733879,0.45867507365271953,0.445664755733879,0.44566475573387876,0,0.0,0,-82,-11.141304347826088,-21,-82,-11.141304347826088,-21,
louis-emmett,Louis Emmett,2026,2025,RUCK,ND,27,21-30,19,5,600.9575494753058,6.714540523863446,-25.274992475350288,-31.989532999213736,749,627,454,454,454,509,533,509,533,458,466,513,545,545,269,279,330,324,325,307,300,308,301,324,321,306,299,300,,0.37945606123610476,0.8020082668616105,0.8020082668616105,0.8020082668616105,0.6692455903592098,0.6107233088092463,0.6692455903592098,0.6107233088092462,0.7920679298723461,0.7746131325578889,0.6582629278901022,0.5813649446235005,0.5813649446235005,-173,-27.59170653907496,-51,91,20.044052863436125,30,-82,-13.078149920255184,-21,
angus-clarke,Angus Clarke,2025,2024,SD,ND,39,31-40,20,17,312.0571778503944,-1.2623139425581236,2.174005159049142,3.436319101607265,555,451,532,532,532,532,532,532,532,532,532,532,532,532,321,340,303,300,301,300,301,301,302,300,301,300,303,303,,0.4900357749675578,0.0,0.0,0.0,0.0,0.0,0.0,0.0,0.0,0.0,0.0,0.0,0.0,81,17.96008869179601,37,0,0.0,0,81,17.96008869179601,37,
alex-davies,Alex Davies,2021,2020,MID,ND,17,11-20,24,46,926.6697811681876,6.532047249065631,-1.06363411130436,-7.595681360369987,401,437,437,352,352,352,352,352,352,354,358,354,358,358,385,349,337,372,373,373,374,374,375,372,367,373,369,369,,0.16708085878551548,0.16708085878551548,0.5307915139759904,0.5307915139759907,0.5307915139759904,0.5307915139759904,0.5307915139759907,0.5307915139759907,0.5219951473480008,0.5071603140742165,0.5219951473480008,0.5071603140742165,0.5071603140742165,0,0.0,12,-79,-18.07780320366133,-32,-79,-18.07780320366133,-20,
lachlan-mcandrew,Lachlan McAndrew,2025,2024,RUCK,SSP,,pool,26,21,281.08929322053854,2.5513615073468294,8.939980300187614,6.388618792840788,1279,841,841,920,920,920,920,920,920,920,920,920,920,920,184,230,225,214,214,214,214,214,214,214,214,214,215,215,,0.4437070958632394,0.4437070958632394,0.0,0.0,0.0,0.0,0.0,0.0,0.0,0.0,0.0,0.0,0.0,0,0.0,5,79,9.393579072532699,10,79,9.393579072532699,15,
roan-steele,Roan Steele,2025,2025,MID,MSD,7,pool,25,20,479.4688417872455,1.7905197524992915,-27.221904761904756,-29.012424514404046,152,118,118,17,18,27,35,27,35,17,19,28,39,39,569,598,590,745,745,718,705,721,707,745,741,717,692,695,,0.4048238720843179,0.4048238720843179,0.9485238153458615,0.9411717258451736,0.8937028715532234,0.852134736304289,0.8937028715532234,0.852134736304289,0.9437187392274302,0.9348162470013477,0.8864301136346591,0.8286668697669854,0.8286668697669854,0,0.0,8,-79,-66.94915254237289,-105,-79,-66.94915254237289,-97,
ty-gallop,Ty Gallop,2025,2024,KPF,ND,42,41+,20,23,344.4206363757005,3.4658241447459557,8.612530695019569,5.14670655027361,1199,854,933,933,933,933,933,933,933,933,933,933,933,933,197,227,212,211,211,211,211,211,211,211,211,211,211,211,,0.4318973057783191,0.0,0.0,0.0,0.0,0.0,0.0,0.0,0.0,0.0,0.0,0.0,0.0,79,9.250585480093676,15,0,0.0,1,79,9.250585480093676,16,
harrison-oliver,Harrison Oliver,2025,2024,SD,ND,19,11-20,20,5,813.1703586722134,6.074942251176589,-21.99302251569854,-28.06796476687514,528,463,314,314,314,350,373,350,373,318,326,354,385,385,330,335,398,396,399,375,363,376,363,395,387,374,359,359,,0.33962627575333015,0.7090423992966985,0.7090423992966985,0.7090423992966983,0.6191244134294034,0.5609512074523648,0.6191244134294034,0.5609512074523648,0.6980558381532829,0.6790671374718598,0.6081134233253589,0.5321970709692192,0.5321970709692193,-149,-32.18142548596112,-63,71,22.611464968152866,39,-78,-16.846652267818573,-24,
jack-hutchinson,Jack Hutchinson,2024,2024,MID,MSD,3,pool,25,28,479.4688417872455,1.7905197524992915,-15.743272595316856,-17.533792347816153,118,118,118,33,37,33,33,37,37,34,37,34,37,40,613,597,589,702,692,704,708,694,696,702,694,704,701,686,,0.2930462985180754,0.2930462985180755,0.8413680279093321,0.8159790442256375,0.8413680279093321,0.8413680279093321,0.8159790442256375,0.8159790442256375,0.8327014617162454,0.8173979636461665,0.8327014617162454,0.8173979636461665,0.7937273369893297,0,0.0,8,-78,-66.10169491525424,-97,-78,-66.10169491525424,-89,
matt-whitlock,Matt Whitlock,2025,2024,KPF,ND,27,21-30,20,5,600.9575494753058,6.714540523863446,-20.592179548814755,-27.306720072678207,372,482,336,336,336,369,392,369,392,341,348,373,404,404,401,328,384,380,380,363,354,363,355,378,376,362,350,350,,0.33962627575333015,0.6987890911085685,0.6987890911085685,0.6987890911085683,0.6191244134294034,0.5609512074523648,0.6191244134294034,0.5609512074523648,0.6877594874101699,0.6687242576793038,0.6081134233253589,0.5321970709692192,0.5321970709692194,-146,-30.29045643153527,-56,68,20.238095238095237,34,-78,-16.182572614107883,-22,
sam-darcy,Sam Darcy,2022,2021,KPF,ND,2,1-10,23,51,2180.039165937757,10.913749488858416,26.160728588367256,15.246979099508838,5250,4373,4450,4450,4450,4450,4450,4450,4450,4450,4450,4450,4450,4450,16,19,19,19,19,19,19,19,19,19,19,19,19,19,,0.12960861541472068,0.0,0.0,0.0,0.0,0.0,0.0,0.0,0.0,0.0,0.0,0.0,0.0,77,1.760804939400869,0,0,0.0,0,77,1.760804939400869,0,
matt-johnson-1,Matt Johnson,2022,2021,MID,ND,21,21-30,23,73,922.6854008931635,6.532047249065631,-2.1060363169928102,-8.638083566058437,1131,1039,961,961,964,961,961,964,964,962,964,962,964,964,208,195,206,206,206,207,208,207,208,207,208,208,208,208,,0.03432575768284096,0.5864855022810773,0.5864855022810773,0.5662706313130378,0.5864855022810773,0.5864855022810773,0.5662706313130378,0.5662706313130378,0.5770581112419509,0.5610752072661307,0.5770581112419509,0.5610752072661307,0.5610752072661307,-78,-7.507218479307026,-11,3,0.31217481789802287,-2,-75,-7.218479307025986,-13,
chayce-jones,Chayce Jones,2019,2018,SD,ND,9,1-10,26,100,1289.1101379671188,9.246001074829177,-14.459358475517345,-23.705359550346525,50,88,88,7,8,9,12,9,12,8,9,9,14,14,705,636,626,784,781,773,760,774,761,780,774,773,759,760,,0.007674198146105926,0.007674198146106148,0.9265252629723054,0.9143462635190446,0.9121712589740545,0.874343176022306,0.9121712589740545,0.8743431760223062,0.9206052698857923,0.909807827239197,0.9056318443502611,0.8525623822268015,0.8525623822268015,0,0.0,10,-74,-84.0909090909091,-134,-74,-84.0909090909091,-124,
harry-barnett,Harry Barnett,2023,2022,RUCK,ND,23,21-30,22,2,1068.8177351055865,8.516998541782925,-36.21931503657068,-44.7363135783536,553,740,557,557,557,631,656,631,656,563,573,636,668,668,322,246,297,294,295,269,266,269,266,294,291,269,264,264,,0.16831560302740434,0.4905456745881448,0.4905456745881448,0.4905456745881448,0.35940403125115505,0.3159865163668891,0.35940403125115516,0.31598651636688924,0.48002830476699154,0.46224724992815946,0.3509252054070813,0.29567097139317344,0.29567097139317333,-183,-24.72972972972973,-51,111,19.92818671454219,33,-72,-9.72972972972973,-18,
jedd-busslinger,Jedd Busslinger,2023,2022,KPD,ND,13,11-20,22,14,837.8885760854162,7.673489429060707,2.293057903139665,-5.380431525921043,916,605,671,671,671,671,671,671,671,674,677,674,677,677,240,287,266,262,262,263,263,263,263,259,259,260,260,260,,0.498783631984298,0.3284140809126793,0.3284140809126793,0.3284140809126791,0.3284140809126793,0.3284140809126793,0.3284140809126791,0.3284140809126791,0.3227945502239866,0.3134450622013122,0.3227945502239866,0.3134450622013122,0.3134450622013122,66,10.909090909090908,21,6,0.8941877794336811,6,72,11.900826446280991,27,
joel-fitzgerald,Joel Fitzgerald,2026,2026,MID,MSD,16,pool,23,6,479.4688417872455,1.7905197524992915,-3.1459475241245514,-4.936467276623844,72,184,240,240,257,240,240,257,257,241,243,241,243,256,677,525,447,439,429,441,442,431,431,441,439,442,441,432,,0.49945078586515446,0.29877747326750415,0.29877747326750415,0.2365422970704012,0.29877747326750415,0.29877747326750415,0.2365422970704012,0.2365422970704012,0.2938509740001767,0.2856689537406423,0.2938509740001767,0.2856689537406423,0.23861208361542507,56,30.434782608695652,78,16,6.666666666666667,15,72,39.130434782608695,93,
toby-mcmullin,Toby McMullin,2023,2022,MID,ND,34,31-40,22,34,418.78371424811246,-0.5562098257106688,-17.896366373202444,-17.34015654749178,135,118,42,42,43,42,42,43,43,44,46,44,46,46,601,599,707,672,672,674,676,674,676,668,665,671,670,671,,0.2910048299650134,0.8380911300299676,0.8380911300299676,0.8342172524467006,0.8380911300299676,0.8380911300299676,0.8342172524467006,0.8342172524467006,0.8293570597930736,0.8139477607363033,0.8293570597930736,0.8139477607363033,0.8103853496643096,-76,-64.40677966101696,-108,4,9.523809523809524,36,-72,-61.016949152542374,-72,
sam-lalor,Sam Lalor,2025,2024,SF,ND,1,1-10,20,20,3272.7827724260437,25.440230012706913,13.763744286826828,-11.676485725880086,4087,3456,3060,3060,3395,3060,3060,3395,3395,3078,3109,3078,3109,3385,34,42,52,52,44,52,52,44,44,51,51,51,51,44,,0.4437070958632394,0.6666825271996892,0.6666825271996892,0.47800833451269953,0.6666825271996892,0.6666825271996892,0.47800833451269953,0.47800833451269953,0.6565328387391902,0.6391543915929933,0.6565328387391902,0.6391543915929933,0.48385807036119544,-396,-11.458333333333334,-10,325,10.620915032679738,8,-71,-2.0543981481481484,-2,
will-graham,Will Graham,2024,2023,SF,ND,26,21-30,21,36,841.136304353607,6.336981989824271,7.065037498580684,0.7280555087564097,1708,1368,1439,1439,1439,1439,1439,1439,1439,1439,1439,1439,1439,1439,141,153,145,145,147,145,145,147,147,145,145,145,145,147,,0.2671048120417725,0.0,0.0,0.0,0.0,0.0,0.0,0.0,0.0,0.0,0.0,0.0,0.0,71,5.190058479532164,8,0,0.0,-2,71,5.190058479532164,6,
noah-mraz,Noah Mraz,2025,2024,KPD,ND,35,31-40,20,4,453.99373950521,5.281105175615423,35.15636240220892,29.875257226593497,1769,2019,2089,2089,2089,2089,2089,2089,2089,2089,2089,2089,2089,2089,134,95,92,92,93,92,92,93,93,92,92,92,92,93,,0.2918181528951632,0.0,0.0,0.0,0.0,0.0,0.0,0.0,0.0,0.0,0.0,0.0,0.0,70,3.467062902426944,3,0,0.0,-1,70,3.467062902426944,2,
rhett-bazzo,Rhett Bazzo,2022,2021,KPD,ND,37,31-40,23,38,434.4661593642767,4.948953881195735,-5.650015219671931,-10.598969100867667,476,436,361,361,361,361,361,361,361,363,366,363,366,366,353,350,369,365,365,367,368,367,368,364,364,366,366,366,,0.22302577902281584,0.6634148944574252,0.6634148944574252,0.6634148944574253,0.6634148944574252,0.6634148944574252,0.6634148944574253,0.6634148944574253,0.65344749637908,0.6363995665189015,0.65344749637908,0.6363995665189015,0.6363995665189014,-75,-17.201834862385322,-19,5,1.3850415512465375,3,-70,-16.05504587155963,-16,
patrick-retschko,Patrick Retschko,2025,2024,MID,RD,8,pool,20,14,212.39992549540213,-1.2623139425581236,8.446977484301456,9.70929142685958,1608,1047,1116,1116,1116,1116,1116,1116,1116,1116,1116,1116,1116,1116,152,193,182,181,183,183,183,185,185,182,182,183,183,185,,0.4953587998572466,0.0,0.0,0.0,0.0,0.0,0.0,0.0,0.0,0.0,0.0,0.0,0.0,69,6.590257879656161,11,0,0.0,-3,69,6.590257879656161,8,
jack-dalton,Jack Dalton,2026,2025,MID,ND,34,31-40,19,4,418.78371424811246,-0.5562098257106688,-3.5194889106477802,-2.9632790849371133,437,489,557,557,557,557,557,557,557,557,557,557,557,557,366,324,298,295,296,296,296,297,297,295,296,296,297,298,,0.2918181528951631,0.07455548639018461,0.07455548639018461,0.07455548639018472,0.07455548639018461,0.07455548639018461,0.07455548639018472,0.07455548639018472,0.07398219244782123,0.07303806221840514,0.07398219244782123,0.07303806221840514,0.07303806221840492,68,13.905930470347649,26,0,0.0,0,68,13.905930470347649,26,
corey-warner,Corey Warner,2022,2021,SF,ND,40,31-40,23,28,390.3565125714025,-1.2623139425581236,-19.528940667825598,-18.26662672526748,49,104,33,33,33,33,33,33,33,34,37,34,37,37,718,616,737,701,705,703,707,706,710,701,691,703,698,701,,0.36787944117144233,0.8459135589984816,0.8459135589984816,0.8459135589984816,0.8459135589984816,0.8459135589984816,0.8459135589984816,0.8459135589984816,0.8373213022227219,0.8221274001401035,0.8373213022227219,0.8221274001401035,0.8221274001401035,-71,-68.26923076923077,-121,4,12.121212121212121,36,-67,-64.42307692307692,-85,
harry-kyle,Harry Kyle,2026,2025,SD,ND,14,11-20,19,5,1040.1638986482667,6.532047249065631,-7.5894889106477805,-14.12153615971341,1158,925,841,841,841,841,841,841,841,848,859,848,859,859,204,216,224,225,225,225,226,225,226,225,221,225,222,223,,0.41218031767503205,0.5356293394525893,0.5356293394525893,0.5356293394525894,0.5356293394525893,0.5356293394525893,0.5356293394525894,0.5356293394525894,0.5254978138727385,0.5083429703801694,0.5254978138727385,0.5083429703801694,0.5083429703801692,-84,-9.08108108108108,-8,18,2.140309155766944,1,-66,-7.135135135135135,-7,
mani-liddy,Mani Liddy,2025,2025,MID,MSD,15,pool,24,9,479.4688417872455,1.7905197524992915,-21.415947524124554,-23.206467276623847,152,122,122,36,39,39,50,39,50,38,41,41,56,56,568,592,583,698,682,683,660,683,662,684,675,675,648,650,,0.4929164667976508,0.4929164667976509,0.8740914747264972,0.8611872010155776,0.8610728428753156,0.8142145599907964,0.8610728428753156,0.8142145599907964,0.8661176980422294,0.8518827941303035,0.8527361669694762,0.7884825980303558,0.7884825980303558,0,0.0,9,-66,-54.09836065573771,-67,-66,-54.09836065573771,-58,
clay-hall,Clay Hall,2024,2023,MID,ND,38,31-40,21,16,629.2427426189774,4.624517217574063,-1.0042349647515243,-5.628752182325591,214,336,391,391,403,391,391,403,403,393,397,393,397,401,493,387,353,349,343,351,355,343,345,349,348,351,354,353,,0.4953587998572466,0.35059532970161045,0.35059532970161045,0.3166012593259727,0.35059532970161045,0.35059532970161045,0.3166012593259727,0.3166012593259727,0.344538255574923,0.3344481063285242,0.344538255574923,0.3344481063285242,0.32181901451092854,55,16.36904761904762,34,10,2.557544757033248,0,65,19.345238095238095,34,
kye-annand,Kye Annand,2026,2026,KPD,MSD,2,pool,23,7,325.42025486488586,3.356847768403157,0.819783302063783,-2.5370644663393733,239,263,328,328,328,328,328,328,328,328,328,328,328,328,467,433,390,385,386,386,386,387,387,385,385,386,387,388,,0.4929164667976509,0.1387310018448008,0.1387310018448008,0.1387310018448007,0.1387310018448008,0.1387310018448008,0.1387310018448007,0.1387310018448007,0.13851604306425913,0.13816221088222536,0.13851604306425913,0.13816221088222536,0.13816221088222502,65,24.714828897338403,43,0,0.0,2,65,24.714828897338403,45,
darcy-fort,Darcy Fort,2019,2018,RUCK,ND,65,41+,33,75,566.0434372785456,6.341645283756316,0.3350649350649367,-6.006580348691385,16,170,170,104,104,104,104,104,104,105,107,105,107,107,780,538,530,588,588,590,591,590,591,588,587,590,590,591,,0.030549740480166232,0.030549740480166232,0.4409846261264835,0.44098462612648326,0.4409846261264835,0.4409846261264835,0.44098462612648326,0.44098462612648326,0.43369657063756517,0.4214966587164304,0.43369657063756517,0.4214966587164304,0.42149665871643016,0,0.0,8,-63,-37.05882352941177,-61,-63,-37.05882352941177,-53,
sam-butler-1,Sam Butler,2022,2021,SF,ND,23,21-30,23,32,477.7510222812187,1.7367315038536273,-11.841495211478993,-13.578226715332622,81,136,63,63,69,63,63,69,69,65,67,65,67,73,665,571,663,630,626,632,634,628,630,629,627,630,630,626,,0.303358560276241,0.752991459031096,0.752991459031096,0.7144052517211883,0.752991459031096,0.752991459031096,0.7144052517211883,0.7144052517211883,0.7431358006011439,0.7260550322875718,0.7431358006011439,0.7260550322875718,0.69138809462953,-73,-53.6764705882353,-92,10,15.873015873015873,37,-63,-46.3235294117647,-55,
taylor-goad,Taylor Goad,2024,2023,RUCK,ND,20,11-20,21,2,1071.8060203118544,8.544901233769826,-20.41132730995193,-28.95622854372175,730,728,590,590,590,633,655,633,655,595,604,637,665,665,276,249,287,282,283,268,267,268,267,279,278,268,265,265,,0.16831560302740434,0.44470023739846065,0.44470023739846065,0.44470023739846076,0.35940403125115505,0.3159865163668891,0.35940403125115516,0.31598651636688924,0.43478753468868847,0.4180895183449964,0.3509252054070813,0.29567097139317344,0.29567097139317333,-138,-18.956043956043956,-38,75,12.711864406779661,22,-63,-8.653846153846153,-16,
alix-tauru,Alix Tauru,2025,2024,KPF,ND,10,1-10,20,18,911.950208087548,7.9335213558147935,2.2111652480093653,-5.722356107805428,1684,881,935,935,935,935,935,935,935,938,943,938,943,943,144,223,211,210,210,210,210,210,210,209,209,209,209,209,,0.4830925455483981,0.36887194065561846,0.36887194065561846,0.36887194065561835,0.36887194065561846,0.36887194065561846,0.36887194065561835,0.36887194065561835,0.3625350993248858,0.3519690207323565,0.3625350993248858,0.3519690207323565,0.3519690207323566,54,6.129398410896708,12,8,0.8556149732620321,2,62,7.037457434733257,14,
christian-moraes,Christian Moraes,2025,2024,SF,ND,38,31-40,20,23,629.2427426189774,4.624517217574063,-8.163043696870117,-12.787560914444184,906,584,506,506,519,506,506,519,519,509,513,509,513,522,243,295,310,307,304,308,308,304,305,307,307,308,308,305,,0.4069589449357296,0.7137018020697966,0.7137018020697966,0.6639470415478645,0.7137018020697966,0.7137018020697966,0.6639470415478645,0.6639470415478645,0.7036001485369012,0.686196183311314,0.7036001485369012,0.686196183311314,0.6497770075380311,-78,-13.356164383561644,-15,16,3.1620553359683794,5,-62,-10.616438356164384,-10,
bailey-laurie,Bailey Laurie,2021,2020,SF,ND,23,21-30,24,24,477.7510222812187,1.7367315038536273,-23.893177951773303,-25.629909455626937,56,96,96,21,22,25,31,25,31,22,23,26,35,35,694,623,616,733,729,722,710,724,711,730,728,720,709,709,,0.3940604995571678,0.3940604995571678,0.92772280707098,0.9174061755288505,0.8953304617156934,0.854067610797326,0.8953304617156934,0.854067610797326,0.9218272118666584,0.9110610273808112,0.8881181036640807,0.8307349584904473,0.8307349584904473,0,0.0,7,-61,-63.541666666666664,-93,-61,-63.541666666666664,-86,
koltyn-tholstrup,Koltyn Tholstrup,2024,2023,SF,ND,13,11-20,21,38,1242.6432837446596,8.770018928292197,6.060160598727721,-2.709858329564477,1698,1635,1655,1655,1700,1655,1655,1700,1700,1655,1656,1655,1656,1696,142,127,125,126,121,126,126,121,121,126,126,126,126,122,,0.22302577902281584,0.18150807908050492,0.18150807908050492,0.08972025330576883,0.18150807908050492,0.18150807908050492,0.08972025330576883,0.08972025330576883,0.1807537574838911,0.1795110053145753,0.1807537574838911,0.1795110053145753,0.09717277815499714,20,1.2232415902140672,2,41,2.4773413897280965,3,61,3.7308868501529053,5,
harry-schoenberg,Harry Schoenberg,2020,2019,SF,ND,24,21-30,25,67,843.128494491119,6.354011905904754,-2.158952208518587,-8.512964114423342,50,127,127,62,68,62,62,68,68,63,65,63,65,67,706,582,572,632,627,633,635,629,631,632,631,633,634,631,,0.05430026474266947,0.05430026474266947,0.5802830524039402,0.5282199334847493,0.5802830524039402,0.5802830524039402,0.5282199334847493,0.5282199334847493,0.5709159709857285,0.555045207440521,0.5709159709857285,0.555045207440521,0.5343216474847993,0,0.0,10,-60,-47.24409448818898,-59,-60,-47.24409448818898,-49,
hugh-boxshall,Hugh Boxshall,2025,2024,MID,ND,45,41+,20,17,499.7490058358546,2.3707227066763044,-2.5904504285638894,-4.961173135240194,965,636,674,674,697,674,674,697,697,675,677,675,677,696,235,275,262,258,256,259,259,257,257,258,258,259,259,257,,0.4747777932188384,0.32585967548010664,0.32585967548010664,0.2347583913198641,0.32585967548010664,0.32585967548010664,0.2347583913198641,0.2347583913198641,0.32057597068356447,0.3117913274858414,0.32057597068356447,0.3117913274858414,0.24053039186346192,38,5.9748427672955975,13,22,3.264094955489614,5,60,9.433962264150944,18,
james-leake,James Leake,2024,2023,SF,ND,17,11-20,21,8,888.7620537021933,6.532047249065631,-10.144153809551423,-16.67620105861705,563,438,368,368,368,368,368,368,368,372,378,372,378,378,318,348,366,362,362,364,365,364,365,362,359,364,362,362,,0.4385894312157743,0.6325525466569131,0.6325525466569131,0.6325525466569132,0.6325525466569131,0.6325525466569131,0.6325525466569132,0.6325525466569132,0.6218290827652835,0.6034981557387418,0.6218290827652835,0.6034981557387418,0.603498155738742,-70,-15.981735159817351,-18,10,2.717391304347826,4,-60,-13.698630136986301,-14,
lachlan-jones,Lachlan Jones,2021,2020,SD,ND,16,11-20,24,91,899.326331847176,6.532047249065631,-11.51698478184983,-18.04903203091546,125,153,153,91,92,91,91,92,92,92,93,92,93,93,608,554,541,604,604,606,607,606,607,603,603,605,606,606,,0.0125022768338231,0.0125022768338231,0.8594600769746905,0.8487190594741145,0.8594600769746905,0.8594600769746905,0.8487190594741145,0.8487190594741145,0.8512368788736899,0.836645190388034,0.8512368788736899,0.836645190388034,0.8365725189971345,0,0.0,13,-60,-39.21568627450981,-65,-60,-39.21568627450981,-52,
henry-hustwaite,Henry Hustwaite,2023,2022,MID,ND,37,31-40,22,11,630.2388376877335,4.6400967367785695,-20.280831903907863,-24.920928640686437,235,235,147,147,147,156,169,156,169,149,153,158,176,176,471,462,550,538,538,529,521,529,521,538,532,528,519,519,,0.4867408061769699,0.8421206007851576,0.8421206007851576,0.8421206007851577,0.8045818954866125,0.7514749466052255,0.8045818954866126,0.7514749466052257,0.8331962193440912,0.8173998165269303,0.7949315506545795,0.7233270851646945,0.7233270851646945,-88,-37.4468085106383,-88,29,19.727891156462587,31,-59,-25.106382978723403,-57,
zach-reid,Zach Reid,2021,2020,KPD,ND,10,1-10,24,38,911.950208087548,7.9335213558147935,2.0178568081336157,-5.915664547681176,1093,957,957,892,892,892,892,892,892,895,898,895,898,898,216,211,207,216,216,216,216,216,216,216,216,216,217,217,,0.22302577902281584,0.22302577902281584,0.42958258584978726,0.42958258584978715,0.42958258584978726,0.42958258584978726,0.42958258584978715,0.42958258584978715,0.42246206698066546,0.41055124268859533,0.42246206698066546,0.41055124268859533,0.4105512426885952,0,0.0,4,-59,-6.165099268547545,-10,-59,-6.165099268547545,-6,
finlay-macrae,Finlay Macrae,2021,2020,SF,ND,20,11-20,24,21,923.6814959619196,6.532047249065631,-16.806907250099453,-23.338954499165077,322,112,112,41,41,43,50,43,50,42,44,44,54,54,418,605,597,673,673,670,658,671,660,672,668,668,652,655,,0.4548979947844751,0.4548979947844751,0.8958158547853243,0.8958158547853244,0.882518101416527,0.8389659699734896,0.882518101416527,0.8389659699734896,0.8885911491962909,0.8755962237884284,0.8748503083270808,0.8146308604530211,0.8146308604530212,0,0.0,8,-58,-51.785714285714285,-58,-58,-51.785714285714285,-50,
lachlan-blakiston,Lachlan Blakiston,2025,2025,KPD,MSD,12,pool,28,28,325.42025486488586,3.356847768403157,-17.471428571428575,-20.828276339831728,152,87,87,25,25,25,27,25,27,26,27,26,29,29,567,642,631,720,722,724,722,726,724,717,717,721,720,721,,0.2537123554075995,0.2537123554075995,0.8922406493336767,0.8922406493336767,0.8922406493336767,0.8681237625887277,0.8922406493336767,0.8681237625887277,0.8849530721099068,0.8718730961330708,0.8849530721099068,0.8458399327528076,0.8458399327528076,0,0.0,11,-58,-66.66666666666667,-90,-58,-66.66666666666667,-79,
cody-angove,Cody Angove,2025,2024,SF,ND,24,21-30,20,4,843.128494491119,6.354011905904754,-10.819488910647792,-17.173500816552547,483,689,622,622,622,622,622,622,622,626,632,626,632,632,349,262,274,270,270,272,272,272,272,268,268,270,271,271,,0.2918181528951631,0.46174705066726474,0.46174705066726474,0.46174705066726474,0.46174705066726474,0.46174705066726474,0.46174705066726474,0.46174705066726474,0.45204982353050693,0.4357112671642883,0.45204982353050693,0.4357112671642883,0.43571126716428854,-67,-9.72423802612482,-12,10,1.607717041800643,3,-57,-8.272859216255442,-9,
darcy-jones,Darcy Jones,2023,2022,SF,ND,21,21-30,22,37,538.4783490594107,3.167030506740262,13.464771224469402,10.297740717729143,1144,1038,1095,1095,1095,1095,1095,1095,1095,1095,1095,1095,1095,1095,205,196,185,185,186,186,186,187,187,186,186,187,187,187,,0.2555994417933757,0.0,0.0,0.0,0.0,0.0,0.0,0.0,0.0,0.0,0.0,0.0,0.0,57,5.491329479768786,11,0,0.0,-2,57,5.491329479768786,9,
jacob-konstanty,Jacob Konstanty,2023,2022,SF,ND,20,11-20,22,33,546.2829374057501,3.2931080402974717,-12.572384140281663,-15.865492180579134,181,116,51,51,56,51,51,56,56,52,54,52,54,59,527,600,689,650,642,652,654,644,646,647,645,650,653,643,,0.303358560276241,0.8081872602973599,0.8081872602973599,0.7696141084340464,0.8081872602973599,0.8081872602973599,0.7696141084340464,0.7696141084340464,0.7989230358825624,0.78269473725443,0.7989230358825624,0.78269473725443,0.7493478618899863,-65,-56.03448275862069,-89,8,15.686274509803921,46,-57,-49.13793103448276,-43,
lance-collard,Lance Collard,2024,2023,SF,ND,28,21-30,21,15,424.76028466064855,-0.2974152189991546,-26.458315794688403,-26.160900575689244,146,197,115,115,115,124,134,124,134,116,119,126,140,140,582,512,593,571,573,563,552,563,553,569,568,562,549,549,,0.498783631984298,0.8954119746480251,0.8954119746480251,0.893101620575997,0.8502351517029384,0.8019245180978534,0.8502351517029384,0.8019245180978534,0.8881111031440878,0.8749716454231324,0.8415998218441862,0.7756008313541125,0.7756008313541125,-82,-41.6243654822335,-81,25,21.73913043478261,44,-57,-28.934010152284262,-37,
liam-mcmahon,Liam McMahon,2021,2020,KPF,ND,33,31-40,24,7,508.17332811701795,5.8301504270564815,-15.260216697936206,-21.09036712499269,135,213,213,137,137,137,147,137,147,140,145,140,156,156,600,494,481,545,545,546,541,546,541,543,541,544,534,534,,0.41218031767503205,0.41218031767503205,0.6903623898989757,0.6903623898989757,0.6903623898989757,0.6508361812179669,0.6903623898989757,0.6508361812179668,0.6795021317014056,0.6607962084579722,0.6795021317014056,0.6213428211623353,0.6213428211623352,0,0.0,13,-57,-26.760563380281692,-53,-57,-26.760563380281692,-40,
oliver-hannaford,Oliver Hannaford,2025,2024,MID,ND,18,11-20,20,5,595.1880609157365,4.0806135026621435,-34.593022515698536,-38.67363601836068,398,357,229,229,229,274,291,274,291,233,238,277,300,300,388,379,459,449,450,413,408,413,408,447,443,412,407,407,,0.33962627575333026,0.7681705379301527,0.7681705379301527,0.7681705379301528,0.6191244134294034,0.5609512074523648,0.6191244134294034,0.5609512074523648,0.7576720816199978,0.7393519860879594,0.6081134233253589,0.5321970709692192,0.5321970709692193,-128,-35.85434173669468,-80,71,31.004366812227076,52,-57,-15.966386554621849,-28,
colby-mckercher,Colby McKercher,2024,2023,SD,ND,2,1-10,21,58,2869.16697350346,22.265923036851706,22.84945292109072,0.5835298842390116,4285,4167,4223,4223,4223,4223,4223,4223,4223,4223,4223,4223,4223,4223,28,23,23,23,24,23,23,24,24,23,23,23,23,24,,0.08017253864407836,0.0,0.0,0.0,0.0,0.0,0.0,0.0,0.0,0.0,0.0,0.0,0.0,56,1.3438924886009118,0,0,0.0,-1,56,1.3438924886009118,-1,
oscar-adams,Oscar Adams,2022,2021,KPD,ND,51,41+,23,21,375.01211465725385,3.868460700255515,-17.435602731257728,-21.30406343151325,79,115,50,50,50,50,55,50,55,51,53,51,59,59,670,603,692,654,656,656,647,658,649,654,647,656,643,644,,0.4548979947844751,0.8720622226053601,0.8720622226053601,0.87206222260536,0.8720622226053601,0.8389659699734896,0.87206222260536,0.8389659699734896,0.8640810638236373,0.8498498699273707,0.8640810638236373,0.8146308604530211,0.814630860453021,-65,-56.52173913043478,-89,9,18.0,48,-56,-48.69565217391305,-41,
angus-hastie,Angus Hastie,2024,2023,SD,ND,33,31-40,21,19,367.16551696173906,-1.2623139425581236,-25.9004636907285,-24.638149748170378,181,171,100,100,100,104,112,104,112,101,103,106,116,116,526,537,611,590,590,589,578,589,582,590,590,588,573,574,,0.4747777932188384,0.9017120984871044,0.9017120984871044,0.9017120984871044,0.8746007424540361,0.8297563341543943,0.8746007424540361,0.8297563341543943,0.8946856827967153,0.882013665721292,0.8666731756626721,0.8048676235520582,0.8048676235520582,-71,-41.52046783625731,-74,16,16.0,37,-55,-32.16374269005848,-37,
cameron-rayner,Cameron Rayner,2018,2017,SF,ND,1,1-10,27,186,2574.1102118422195,20.25727521676436,5.044701111969788,-15.212574104794568,457,513,513,440,459,440,440,459,459,441,442,441,442,458,362,317,306,330,323,330,330,325,325,330,330,330,330,325,,2.6874465074544496e-05,2.6874465074544496e-05,0.8054864129022663,0.5986782695887332,0.8054864129022663,0.8054864129022663,0.5986782695887332,0.5986782695887332,0.7962225886149367,0.7800088328271277,0.7962225886149367,0.7800088328271277,0.6023981487568602,0,0.0,11,-55,-10.721247563352826,-19,-55,-10.721247563352826,-8,
william-mccabe,William McCabe,2024,2023,KPD,ND,19,11-20,21,4,729.7064474578184,7.566511092061505,-22.061327309951935,-29.627838402013438,599,474,359,359,359,393,410,393,410,363,368,396,419,419,309,332,370,366,366,350,340,351,340,365,363,348,339,339,,0.2918181528951632,0.6652618833135078,0.6652618833135078,0.6652618833135078,0.554773911687244,0.4984351615457926,0.5547739116872439,0.4984351615457925,0.6540442513886022,0.6347614895588229,0.544009120647392,0.4710413666582739,0.4710413666582738,-115,-24.261603375527425,-38,60,16.71309192200557,31,-55,-11.603375527426161,-7,
sam-sturt,Sam Sturt,2019,2018,SF,ND,17,11-20,26,31,615.9507728576181,4.420269402182103,-14.923779531312992,-19.344048933495092,50,75,75,16,19,16,17,19,19,17,18,17,19,21,714,659,647,747,743,750,750,746,748,747,745,749,746,744,,0.32873509991302785,0.32873509991302785,0.8672170733150747,0.840574777963093,0.8672170733150747,0.8624829106389831,0.840574777963093,0.840574777963093,0.8591597961467755,0.844823527429935,0.8591597961467755,0.8397639712716317,0.8228700123400101,0,0.0,12,-54,-72.0,-97,-54,-72.0,-85,
cooper-lord,Cooper Lord,2024,2024,MID,MSD,9,pool,21,28,479.4688417872455,1.7905197524992915,9.021457374933096,7.230937622433802,1345,1018,1070,1070,1070,1070,1070,1070,1070,1070,1070,1070,1070,1070,177,201,190,190,190,191,191,191,191,190,190,191,191,191,,0.32018873212715404,0.0,0.0,0.0,0.0,0.0,0.0,0.0,0.0,0.0,0.0,0.0,0.0,52,5.1080550098231825,11,0,0.0,-1,52,5.1080550098231825,10,
ryley-sanders,Ryley Sanders,2024,2023,SF,ND,6,1-10,21,52,1578.6454433880342,13.53621115274361,22.241701172034475,8.705490019290867,3885,3508,3560,3560,3560,3560,3560,3560,3560,3560,3560,3560,3560,3560,39,39,38,38,38,38,38,38,38,38,38,38,38,38,,0.11076290858754767,0.0,0.0,0.0,0.0,0.0,0.0,0.0,0.0,0.0,0.0,0.0,0.0,52,1.4823261117445838,1,0,0.0,0,52,1.4823261117445838,1,
will-green,Will Green,2024,2023,RUCK,ND,16,11-20,21,0,1075.7904005868786,8.581403631407664,12.088672690048071,3.5072690586404036,604,621,673,673,673,673,673,673,673,673,673,673,673,673,308,283,264,260,260,261,261,261,261,261,261,262,262,262,,0.09038896554371467,0.0,0.0,0.0,0.0,0.0,0.0,0.0,0.0,0.0,0.0,0.0,0.0,52,8.373590982286634,19,0,0.0,2,52,8.373590982286634,21,
cooper-trembath,Cooper Trembath,2025,2025,KPF,MSD,9,pool,21,22,217.45512952851865,2.31994774290901,12.992133904068178,10.67218616115917,2201,1728,1779,1779,1779,1779,1779,1779,1779,1779,1779,1779,1779,1779,104,119,118,118,119,118,118,119,119,118,118,118,118,119,,0.3875474755906305,0.0,0.0,0.0,0.0,0.0,0.0,0.0,0.0,0.0,0.0,0.0,0.0,51,2.951388888888889,1,0,0.0,-1,51,2.951388888888889,0,
finn-maginness,Finn Maginness,2020,2019,SF,ND,29,21-30,25,63,423.76418959189255,-0.3382492564614927,-17.612405600472652,-17.274156344011157,26,64,64,11,12,11,11,12,12,12,13,12,13,13,762,674,660,763,760,764,765,761,762,758,758,760,761,762,,0.06426436514050748,0.06426436514050748,0.8459852406412129,0.8399565685119229,0.8459852406412129,0.8459852406412129,0.8399565685119229,0.8399565685119229,0.8374463305929705,0.8223528595812235,0.8374463305929705,0.8223528595812235,0.8166731290320395,0,0.0,14,-51,-79.6875,-102,-51,-79.6875,-88,
harrison-jones,Harrison Jones,2020,2019,KPF,ND,30,21-30,25,63,564.298383232277,6.3223024608758935,-4.017836726529105,-10.340139187405,172,202,202,149,149,149,149,149,149,150,151,150,151,151,541,507,498,537,537,540,540,540,540,537,537,540,540,540,,0.06426436514050748,0.06426436514050748,0.6593765081827154,0.6593765081827152,0.6593765081827154,0.6593765081827154,0.6593765081827152,0.6593765081827152,0.6494535814382936,0.6324922477144945,0.6494535814382936,0.6324922477144945,0.6324922477144944,0,0.0,9,-51,-25.247524752475247,-42,-51,-25.247524752475247,-33,
jack-ough,Jack Ough,2025,2024,MID,ND,36,31-40,20,4,631.2349327564895,4.6542375321101535,-16.79302251569854,-21.447260047808697,687,460,389,389,389,389,401,389,401,392,397,392,409,409,287,339,356,352,352,353,347,353,348,351,349,352,342,342,,0.33962627575333015,0.6067720776563332,0.6067720776563332,0.606772077656333,0.6067720776563332,0.5609512074523648,0.606772077656333,0.5609512074523648,0.5958144830304626,0.5771151444943261,0.5958144830304626,0.5321970709692192,0.5321970709692193,-71,-15.434782608695652,-17,20,5.141388174807198,14,-51,-11.08695652173913,-3,
connor-o-sullivan,Connor O'Sullivan,2024,2023,KPD,ND,11,11-20,21,45,910.954113018792,7.930315112134679,17.083961575976215,9.153646463841536,2920,2539,2589,2589,2589,2589,2589,2589,2589,2589,2589,2589,2589,2589,63,64,64,64,64,64,64,64,64,64,64,64,64,64,,0.15894456813826818,0.0,0.0,0.0,0.0,0.0,0.0,0.0,0.0,0.0,0.0,0.0,0.0,50,1.9692792437967703,0,0,0.0,0,50,1.9692792437967703,0,
samson-ryan,Samson Ryan,2021,2020,RUCK,ND,42,41+,26,27,636.5737622861208,6.986804078783884,-14.098035647279548,-21.08483972606343,302,252,252,196,196,196,199,196,199,197,199,197,202,202,429,450,439,496,498,497,492,498,493,493,492,494,491,492,,0.35475167134636854,0.35475167134636854,0.8877909374219827,0.8877909374219827,0.8877909374219827,0.8596721425651787,0.8877909374219827,0.8596721425651788,0.8803366320006182,0.866977366307996,0.8803366320006182,0.8367436064080616,0.8367436064080616,0,0.0,11,-50,-19.841269841269842,-53,-50,-19.841269841269842,-42,
francis-evans,Francis Evans,2020,2019,SF,ND,40,31-40,25,61,390.3565125714025,-1.2623139425581236,-11.672521317861477,-10.410207375303354,494,460,460,409,409,409,409,409,409,410,411,410,411,411,344,338,327,339,339,339,341,339,341,339,339,339,341,341,,0.06794411270021661,0.06794411270021661,0.6620371342635261,0.6620371342635261,0.6620371342635261,0.6620371342635261,0.6620371342635261,0.6620371342635261,0.6521046426986917,0.6351213199408615,0.6521046426986917,0.6351213199408615,0.6351213199408616,0,0.0,11,-49,-10.652173913043478,-14,-49,-10.652173913043478,-3,
hussien-el-achkar,Hussien El Achkar,2026,2025,SF,ND,53,41+,19,7,274.38476407457694,-1.2623139425581236,-4.949488910647794,-3.6871749680896713,353,313,361,361,361,361,361,361,361,362,362,362,362,362,406,407,368,364,364,366,367,366,367,366,366,367,368,368,,0.4593985818486357,0.17200585759077724,0.17200585759077724,0.17200585759077724,0.17200585759077724,0.17200585759077724,0.17200585759077724,0.17200585759077724,0.16977607739660294,0.16609388901636568,0.16977607739660294,0.16609388901636568,0.16609388901636624,48,15.335463258785943,39,1,0.2770083102493075,0,49,15.654952076677317,39,
reef-mcinnes,Reef McInnes,2021,2020,KPD,ND,24,21-30,24,23,548.3706703347152,5.409433505314753,-24.52405943723505,-29.933492942549805,164,87,87,21,21,29,35,29,35,22,23,30,38,38,554,644,632,735,737,715,704,716,706,734,732,714,693,698,,0.4318973057783191,0.4318973057783191,0.9502137210197356,0.9502137210197356,0.8886134514832984,0.8461184501473173,0.8886134514832984,0.8461184501473173,0.9455027596394646,0.9367610074903483,0.8811566943883092,0.8222429132599341,0.822242913259934,0,0.0,12,-49,-56.32183908045977,-66,-49,-56.32183908045977,-54,
hugo-ralphsmith,Hugo Ralphsmith,2020,2019,MID,ND,45,41+,25,71,499.7490058358546,2.3707227066763044,-15.413723280074374,-17.78444598675068,54,87,87,36,38,36,36,38,38,36,37,36,37,39,701,639,629,696,687,698,701,688,691,697,693,698,700,692,,0.03854107268654561,0.03854107268654561,0.8549831649803455,0.8256768287231248,0.8549831649803455,0.8549831649803455,0.8256768287231248,0.8256768287231248,0.8466505816507923,0.8318843473312413,0.8466505816507923,0.8318843473312413,0.8044793056695742,0,0.0,10,-48,-55.172413793103445,-63,-48,-55.172413793103445,-53,
tom-mccarthy,Tom McCarthy,2025,2025,SD,MSD,1,pool,26,28,358.5352973164835,-1.2623139425581236,17.19333333333334,18.45564727589146,1457,1211,1211,1259,1259,1259,1259,1259,1259,1259,1259,1259,1259,1259,166,172,169,166,166,167,167,167,167,166,166,167,167,167,,0.24075392900672066,0.24075392900672066,0.0,0.0,0.0,0.0,0.0,0.0,0.0,0.0,0.0,0.0,0.0,0,0.0,3,48,3.963666391412056,2,48,3.963666391412056,5,
archer-reid,Archer Reid,2024,2023,KPF,ND,30,21-30,21,20,564.298383232277,6.3223024608758935,-6.1489445114393275,-12.471246972315225,762,382,328,328,328,328,328,328,328,330,335,330,335,335,266,366,389,384,385,385,385,386,386,383,382,384,384,385,,0.4653136125221826,0.6826863371527128,0.6826863371527128,0.6826863371527128,0.6826863371527128,0.6826863371527128,0.6826863371527128,0.6826863371527128,0.6724678551258653,0.6549321153168985,0.6724678551258653,0.6549321153168985,0.6549321153168985,-54,-14.136125654450261,-23,7,2.1341463414634148,4,-47,-12.303664921465968,-19,
flynn-riley,Flynn Riley,2026,2026,RUCK,MSD,4,pool,22,1,448.21342329607927,5.189017235862176,12.326894964594814,7.137877728732633,391,361,408,408,408,408,408,408,408,408,408,408,408,408,392,374,347,341,342,341,343,342,344,341,341,341,344,344,,0.15613705690314517,0.0,0.0,0.0,0.0,0.0,0.0,0.0,0.0,0.0,0.0,0.0,0.0,47,13.01939058171745,27,0,0.0,3,47,13.01939058171745,30,
liam-puncher,Liam Puncher,2026,2026,KPD,MSD,15,pool,23,4,325.42025486488586,3.356847768403157,-21.790216697936216,-25.147064466339373,124,193,122,122,122,130,140,130,140,124,127,132,146,146,609,520,582,565,566,554,545,554,545,561,558,552,543,543,,0.4867408061769699,0.844844046262534,0.844844046262534,0.844844046262534,0.8045818954866125,0.7514749466052255,0.8045818954866126,0.7514749466052257,0.8359828658128924,0.8202867762342154,0.7949315506545795,0.7233270851646945,0.7233270851646945,-71,-36.78756476683938,-62,24,19.672131147540984,39,-47,-24.352331606217618,-23,
liam-stocker,Liam Stocker,2019,2018,SD,ND,19,11-20,26,98,813.1703586722134,6.074942251176589,-14.641889078604427,-20.71683132978102,41,58,58,9,10,9,10,10,10,9,10,9,11,11,736,682,672,775,771,776,771,771,772,776,771,777,770,771,,0.007674198146106148,0.007674198146106148,0.8965020898987561,0.8830702320616456,0.8965020898987561,0.874343176022306,0.8830702320616456,0.8743431760223062,0.8893751052315365,0.8765636839859123,0.8893751052315365,0.8525623822268015,0.8525623822268015,0,0.0,10,-47,-81.03448275862068,-99,-47,-81.03448275862068,-89,
heath-chapman,Heath Chapman,2021,2020,SD,ND,14,11-20,24,84,1040.1638986482667,6.532047249065631,-0.6347633777944619,-7.166810626860089,460,461,461,413,413,413,413,413,413,414,415,414,415,415,359,337,326,338,338,338,339,338,339,338,338,338,340,340,,0.017940144696956817,0.017940144696956817,0.5106692570165493,0.5106692570165496,0.5106692570165493,0.5106692570165493,0.5106692570165496,0.5106692570165496,0.5021868831484828,0.48790787253565715,0.5021868831484828,0.48790787253565715,0.48790787253565737,0,0.0,11,-46,-9.97830802603037,-14,-46,-9.97830802603037,-3,
jack-whitlock,Jack Whitlock,2025,2024,KPF,ND,33,31-40,20,23,508.17332811701795,5.8301504270564815,2.3005456217994515,-3.529604805257029,1271,937,981,981,981,981,981,981,981,982,983,982,983,983,186,214,202,202,202,203,204,203,204,202,203,203,204,204,,0.4069589449357296,0.23971808930932648,0.23971808930932648,0.23971808930932637,0.23971808930932648,0.23971808930932648,0.23971808930932637,0.23971808930932637,0.2369660982000159,0.23241598877362535,0.2369660982000159,0.23241598877362535,0.23241598877362546,44,4.695837780149413,12,2,0.2038735983690112,-2,46,4.909284951974386,10,
jai-murray,Jai Murray,2026,2025,MID,ND,17,11-20,19,7,926.6697811681876,6.532047249065631,-6.76948891064778,-13.301536159713407,1138,940,877,877,877,877,877,877,877,883,894,883,894,894,206,212,216,217,217,217,218,217,218,217,217,217,218,218,,0.4385894312157743,0.5446023589747377,0.5446023589747377,0.544602358974738,0.5446023589747377,0.5446023589747377,0.544602358974738,0.544602358974738,0.5345000934998666,0.5173866778828576,0.5345000934998666,0.5173866778828576,0.517386677882858,-63,-6.702127659574468,-4,17,1.9384264538198404,-2,-46,-4.8936170212765955,-6,
jaxon-artemis,Jaxon Artemis,2026,2026,SD,MSD,1,pool,20,2,358.5352973164835,-1.2623139425581236,-6.7430225156985415,-5.480708573140419,520,425,469,469,469,469,469,469,469,470,471,470,471,471,333,357,322,317,318,318,319,319,320,317,317,318,319,320,,0.42164823905285276,0.23896174683888127,0.23896174683888127,0.23896174683888138,0.23896174683888127,0.23896174683888127,0.23896174683888138,0.23896174683888138,0.2345494412677923,0.22723322776090304,0.2345494412677923,0.22723322776090304,0.22723322776090304,44,10.352941176470589,35,2,0.42643923240938164,2,46,10.823529411764707,37,
luke-trainor,Luke Trainor,2025,2024,SD,ND,21,21-30,20,29,643.3134980762661,6.369900051272294,3.7275985125452333,-2.6423015387270588,1551,972,1018,1018,1018,1018,1018,1018,1018,1018,1018,1018,1018,1018,157,208,198,195,195,196,196,196,196,195,195,196,197,197,,0.34168559713282554,0.1702860756126936,0.1702860756126936,0.17028607561269415,0.1702860756126936,0.1702860756126936,0.17028607561269415,0.17028607561269415,0.1697399597679412,0.1688405418048481,0.1697399597679412,0.1688405418048481,0.1688405418048482,46,4.732510288065844,10,0,0.0,1,46,4.732510288065844,11,
nick-madden,Nick Madden,2023,2022,RUCK,PDA,,pool,22,8,204.43389533836202,2.002531204719589,14.156428282230797,12.153897077511207,1766,1018,1064,1064,1064,1064,1064,1064,1064,1064,1064,1064,1064,1064,135,202,192,192,192,193,193,193,193,192,192,193,193,193,,0.4752543562311964,0.0,0.0,0.0,0.0,0.0,0.0,0.0,0.0,0.0,0.0,0.0,0.0,46,4.518664047151277,10,0,0.0,-1,46,4.518664047151277,9,
james-trezise,James Trezise,2023,2023,SD,MSD,10,pool,24,38,358.5352973164835,-1.2623139425581236,-12.976348999472778,-11.714035056914655,118,147,147,99,99,99,99,99,99,100,102,100,102,102,614,561,551,591,592,592,594,593,595,591,591,592,594,594,,0.23533740004847237,0.23533740004847237,0.7023364592075372,0.7023364592075374,0.7023364592075372,0.7023364592075372,0.7023364592075374,0.7023364592075374,0.6923177300033672,0.675092610085682,0.6923177300033672,0.675092610085682,0.675092610085682,0,0.0,10,-45,-30.612244897959183,-43,-45,-30.612244897959183,-33,
jye-amiss,Jye Amiss,2022,2021,KPF,ND,8,1-10,23,90,1125.673610943418,9.166969611339242,3.4406165554045445,-5.726353055934696,1495,1427,1379,1379,1381,1379,1379,1381,1381,1380,1381,1380,1381,1383,164,150,151,151,151,151,151,151,151,151,151,151,151,151,,0.01250227683382299,0.42284417157549825,0.42284417157549825,0.40915779764814075,0.42284417157549825,0.42284417157549825,0.40915779764814075,0.40915779764814075,0.41591422044638704,0.4043293841871194,0.41591422044638704,0.4043293841871194,0.39438459730397846,-48,-3.3637000700770847,-1,4,0.290065264684554,0,-44,-3.0833917309039944,-1,
harry-sharp,Harry Sharp,2021,2020,SF,ND,45,41+,24,53,282.35352462462504,-1.2623139425581236,-21.4805119978961,-20.21819805533798,155,152,152,107,107,107,108,107,108,107,108,107,109,109,560,556,544,586,587,587,589,588,590,586,586,587,589,590,,0.10503698491980307,0.10503698491980307,0.8894878016292245,0.8894878016292245,0.8894878016292245,0.8733478423108317,0.8894878016292245,0.8733478423108317,0.8821214151513556,0.8689160123885344,0.8821214151513556,0.8514848523225489,0.8514848523225489,0,0.0,12,-43,-28.289473684210527,-46,-43,-28.289473684210527,-34,
aidan-schubert,Aidan Schubert,2026,2025,KPF,ND,23,21-30,19,0,682.0434602995151,7.289284901686604,-19.244992475350287,-26.534277377036894,481,630,546,546,546,566,581,566,581,549,555,569,588,588,351,276,301,298,299,294,289,296,289,298,297,293,286,286,,0.09038896554371467,0.24593584191325046,0.24593584191325046,0.24593584191325013,0.2085798818738681,0.180843965831471,0.20857988187386822,0.18084396583147133,0.23954125127579695,0.22890068501502714,0.20309493677735047,0.1681536192665677,0.16815361926656758,-84,-13.333333333333334,-25,42,7.6923076923076925,15,-42,-6.666666666666667,-10,
bailey-williams-wc,Bailey J. Williams,2019,2018,KPF,ND,35,31-40,26,102,1056.8645942805142,8.425306494178443,1.5759937855047523,-6.849312708673692,2470,2252,2252,2208,2208,2208,2208,2208,2208,2209,2210,2209,2210,2210,82,78,80,83,83,83,83,83,83,83,83,83,83,83,,0.005997665075333614,0.005997665075333614,0.4925808543002068,0.4925808543002068,0.4925808543002068,0.4925808543002068,0.4925808543002068,0.4925808543002068,0.4843809383327746,0.4705985249504385,0.4843809383327746,0.4705985249504385,0.47059852495043863,0,0.0,-2,-42,-1.8650088809946714,-3,-42,-1.8650088809946714,-5,
cooper-harvey,Cooper Harvey,2023,2022,SF,ND,56,41+,22,17,251.70177417126033,-1.2623139425581236,-1.798444931829125,-0.5361309892710028,545,331,373,373,373,373,373,373,373,373,373,373,373,373,326,390,364,360,360,361,362,361,362,360,361,361,364,364,,0.4900357749675578,0.0,0.0,0.0,0.0,0.0,0.0,0.0,0.0,0.0,0.0,0.0,0.0,42,12.688821752265861,26,0,0.0,0,42,12.688821752265861,26,
isaac-kako,Isaac Kako,2025,2024,SF,ND,13,11-20,20,34,891.1471697021262,6.532047249065631,0.83590173197277,-5.696145517092857,1413,832,784,784,784,784,784,784,784,787,790,787,790,790,172,232,235,235,237,236,237,238,238,235,235,236,237,237,,0.2671048120417725,0.41250685553834654,0.41250685553834654,0.41250685553834676,0.41250685553834654,0.41250685553834654,0.41250685553834676,0.41250685553834676,0.40570215436261114,0.3943330177698027,0.40570215436261114,0.3943330177698027,0.39433301776980323,-48,-5.769230769230769,-3,6,0.7653061224489796,-2,-42,-5.048076923076923,-5,
lukas-cooke,Lukas Cooke,2026,2026,KPD,MSD,11,pool,23,2,325.42025486488586,3.356847768403157,-15.460216697936218,-18.817064466339374,364,298,249,249,249,249,249,249,249,251,256,251,256,256,405,412,440,435,436,437,438,438,439,435,429,437,432,433,,0.27394544782382335,0.47017166496861174,0.47017166496861174,0.47017166496861174,0.47017166496861174,0.47017166496861174,0.47017166496861174,0.47017166496861174,0.4602870536850202,0.44361889877734983,0.4602870536850202,0.44361889877734983,0.4436188987773495,-49,-16.44295302013423,-28,7,2.8112449799196786,7,-42,-14.093959731543624,-21,
max-heath,Max Heath,2021,2021,KPF,MSD,7,pool,24,11,448.21342329607927,5.189017235862176,-12.203715162885892,-17.392732398748073,682,447,447,400,400,400,400,400,400,402,405,402,405,405,289,343,334,345,347,345,349,347,351,345,345,346,349,349,,0.4867408061769699,0.4867408061769699,0.7182245488592782,0.718224548859278,0.7182245488592782,0.7182245488592782,0.718224548859278,0.718224548859278,0.7077313692470197,0.6896074867656978,0.7077313692470197,0.6896074867656978,0.6896074867656976,0,0.0,9,-42,-9.395973154362416,-15,-42,-9.395973154362416,-6,
ben-ainsworth,Ben Ainsworth,2017,2016,SF,ND,4,1-10,28,177,1974.93407666647,16.930665289103374,3.5399393381163,-13.39072595098707,204,262,262,206,221,206,206,221,221,207,208,207,208,221,507,434,427,478,457,480,481,458,460,478,478,480,481,461,,4.8665850770901464e-05,4.8665850770901464e-05,0.7603043055861004,0.5597999625149743,0.7603043055861004,0.7603043055861004,0.5597999625149743,0.5597999625149743,0.7505512625722796,0.7336312938599576,0.7505512625722796,0.7336312938599576,0.5575035935000576,0,0.0,7,-41,-15.648854961832061,-34,-41,-15.648854961832061,-27,
caiden-cleary,Caiden Cleary,2024,2023,SF,ND,24,21-30,21,25,441.0518974037264,0.4004954462115944,-11.331695017141069,-11.732190463352662,471,265,217,217,221,217,217,221,221,219,222,219,222,225,354,430,474,462,458,463,464,459,461,459,458,460,460,458,,0.4069589449357296,0.6799847099766824,0.6799847099766824,0.6568223070645215,0.6799847099766824,0.6799847099766824,0.6568223070645215,0.6568223070645215,0.6698644691774357,0.6525102443996014,0.6698644691774357,0.6525102443996014,0.6321499966963837,-48,-18.11320754716981,-44,8,3.686635944700461,16,-40,-15.09433962264151,-28,
josh-lai,Josh Lai,2025,2024,SD,SSP,,pool,21,14,192.07771752801253,-1.462355854552692,-4.054832585863146,-2.5924767313104553,597,315,350,350,355,350,350,355,355,350,350,350,350,355,310,406,377,374,371,376,376,372,373,374,375,376,377,374,,0.4953587998572466,0.1415626563777146,0.1415626563777146,0.08475004871820047,0.1415626563777146,0.1415626563777146,0.08475004871820047,0.08475004871820047,0.14121189444319804,0.14063440250902814,0.14121189444319804,0.14063440250902814,0.09049771331621481,35,11.11111111111111,29,5,1.4285714285714286,3,40,12.698412698412698,32,
max-kondogiannis,Max Kondogiannis,2026,2025,SD,ND,36,31-40,19,7,346.0041890387714,-1.2623139425581236,-18.61948891064778,-17.35717496808966,435,358,312,312,312,312,312,312,312,314,318,314,318,318,367,376,400,398,401,398,400,401,403,397,396,397,398,400,,0.4593985818486357,0.6753892587048735,0.6753892587048735,0.6753892587048737,0.6753892587048735,0.6753892587048735,0.6753892587048737,0.6753892587048737,0.6646759234756189,0.6462720473442158,0.6646759234756189,0.6462720473442158,0.6462720473442161,-46,-12.849162011173185,-24,6,1.9230769230769231,0,-40,-11.1731843575419,-24,
milan-murdock,Milan Murdock,2026,2025,SF,SSP,,pool,26,15,124.3742758208904,-7.036411790430066,2.1699999999999875,9.206411790430053,208,156,156,196,196,196,196,196,196,196,196,196,196,196,501,550,539,494,496,495,498,496,499,495,498,497,499,500,,0.4900357749675578,0.4900357749675578,0.0,0.0,0.0,0.0,0.0,0.0,0.0,0.0,0.0,0.0,0.0,0,0.0,11,40,25.641025641025642,39,40,25.641025641025642,50,
saad-el-hawli,Saad El-Hawli,2024,2024,SD,MSD,13,pool,25,17,358.5352973164835,-1.2623139425581236,-27.217647058823527,-25.955333116265404,118,71,71,16,16,22,28,22,28,17,19,23,31,31,615,667,654,746,752,736,720,736,722,746,742,734,717,718,,0.4900357749675578,0.4900357749675578,0.9050677600594818,0.9050677600594818,0.8641789671204692,0.8177625762316091,0.8641789671204692,0.8177625762316091,0.8981502529845374,0.8856532373594205,0.8559325343623257,0.7922134868110459,0.792213486811046,0,0.0,13,-40,-56.33802816901409,-64,-40,-56.33802816901409,-51,
campbell-lake,Campbell Lake,2026,2026,SF,MSD,7,pool,22,5,207.68237377991244,-1.2623139425581236,-4.568752715444241,-3.3064387728861178,161,164,203,203,203,203,203,203,203,203,203,203,203,203,555,542,496,482,484,484,484,485,485,483,485,485,488,489,,0.4981643560305633,0.17953327486958737,0.17953327486958737,0.17379771927882004,0.17953327486958737,0.17953327486958737,0.17379771927882004,0.17379771927882004,0.1776748575303999,0.1746076587824832,0.1776748575303999,0.1746076587824832,0.1746076587824834,39,23.78048780487805,46,0,0.0,7,39,23.78048780487805,53,
matt-carroll,Matt Carroll,2024,2023,SD,RD,7,pool,21,27,212.39992549540213,-1.2623139425581236,-2.934433652796542,-1.672119710238419,1014,570,609,609,609,609,609,609,609,609,609,609,609,609,226,301,279,276,276,278,279,278,279,276,276,278,279,279,,0.38100641270807,0.07628708259841577,0.07628708259841577,0.07628708259841543,0.07628708259841577,0.07628708259841577,0.07628708259841543,0.07628708259841543,0.07874151865108436,0.08276611433669856,0.07874151865108436,0.08276611433669856,0.08276611433669878,39,6.842105263157895,22,0,0.0,0,39,6.842105263157895,22,
murphy-reid,Murphy Reid,2025,2024,SF,ND,17,11-20,20,43,615.9507728576181,4.420269402182103,27.162195406995185,22.741926004813084,4141,3383,3422,3422,3422,3422,3422,3422,3422,3422,3422,3422,3422,3422,32,44,43,43,43,43,43,43,43,43,43,43,43,43,,0.17555063929757864,0.0,0.0,0.0,0.0,0.0,0.0,0.0,0.0,0.0,0.0,0.0,0.0,39,1.1528229382205144,1,0,0.0,0,39,1.1528229382205144,1,
jack-ison,Jack Ison,2026,2025,MID,ND,47,41+,19,7,280.361334487113,-1.2623139425581236,-6.369488910647782,-5.107174968089659,512,417,453,453,453,453,453,453,453,453,455,453,455,455,337,361,331,325,326,325,325,326,326,325,325,325,325,326,,0.41218031767503205,0.21559637715159652,0.21559637715159652,0.21559637715159663,0.21559637715159652,0.21559637715159652,0.21559637715159663,0.21559637715159663,0.21173564610671813,0.20534139669387208,0.21173564610671813,0.20534139669387208,0.2053413966938722,36,8.633093525179856,30,2,0.44150110375275936,5,38,9.112709832134293,35,
max-michalanney,Max Michalanney,2023,2022,SD,ND,17,11-20,22,85,888.7620537021933,6.532047249065631,-0.6921099450893384,-7.224157194154964,493,421,381,381,381,381,381,381,381,382,383,382,383,383,345,359,360,356,356,358,359,358,359,356,357,358,360,360,,0.016897626582746184,0.5138809525523795,0.5138809525523795,0.5079555874161042,0.5138809525523795,0.5138809525523795,0.5079555874161042,0.5079555874161042,0.5053507093909009,0.49098713249950765,0.5053507093909009,0.49098713249950765,0.4909871324995079,-40,-9.501187648456057,-1,2,0.5249343832020997,0,-38,-9.026128266033254,-1,
vigo-visentini,Vigo Visentini,2024,2023,RUCK,RD,5,pool,21,2,372.0760157379352,3.8089472528834976,4.567132498155307,0.7581852452718086,182,257,295,295,295,295,295,295,295,295,295,295,295,295,525,441,405,406,406,406,407,406,407,406,407,407,410,410,,0.23506858983338086,0.0,0.0,0.0,0.0,0.0,0.0,0.0,0.0,0.0,0.0,0.0,0.0,38,14.785992217898833,36,0,0.0,-5,38,14.785992217898833,31,
andrew-mcgrath,Andrew McGrath,2017,2016,SD,ND,1,1-10,28,196,2697.2547697210416,21.211426680805086,12.63478475863377,-8.57664192217132,1022,1035,1035,983,998,983,983,998,998,984,985,984,985,998,224,197,194,200,200,201,202,201,202,200,202,201,203,202,,1.3855966521147955e-05,1.3855966521147955e-05,0.5837495652708272,0.4139020509029182,0.5837495652708272,0.5837495652708272,0.4139020509029182,0.4139020509029182,0.5743502850526665,0.5584195298628979,0.5743502850526665,0.5584195298628979,0.41763309294016493,0,0.0,3,-37,-3.57487922705314,-8,-37,-3.57487922705314,-5,
lachy-dovaston,Lachy Dovaston,2026,2025,SF,ND,16,11-20,19,6,626.4517977289977,4.583319559794378,-9.319488910647792,-13.902808470442167,512,550,502,502,502,502,502,502,502,506,513,506,513,513,338,306,315,311,311,312,312,312,312,308,308,309,309,309,,0.37945606123610465,0.4915495646564978,0.4915495646564978,0.491549564656498,0.4915495646564978,0.4915495646564978,0.491549564656498,0.491549564656498,0.48180197314368867,0.46535385746754454,0.48180197314368867,0.46535385746754454,0.46535385746754465,-48,-8.727272727272727,-9,11,2.191235059760956,6,-37,-6.7272727272727275,-3,
steely-green,Steely Green,2023,2022,SF,ND,55,41+,22,42,267.5396322908872,-1.2623139425581236,-14.351104723339246,-13.088790780781123,150,76,38,38,39,38,38,39,39,39,40,39,40,40,578,658,719,682,684,685,689,685,688,683,683,685,689,690,,0.1935086691106932,0.7473477142433385,0.7473477142433385,0.7425163968229391,0.7473477142433385,0.7473477142433385,0.7425163968229391,0.7425163968229391,0.7374885128532926,0.7204207479216631,0.7374885128532926,0.7204207479216631,0.720420747921663,-38,-50.0,-61,2,5.2631578947368425,29,-36,-47.36842105263158,-32,
charlie-edwards,Charlie Edwards,2024,2023,SD,ND,21,21-30,21,2,922.6854008931635,6.532047249065631,-16.534832585863143,-23.06687983492877,624,434,378,378,378,381,393,381,393,380,384,383,399,399,299,351,362,358,358,357,353,357,354,358,356,357,352,354,,0.16831560302740423,0.3716307604499737,0.3716307604499737,0.3716307604499739,0.35940403125115505,0.3159865163668891,0.35940403125115516,0.31598651636688924,0.3629234149077214,0.348332042663993,0.3509252054070813,0.29567097139317344,0.29567097139317333,-56,-12.903225806451612,-11,21,5.555555555555555,8,-35,-8.064516129032258,-3,
hunter-clark,Hunter Clark,2018,2017,MID,ND,7,1-10,27,116,1291.102328104631,9.263166192779611,-1.2268898382949514,-10.490056031074557,50,66,66,26,30,26,26,30,30,27,28,27,28,31,708,672,658,716,713,719,723,714,717,716,714,719,721,717,,0.00250343544035736,0.00250343544035736,0.6657368867560707,0.6101619168918079,0.6657368867560707,0.6657368867560707,0.6101619168918079,0.6101619168918079,0.6557959004051804,0.6387903680705707,0.6557959004051804,0.6387903680705707,0.5896885518107629,0,0.0,14,-35,-53.03030303030303,-59,-35,-53.03030303030303,-45,
arthur-jones,Arthur Jones,2022,2021,SF,ND,43,41+,23,32,317.024972628489,-1.2623139425581236,-17.062773427579835,-15.800459485021706,92,90,54,54,54,54,54,54,54,55,56,55,56,56,642,633,679,643,646,646,648,649,650,642,642,645,647,649,,0.29100482996501353,0.8079257979611632,0.8079257979611632,0.8079257979611633,0.8079257979611632,0.8079257979611632,0.8079257979611633,0.8079257979611633,0.7986614866180729,0.7824343795155216,0.7986614866180729,0.7824343795155216,0.7824343795155217,-36,-40.0,-46,2,3.7037037037037037,30,-34,-37.77777777777778,-16,
chris-scerri,Chris Scerri,2026,2025,SF,SSP,,pool,20,7,124.3742758208904,-7.036411790430066,-5.993022515698549,1.043389274731517,459,321,355,355,355,355,355,355,355,355,355,355,355,355,361,400,374,370,370,371,372,371,372,370,371,371,373,373,,0.41218031767503205,0.0,0.0,0.0,0.0,0.0,0.0,0.0,0.0,0.0,0.0,0.0,0.0,34,10.59190031152648,26,0,0.0,1,34,10.59190031152648,27,
cody-curtin,Cody Curtin,2026,2025,KPF,ND,43,41+,19,4,328.25624461477844,3.375579646652654,-13.444992475350286,-16.82057212200294,427,440,400,400,400,400,400,400,400,402,406,402,406,406,371,346,349,344,346,344,348,346,350,344,344,345,348,348,,0.2918181528951631,0.4544532438683073,0.4544532438683073,0.45445324386830743,0.4544532438683073,0.4544532438683073,0.45445324386830743,0.45445324386830743,0.4448623099552911,0.4287120088907984,0.4448623099552911,0.4287120088907984,0.4287120088907983,-40,-9.090909090909092,-3,6,1.5,1,-34,-7.7272727272727275,-2,
josh-dolan,Josh Dolan,2025,2024,SF,ND,31,31-40,20,18,421.7719994543805,-0.424299577383612,-12.807079032920631,-12.382779455537017,501,281,240,240,242,240,240,242,242,242,246,242,246,247,343,419,448,440,439,442,443,441,442,438,438,440,440,440,,0.4653136125221826,0.679881642979207,0.679881642979207,0.6721801151292013,0.679881642979207,0.679881642979207,0.6721801151292013,0.6721801151292013,0.669665309195546,0.6521397674159217,0.669665309195546,0.6521397674159217,0.6456530447339152,-41,-14.590747330960854,-29,7,2.9166666666666665,8,-34,-12.099644128113878,-21,
jack-buller,Jack Buller,2023,2023,KPF,MSD,11,pool,25,20,217.45512952851865,2.31994774290901,-21.358655251770255,-23.678602994679267,94,72,72,31,32,32,36,32,36,32,33,33,39,39,639,663,651,707,706,706,702,707,704,706,708,705,690,693,,0.45669227205971485,0.45669227205971485,0.8987916975240668,0.8900823688131608,0.8819356674340371,0.8382854248455094,0.8819356674340371,0.8382854248455094,0.891672335968385,0.8788509632666909,0.8742482226596798,0.813907963035915,0.813907963035915,0,0.0,12,-33,-45.833333333333336,-42,-33,-45.833333333333336,-30,
james-blanck,James Blanck,2022,2022,KPD,MSD,14,pool,26,24,325.42025486488586,3.356847768403157,-20.965049824487078,-24.321897592890238,70,54,54,15,15,17,19,17,19,16,16,17,21,21,679,690,681,751,755,747,744,751,747,749,750,747,741,742,,0.3223178964677138,0.3223178964677138,0.923513986692458,0.923513986692458,0.9028809477023735,0.8630935907753741,0.9028809477023735,0.8630935907753741,0.9174379581225458,0.9063714052020937,0.8959591318137008,0.8404208153891217,0.8404208153891217,0,0.0,9,-33,-61.111111111111114,-61,-33,-61.111111111111114,-52,
maurice-rioli-1,Maurice Rioli,2021,2020,SF,ND,53,41+,24,58,274.38476407457694,-1.2623139425581236,-14.275150580483153,-13.01283663792503,27,49,49,15,15,15,15,15,15,15,16,15,16,16,760,703,697,753,757,754,755,757,758,754,752,755,754,757,,0.08940142632729475,0.08940142632729453,0.7487056025990513,0.7486656704420462,0.7487056025990513,0.7487056025990513,0.7486656704420462,0.7486656704420462,0.7388692571989938,0.7218384492461785,0.7388692571989938,0.7218384492461785,0.7218384492461785,0,0.0,6,-33,-67.34693877551021,-60,-33,-67.34693877551021,-54,
flynn-perez,Flynn Perez,2026,2025,SD,SSP,,pool,25,31,192.07771752801253,-1.462355854552692,-21.413856505902412,-19.95150065134972,139,49,49,13,16,13,14,16,16,13,14,13,15,17,590,700,694,756,751,757,757,753,753,757,756,759,756,752,,0.32873509991302785,0.32873509991302785,0.8757737420045932,0.8307709279298945,0.8757737420045932,0.8624829106389831,0.8307709279298945,0.8307709279298945,0.8679562386845203,0.8540073122158043,0.8679562386845203,0.8397639712716317,0.8107575982366871,0,0.0,6,-32,-65.3061224489796,-58,-32,-65.3061224489796,-52,
harvey-langford,Harvey Langford,2025,2024,MID,ND,6,1-10,20,41,1578.6454433880342,13.53621115274361,9.116924910141378,-4.419286242602226,2657,2500,2422,2422,2536,2422,2422,2536,2536,2425,2429,2425,2429,2532,73,65,75,75,68,75,75,68,68,75,75,75,75,68,,0.1935086691106932,0.32609816197163577,0.32609816197163577,0.13236374939857543,0.32609816197163577,0.32609816197163577,0.13236374939857543,0.13236374939857543,0.3213114075054132,0.31336066850140376,0.3213114075054132,0.31336066850140376,0.13868791364037358,-78,-3.12,-10,110,4.541701073492981,7,32,1.28,-3,
josh-ward,Josh Ward,2022,2021,MID,ND,7,1-10,23,86,1577.6493483192783,13.521719007457017,8.250535091780401,-5.271183915676621,2817,2576,2510,2510,2546,2510,2510,2546,2546,2511,2513,2511,2513,2544,66,61,69,69,66,69,69,66,66,69,68,69,68,66,,0.015913587396952145,0.3919156443236358,0.3919156443236358,0.18754257599966973,0.3919156443236358,0.3919156443236358,0.18754257599966973,0.18754257599966973,0.38563502459239696,0.37515873540192546,0.38563502459239696,0.37515873540192546,0.1960890239002463,-66,-2.562111801242236,-8,34,1.3545816733067728,3,-32,-1.2422360248447204,-5,
karl-worner,Karl Worner,2022,2021,SD,RD,4,pool,24,50,254.6586738490823,-1.2623139425581236,-6.480406428078736,-5.2180924855206126,1206,1041,1041,1007,1007,1007,1007,1007,1007,1008,1009,1008,1009,1009,194,194,193,197,198,198,198,199,199,197,197,198,199,200,,0.12303990985420021,0.12303990985420021,0.38667745355227623,0.38516220810366064,0.38667745355227623,0.38667745355227623,0.38516220810366064,0.38516220810366064,0.38049433164568947,0.3701840133338301,0.38049433164568947,0.3701840133338301,0.3701840133338301,0,0.0,1,-32,-3.073967339097022,-7,-32,-3.073967339097022,-6,
liam-fawcett,Liam Fawcett,2024,2023,KPF,ND,43,41+,21,8,328.25624461477844,3.375579646652654,-16.11786609593182,-19.493445742584473,454,258,221,221,221,221,222,221,222,222,225,222,226,226,364,439,467,456,459,457,458,460,458,456,454,457,455,457,,0.4385894312157743,0.6928195629918246,0.6928195629918246,0.6928195629918246,0.6928195629918246,0.6835230946747537,0.6928195629918246,0.6835230946747537,0.6820484805399878,0.6634963871933902,0.6820484805399878,0.6541811033740893,0.6541811033740892,-37,-14.34108527131783,-28,5,2.262443438914027,10,-32,-12.4031007751938,-18,
alex-van-wyk,Alex Van Wyk,2026,2026,RUCK,MSD,14,pool,22,0,448.21342329607927,5.189017235862176,1.326894964594814,-3.862122271267367,391,360,390,390,390,390,390,390,390,390,391,390,391,391,391,375,355,351,351,352,356,352,356,352,353,353,356,356,,0.15613705690314517,0.05526156923963943,0.05526156923963943,0.05526156923963932,0.05526156923963943,0.05526156923963943,0.05526156923963932,0.05526156923963932,0.054439702787615896,0.0530857622578651,0.054439702787615896,0.0530857622578651,0.053085762257864766,30,8.333333333333334,20,1,0.2564102564102564,-1,31,8.61111111111111,19,
harrison-ramm,Harrison Ramm,2025,2025,KPD,MSD,3,pool,20,3,325.42025486488586,3.356847768403157,-19.643908573302923,-23.00075634170608,545,438,391,391,391,393,402,393,402,393,396,395,407,407,327,347,354,350,350,349,346,350,347,350,350,349,347,347,,0.3733337136782824,0.676113977268038,0.676113977268038,0.676113977268038,0.6617068756579805,0.6031698003731909,0.6617068756579805,0.6031698003731909,0.6651187554572902,0.6462077209892987,0.6507063837328674,0.5738733563062217,0.5738733563062215,-47,-10.730593607305936,-7,16,4.092071611253197,7,-31,-7.077625570776256,0,
isaac-quaynor,Isaac Quaynor,2019,2018,SD,ND,13,11-20,26,150,1242.6432837446596,8.770018928292197,-0.34646418309498755,-9.11648311138719,596,602,602,566,569,566,566,569,569,567,568,567,568,571,312,289,282,293,292,295,295,293,294,292,293,294,294,294,,0.0002843038928997954,0.0002843038928997954,0.608730536682256,0.5519433660096432,0.608730536682256,0.608730536682256,0.5519433660096432,0.5519433660096432,0.5991069986163964,0.5827535196744396,0.5991069986163964,0.5827535196744396,0.532400511108141,0,0.0,7,-31,-5.149501661129568,-12,-31,-5.149501661129568,-5,
jack-carroll,Jack Carroll,2021,2020,SD,ND,43,41+,24,36,258.77582430924593,-1.2623139425581236,-19.54247440189981,-18.280160459341683,80,78,78,46,46,46,46,46,46,46,47,46,47,47,666,654,641,661,664,663,667,666,670,662,661,664,667,668,,0.2671048120417725,0.2671048120417725,0.8558251463674438,0.8493398395204674,0.8558251463674438,0.8558251463674438,0.8493398395204674,0.8493398395204674,0.8474910285798931,0.8327156402765463,0.8474910285798931,0.8327156402765463,0.8327156402765463,0,0.0,13,-31,-39.743589743589745,-27,-31,-39.743589743589745,-14,
flynn-young,Flynn Young,2025,2025,SF,MSD,4,pool,24,11,207.68237377991244,-1.2623139425581236,-24.347961835726963,-23.085647893168836,168,52,52,15,17,16,20,17,20,15,17,16,22,22,542,693,684,750,749,749,741,750,743,751,747,751,739,739,,0.48557105523773614,0.48557105523773625,0.8792761458219549,0.8564491207418718,0.8679852489241405,0.8221267107043192,0.8564491207418718,0.8221267107043192,0.8714738765071224,0.857522485198809,0.8598523505079928,0.7968102545445223,0.7968102545445223,0,0.0,9,-30,-57.69230769230769,-55,-30,-57.69230769230769,-46,
jack-lukosius,Jack Lukosius,2019,2018,KPF,ND,2,1-10,26,131,2420.6265638655254,16.776522943316678,10.02762523440006,-6.748897708916615,462,503,503,461,472,461,461,472,472,461,463,461,463,473,358,322,314,321,317,323,323,318,319,322,323,324,323,319,,0.0010981261584194213,0.0010981261584194213,0.4867144204790813,0.35596986344523174,0.4867144204790813,0.4867144204790813,0.35596986344523174,0.35596986344523174,0.47861042869504067,0.4649958438882229,0.47861042869504067,0.4649958438882229,0.34753693794318774,0,0.0,8,-30,-5.964214711729622,-5,-30,-5.964214711729622,3,
jack-watkins,Jack Watkins,2026,2025,SF,RD,3,pool,26,10,212.39992549540213,-1.2623139425581236,-23.770000000000003,-22.50768605744188,130,72,72,31,32,31,38,32,38,32,34,33,42,42,605,664,652,708,707,709,688,708,692,707,704,706,677,678,,0.4867408061769699,0.4867408061769699,0.8099047161060402,0.7997009152808062,0.8045818954866125,0.7514749466052255,0.7997009152808062,0.7514749466052257,0.8003419419478199,0.7835480162613585,0.7949315506545795,0.7233270851646945,0.7233270851646945,0,0.0,12,-30,-41.666666666666664,-26,-30,-41.666666666666664,-14,
robert-hansen,Robert Hansen,2023,2023,SF,MSD,2,pool,22,20,207.68237377991244,-1.2623139425581236,-22.56075519729223,-21.298441254734108,132,72,37,37,39,37,40,39,40,38,39,38,42,42,603,665,728,692,683,694,684,684,684,685,685,687,679,679,,0.44751349890706926,0.8742994043863751,0.8742994043863751,0.8451007411963227,0.8742994043863751,0.8415498555871146,0.8451007411963227,0.8415498555871146,0.8663886388510285,0.8522732348480627,0.8663886388510285,0.817377702221879,0.817377702221879,-35,-48.611111111111114,-63,5,13.513513513513514,49,-30,-41.666666666666664,-14,
toby-pink,Toby Pink,2017,2016,KPD,RD,33,pool,28,37,204.37405209598916,2.002531204719589,-13.605405405405405,-15.607936610124991,31,59,59,26,28,26,26,28,28,26,27,26,27,29,750,681,671,718,717,721,725,719,723,720,720,724,726,722,,0.2555994417933757,0.2555994417933758,0.8065348685201721,0.7647617697748572,0.8065348685201721,0.8065348685201721,0.7647617697748572,0.7647617697748572,0.797259457221102,0.781018870522172,0.797259457221102,0.781018870522172,0.7516772663794284,0,0.0,10,-30,-50.847457627118644,-51,-30,-50.847457627118644,-41,
ben-jepson,Ben Jepson,2025,2024,MID,SSP,,pool,25,5,360.40495548581396,-1.2623139425581236,-34.94,-33.677686057441875,222,103,103,37,37,60,69,60,69,39,41,62,74,74,485,617,609,683,689,636,626,637,628,681,674,635,625,625,,0.33962627575333004,0.33962627575333015,0.7681705379301527,0.7681705379301528,0.6191244134294034,0.5609512074523649,0.6191244134294034,0.5609512074523649,0.7576720816199978,0.7393519860879594,0.6081134233253589,0.5321970709692192,0.5321970709692192,0,0.0,8,-29,-28.155339805825243,-16,-29,-28.155339805825243,-8,
ben-king,Ben King,2019,2018,KPF,ND,6,1-10,26,139,1149.2410690944237,9.55538863620555,-0.4287607701774359,-9.984149406382985,218,244,244,214,214,214,214,214,214,214,215,214,215,215,487,456,444,468,469,470,470,471,471,468,467,470,470,471,,0.0005786150288653591,0.0005786150288653591,0.6457785702707663,0.6286371497745381,0.6457785702707663,0.6457785702707663,0.6286371497745381,0.6286371497745381,0.6359162003239744,0.619086390744306,0.6359162003239744,0.619086390744306,0.6048746081394103,0,0.0,12,-29,-11.885245901639344,-27,-29,-11.885245901639344,-15,
laitham-vandermeer,Laitham Vandermeer,2019,2018,SF,ND,37,31-40,27,88,415.7954290418444,-0.6704550155480722,-16.82813197911787,-16.157676963569802,20,36,36,6,7,6,6,7,7,7,7,7,7,7,775,737,731,789,785,789,789,785,785,785,786,785,786,786,,0.01498491879092434,0.01498491879092434,0.8254231397734945,0.8219950228501021,0.8254231397734945,0.8254231397734945,0.8219950228501021,0.8219950228501021,0.8164785928693755,0.8007518766584975,0.8164785928693755,0.8007518766584975,0.7975958750244756,0,0.0,6,-29,-80.55555555555556,-55,-29,-80.55555555555556,-49,
ned-reeves,Ned Reeves,2019,2018,RUCK,SSP,,pool,28,57,281.08929322053854,2.5513615073468294,-7.796570404994499,-10.347931912341325,236,231,231,201,201,201,201,201,201,202,202,202,202,202,469,470,457,486,488,487,488,488,489,486,487,487,490,491,,0.08940142632729464,0.08940142632729464,0.6592055800293162,0.6592055800293164,0.6592055800293162,0.6592055800293162,0.6592055800293164,0.6592055800293164,0.6492807586836689,0.632316384485908,0.6492807586836689,0.632316384485908,0.6323163844859083,0,0.0,13,-29,-12.554112554112555,-34,-29,-12.554112554112555,-21,
nick-murray,Nick Murray,2021,2020,KPD,SSP,,pool,26,78,168.30689646918233,0.9114222884056873,-7.135264352061205,-8.046686640466893,321,341,341,302,313,302,302,313,313,302,304,302,304,312,422,385,381,402,400,403,404,400,402,403,403,404,405,403,,0.028813125333436496,0.028813125333436496,0.5575396090941094,0.41182385360758234,0.5575396090941094,0.5575396090941094,0.41182385360758234,0.41182385360758234,0.5484254090887819,0.5330175152314609,0.5484254090887819,0.5330175152314609,0.4159058318999549,0,0.0,4,-29,-8.504398826979472,-22,-29,-8.504398826979472,-18,
corey-durdin,Corey Durdin,2021,2020,SF,ND,39,31-40,24,83,413.90503384951523,-0.7416299825786443,-13.507685970560852,-12.76605598798221,49,59,59,30,30,30,30,30,30,31,31,31,31,31,717,679,669,712,712,713,716,713,716,710,710,711,715,715,,0.01904440683248876,0.01904440683248876,0.7424439371597804,0.7383249370922194,0.7424439371597804,0.7424439371597804,0.7383249370922194,0.7383249370922194,0.7325758499420478,0.7155081715439574,0.7325758499420478,0.7155081715439574,0.7118369920136253,0,0.0,10,-28,-47.45762711864407,-46,-28,-47.45762711864407,-36,
hugh-davies,Hugh Davies,2023,2022,KPD,ND,33,31-40,22,2,471.19945489646733,5.512264633824777,-22.09363759779108,-27.605902231615858,185,260,201,201,201,217,227,217,227,203,207,219,232,232,523,436,500,485,487,464,452,466,453,484,479,462,451,451,,0.16831560302740423,0.4287356909644714,0.4287356909644714,0.4287356909644714,0.35940403125115505,0.3159865163668891,0.35940403125115516,0.31598651636688924,0.41906193923948076,0.40278589304415024,0.3509252054070813,0.29567097139317344,0.29567097139317333,-59,-22.692307692307693,-64,31,15.422885572139304,49,-28,-10.76923076923077,-15,
jesse-motlop,Jesse Motlop,2022,2021,SF,ND,27,21-30,23,63,425.75637972940456,-0.25260315506759945,-7.333690163709566,-7.081087008641968,90,94,63,63,65,63,63,65,65,64,65,64,65,66,645,630,661,628,631,630,632,633,635,630,632,631,635,634,,0.0679441127002165,0.5052988102394658,0.5052988102394658,0.48331062768607846,0.5052988102394658,0.5052988102394658,0.48331062768607846,0.48331062768607846,0.4968937178077154,0.4827511478650355,0.4968937178077154,0.4827511478650355,0.46393085429713876,-31,-32.97872340425532,-31,3,4.761904761904762,27,-28,-29.78723404255319,-4,
nick-watson,Nick Watson,2024,2023,SF,ND,5,1-10,21,59,1582.6017294400908,13.590142927777718,18.569453281480968,4.979310353703251,3839,3507,3535,3535,3535,3535,3535,3535,3535,3535,3535,3535,3535,3535,41,40,39,39,39,39,39,39,39,39,39,39,39,39,,0.0758897611306486,0.0,0.0,0.0,0.0,0.0,0.0,0.0,0.0,0.0,0.0,0.0,0.0,28,0.7984031936127745,1,0,0.0,0,28,0.7984031936127745,1,
aidan-johnson,Aidan Johnson,2025,2024,KPF,ND,68,41+,26,6,278.58876024777845,2.4904129544950084,-26.799999999999994,-29.290412954495007,229,110,110,58,58,71,79,71,79,59,62,73,83,83,478,613,605,637,638,624,619,624,619,636,634,623,615,616,,0.37945606123610465,0.37945606123610465,0.7720850765915255,0.7720850765915256,0.6692455903592098,0.6107233088092463,0.6692455903592098,0.6107233088092462,0.7617114946859167,0.7436040168078139,0.6582629278901022,0.5813649446235005,0.5813649446235005,0,0.0,8,-27,-24.545454545454547,-11,-27,-24.545454545454547,-3,
billy-dowling,Billy Dowling,2023,2022,SF,ND,43,41+,22,11,317.024972628489,-1.2623139425581236,10.585515894347473,11.847829836905598,150,135,162,162,162,162,162,162,162,162,162,162,162,162,577,572,535,525,525,525,527,525,527,525,526,525,529,529,,0.4986620928325659,0.0,0.0,0.0,0.0,0.0,0.0,0.0,0.0,0.0,0.0,0.0,0.0,27,20.0,37,0,0.0,6,27,20.0,43,
bruce-reville,Bruce Reville,2024,2023,MID,PDA,,pool,25,42,179.3867784667036,-2.670227683857008,-19.729101634639413,-17.058873950782402,54,61,61,30,33,30,30,33,33,31,32,31,32,34,699,675,665,711,704,712,715,705,709,709,709,710,714,711,,0.1935086691106932,0.1935086691106932,0.8387838163613381,0.7910357467491058,0.8387838163613381,0.8387838163613381,0.7910357467491058,0.7910357467491058,0.8300820366289012,0.8147290967938854,0.8300820366289012,0.8147290967938854,0.7692184121895734,0,0.0,10,-27,-44.26229508196721,-46,-27,-44.26229508196721,-36,
jai-serong,Jai Serong,2022,2021,KPD,ND,53,41+,23,28,169.25220290953845,0.979345235321825,7.133892562329432,6.154547327007609,1233,841,868,868,868,868,868,868,868,868,868,868,868,868,190,229,218,218,218,218,219,218,219,218,219,218,220,220,,0.3416855971328254,0.0,0.0,0.0,0.0,0.0,0.0,0.0,0.0,0.0,0.0,0.0,0.0,27,3.2104637336504163,11,0,0.0,-2,27,3.2104637336504163,9,
jordan-boyd,Jordan Boyd,2021,2021,SD,MSD,17,pool,28,40,358.5352973164835,-1.2623139425581236,-18.984999999999992,-17.72268605744187,55,36,36,8,8,8,8,8,8,9,9,9,9,9,697,736,730,780,783,781,781,783,783,774,777,775,777,780,,0.22302577902281573,0.22302577902281584,0.8491251249097604,0.8491251249097604,0.8491251249097604,0.8491251249097604,0.8491251249097604,0.8491251249097604,0.8406418290822837,0.8256318179857116,0.8406418290822837,0.8256318179857116,0.8256318179857116,0,0.0,6,-27,-75.0,-50,-27,-75.0,-44,
lewis-hayes,Lewis Hayes,2023,2022,SD,ND,25,21-30,22,1,519.1021584421048,5.902511626132044,10.188672690048065,4.286161063916019,250,311,338,338,338,338,338,338,338,338,338,338,338,338,461,408,383,379,379,381,381,381,381,380,380,381,381,382,,0.09038896554371467,0.0,0.0,0.0,0.0,0.0,0.0,0.0,0.0,0.0,0.0,0.0,0.0,27,8.681672025723472,25,0,0.0,1,27,8.681672025723472,26,
max-king-stk,Max King,2019,2018,KPF,ND,4,1-10,26,83,1765.0547616595902,10.806543129062868,7.973702199813372,-2.832840929249498,239,346,346,319,319,319,319,319,319,319,319,319,319,319,468,384,379,391,394,392,394,395,396,393,394,394,396,398,,0.02145204433942971,0.02145204433942971,0.19580481271087613,0.19580481271087613,0.19580481271087613,0.19580481271087613,0.19580481271087613,0.19580481271087613,0.19468965261592097,0.19285128608663937,0.19468965261592097,0.19285128608663937,0.19285128608663926,0,0.0,5,-27,-7.803468208092486,-19,-27,-7.803468208092486,-14,
noah-roberts-thomson,Noah Roberts-Thomson,2026,2025,MID,ND,54,41+,19,3,273.38866900582093,-1.2623139425581236,-18.319488910647777,-17.057174968089654,213,322,290,290,290,290,290,290,290,292,295,292,295,295,496,399,407,407,407,408,409,408,409,407,406,408,409,409,,0.23506858983338097,0.3835138100678501,0.3835138100678501,0.38351381006785046,0.3835138100678501,0.3835138100678501,0.38351381006785046,0.38351381006785046,0.3748639265177913,0.36036555293594397,0.3748639265177913,0.36036555293594397,0.36036555293594386,-32,-9.937888198757763,-8,5,1.7241379310344827,-2,-27,-8.385093167701863,-10,
xavier-o-halloran,Xavier O'Halloran,2019,2018,SF,ND,22,21-30,26,101,520.6138738113877,2.843411752841786,-14.95990242591416,-17.80331417875595,47,74,74,46,47,46,46,47,47,46,47,46,47,47,725,662,649,663,663,665,669,665,669,663,664,665,669,670,,0.006379800963290938,0.006379800963290938,0.8554621723154223,0.823901408383402,0.8554621723154223,0.8554621723154223,0.823901408383402,0.823901408383402,0.8471415307812732,0.8323944582569259,0.8471415307812732,0.8323944582569259,0.8033373394420811,0,0.0,13,-27,-36.486486486486484,-21,-27,-36.486486486486484,-8,
balyn-o-brien,Balyn O'Brien,2026,2025,SD,SSP,,pool,19,2,192.07771752801253,-1.462355854552692,-28.469488910647783,-27.007133056095093,383,346,297,297,297,308,316,308,316,299,302,310,320,320,397,383,404,404,405,400,398,402,400,405,405,400,395,397,,0.2918181528951632,0.6300764987984793,0.6300764987984793,0.6300764987984795,0.554773911687244,0.4984351615457926,0.5547739116872439,0.4984351615457925,0.6188931422678943,0.5997502328613245,0.5440091206473919,0.4710413666582739,0.4710413666582738,-49,-14.16184971098266,-21,23,7.744107744107744,7,-26,-7.514450867052023,-14,
charlie-west,Charlie West,2025,2024,KPF,ND,50,41+,20,5,237.81162228042353,2.31994774290901,-15.318116866013819,-17.638064608922825,692,377,347,347,347,347,347,347,347,348,351,348,351,351,286,369,378,375,375,377,377,377,377,375,374,377,376,377,,0.41218031767503205,0.6215154414950906,0.6215154414950906,0.6215154414950905,0.6215154414950906,0.6215154414950906,0.6215154414950905,0.6215154414950905,0.6107340617557863,0.5923207146294911,0.6107340617557863,0.5923207146294911,0.5923207146294911,-30,-7.957559681697613,-9,4,1.1527377521613833,1,-26,-6.896551724137931,-8,
darcy-fogarty,Darcy Fogarty,2018,2017,KPF,ND,12,11-20,27,138,1109.2151115464158,8.949099466277577,2.8612737847029712,-6.087825681574603,852,832,832,805,805,805,805,805,805,805,806,805,806,806,249,231,226,229,230,229,230,230,231,229,228,230,229,230,,0.0007016374908191958,0.0007016374908191958,0.4463010243865406,0.43890880582346115,0.4463010243865406,0.4463010243865406,0.43890880582346115,0.43890880582346115,0.43891307108320965,0.42654099220247155,0.43891307108320965,0.42654099220247155,0.4216551340583897,0,0.0,5,-26,-3.125,-4,-26,-3.125,1,
jacob-newton,Jacob Newton,2025,2025,SF,MSD,8,pool,20,5,207.68237377991244,-1.2623139425581236,-24.46360907367825,-23.201295131120126,299,232,193,193,193,195,202,195,202,194,196,196,206,206,430,467,509,500,501,498,486,499,487,500,496,496,483,483,,0.4020113320908123,0.7140657218404565,0.7140657218404565,0.7140657218404566,0.6966360264275102,0.6383863922689705,0.6966360264275104,0.6383863922689705,0.7032584290828896,0.6845786977337931,0.6857618848809303,0.6088988226763457,0.6088988226763457,-39,-16.810344827586206,-42,13,6.7357512953367875,26,-26,-11.206896551724139,-16,
liam-reidy,Liam Reidy,2023,2022,KPF,RD,4,pool,26,7,372.0760157379352,3.8089472528834976,-15.511428571428569,-19.320375824312066,329,230,230,199,199,199,200,199,200,200,203,200,204,204,416,471,458,489,491,490,491,491,492,489,486,490,486,487,,0.41218031767503205,0.41218031767503205,0.6567913698824389,0.656791369882439,0.6567913698824389,0.6508361812179669,0.656791369882439,0.6508361812179668,0.6459147615788864,0.6272619143916076,0.6459147615788864,0.6213428211623353,0.6213428211623351,0,0.0,13,-26,-11.304347826086957,-29,-26,-11.304347826086957,-16,
zac-banch,Zac Banch,2025,2025,SF,MSD,2,pool,23,8,207.68237377991244,-1.2623139425581236,-24.54706960065244,-23.284755658094316,152,69,33,33,35,35,40,35,40,34,36,36,43,43,570,669,742,703,702,701,685,703,685,703,703,701,676,677,,0.4994147844694905,0.8500004229618021,0.8500004229618021,0.8315436927828483,0.8348189236749003,0.7846645269663084,0.8315436927828483,0.7846645269663084,0.8413240175754813,0.8259410739107932,0.8257993469875196,0.7576127517942224,0.7576127517942224,-36,-52.17391304347826,-73,10,30.303030303030305,65,-26,-37.68115942028985,-8,
griffin-logue,Griffin Logue,2017,2016,KPD,ND,8,1-10,28,109,963.4097934581367,8.090031495682338,1.041376868260551,-7.048654627421788,78,120,120,94,94,94,94,94,94,95,95,95,95,95,672,595,587,602,602,604,605,604,605,599,599,601,602,602,,0.0038826175076096536,0.0038826175076096536,0.5040502843309936,0.5040502843309933,0.5040502843309936,0.5040502843309936,0.5040502843309933,0.5040502843309933,0.49566916365723757,0.4815686031475175,0.49566916365723757,0.4815686031475175,0.4815686031475175,0,0.0,8,-25,-20.833333333333332,-15,-25,-20.833333333333332,-7,
harvey-gallagher,Harvey Gallagher,2023,2022,SD,ND,39,31-40,23,28,312.0571778503944,-1.2623139425581236,-17.376366352387784,-16.11405240982966,87,48,21,21,21,21,21,21,21,22,23,22,23,23,649,704,766,734,734,738,739,738,739,732,730,736,735,735,,0.36787944117144233,0.8056323256239811,0.8056323256239811,0.8056323256239812,0.8056323256239811,0.8056323256239811,0.8056323256239812,0.8056323256239812,0.7963040081825803,0.7799697594510056,0.7963040081825803,0.7799697594510056,0.7799697594510058,-27,-56.25,-62,2,9.523809523809524,31,-25,-52.083333333333336,-31,
mitch-podhajski,Mitch Podhajski,2026,2026,KPF,MSD,17,pool,27,2,217.45512952851865,2.31994774290901,-15.299999999999997,-17.619947742909005,399,139,139,110,110,110,110,110,110,111,114,111,114,114,387,568,558,582,583,584,586,585,587,582,574,584,578,582,,0.27394544782382346,0.27394544782382346,0.44715989858022087,0.4471598985802211,0.44715989858022087,0.44715989858022087,0.4471598985802211,0.4471598985802211,0.43760695864571264,0.42152693439872224,0.43760695864571264,0.42152693439872224,0.4215269343987219,0,0.0,10,-25,-17.985611510791365,-24,-25,-17.985611510791365,-14,
ollie-lord,Ollie Lord,2021,2020,KPF,ND,51,41+,24,35,229.37267902115113,2.31994774290901,-9.919689591738553,-12.23963733464756,105,95,95,68,70,68,68,70,70,69,70,69,70,70,625,629,622,625,624,627,629,626,626,625,625,627,628,630,,0.27891270018553727,0.27891270018553727,0.7159949787695545,0.6826647199610547,0.7159949787695545,0.7159949787695545,0.6826647199610547,0.6826647199610547,0.7059818568655847,0.6887310148469377,0.7059818568655847,0.6887310148469377,0.6764758887404374,0,0.0,7,-25,-26.31578947368421,-8,-25,-26.31578947368421,-1,
tom-cochrane,Tom Cochrane,2025,2024,SF,RD,5,pool,20,6,200.77927605040077,-1.2623139425581236,-22.971255713173164,-21.70894177061504,230,243,208,208,208,208,214,208,214,210,212,210,218,218,477,457,488,475,476,477,471,478,472,473,470,475,465,467,,0.37945606123610476,0.6615716127195764,0.6615716127195764,0.6615716127195763,0.6615716127195764,0.6107233088092463,0.6615716127195763,0.6107233088092462,0.6505891201871696,0.6317362576284751,0.6505891201871696,0.5813649446235005,0.5813649446235006,-35,-14.40329218106996,-31,10,4.8076923076923075,21,-25,-10.2880658436214,-10,
angus-anderson,Angus Anderson,2026,2025,SF,ND,57,41+,23,11,216.32103138355853,-1.2623139425581236,-7.035947524124566,-5.773633581566443,165,151,171,171,176,171,171,176,176,172,173,172,173,175,549,557,529,517,516,518,518,517,517,517,517,518,520,520,,0.4986620928325659,0.3336893347242631,0.3336893347242631,0.2954006737381374,0.3336893347242631,0.3336893347242631,0.2954006737381374,0.2954006737381374,0.3277620667992055,0.3178937428693249,0.3277620667992055,0.3178937428693249,0.30024982721963,20,13.245033112582782,28,4,2.3391812865497075,9,24,15.894039735099337,37,
calsher-dear,Calsher Dear,2024,2023,KPF,ND,56,41+,21,31,213.2078685659892,2.2711412937184434,5.6269597738440575,3.3558184801256146,892,568,592,592,592,592,592,592,592,592,592,592,592,592,245,302,285,280,281,283,283,284,284,281,282,283,284,284,,0.32873509991302785,0.0,0.0,0.0,0.0,0.0,0.0,0.0,0.0,0.0,0.0,0.0,0.0,24,4.225352112676056,17,0,0.0,1,24,4.225352112676056,18,
jy-farrar,Jy Farrar,2020,2019,KPF,ND,59,41+,30,44,210.21958335972116,-0.4186947703884917,-18.15577777777778,-17.737083007389288,10,34,34,8,9,8,8,9,9,8,9,8,9,10,798,740,735,781,775,782,782,776,776,782,778,782,778,774,,0.17555063929757853,0.17555063929757853,0.8513737178479917,0.8167271214937688,0.8513737178479917,0.8513737178479917,0.8167271214937688,0.8167271214937688,0.8429479207106079,0.8280309344165955,0.8429479207106079,0.8280309344165955,0.7980617285366656,0,0.0,5,-24,-70.58823529411765,-39,-24,-70.58823529411765,-34,
archie-perkins,Archie Perkins,2021,2020,SF,ND,9,1-10,24,114,1004.5194373544474,6.532047249065631,-0.12275885883167298,-6.6548061078973,239,224,224,200,200,200,200,200,200,200,201,200,201,201,465,479,465,487,489,488,489,489,490,488,488,489,492,493,,0.003022841197175552,0.003022841197175552,0.4811450838493109,0.4811450838493111,0.4811450838493109,0.4811450838493109,0.4811450838493111,0.4811450838493111,0.47313400966650543,0.4596816434705405,0.47313400966650543,0.4596816434705405,0.45968164347054086,0,0.0,14,-23,-10.267857142857142,-28,-23,-10.267857142857142,-14,
brodie-kemp,Brodie Kemp,2020,2019,KPF,ND,17,11-20,25,68,757.4706159898892,7.573580105909554,4.443590135289238,-3.1299899706203176,680,662,662,639,639,639,639,639,639,639,639,639,639,639,290,272,268,266,266,267,269,267,269,266,267,267,269,269,,0.04578909722183544,0.04578909722183544,0.22261308388344214,0.22261308388344236,0.22261308388344214,0.22261308388344214,0.22261308388344236,0.22261308388344236,0.22069255723505876,0.21752199149348495,0.22069255723505876,0.21752199149348495,0.21752199149348483,0,0.0,4,-23,-3.474320241691843,-1,-23,-3.474320241691843,3,
elijah-hollands,Elijah Hollands,2021,2020,SF,ND,7,1-10,24,47,1108.2466616672195,6.643249308427172,5.044448867837081,-1.5988004405900909,710,708,708,732,733,732,732,733,733,731,730,731,730,731,281,256,254,248,249,249,249,250,250,248,248,249,250,250,,0.15894456813826818,0.15894456813826818,0.07302090622550506,0.06735196205054417,0.07302090622550506,0.07302090622550506,0.06735196205054417,0.06735196205054417,0.07587786907996652,0.08055985850938518,0.07587786907996652,0.08055985850938518,0.07592023475217613,0,0.0,2,23,3.248587570621469,4,23,3.248587570621469,6,
harley-reid,Harley Reid,2024,2023,MID,ND,1,1-10,21,58,3272.7827724260437,25.440230012706913,22.99535516142743,-2.444874851279487,3820,3786,3723,3723,3813,3723,3723,3813,3813,3723,3723,3723,3723,3809,42,30,33,33,31,33,33,31,31,33,33,33,33,31,,0.08017253864407836,0.15893095314709338,0.15893095314709338,0.04532262913079854,0.15893095314709338,0.15893095314709338,0.04532262913079854,0.04532262913079854,0.15895495917289015,0.15899445967824388,0.15895495917289015,0.15899445967824388,0.05037910054042827,-63,-1.6640253565768621,-3,86,2.3099650819231803,2,23,0.6075013206550449,-1,
isaac-keeler,Isaac Keeler,2023,2022,KPF,ND,44,41+,22,13,312.05160592398397,3.2303303210088505,-12.613139267713969,-15.843469588722819,173,155,128,128,128,128,128,128,128,130,132,130,132,132,537,552,569,557,557,559,562,559,562,553,552,555,556,556,,0.4986620928325659,0.7135970618753809,0.7135970618753809,0.7135970618753807,0.7135970618753809,0.7135970618753809,0.7135970618753807,0.7135970618753807,0.7031845450153541,0.6852203188118371,0.7031845450153541,0.6852203188118371,0.685220318811837,-27,-17.419354838709676,-17,4,3.125,13,-23,-14.838709677419354,-4,
ryan-gardner,Ryan Gardner,2016,2015,KPD,ND,58,41+,29,55,368.03944917596175,3.733616924223383,-11.839061400912229,-15.572678325135612,18,34,34,10,10,10,10,10,10,10,11,10,11,11,779,741,736,770,772,770,772,772,773,770,770,770,772,772,,0.10503698491980307,0.10503698491980307,0.8121450475543225,0.8121450475543224,0.8121450475543225,0.8121450475543225,0.8121450475543224,0.8121450475543224,0.8029760022429909,0.786904022587207,0.8029760022429909,0.786904022587207,0.7869040225872069,0,0.0,5,-23,-67.6470588235294,-36,-23,-67.6470588235294,-31,
sandy-brock,Sandy Brock,2022,2021,KPD,PDA,,pool,24,19,143.47696194347273,-1.6183390516341623,-4.242151688555355,-2.6238126369211954,173,130,130,153,154,153,153,154,154,153,153,153,153,153,539,577,566,530,529,534,535,532,533,531,534,535,537,537,,0.4653136125221825,0.4653136125221826,0.1549175662307697,0.15319753880674336,0.1549175662307697,0.1549175662307697,0.15319753880674336,0.15319753880674336,0.15446001608619786,0.15370657650465414,0.15446001608619786,0.15370657650465414,0.15370657650465425,0,0.0,11,23,17.692307692307693,29,23,17.692307692307693,40,
will-edwards,Will Edwards,2023,2022,KPD,PDA,,pool,23,12,143.47696194347273,-1.6183390516341623,-5.740216697936219,-4.12187764630206,214,161,183,183,184,183,183,184,184,183,184,183,184,184,495,546,520,510,510,511,512,511,512,510,511,511,513,513,,0.4986620928325659,0.23470922704318709,0.23470922704318709,0.21895298158874688,0.23470922704318709,0.23470922704318709,0.21895298158874688,0.21895298158874688,0.23129504752588592,0.22564381872200168,0.23129504752588592,0.22564381872200168,0.2237165203869902,22,13.664596273291925,26,1,0.546448087431694,7,23,14.285714285714286,33,
ben-mckay,Ben McKay,2016,2015,KPD,ND,21,21-30,29,119,643.3134980762661,7.032918228048366,-6.669540641859711,-13.702458869908083,35,35,35,12,12,12,12,12,12,13,13,13,13,13,744,738,732,757,759,759,759,760,760,756,757,758,760,761,,0.002350608573128299,0.002350608573128299,0.7687175148787211,0.768717514878721,0.7687175148787211,0.7687175148787211,0.768717514878721,0.768717514878721,0.7590331131266008,0.7422068416557048,0.7590331131266008,0.7422068416557048,0.7422068416557048,0,0.0,6,-22,-62.857142857142854,-29,-22,-62.857142857142854,-23,
brandon-starcevich,Brandon Starcevich,2018,2017,SD,ND,18,11-20,27,139,861.8076061860869,6.511834026351431,-13.664828159244518,-20.17666218559595,41,26,26,3,4,3,4,4,4,4,4,4,4,4,733,754,752,798,796,798,795,796,796,796,796,796,796,796,,0.0005786150288653591,0.0005786150288653591,0.8898999945957571,0.8766006196742147,0.8898999945957571,0.8743535957492162,0.8766006196742147,0.8743535957492163,0.8825496290783774,0.8693712345664529,0.8825496290783774,0.8525736659011456,0.8525736659011456,0,0.0,2,-22,-84.61538461538461,-44,-22,-84.61538461538461,-42,
jackson-mead,Jackson Mead,2020,2019,MID,ND,25,21-30,25,73,427.74856986691657,-0.16735749332583438,-13.810392744322206,-13.643035250996368,29,34,34,11,11,11,11,11,11,11,12,11,12,12,752,739,733,764,767,765,766,767,768,764,763,765,764,764,,0.036375722080204675,0.036375722080204675,0.7669473866120605,0.7553202340337641,0.7669473866120605,0.7669473866120605,0.7553202340337641,0.7553202340337641,0.7572469876950351,0.7403982815886176,0.7572469876950351,0.7403982815886176,0.7297749855287835,0,0.0,6,-22,-64.70588235294117,-31,-22,-64.70588235294117,-25,
jacob-wehr,Jacob Wehr,2021,2020,SD,ND,61,41+,28,53,161.28344235949032,-4.931353506463617,-23.00648148148148,-18.075127975017857,14,28,28,4,5,4,4,5,5,5,5,5,5,6,788,752,750,797,793,797,798,793,793,793,793,793,793,789,,0.11076290858754778,0.11076290858754778,0.8587289515478549,0.8419702999343891,0.8587289515478549,0.8587289515478549,0.8419702999343891,0.8419702999343891,0.8504841986046776,0.8358570254265936,0.8504841986046776,0.8358570254265936,0.819731910913441,0,0.0,2,-22,-78.57142857142857,-39,-22,-78.57142857142857,-37,
lachlan-gulbin,Lachlan Gulbin,2025,2024,SF,PDA,,pool,20,9,86.64903086038251,-7.036411790430066,-7.6156691551934745,-0.5792573647634086,415,195,217,217,217,217,217,217,217,217,217,217,217,217,378,518,475,463,465,465,465,467,467,463,464,465,467,469,,0.4752543562311964,0.0,0.0,0.0,0.0,0.0,0.0,0.0,0.0,0.0,0.0,0.0,0.0,22,11.282051282051283,43,0,0.0,6,22,11.282051282051283,49,
oliver-henry,Oliver Henry,2021,2020,KPF,ND,18,11-20,24,103,595.1880609157365,4.571687793228156,-6.080829229028872,-10.652517022257031,197,188,188,164,166,164,164,166,166,164,165,164,165,166,515,522,513,522,523,522,524,523,525,523,522,523,524,525,,0.005637896973665901,0.005637896973665901,0.6718985075035079,0.622049174384327,0.6718985075035079,0.6718985075035079,0.622049174384327,0.622049174384327,0.6619407493345495,0.6448931431839967,0.6619407493345495,0.6448931431839967,0.6086177377249707,0,0.0,9,-22,-11.702127659574469,-12,-22,-11.702127659574469,-3,
will-lorenz,Will Lorenz,2024,2023,MID,ND,57,41+,21,9,216.32103138355853,-1.2623139425581236,-6.917419152097841,-5.655105209539718,284,251,272,272,273,272,272,273,273,272,273,272,273,273,437,451,416,416,415,417,418,416,417,417,417,418,419,419,,0.4867408061769699,0.30473263522419014,0.30473263522419014,0.2912612179244165,0.30473263522419014,0.30473263522419014,0.2912612179244165,0.2912612179244165,0.2992622546085357,0.2901668833914556,0.2992622546085357,0.2901668833914556,0.29016688339145547,21,8.366533864541832,35,1,0.36764705882352944,-3,22,8.764940239043824,32,
bailey-macdonald,Bailey Macdonald,2023,2022,SD,ND,51,41+,22,17,171.2443930470505,-3.6844455805900616,-21.935305582828708,-18.25086000223864,148,85,60,60,62,60,60,62,62,61,62,61,62,64,579,646,667,634,633,635,637,635,637,634,635,636,637,637,,0.4830925455483981,0.8105959433400376,0.8105959433400376,0.782738525992481,0.8105959433400376,0.8105959433400376,0.782738525992481,0.782738525992481,0.8012288631419466,0.7847963024686918,0.8012288631419466,0.7847963024686918,0.7591800741567891,-25,-29.41176470588235,-21,4,6.666666666666667,30,-21,-24.705882352941178,9,
cameron-nairn,Cameron Nairn,2026,2025,SF,ND,20,11-20,19,3,546.2829374057501,3.2931080402974717,-5.0194889106477945,-8.312596950945263,606,596,612,612,612,612,612,612,612,614,617,614,617,617,307,290,278,275,275,277,278,277,278,275,274,277,277,277,,0.23506858983338097,0.1986094816056173,0.1986094816056173,0.19860948160561742,0.1986094816056173,0.1986094816056173,0.19860948160561742,0.19860948160561742,0.19411665508236564,0.18666880353969517,0.19411665508236564,0.18666880353969517,0.18666880353969506,16,2.684563758389262,12,5,0.8169934640522876,1,21,3.523489932885906,13,
james-peatling,James Peatling,2021,2021,MID,MSD,8,pool,26,87,479.4688417872455,1.7905197524992915,-1.06322543375033,-2.853745186249623,1098,1145,1145,1107,1126,1107,1107,1126,1126,1107,1108,1107,1108,1124,213,181,175,184,179,185,185,180,181,184,184,185,185,181,,0.013017011288777414,0.013017011288777414,0.19775221065203352,0.10605468053878575,0.19775221065203352,0.19775221065203352,0.10605468053878575,0.10605468053878575,0.19657837623680507,0.1946430881861888,0.19657837623680507,0.1946430881861888,0.11287996063966121,0,0.0,6,-21,-1.834061135371179,-6,-21,-1.834061135371179,0,
josh-goater,Josh Goater,2022,2021,SD,ND,22,21-30,23,16,742.383287975095,5.5877358287149645,-7.621428486712887,-13.209164315427856,93,87,63,63,63,63,63,63,63,64,66,64,66,66,641,641,662,629,632,631,633,634,636,631,629,632,632,635,,0.4900357749675578,0.6850200418171544,0.6850200418171544,0.6784288090626391,0.6850200418171544,0.6850200418171544,0.6784288090626391,0.6784288090626391,0.6747157645540776,0.6570211734830561,0.6747157645540776,0.6570211734830561,0.6570211734830559,-24,-27.586206896551722,-21,3,4.761904761904762,27,-21,-24.137931034482758,6,
logan-evans,Logan Evans,2024,2024,SD,MSD,12,pool,21,42,358.5352973164835,-1.2623139425581236,8.224633330314138,9.486947272872259,1361,1318,1339,1339,1339,1339,1339,1339,1339,1339,1339,1339,1339,1339,176,161,156,156,157,156,157,157,158,156,156,156,157,158,,0.11778766444486433,0.0,0.0,0.0,0.0,0.0,0.0,0.0,0.0,0.0,0.0,0.0,0.0,21,1.5933232169954477,5,0,0.0,-2,21,1.5933232169954477,3,
max-hall,Max Hall,2024,2024,SF,MSD,4,pool,24,42,207.68237377991244,-1.2623139425581236,18.826663794207604,20.088977736765727,2790,2110,2110,2131,2131,2131,2131,2131,2131,2131,2131,2131,2131,2131,67,90,90,89,90,89,89,90,90,89,89,89,89,90,,0.18435868957667978,0.18435868957667978,0.0,0.0,0.0,0.0,0.0,0.0,0.0,0.0,0.0,0.0,0.0,0,0.0,0,21,0.995260663507109,0,21,0.995260663507109,0,
oscar-ryan,Oscar Ryan,2024,2023,SD,ND,27,21-30,21,0,494.302468368039,2.2236078904383256,23.965167414136857,21.741559523698527,305,366,387,387,387,387,387,387,387,387,387,387,387,387,427,372,358,354,354,355,358,355,358,355,355,356,358,358,,0.16831560302740434,0.0,0.0,0.0,0.0,0.0,0.0,0.0,0.0,0.0,0.0,0.0,0.0,21,5.737704918032787,14,0,0.0,0,21,5.737704918032787,14,
tom-sparrow,Tom Sparrow,2019,2018,SF,ND,27,21-30,26,136,840.1402092848509,6.328858301045465,-0.32249043632606716,-6.651348737371538,1632,1522,1522,1500,1500,1500,1500,1500,1500,1500,1501,1500,1501,1501,147,142,139,140,141,140,141,141,141,140,141,140,141,141,,0.0007016374908191958,0.0007016374908191958,0.4809421214173484,0.46893777456605545,0.4809421214173484,0.4809421214173484,0.46893777456605545,0.46893777456605545,0.4729344931074809,0.45948813569396396,0.4729344931074809,0.45948813569396396,0.4594881356939634,0,0.0,3,-21,-1.3797634691195795,-2,-21,-1.3797634691195795,1,
zane-peucker,Zane Peucker,2026,2025,SF,ND,31,31-40,19,2,421.7719994543805,-0.424299577383612,-7.319488910647792,-6.895189333264177,384,487,505,505,505,505,505,505,505,506,508,506,508,508,396,326,312,309,309,310,310,310,310,309,309,310,310,310,,0.16831560302740423,0.11765913365463032,0.11765913365463032,0.11765913365463054,0.11765913365463032,0.11765913365463032,0.11765913365463054,0.11765913365463054,0.11503842727503433,0.11070909273258156,0.11503842727503433,0.11070909273258156,0.11070909273258178,18,3.696098562628337,14,3,0.594059405940594,2,21,4.312114989733059,16,
jack-bowes,Jack Bowes,2017,2016,MID,ND,10,1-10,28,152,1574.6610631130102,13.480825790802976,1.646137985676527,-11.834687805126455,97,69,69,43,49,43,43,49,49,43,44,43,44,49,635,668,655,668,658,671,674,660,664,670,670,673,673,664,,0.0002843038928996844,0.00028430389289990643,0.713492578285124,0.5556640309088501,0.713492578285124,0.713492578285124,0.5556640309088501,0.5556640309088501,0.7035217366251637,0.6863537700267233,0.7035217366251637,0.6863537700267233,0.5451115495957128,0,0.0,13,-20,-28.985507246376812,-9,-20,-28.985507246376812,4,
jack-payne,Jack Payne,2018,2017,KPD,ND,54,41+,27,81,372.02382945098583,3.807019629357963,-2.5779047812227964,-6.38492441058076,94,125,125,104,104,104,104,104,104,104,105,104,105,105,640,585,575,589,589,591,592,591,592,589,589,591,593,593,,0.024150030372665277,0.024150030372665054,0.4647505976729248,0.4647505976729249,0.4647505976729248,0.4647505976729248,0.4647505976729249,0.4647505976729249,0.45702307168297207,0.44406381840033426,0.45702307168297207,0.44406381840033426,0.44406381840033404,0,0.0,10,-20,-16.0,-18,-20,-16.0,-8,
luke-cleary,Luke Cleary,2022,2021,SD,ND,61,41+,24,25,161.28344235949032,-4.931353506463617,-19.27758353862155,-14.346230032157926,29,48,48,25,27,25,25,27,27,26,27,26,27,28,753,706,698,722,718,726,728,720,725,719,719,723,725,724,,0.4069589449357295,0.4069589449357296,0.757111070893226,0.7327693372504094,0.757111070893226,0.757111070893226,0.7327693372504094,0.7327693372504094,0.7472225692836874,0.7300671031792436,0.7472225692836874,0.7300671031792436,0.708020886933919,0,0.0,8,-20,-41.666666666666664,-26,-20,-41.666666666666664,-18,
cooper-sharman,Cooper Sharman,2021,2021,KPF,MSD,18,pool,26,88,217.45512952851865,2.31994774290901,-2.5552938659639417,-4.87524160887295,429,426,426,406,408,406,406,408,408,407,407,407,407,407,370,356,342,342,341,342,344,341,343,342,343,342,346,346,,0.011648516909147921,0.011648516909147921,0.3636965408278626,0.3403637209059721,0.3636965408278626,0.3636965408278626,0.3403637209059721,0.3403637209059721,0.35805148270963294,0.3486533067359542,0.35805148270963294,0.3486533067359542,0.3486533067359543,0,0.0,14,-19,-4.460093896713615,-4,-19,-4.460093896713615,10,
daniel-turner,Daniel Turner,2021,2021,KPD,MSD,20,pool,24,52,325.42025486488586,3.356847768403157,3.917415377178099,0.5605676087749428,1534,1303,1303,1322,1322,1322,1322,1322,1322,1322,1322,1322,1322,1322,161,165,160,157,158,157,158,158,159,157,157,157,158,159,,0.1167609166465261,0.1167609166465261,0.0,0.0,0.0,0.0,0.0,0.0,0.0,0.0,0.0,0.0,0.0,0,0.0,5,19,1.4581734458940905,1,19,1.4581734458940905,6,
finnbar-maley,Finnbar Maley,2024,2023,KPF,RD,2,pool,23,13,191.6434797547226,1.6227760307825996,-18.15331041811181,-19.776086448894414,192,175,152,152,153,152,153,153,153,153,154,153,156,156,519,535,543,532,530,536,533,533,534,529,530,533,533,533,,0.4986620928325659,0.794046679746726,0.794046679746726,0.7898835108198405,0.794046679746726,0.7806510375473704,0.7898835108198405,0.7806510375473704,0.7843087337613285,0.7672725833521502,0.7843087337613285,0.7534461983717898,0.7534461983717899,-23,-13.142857142857142,-8,4,2.6315789473684212,10,-19,-10.857142857142858,2,
george-stevens,George Stevens,2024,2023,MID,ND,58,41+,21,4,200.06343530088793,-1.2623139425581236,-2.3139275507808392,-1.0516136082227163,142,227,246,246,246,246,246,246,246,246,246,246,246,246,588,475,442,436,437,438,439,439,440,436,437,438,439,441,,0.2918181528951631,0.004564077755899509,0.004564077755899509,0.0045640777558998424,0.004564077755899509,0.004564077755899509,0.0045640777558998424,0.0045640777558998424,0.006254374466933665,0.009029518448453788,0.006254374466933665,0.009029518448453788,0.009029518448454121,19,8.370044052863436,33,0,0.0,1,19,8.370044052863436,34,
tom-edwards,Tom Edwards,2025,2024,KPF,SSP,,pool,26,9,159.85500037979924,0.050791704960715944,-20.799999999999997,-20.850791704960713,108,79,79,54,55,54,57,55,57,55,57,55,60,60,622,653,640,644,645,647,644,648,645,644,641,647,641,641,,0.4593985818486357,0.4593985818486357,0.7444755748560423,0.740633476737637,0.7444755748560423,0.710425728060515,0.740633476737637,0.7104257280605151,0.7340256497909751,0.7158919182116977,0.7340256497909751,0.6814042051081607,0.6814042051081608,0,0.0,13,-19,-24.050632911392405,-1,-19,-24.050632911392405,12,
cody-weightman,Cody Weightman,2020,2019,SF,ND,15,11-20,25,82,633.8707984845851,4.693718802370486,0.5011358940987395,-4.192582908271744,153,184,184,163,167,163,163,167,167,164,164,164,164,166,563,524,516,523,520,523,525,520,522,522,523,522,525,524,,0.02145204433942971,0.02145204433942971,0.3118629992284856,0.26092916336808203,0.3118629992284856,0.3118629992284856,0.26092916336808203,0.26092916336808203,0.30748453530806286,0.30021903701109665,0.30748453530806286,0.30021903701109665,0.26724930585004814,0,0.0,8,-18,-9.782608695652174,-8,-18,-9.782608695652174,0,
hugo-garcia,Hugo Garcia,2024,2023,MID,ND,50,41+,21,45,338.7552666517887,-1.2623139425581236,14.124079419875923,15.386393362434045,3062,2444,2462,2462,2462,2462,2462,2462,2462,2462,2462,2462,2462,2462,60,70,72,72,73,72,72,73,73,72,72,72,72,73,,0.15894456813826818,0.0,0.0,0.0,0.0,0.0,0.0,0.0,0.0,0.0,0.0,0.0,0.0,18,0.7364975450081833,-2,0,0.0,-1,18,0.7364975450081833,-3,
miles-bergman,Miles Bergman,2020,2019,SD,ND,14,11-20,25,114,1040.1638986482667,6.532047249065631,2.4816159955379495,-4.050431253527678,922,872,872,853,853,853,853,853,853,854,854,854,854,854,239,224,217,222,223,222,223,223,224,223,224,223,225,225,,0.002838928448756217,0.002838928448756217,0.3006136738968188,0.3006136738968189,0.3006136738968188,0.3006136738968188,0.3006136738968189,0.3006136738968189,0.29652737805376506,0.28975133307991296,0.29652737805376506,0.28975133307991296,0.2897513330799132,0,0.0,7,-18,-2.0642201834862384,-8,-18,-2.0642201834862384,-1,
oliver-florent,Oliver Florent,2017,2016,SD,ND,11,11-20,28,203,1287.1179478296067,9.228809366857648,1.7289171142563928,-7.499892252601254,732,719,719,697,701,697,697,701,701,698,698,698,698,701,274,251,250,254,255,255,256,256,256,254,255,255,256,256,,8.701182048431733e-06,8.701182048431733e-06,0.5290591741581381,0.4512217672463398,0.5290591741581381,0.5290591741581381,0.4512217672463398,0.4512217672463398,0.520311970062806,0.5055633749928558,0.520311970062806,0.5055633749928558,0.43863733048556586,0,0.0,1,-18,-2.5034770514603615,-6,-18,-2.5034770514603615,-5,
rhys-unwin,Rhys Unwin,2025,2024,SF,ND,61,41+,20,3,134.08133705019253,-6.94907244191716,-31.648902352668085,-24.69982991075093,91,163,134,134,134,137,143,137,143,135,136,138,145,145,644,544,561,548,549,547,544,547,544,548,548,547,546,546,,0.33962627575333015,0.6608602322988022,0.6608602322988022,0.6608602322988022,0.6191244134294034,0.5609512074523648,0.6191244134294034,0.5609512074523648,0.6497653811340882,0.6307131949207516,0.6081134233253589,0.5321970709692192,0.5321970709692194,-29,-17.791411042944784,-17,11,8.208955223880597,15,-18,-11.042944785276074,-2,
will-brodie,Will Brodie,2017,2016,MID,ND,9,1-10,28,55,1575.6571581817661,13.494025503081925,12.60182185671811,-0.8922036463638172,773,788,788,807,807,807,807,807,807,807,805,807,805,806,264,239,234,228,229,228,229,229,230,228,230,229,231,231,,0.10503698491980318,0.10503698491980307,0.0,0.0,0.0,0.0,0.0,0.0,0.001160733290446303,0.010433703995410215,0.001160733290446303,0.010433703995410215,0.0045722755122339365,0,0.0,5,18,2.284263959390863,3,18,2.284263959390863,8,
will-lewis,Will Lewis,2026,2025,KPF,SSP,,pool,27,11,159.85500037979924,0.050791704960715944,-16.869999999999997,-16.920791704960713,139,67,67,46,47,46,46,47,47,47,49,47,49,49,595,671,657,662,662,664,668,664,668,661,659,663,665,666,,0.4867408061769699,0.4867408061769699,0.707803846429907,0.698249802177823,0.707803846429907,0.707803846429907,0.698249802177823,0.698249802177823,0.6972724530532786,0.6791104435007235,0.6972724530532786,0.6791104435007235,0.6734501218887334,0,0.0,14,-18,-26.865671641791046,-9,-18,-26.865671641791046,5,
archie-ludowyke,Archie Ludowyke,2026,2025,KPF,ND,50,41+,19,0,237.81162228042353,2.31994774290901,-3.244992475350287,-5.564940218259295,206,327,343,343,343,343,343,343,343,343,344,343,344,344,504,393,380,376,376,378,378,378,378,376,378,378,379,379,,0.16831560302740423,0.09267479843957882,0.09267479843957882,0.09267479843957882,0.09267479843957882,0.09267479843957882,0.09267479843957882,0.09267479843957882,0.09078768561224959,0.08767388825457256,0.09078768561224959,0.08767388825457256,0.08767388825457256,16,4.892966360856269,13,1,0.2915451895043732,1,17,5.198776758409786,14,
josh-draper,Josh Draper,2023,2022,KPD,PDN,,pool,22,31,109.19299126830595,-5.292348807885669,-1.9128178182352533,3.379530989650413,389,247,264,264,264,264,264,264,264,264,264,264,264,264,394,453,424,423,423,424,425,424,425,423,423,424,426,426,,0.32873509991302785,0.0,0.0,0.0,0.0,0.0,0.0,0.0,0.0,0.0,0.0,0.0,0.0,17,6.882591093117409,29,0,0.0,-2,17,6.882591093117409,27,
malcolm-rosas,Malcolm Rosas,2020,2019,SF,RD,14,pool,25,64,200.77927605040077,-1.2623139425581236,-14.332346355585447,-13.070032413027324,25,38,38,18,21,18,18,21,21,18,19,18,19,21,764,726,717,740,736,744,746,740,741,742,740,745,745,743,,0.06076906716931707,0.06076906716931707,0.7508431090454187,0.6590898530821072,0.7508431090454187,0.7508431090454187,0.6590898530821072,0.6590898530821072,0.7410221473465934,0.7240120180820886,0.7410221473465934,0.7240120180820886,0.6421541695756698,0,0.0,9,-17,-44.73684210526316,-26,-17,-44.73684210526316,-17,
sam-davidson,Sam Davidson,2025,2024,SF,ND,51,41+,25,31,276.376954212089,-1.2623139425581236,-8.675151515151521,-7.412837572593398,80,103,103,83,83,83,83,83,83,84,86,84,86,86,668,618,610,611,612,614,614,615,615,611,610,614,613,613,,0.303358560276241,0.303358560276241,0.511601805994649,0.5116018059946492,0.511601805994649,0.511601805994649,0.5116018059946492,0.5116018059946492,0.5030079205238002,0.4885362675109063,0.5030079205238002,0.4885362675109063,0.48853626751090606,0,0.0,8,-17,-16.50485436893204,-3,-17,-16.50485436893204,5,
tylar-young,Tylar Young,2023,2022,KPD,RD,9,pool,28,54,204.37405209598916,2.002531204719589,-7.385535714285723,-9.388066919005311,279,258,258,237,241,237,237,241,241,238,238,238,238,241,440,440,431,444,441,445,446,443,444,444,445,445,446,444,,0.09957413673572779,0.09957413673572779,0.6194457334031067,0.529249235821148,0.6194457334031067,0.6194457334031067,0.529249235821148,0.529249235821148,0.6097337194990395,0.5932101272976165,0.6097337194990395,0.5932101272976165,0.531380129225892,0,0.0,9,-17,-6.589147286821706,-13,-17,-6.589147286821706,-4,
xavier-duursma,Xavier Duursma,2019,2018,MID,ND,18,11-20,26,128,925.6736860994316,6.532047249065631,1.3035178543061914,-5.228529394759435,143,175,175,157,157,157,157,157,157,157,158,157,158,158,586,536,528,528,528,528,532,528,532,528,528,531,532,532,,0.0013293949180379627,0.0013293949180379627,0.38897554754298413,0.38897554754298413,0.38897554754298413,0.38897554754298413,0.38897554754298413,0.38897554754298413,0.3827597163390325,0.37239361285192085,0.3827597163390325,0.37239361285192085,0.3723936128519212,0,0.0,8,-17,-9.714285714285714,-4,-17,-9.714285714285714,4,
jack-martin,Jack Martin,2013,2012,SF,ND,3,1-10,32,179,2331.3260610802104,18.15330971014956,5.994729806020569,-12.158579904128988,107,37,37,14,21,14,14,21,21,15,15,15,15,21,623,731,722,755,735,756,758,739,740,752,754,753,757,741,,4.265871755049222e-05,4.265871755049222e-05,0.7239364315218966,0.5166536600381415,0.7239364315218966,0.7239364315218966,0.5166536600381415,0.5166536600381415,0.7139914690064788,0.6968411903555212,0.7139914690064788,0.6968411903555212,0.5206108508055196,0,0.0,9,-16,-43.24324324324324,-19,-16,-43.24324324324324,-10,
jed-adams,Jed Adams,2023,2022,KPD,ND,38,31-40,22,1,426.5516874334337,4.80306757572864,-17.811327309951935,-22.614394885680575,154,229,204,204,204,205,211,205,211,205,207,206,213,213,562,473,494,480,482,481,475,482,476,479,480,481,473,474,,0.09038896554371478,0.21263215364104593,0.21263215364104593,0.2126321536410457,0.208579881873868,0.180843965831471,0.20857988187386822,0.18084396583147133,0.2070458402599803,0.19776714300807685,0.20309493677735047,0.1681536192665677,0.16815361926656758,-25,-10.91703056768559,-21,9,4.411764705882353,20,-16,-6.986899563318778,-1,
lachlan-mcneil,Lachlan McNeil,2021,2020,SF,RD,6,pool,25,85,200.77927605040077,-1.2623139425581236,-18.628961996096017,-17.366648053537894,20,26,26,8,9,8,8,9,9,8,8,8,8,10,774,755,753,782,776,783,783,777,777,783,783,783,783,775,,0.01904440683248876,0.01904440683248876,0.8479979220003588,0.7918607718357522,0.8479979220003588,0.8479979220003588,0.7918607718357522,0.7918607718357522,0.839504679413086,0.824483722962807,0.839504679413086,0.824483722962807,0.7722637366453843,0,0.0,2,-16,-61.53846153846154,-22,-16,-61.53846153846154,-20,
luker-kentfield,Luker Kentfield,2024,2024,KPF,MSD,11,pool,21,3,217.45512952851865,2.31994774290901,-19.881327309951928,-22.201275052860936,419,298,274,274,274,274,280,274,280,275,277,275,282,282,375,413,413,412,412,412,413,412,413,412,412,413,413,413,,0.23506858983338086,0.4716665787801336,0.4716665787801336,0.47166657878013374,0.47083418790073017,0.4188438107097896,0.47083418790073006,0.4188438107097895,0.461617793089366,0.44466477986453945,0.46079656842314365,0.3940205457224699,0.3940205457224697,-24,-8.053691275167786,0,8,2.9197080291970803,0,-16,-5.369127516778524,0,
nate-caddy,Nate Caddy,2024,2023,KPF,ND,10,1-10,21,44,1111.2073016839277,8.97487485189481,5.857456895542659,-3.117417956352152,1862,1607,1586,1586,1590,1586,1586,1590,1590,1587,1588,1587,1588,1591,126,130,130,131,131,131,131,131,131,131,131,131,131,132,,0.16708085878551548,0.2197923068348786,0.2197923068348786,0.2089117559625745,0.2197923068348786,0.2197923068348786,0.2089117559625745,0.2089117559625745,0.21791713886784725,0.21482172905017527,0.21791713886784725,0.21482172905017527,0.2078259442691669,-21,-1.3067828251400124,0,5,0.31525851197982346,-2,-16,-0.9956440572495333,-2,
oskar-baker,Oskar Baker,2018,2017,SF,ND,48,41+,28,57,279.365239418357,-1.2623139425581236,-20.382063052482007,-19.119749109923884,14,24,24,7,7,7,7,7,7,7,8,7,8,8,791,762,760,786,787,786,786,787,787,787,784,787,784,784,,0.0943653041882202,0.0943653041882202,0.8749007716275565,0.8749007716275565,0.8749007716275565,0.8735326152218758,0.8749007716275565,0.8735326152218758,0.8670877160377738,0.8531550142560858,0.8670877160377738,0.8516848345854838,0.8516848345854837,0,0.0,2,-16,-66.66666666666667,-24,-16,-66.66666666666667,-22,
patrick-voss,Patrick Voss,2022,2021,KPF,RD,5,pool,23,45,191.6434797547226,1.6227760307825996,5.305410088585293,3.6826340578026895,1538,1277,1293,1293,1293,1293,1293,1293,1293,1293,1293,1293,1293,1293,160,168,164,164,164,164,165,164,165,164,164,165,165,165,,0.15894456813826818,0.0,0.0,0.0,0.0,0.0,0.0,0.0,0.0,0.0,0.0,0.0,0.0,16,1.2529365700861395,4,0,0.0,-1,16,1.2529365700861395,3,
riley-bice,Riley Bice,2025,2024,SD,ND,41,41+,26,33,295.735686632682,-1.2623139425581236,-3.6294285714285657,-2.3671146288704428,274,269,269,285,285,285,285,285,285,285,285,285,285,285,444,424,419,409,409,410,411,410,411,409,410,410,412,412,,0.27891270018553727,0.27891270018553727,0.14767643396252617,0.14767643396252605,0.14767643396252617,0.14767643396252617,0.14767643396252605,0.14767643396252605,0.1479347170953237,0.14835955251697264,0.1479347170953237,0.14835955251697264,0.14835955251697241,0,0.0,5,16,5.947955390334572,7,16,5.947955390334572,12,
sam-wicks,Sam Wicks,2019,2018,SD,PDA,,pool,27,102,366.02402260078935,-1.2623139425581236,-11.990833622155932,-10.72851967959781,10,33,33,16,16,16,16,16,16,17,17,17,17,17,799,745,741,749,754,752,752,755,755,748,749,750,751,754,,0.006379800963290827,0.006379800963290827,0.6747428999953773,0.6747428999953773,0.6747428999953773,0.6747428999953773,0.6747428999953773,0.6747428999953773,0.664778639354465,0.6477136303080735,0.664778639354465,0.6477136303080735,0.6477136303080736,0,0.0,4,-16,-48.484848484848484,-13,-16,-48.484848484848484,-9,
tom-gross,Tom Gross,2025,2024,SF,ND,46,41+,20,9,461.1674832087404,1.1755393946431059,-7.914195631657941,-9.089735026301044,460,434,441,441,446,441,441,446,446,443,447,443,447,450,360,353,336,329,330,329,329,330,330,329,328,329,328,328,,0.4752543562311965,0.4484502765970114,0.4484502765970114,0.4290918168405412,0.4484502765970114,0.4484502765970114,0.4290918168405412,0.4290918168405412,0.4398928349324086,0.42552158392388273,0.4398928349324086,0.42552158392388273,0.4134509005300475,7,1.6129032258064515,17,9,2.0408163265306123,8,16,3.686635944700461,25,
zac-taylor,Zac Taylor,2022,2021,SF,ND,44,41+,23,43,297.50193648008405,-1.2623139425581236,-11.655006497637492,-10.39269255507937,207,157,140,140,140,140,140,140,140,141,141,141,141,141,503,549,555,542,542,543,546,543,546,542,543,543,548,548,,0.17555063929757853,0.6580908819587685,0.6580908819587685,0.6580908819587687,0.6580908819587685,0.6580908819587685,0.6580908819587687,0.6580908819587687,0.6481550599374413,0.6311732568674331,0.6481550599374413,0.6311732568674331,0.631173256867433,-17,-10.828025477707007,-6,1,0.7142857142857143,7,-16,-10.19108280254777,1,
zak-johnson,Zak Johnson,2025,2024,SD,ND,70,41+,20,14,260.29088995681457,-1.2623139425581236,-7.422909862857487,-6.1605959202993645,730,380,394,394,394,394,394,394,394,395,396,395,396,396,277,368,352,348,349,348,352,349,353,348,351,350,355,355,,0.4953587998572466,0.38157531105344333,0.38157531105344333,0.38157531105344333,0.38157531105344333,0.38157531105344333,0.38157531105344333,0.38157531105344333,0.374836042431964,0.3635863274740715,0.374836042431964,0.3635863274740715,0.3635863274740716,14,3.6842105263157894,16,2,0.5076142131979695,-3,16,4.2105263157894735,13,
bobby-hill,Bobby Hill,2019,2018,SF,ND,24,21-30,26,97,441.0518974037264,0.4004954462115944,-6.9197941670447465,-7.320289613256341,29,49,49,32,33,32,32,33,33,32,33,32,33,34,751,699,693,704,703,705,709,704,708,704,706,707,711,710,,0.009222907350683318,0.009222907350683318,0.5192422409195596,0.47752534237463573,0.5192422409195596,0.5192422409195596,0.47752534237463573,0.47752534237463573,0.5106337599909878,0.4961316761236916,0.5106337599909878,0.4961316761236916,0.46005539955932284,0,0.0,6,-15,-30.612244897959183,-17,-15,-30.612244897959183,-11,
ewan-mackinlay,Ewan Mackinlay,2025,2025,SF,MSD,10,pool,23,15,207.68237377991244,-1.2623139425581236,-8.380134536879211,-7.1178205943210875,152,99,105,105,114,105,105,114,114,106,107,106,107,114,566,619,608,587,575,588,590,578,579,587,588,589,591,581,,0.4960693870699868,0.43230206087343537,0.43230206087343537,0.33954877013179185,0.43230206087343537,0.43230206087343537,0.33954877013179185,0.33954877013179185,0.4245405623633096,0.41153734412335063,0.4245405623633096,0.41153734412335063,0.3427619427394668,6,6.0606060606060606,11,9,8.571428571428571,27,15,15.151515151515152,38,
harrison-petty,Harrison Petty,2018,2017,KPF,ND,37,31-40,27,116,434.4661593642767,4.948953881195735,-2.7084259719390786,-7.657379853134814,207,214,214,198,198,198,198,198,198,198,199,198,199,199,502,493,480,491,493,492,494,493,495,492,491,493,494,495,,0.002503435440357249,0.002503435440357249,0.5374835359346444,0.5374835359346443,0.5374835359346444,0.5374835359346444,0.5374835359346443,0.5374835359346443,0.5286222542462777,0.5136699401958371,0.5286222542462777,0.5136699401958371,0.5136699401958371,0,0.0,13,-15,-7.009345794392523,-15,-15,-7.009345794392523,-2,
harvey-johnston,Harvey Johnston,2024,2023,SD,ND,49,41+,21,13,173.2365831845625,-3.441713485048866,-21.14539958219942,-17.70368609715056,329,170,151,151,153,151,151,153,153,151,153,151,153,155,415,539,546,534,531,538,538,534,535,535,531,538,535,535,,0.5,0.7668346206277756,0.7668346206277756,0.7374679036274494,0.7668346206277756,0.7668346206277756,0.7374679036274494,0.7374679036274494,0.7568067714861323,0.7393585540072865,0.7568067714861323,0.7393585540072865,0.7130388297660304,-19,-11.176470588235293,-7,4,2.6490066225165565,11,-15,-8.823529411764707,4,
jay-polkinghorne,Jay Polkinghorne,2025,2024,KPF,ND,44,41+,20,2,297.50193648008405,2.9307585257012834,-2.9936375977910714,-5.9243961234923574,297,258,271,271,271,271,271,271,271,272,273,272,273,273,432,438,417,417,417,418,419,418,419,415,415,416,417,417,,0.2918181528951631,0.1733809870998998,0.1733809870998998,0.1733809870998999,0.1733809870998998,0.1733809870998998,0.1733809870998999,0.1733809870998999,0.16989274639625696,0.16412076601201608,0.16989274639625696,0.16412076601201608,0.1641207660120163,13,5.038759689922481,21,2,0.7380073800738007,0,15,5.813953488372093,21,
luke-beecken,Luke Beecken,2024,2024,MID,MSD,16,pool,25,1,479.4688417872455,1.7905197524992915,-68.3,-70.09051975249929,164,176,176,136,136,153,159,153,159,137,140,154,161,161,552,534,526,546,546,533,530,536,530,546,544,532,530,530,,0.09038896554371467,0.09038896554371467,0.29829411672200346,0.29829411672200357,0.208579881873868,0.180843965831471,0.20857988187386822,0.18084396583147133,0.2907220145275442,0.27808383174919327,0.20309493677735047,0.1681536192665677,0.16815361926656736,0,0.0,8,-15,-8.522727272727273,-4,-15,-8.522727272727273,4,
oscar-steene,Oscar Steene,2023,2022,KPF,SSP,,pool,23,8,281.08929322053854,2.5513615073468294,-5.760216697936208,-8.311578205283034,468,323,334,334,334,334,334,334,334,336,338,336,338,338,356,397,385,381,382,382,382,383,383,381,381,382,382,383,,0.4385894312157743,0.3745470832537855,0.3745470832537855,0.3745470832537857,0.3745470832537855,0.3745470832537855,0.3745470832537857,0.3745470832537857,0.36709194591413274,0.3546305800323083,0.36709194591413274,0.3546305800323083,0.3546305800323083,11,3.4055727554179565,12,4,1.1976047904191616,2,15,4.643962848297214,14,
blake-howes,Blake Howes,2022,2021,SD,ND,39,31-40,23,47,312.0571778503944,-1.2623139425581236,-9.448777175867338,-8.186463233309215,272,212,197,197,197,197,197,197,197,198,198,198,198,198,446,495,504,492,494,493,495,494,496,491,494,492,496,497,,0.15113603890689853,0.5618730317306446,0.5618730317306446,0.5618730317306445,0.5618730317306446,0.5618730317306446,0.5618730317306445,0.5618730317306445,0.5526896788839804,0.5371575877764752,0.5526896788839804,0.5371575877764752,0.5371575877764752,-15,-7.0754716981132075,-9,1,0.5076142131979695,7,-14,-6.60377358490566,-2,
caleb-lewis,Caleb Lewis,2025,2025,KPF,MSD,13,pool,23,2,217.45512952851865,2.31994774290901,-44.86021669793621,-47.18016444084522,233,155,120,120,120,134,139,134,139,121,123,135,141,141,475,551,585,567,568,549,547,550,547,566,565,548,547,547,,0.16831560302740434,0.4905456745881448,0.4905456745881448,0.4905456745881448,0.35940403125115505,0.3159865163668891,0.35940403125115516,0.31598651636688924,0.48002830476699154,0.46224724992815946,0.3509252054070813,0.29567097139317344,0.29567097139317333,-35,-22.580645161290324,-34,21,17.5,38,-14,-9.03225806451613,4,
connor-budarick,Connor Budarick,2020,2019,SF,RD,9,pool,25,67,254.6586738490823,-1.2623139425581236,-7.345626232653239,-6.083312290095117,281,253,253,238,239,238,238,239,239,238,239,238,239,239,439,447,437,441,442,443,444,444,445,442,442,443,444,445,,0.05430026474266958,0.05430026474266958,0.44564077685440473,0.4104456797023991,0.44564077685440473,0.44564077685440473,0.4104456797023991,0.4104456797023991,0.4382617486035788,0.4259051326304467,0.4382617486035788,0.4259051326304467,0.4155096645157276,0,0.0,10,-14,-5.533596837944664,-8,-14,-5.533596837944664,2,
jaeger-o-meara,Jaeger O'Meara,2012,2011,MID,ND,1,1-10,33,206,3272.7827724260437,25.440230012706913,11.290043997454537,-14.150186015252372,165,33,33,12,19,12,12,19,19,12,13,12,13,19,551,743,739,759,742,761,762,745,746,760,760,762,763,748,,8.140865509376205e-06,8.140865509376205e-06,0.7802916744591679,0.5434558951592702,0.7802916744591679,0.7802916744591679,0.5434558951592702,0.5434558951592702,0.7707178484654416,0.754047571146232,0.7707178484654416,0.754047571146232,0.5458166361858665,0,0.0,4,-14,-42.42424242424242,-9,-14,-42.42424242424242,-5,
jasper-alger,Jasper Alger,2025,2024,SF,ND,58,41+,20,12,207.59775244255738,-1.2623139425581236,-8.91517798068163,-7.652864038123507,434,218,226,226,232,226,226,232,232,227,228,227,228,232,368,489,462,451,448,452,453,450,450,451,451,452,453,452,,0.49438499781218903,0.4181538319974566,0.4181538319974566,0.3608438242437717,0.4181538319974566,0.4181538319974566,0.3608438242437717,0.3608438242437717,0.410348272590626,0.39727562391229787,0.410348272590626,0.39727562391229787,0.36105717754237976,8,3.669724770642202,27,6,2.6548672566371683,10,14,6.422018348623853,37,
joe-richards,Joe Richards,2023,2022,SF,ND,48,41+,27,49,279.365239418357,-1.2623139425581236,4.265714285714276,5.528028228272399,915,745,745,759,759,759,759,759,759,759,759,759,759,759,241,244,245,243,243,244,244,244,244,243,243,244,244,245,,0.1436487475918229,0.1436487475918229,0.0,0.0,0.0,0.0,0.0,0.0,0.0,0.0,0.0,0.0,0.0,0,0.0,-1,14,1.8791946308724832,0,14,1.8791946308724832,-1,
lachlan-fogarty,Lachlan Fogarty,2018,2017,SF,ND,22,21-30,27,92,520.6138738113877,2.843411752841786,-3.3271088363175956,-6.170520589159383,35,71,71,52,57,52,52,57,57,53,53,53,53,57,745,666,653,647,640,650,651,642,642,645,646,648,654,646,,0.0125022768338231,0.0125022768338231,0.4514958878281826,0.3317447837646086,0.4514958878281826,0.4514958878281826,0.3317447837646086,0.3317447837646086,0.44401030737580727,0.4314697515934306,0.44401030737580727,0.4314697515934306,0.33292260704023435,0,0.0,13,-14,-19.718309859154928,7,-14,-19.718309859154928,20,
liam-duggan,Liam Duggan,2015,2014,SD,ND,12,11-20,30,219,1286.1218527608507,9.219793546914932,2.7850130683378023,-6.434780478577126,210,233,233,215,218,215,215,218,218,215,216,215,216,219,498,464,453,467,464,469,469,465,466,467,466,469,469,466,,2.9914387638108053e-06,2.9914387638108053e-06,0.4678935437943038,0.38008381473159925,0.4678935437943038,0.4678935437943038,0.38008381473159925,0.38008381473159925,0.46011110883947826,0.4470565594555236,0.46011110883947826,0.4470565594555236,0.37229543434628576,0,0.0,11,-14,-6.008583690987124,-13,-14,-6.008583690987124,-2,
matt-cottrell,Matt Cottrell,2019,2018,SF,SSP,,pool,26,82,360.40495548581396,-1.2623139425581236,-7.422874113912986,-6.160560171354862,72,95,95,80,80,80,80,80,80,80,81,80,81,81,678,625,618,614,614,617,617,617,617,614,613,617,617,617,,0.020213840997256538,0.020213840997256427,0.45083184010829513,0.4508318401082948,0.45083184010829513,0.45083184010829513,0.4508318401082948,0.4508318401082948,0.44335826717780513,0.4308384553044967,0.44335826717780513,0.4308384553044967,0.43083845530449694,0,0.0,7,-14,-14.736842105263158,1,-14,-14.736842105263158,8,
mykelti-lefau,Mykelti Lefau,2024,2023,KPF,SSP,,pool,28,28,159.85500037979924,0.050791704960715944,-11.290333333333335,-11.34112503829405,86,77,77,58,62,58,58,62,62,59,60,59,60,63,652,656,643,638,635,640,640,636,638,637,637,639,639,638,,0.3416855971328254,0.3416855971328254,0.6788797465051197,0.6047422923681558,0.6788797465051197,0.6788797465051197,0.6047422923681558,0.6047422923681558,0.668819073542255,0.6515735278124912,0.668819073542255,0.6515735278124912,0.592085499800125,0,0.0,13,-14,-18.181818181818183,5,-14,-18.181818181818183,18,
wil-parker,Wil Parker,2024,2023,SD,UNR,,pool,24,14,107.69641281841622,-7.036411790430066,-31.575539548122812,-24.539127757692746,24,31,31,12,12,13,16,13,16,12,13,14,17,17,766,748,746,762,766,758,753,759,756,763,762,757,752,755,,0.5,0.5,0.8711882823652968,0.8711882823652968,0.8414831925892815,0.7920953680880716,0.8414831925892815,0.7920953680880716,0.8630887447942318,0.8486374962454394,0.832624128084285,0.7653428877875638,0.7653428877875638,0,0.0,2,-14,-45.16129032258065,-9,-14,-45.16129032258065,-7,
will-mclachlan,Will McLachlan,2024,2024,SF,MSD,6,pool,21,7,207.68237377991244,-1.2623139425581236,-30.056138240007776,-28.793824297449653,148,140,114,114,114,120,124,120,124,115,116,121,126,126,580,565,595,573,576,569,567,570,567,573,570,569,565,565,,0.41218031767503205,0.8021717723244934,0.8021717723244934,0.8021717723244934,0.7088471074232192,0.6508361812179669,0.7088471074232192,0.6508361812179668,0.7922945891226963,0.7749567859341635,0.6980446198721778,0.6213428211623353,0.6213428211623354,-26,-18.571428571428573,-30,12,10.526315789473685,30,-14,-10.0,0,
bailey-humphrey,Bailey Humphrey,2023,2022,SF,ND,6,1-10,22,79,1578.6454433880342,13.53621115274361,10.177500487841652,-3.3587106649019556,2573,2309,2269,2269,2297,2269,2269,2297,2297,2269,2270,2269,2270,2296,78,77,79,79,79,79,79,79,79,79,79,79,79,79,,0.024150030372665166,0.24283531200979458,0.24283531200979458,0.09096765738873436,0.24283531200979458,0.24283531200979458,0.09096765738873436,0.09096765738873436,0.24033057012085557,0.2361909611726396,0.24033057012085557,0.2361909611726396,0.09586590702397901,-40,-1.7323516673884798,-2,27,1.1899515204936095,0,-13,-0.563014291901256,-2,
henry-smith,Henry Smith,2021,2020,KPF,ND,50,41+,24,6,237.81162228042353,2.31994774290901,-15.302142256248857,-17.622089999157865,82,93,93,78,78,78,78,78,78,79,80,79,80,80,663,631,623,616,616,619,620,619,620,616,616,619,619,619,,0.37945606123610465,0.37945606123610465,0.5811873417384122,0.5811873417384122,0.5811873417384122,0.5811873417384122,0.5811873417384122,0.5811873417384122,0.5705171659382645,0.5523644207105485,0.5705171659382645,0.5523644207105485,0.5523644207105485,0,0.0,8,-13,-13.978494623655914,4,-13,-13.978494623655914,12,
jack-williams,Jack Williams,2022,2021,KPF,ND,57,41+,23,49,212.2117734972332,2.242988622857875,-3.5567215685622533,-5.799710191420126,415,327,313,313,315,313,313,315,315,313,314,313,314,314,377,394,399,397,398,397,399,399,401,398,398,398,400,402,,0.12960861541472057,0.4258635933857169,0.4258635933857169,0.39111614219070967,0.4258635933857169,0.4258635933857169,0.39111614219070967,0.39111614219070967,0.41885468525153613,0.4071347789069667,0.41885468525153613,0.4071347789069667,0.39723779163427375,-14,-4.281345565749236,-5,1,0.3194888178913738,-3,-13,-3.9755351681957185,-8,
jakob-ryan,Jakob Ryan,2023,2022,SD,ND,28,21-30,22,1,464.2716234574562,1.285805795108093,-43.21948891064778,-44.50529470575587,239,176,141,141,141,156,161,156,161,142,144,157,163,163,466,532,554,541,541,530,528,530,528,541,542,530,526,526,,0.09038896554371467,0.29829411672200346,0.29829411672200346,0.29829411672200357,0.208579881873868,0.180843965831471,0.20857988187386822,0.18084396583147133,0.2907220145275442,0.27808383174919316,0.20309493677735047,0.1681536192665677,0.16815361926656758,-35,-19.886363636363637,-22,22,15.602836879432624,28,-13,-7.386363636363637,6,
james-borlase,James Borlase,2021,2020,KPD,PDN,,pool,24,30,109.19299126830595,-5.292348807885669,-0.3789288061203944,4.913420001765272,424,294,294,307,307,307,307,307,307,307,307,307,307,307,373,415,406,400,402,401,402,403,404,400,401,401,403,404,,0.32873509991302785,0.32873509991302785,0.0,0.0,0.0,0.0,0.0,0.0,0.0,0.0,0.0,0.0,0.0,0,0.0,9,13,4.421768707482993,2,13,4.421768707482993,11,
james-jordon,James Jordon,2019,2018,SF,ND,33,31-40,26,133,649.7423122413339,4.904217282510773,-5.597929109782179,-10.50214639229295,176,180,180,165,167,165,165,167,167,166,166,166,166,167,535,530,522,521,521,521,523,521,523,520,521,520,523,522,,0.0008504143347545234,0.0008504143347545234,0.666201868307206,0.5872909673220847,0.666201868307206,0.666201868307206,0.5872909673220847,0.5872909673220847,0.6562595026165685,0.6392506121947191,0.6562595026165685,0.6392506121947191,0.5788944295448665,0,0.0,8,-13,-7.222222222222222,0,-13,-7.222222222222222,8,
jordon-butts,Jordon Butts,2019,2018,KPD,RD,17,pool,27,94,204.37405209598916,2.002531204719589,-11.507181730421346,-13.509712935140932,18,25,25,11,12,11,11,12,12,11,11,11,11,12,778,757,756,767,762,768,769,763,764,767,768,768,769,765,,0.01107355503779539,0.01107355503779539,0.7635264907704948,0.7066332328416002,0.7635264907704948,0.7635264907704948,0.7066332328416002,0.7066332328416002,0.7537985009002417,0.7369123328850538,0.7537985009002417,0.7369123328850538,0.6961218116915191,0,0.0,1,-13,-52.0,-9,-13,-52.0,-8,
joseph-fonti,Joseph Fonti,2024,2023,SD,ND,44,41+,22,40,238.7079746352822,-1.2623139425581236,-6.284102877310728,-5.021788934752605,596,480,464,464,467,464,464,467,467,465,466,465,466,467,313,330,324,319,320,320,321,321,322,319,320,321,322,323,,0.203002924854919,0.37010786356787106,0.37010786356787106,0.337932498206745,0.37010786356787106,0.37010786356787106,0.337932498206745,0.337932498206745,0.3642647991915886,0.3545318060800473,0.3642647991915886,0.3545318060800473,0.34228769410295656,-16,-3.3333333333333335,6,3,0.646551724137931,1,-13,-2.7083333333333335,7,
lachie-sullivan,Lachie Sullivan,2024,2023,SF,SSP,,pool,29,25,124.3742758208904,-7.036411790430066,-19.192307692307697,-12.155895901877631,86,29,29,15,15,15,15,15,15,15,16,15,16,16,651,751,749,752,756,753,754,756,757,753,751,754,753,756,,0.3940604995571678,0.3940604995571678,0.6969823642415951,0.6969823642415951,0.6969823642415951,0.6969823642415951,0.6969823642415951,0.6969823642415951,0.6868699015668412,0.6694899979877709,0.6868699015668412,0.6694899979877709,0.6694899979877709,0,0.0,2,-13,-44.827586206896555,-7,-13,-44.827586206896555,-5,
matthew-flynn,Matthew Flynn,2016,2015,RUCK,ND,41,41+,29,59,696.4705561777344,7.379634318050719,7.1,-0.27963431805071925,502,530,530,543,543,543,543,543,543,543,543,543,543,543,342,311,304,299,300,299,299,300,300,299,299,299,300,301,,0.08467348430761934,0.08467348430761956,0.0,0.0,0.0,0.0,0.0,0.0,0.0,0.0,0.0,0.0,0.0,0,0.0,7,13,2.452830188679245,3,13,2.452830188679245,10,
shaun-mannagh,Shaun Mannagh,2024,2023,SF,ND,36,31-40,29,53,416.7915241106004,-0.6349894257770836,11.923636363636358,12.558625789413439,663,609,609,622,622,622,622,622,622,622,622,622,622,622,293,286,280,272,272,274,274,274,274,272,272,274,275,275,,0.10503698491980296,0.10503698491980296,0.0,0.0,0.0,0.0,0.0,0.0,0.0,0.0,0.0,0.0,0.0,0,0.0,6,13,2.134646962233169,5,13,2.134646962233169,11,
tom-blamires,Tom Blamires,2026,2025,SD,SSP,,pool,24,13,192.07771752801253,-1.462355854552692,-10.109999999999998,-8.6476441454473,139,111,111,111,123,111,111,123,123,112,114,112,114,124,594,612,604,581,565,583,585,568,570,577,576,579,580,569,,0.498783631984298,0.498783631984298,0.49867027435247413,0.3871452514537195,0.49867027435247413,0.49867027435247413,0.3871452514537195,0.3871452514537195,0.4897525647299307,0.4747318527695381,0.4897525647299307,0.4747318527695381,0.3818361170831224,0,0.0,8,13,11.711711711711711,35,13,11.711711711711711,43,
callum-ah-chee,Callum Ah Chee,2016,2015,SF,ND,8,1-10,29,173,1047.074586574948,6.532047249065631,-8.140614869382372,-14.672662118447999,64,30,30,17,17,17,17,17,17,18,18,18,18,18,684,749,747,741,746,745,747,748,750,739,743,743,747,749,,6.33130849915231e-05,6.331308499141208e-05,0.7930657825788777,0.7930657825788776,0.7930657825788777,0.7930657825788777,0.7930657825788776,0.7930657825788776,0.78363678837886,0.7671770772068688,0.78363678837886,0.7671770772068688,0.7671770772068689,0,0.0,2,-12,-40.0,-2,-12,-40.0,0,
charlie-comben,Charlie Comben,2020,2019,KPD,ND,31,31-40,25,66,480.26375212768727,5.610499857593636,2.78145856740636,-2.8290412901872783,809,724,724,711,711,711,711,711,711,711,712,711,712,712,254,250,249,251,252,252,253,253,253,251,251,252,253,253,,0.05131153685430223,0.05131153685430223,0.19531341842313554,0.1953134184231351,0.19531341842313554,0.19531341842313554,0.1953134184231351,0.1953134184231351,0.19420962963844246,0.19239004497653533,0.19420962963844246,0.19239004497653533,0.19239004497653533,0,0.0,1,-12,-1.6574585635359116,-4,-12,-1.6574585635359116,-3,
hudson-o-keeffe,Hudson O'Keeffe,2023,2022,KPF,SSP,,pool,22,8,159.85500037979924,0.050791704960715944,-19.2969939569969,-19.347785661957616,275,229,215,215,216,215,216,216,216,216,217,216,217,217,442,472,479,466,467,468,467,469,469,465,463,467,466,468,,0.4385894312157743,0.6899611361375875,0.6899611361375875,0.6867187136181583,0.6899611361375875,0.6835230946747537,0.6867187136181583,0.6835230946747537,0.6791843467460913,0.6606296819908027,0.6791843467460913,0.6541811033740893,0.6541811033740892,-14,-6.11353711790393,-7,2,0.9302325581395349,11,-12,-5.240174672489083,4,
jack-scrimshaw,Jack Scrimshaw,2017,2016,SD,ND,7,1-10,28,129,1291.102328104631,9.454592789527922,4.944581261360554,-4.5100115281673645,89,128,128,112,117,112,112,117,117,112,112,112,112,116,647,580,570,575,569,577,579,571,572,575,578,577,582,576,,0.0012474200505856459,0.0012474200505856459,0.3365111144567139,0.23459744030357277,0.3365111144567139,0.3365111144567139,0.23459744030357277,0.23459744030357277,0.331515248505997,0.32321252402428136,0.331515248505997,0.32321252402428136,0.23885769949836222,0,0.0,10,-12,-9.375,-6,-12,-9.375,4,
joel-amartey,Joel Amartey,2018,2017,KPF,RD,17,pool,27,76,191.6434797547226,1.6227760307825996,-7.8633060225000015,-9.486082053282605,31,50,50,36,38,36,36,38,38,36,36,36,36,38,748,698,691,697,688,699,703,689,693,699,701,700,707,697,,0.0323855611684809,0.0323855611684809,0.6247943921985508,0.5248937876080577,0.6247943921985508,0.6247943921985508,0.5248937876080577,0.5248937876080577,0.6150520546955001,0.5984673388859558,0.6150520546955001,0.5984673388859558,0.5248671759159911,0,0.0,7,-12,-24.0,-6,-12,-24.0,1,
joel-freijah,Joel Freijah,2024,2023,SF,ND,45,41+,21,55,499.7490058358546,2.3707227066763044,19.500449859603265,17.12972715292696,2883,2500,2512,2512,2512,2512,2512,2512,2512,2512,2512,2512,2512,2512,65,66,68,68,70,68,68,70,70,68,69,68,69,70,,0.0943653041882202,0.0,0.0,0.0,0.0,0.0,0.0,0.0,0.0,0.0,0.0,0.0,0.0,12,0.48,-2,0,0.0,-2,12,0.48,-4,
todd-marshall,Todd Marshall,2017,2016,KPF,ND,16,11-20,28,127,758.4667110586453,7.629662116685136,1.6120795747097656,-6.017582541975374,61,83,83,70,70,70,70,70,70,71,71,71,71,71,691,649,636,623,625,625,625,627,627,623,624,625,627,629,,0.0012474200505856459,0.0012474200505856459,0.4418236026072948,0.4418236026072948,0.4418236026072948,0.4418236026072948,0.4418236026072948,0.4418236026072948,0.43452077025659064,0.422295386067676,0.43452077025659064,0.422295386067676,0.422295386067676,0,0.0,13,-12,-14.457831325301205,7,-12,-14.457831325301205,20,
darcy-wilson,Darcy Wilson,2024,2023,SF,ND,18,11-20,21,59,595.1880609157365,4.0806135026621435,18.58820816484039,14.507594662178244,3224,2818,2829,2829,2829,2829,2829,2829,2829,2829,2829,2829,2829,2829,57,59,61,61,62,61,61,62,62,61,62,61,62,62,,0.0758897611306486,0.0,0.0,0.0,0.0,0.0,0.0,0.0,0.0,0.0,0.0,0.0,0.0,11,0.39034776437189495,-2,0,0.0,-1,11,0.39034776437189495,-3,
harry-edwards,Harry Edwards,2019,2018,KPD,RD,12,pool,26,57,204.37405209598916,2.002531204719589,-3.794212801667917,-5.796744006387504,104,111,111,98,100,98,98,100,100,98,99,98,99,100,626,608,600,594,591,595,597,592,594,594,594,596,597,596,,0.09436530418822031,0.0943653041882202,0.42650815940972664,0.3849163597511346,0.42650815940972664,0.42650815940972664,0.3849163597511346,0.3849163597511346,0.41949481652497245,0.4077671654252333,0.41949481652497245,0.4077671654252333,0.38972444862329725,0,0.0,8,-11,-9.90990990990991,4,-11,-9.90990990990991,12,
jackson-archer,Jackson Archer,2022,2021,SD,ND,59,41+,23,26,163.27563249700236,-4.675627323713222,-20.637012547873688,-15.961385224160464,27,24,12,12,12,12,12,12,12,12,13,12,13,13,759,761,784,758,761,760,761,762,763,759,759,761,762,763,,0.3940604995571678,0.7978547401598253,0.7978547401598253,0.7738759124034459,0.7978547401598253,0.7978547401598253,0.7738759124034459,0.7738759124034459,0.7884018385295712,0.7718752631661405,0.7884018385295712,0.7718752631661405,0.7497250230927885,-12,-50.0,-23,1,8.333333333333334,21,-11,-45.833333333333336,-2,
liam-o-connell,Liam O'Connell,2024,2023,SD,IRE,,pool,23,16,87.02989219418069,-7.036411790430066,-26.31648287630443,-19.280071085874365,39,38,26,26,26,26,26,26,26,26,27,26,27,27,739,725,754,717,720,720,724,723,727,718,718,722,724,726,,0.4830925455483981,0.8284276168066023,0.8284276168066023,0.8284276168066023,0.8284276168066023,0.8241641138124202,0.8284276168066023,0.8241641138124202,0.8193752801603554,0.8034283186305528,0.8193752801603554,0.7989592279475098,0.7989592279475098,-12,-31.57894736842105,-29,1,3.8461538461538463,28,-11,-28.94736842105263,-1,
luke-nankervis,Luke Nankervis,2022,2021,MID,RD,1,pool,23,44,254.6586738490823,-1.2623139425581236,-2.005406136131343,-0.7430921935732197,384,316,327,327,327,327,327,327,327,327,327,327,327,327,395,405,391,386,387,387,387,388,388,386,386,387,388,390,,0.17555063929757853,0.0,0.0,0.0,0.0,0.0,0.0,0.0,0.0,0.0,0.0,0.0,0.0,11,3.481012658227848,14,0,0.0,1,11,3.481012658227848,15,
tyler-brockman,Tyler Brockman,2021,2020,SF,ND,48,41+,24,56,279.365239418357,-1.2623139425581236,-8.83113115075012,-7.568817208191995,50,42,42,31,31,31,31,31,31,31,31,31,31,31,716,714,708,710,711,711,714,712,715,712,712,713,718,719,,0.09957413673572801,0.09957413673572801,0.5315289325611556,0.5315289325611556,0.5315289325611556,0.5315289325611556,0.5315289325611556,0.5315289325611556,0.5227385987897872,0.507913618978977,0.5227385987897872,0.507913618978977,0.5079136189789772,0,0.0,6,-11,-26.19047619047619,-11,-11,-26.19047619047619,-5,
xavier-bamert,Xavier Bamert,2026,2026,MID,MSD,5,pool,19,7,207.68237377991244,-1.2623139425581236,-14.26948891064778,-13.007174968089657,509,414,395,395,401,395,395,401,401,397,399,397,399,403,339,362,351,347,345,347,351,345,349,347,347,347,353,352,,0.49945078586515446,0.6570619747430204,0.6570619747430204,0.6071973762562364,0.6570619747430204,0.6570619747430204,0.6071973762562364,0.6071973762562364,0.6467062193527369,0.6289807261822266,0.6467062193527369,0.6289807261822266,0.5913467595095029,-19,-4.5893719806763285,11,8,2.0253164556962027,-1,-11,-2.657004830917874,10,
archie-roberts,Archie Roberts,2024,2023,SD,ND,54,41+,21,44,168.25610784078242,-4.047391505179633,27.81175450793354,31.859146013113172,4726,3561,3571,3571,3571,3571,3571,3571,3571,3571,3571,3571,3571,3571,21,36,36,36,36,36,36,36,36,36,36,36,36,36,,0.16708085878551548,0.0,0.0,0.0,0.0,0.0,0.0,0.0,0.0,0.0,0.0,0.0,0.0,10,0.2808199943836001,0,0,0.0,0,10,0.2808199943836001,0,
caleb-graham,Caleb Graham,2019,2018,KPD,ND,71,41+,26,37,174.9086276011761,1.2670579982054933,-1.3735930773267455,-2.64065107553224,54,82,82,88,93,88,88,93,93,88,88,88,88,92,700,650,637,606,603,608,609,605,606,606,606,608,609,607,,0.2555994417933759,0.2555994417933758,0.17409874005602743,0.10898338447280864,0.17409874005602743,0.17409874005602743,0.10898338447280864,0.10898338447280864,0.1735460345248323,0.1726357505107643,0.1735460345248323,0.1726357505107643,0.11553806767064823,0,0.0,13,10,12.195121951219512,30,10,12.195121951219512,43,
corey-wagner,Corey Wagner,2016,2015,SD,ND,43,41+,29,70,258.77582430924593,-1.2623139425581236,-8.994947508218164,-7.732633565660043,20,38,38,27,28,27,27,28,28,27,27,27,27,28,772,724,716,715,715,717,721,717,720,715,716,718,723,723,,0.04578909722183544,0.04578909722183544,0.5411573854983772,0.5126545249169565,0.5411573854983772,0.5411573854983772,0.5126545249169565,0.5126545249169565,0.5322456936842058,0.5172031699458829,0.5322456936842058,0.5172031699458829,0.5140815557602487,0,0.0,8,-10,-26.31578947368421,-7,-10,-26.31578947368421,1,
harvey-harrison,Harvey Harrison,2022,2021,SF,ND,52,41+,23,23,275.38085914333294,-1.2623139425581236,-12.916144352410923,-11.653830409852798,50,43,31,31,31,31,31,31,31,32,33,32,33,33,707,713,744,706,709,708,712,710,713,705,707,708,712,713,,0.4069589449357297,0.6773283436629371,0.6773283436629371,0.6773283436629371,0.6773283436629371,0.6773283436629371,0.6773283436629371,0.6773283436629371,0.667211603457994,0.6498694337632049,0.667211603457994,0.6498694337632049,0.6498694337632049,-12,-27.906976744186046,-31,2,6.451612903225806,31,-10,-23.25581395348837,0,
isaac-cumming,Isaac Cumming,2017,2016,MID,ND,20,11-20,28,117,783.7554278328695,5.833556117575877,1.7996705320501303,-4.03388558552575,41,54,54,44,44,44,44,44,44,44,44,44,44,44,735,689,680,665,666,667,671,668,672,666,669,669,672,673,,0.002350608573128299,0.002350608573128299,0.29928628521773193,0.2992862852177314,0.29928628521773193,0.29928628521773193,0.2992862852177314,0.2992862852177314,0.29523474505707026,0.28851686956965006,0.29523474505707026,0.28851686956965006,0.28851686956964995,0,0.0,9,-10,-18.51851851851852,7,-10,-18.51851851851852,16,
jordon-sweet,Jordon Sweet,2019,2018,RUCK,RD,14,pool,28,65,372.0760157379352,3.8089472528834976,12.220879350900285,8.411932098016784,2285,2007,2007,2017,2017,2017,2017,2017,2017,2017,2017,2017,2017,2017,94,98,98,96,97,96,96,97,97,96,97,96,97,97,,0.05430026474266958,0.05430026474266958,0.0,0.0,0.0,0.0,0.0,0.0,0.0,0.0,0.0,0.0,0.0,0,0.0,0,10,0.4982561036372696,1,10,0.4982561036372696,1,
josaia-delana,Josaia Delana,2025,2024,SF,PDA,,pool,20,8,86.64903086038251,-7.036411790430066,-12.620962434183319,-5.5845506437532535,391,196,205,205,205,205,205,205,205,205,206,205,206,206,393,514,492,479,481,482,482,483,483,480,482,482,484,485,,0.4752543562311964,0.2877785703143053,0.2877785703143053,0.2877785703143053,0.2877785703143053,0.2877785703143053,0.2877785703143053,0.2877785703143053,0.282585421912404,0.2739575311366831,0.282585421912404,0.2739575311366831,0.27395753113668275,9,4.591836734693878,22,1,0.4878048780487805,7,10,5.1020408163265305,29,
lachlan-smith,Lachlan Smith,2024,2023,RUCK,ND,47,41+,21,2,393.812172123054,4.2473305537977275,-10.911327309951929,-15.158657863749653,399,301,289,289,289,289,289,289,289,290,291,290,291,291,386,411,408,408,408,409,410,409,410,408,408,409,411,411,,0.16831560302740434,0.25816650585048406,0.25816650585048406,0.2581665058504843,0.25816650585048406,0.25816650585048406,0.2581665058504843,0.2581665058504843,0.25184719347133044,0.2413313606108609,0.25184719347133044,0.2413313606108609,0.24133136061086125,-12,-3.9867109634551494,3,2,0.6920415224913494,-3,-10,-3.3222591362126246,0,
mitch-zadow,Mitch Zadow,2026,2025,SF,SSP,,pool,22,5,124.3742758208904,-7.036411790430066,-22.278752715444245,-15.242340925014176,139,87,75,75,75,75,75,75,75,75,77,75,77,77,592,643,645,618,620,621,622,621,622,620,620,621,622,622,,0.41218031767503205,0.5649324231292727,0.5649324231292727,0.5649324231292727,0.5649324231292727,0.5649324231292727,0.5649324231292727,0.5649324231292727,0.5545176567581207,0.5368346847238425,0.5545176567581207,0.5368346847238425,0.5368346847238425,-12,-13.793103448275861,-2,2,2.6666666666666665,23,-10,-11.494252873563218,21,
oisin-mullin,Oisin Mullin,2022,2021,SD,IRE,,pool,26,62,87.02989219418069,-7.036411790430066,-27.933370080386673,-20.896958289956608,14,15,15,5,5,5,5,5,5,5,5,5,5,5,790,780,779,794,795,794,794,795,795,795,795,795,795,795,,0.06426436514050748,0.06426436514050748,0.8982671466360974,0.8982671466360974,0.8982671466360974,0.8739498241799805,0.8982671466360974,0.8739498241799805,0.8912012919661956,0.8784903551596196,0.8912012919661956,0.8521364684603381,0.8521364684603381,0,0.0,1,-10,-66.66666666666667,-16,-10,-66.66666666666667,-15,
oliver-hayes-brown,Oliver Hayes-Brown,2024,2023,RUCK,UNR,,pool,26,7,79.68694966717874,-5.445586708110241,-25.9,-20.454413291889757,190,112,112,99,99,99,101,99,101,100,101,100,102,102,520,606,598,592,593,593,593,594,593,592,592,594,595,595,,0.41218031767503205,0.41218031767503205,0.6786961503277253,0.6786961503277255,0.6786961503277253,0.6508361812179669,0.6786961503277255,0.6508361812179668,0.6678176814125181,0.6491096291537708,0.6678176814125181,0.6213428211623353,0.6213428211623353,0,0.0,8,-10,-8.928571428571429,3,-10,-8.928571428571429,11,
shadeau-brain,Shadeau Brain,2023,2022,SD,PDA,,pool,22,11,366.02402260078935,-1.2623139425581236,-8.437700733834129,-7.175386791276008,120,90,99,99,99,99,99,99,99,99,100,99,100,100,612,634,612,593,594,594,596,595,597,593,593,595,596,597,,0.4867408061769699,0.38148962578480705,0.38148962578480705,0.38148962578480716,0.38148962578480705,0.38148962578480705,0.38148962578480716,0.38148962578480716,0.3742995132865663,0.3622857754243075,0.3742995132865663,0.3622857754243075,0.3622857754243075,9,10.0,22,1,1.0101010101010102,15,10,11.11111111111111,37,
will-ashcroft,Will Ashcroft,2023,2022,MID,ND,2,1-10,22,77,2869.16697350346,22.265923036851706,32.83728632989399,10.571363293042289,7330,6597,6607,6607,6607,6607,6607,6607,6607,6607,6607,6607,6607,6607,7,7,7,7,7,7,7,7,7,7,7,7,7,7,,0.027170762264459913,0.0,0.0,0.0,0.0,0.0,0.0,0.0,0.0,0.0,0.0,0.0,0.0,10,0.1515840533575868,0,0,0.0,0,10,0.1515840533575868,0,
alex-pearce,Alex Pearce,2014,2013,KPD,ND,37,31-40,31,155,434.4661593642767,4.948953881195735,-4.967002935304877,-9.915956816500612,23,17,17,8,8,8,8,8,8,8,8,8,8,8,767,771,770,777,779,778,778,780,780,778,781,779,781,783,,0.00021927023352719122,0.00021927023352719122,0.6429985900160692,0.6429985900160692,0.6429985900160692,0.6429985900160692,0.6429985900160692,0.6429985900160692,0.6331500425464038,0.6163493632215539,0.6331500425464038,0.6163493632215539,0.616349363221554,0,0.0,1,-9,-52.94117647058823,-13,-9,-52.94117647058823,-12,
jake-riccardi,Jake Riccardi,2020,2019,KPF,ND,50,41+,27,98,237.81162228042353,2.31994774290901,-4.224671758545399,-6.544619501454409,257,242,242,233,233,233,233,233,233,233,233,233,233,233,453,458,445,446,447,447,448,448,449,446,448,448,449,450,,0.008675632618332263,0.008675632618332263,0.47453534117270046,0.47453534117270035,0.47453534117270046,0.47453534117270046,0.47453534117270035,0.47453534117270035,0.4666368703595126,0.4533806590812558,0.4666368703595126,0.4533806590812558,0.4533806590812559,0,0.0,13,-9,-3.71900826446281,-5,-9,-3.71900826446281,8,
lucas-camporeale,Lucas Camporeale,2025,2024,MID,ND,54,41+,20,3,264.5774550991126,-1.2623139425581236,-16.01948891064778,-14.757174968089657,159,283,272,272,272,272,272,272,272,272,274,272,274,274,557,418,415,415,416,416,417,417,418,416,413,417,415,415,,0.23506858983338086,0.33947869874762815,0.33947869874762815,0.33947869874762837,0.33947869874762815,0.33947869874762815,0.33947869874762837,0.33947869874762837,0.33167908226702525,0.3186438139670983,0.33167908226702525,0.3186438139670983,0.3186438139670983,-11,-3.8869257950530036,3,2,0.7352941176470589,0,-9,-3.1802120141342756,3,
luke-kennedy,Luke Kennedy,2025,2024,MID,ND,62,41+,20,4,139.79798110995523,-6.891537703912087,-25.54302251569854,-18.651484811786453,284,223,213,213,213,213,213,213,213,213,214,213,214,214,436,481,482,469,470,471,472,472,473,469,469,471,472,473,,0.2918181528951631,0.49124749269209556,0.49124749269209556,0.49124749269209544,0.49124749269209556,0.49124749269209556,0.49124749269209544,0.49124749269209544,0.481152424116455,0.46410309371909564,0.481152424116455,0.46410309371909564,0.46410309371909564,-10,-4.484304932735426,-1,1,0.4694835680751174,9,-9,-4.0358744394618835,8,
noah-howes,Noah Howes,2025,2025,KPF,MSD,14,pool,21,0,217.45512952851865,2.31994774290901,-20.211327309951926,-22.531275052860934,229,221,207,207,207,207,211,207,211,208,209,208,212,212,480,482,489,476,477,478,477,479,478,477,476,479,474,475,,0.09038896554371478,0.21191025894615345,0.21191025894615345,0.21191025894615334,0.208579881873868,0.180843965831471,0.20857988187386822,0.18084396583147133,0.20634195663895238,0.19709353207500369,0.20309493677735047,0.1681536192665677,0.16815361926656758,-14,-6.334841628959276,-7,5,2.4154589371980677,14,-9,-4.072398190045249,7,
tom-hanily,Tom Hanily,2024,2024,SF,MSD,14,pool,21,12,207.68237377991244,-1.2623139425581236,-15.840292539086752,-14.577978596528629,216,144,131,131,133,131,131,133,133,132,133,132,133,135,488,564,564,552,550,553,556,551,554,551,550,553,554,554,,0.49438499781218903,0.6669719649255372,0.6669719649255372,0.6343371079416354,0.6669719649255372,0.6669719649255372,0.6343371079416354,0.6343371079416354,0.6564615424980995,0.6384397184115154,0.6564615424980995,0.6384397184115154,0.6168884551069681,-13,-9.027777777777779,0,4,3.053435114503817,10,-9,-6.25,10,
will-hayes-b,Will Hayes,2025,2024,SF,ND,56,41+,20,8,251.70177417126033,-1.2623139425581236,-13.777792825687271,-12.515478883129148,378,220,207,207,207,207,207,207,207,209,211,209,211,211,399,484,490,477,478,479,480,480,481,476,474,478,478,479,,0.4593985818486357,0.5477308899986068,0.5477308899986068,0.5477308899986068,0.5477308899986068,0.5477308899986068,0.5477308899986068,0.5477308899986068,0.5377064799853206,0.5207253646236304,0.5377064799853206,0.5207253646236304,0.5207253646236305,-13,-5.909090909090909,-6,4,1.932367149758454,11,-9,-4.090909090909091,5,
alex-dodson,Alex Dodson,2025,2024,KPF,ND,53,41+,20,1,237.19853331646502,2.31994774290901,-41.94499247535029,-44.2649402182593,274,198,176,176,176,185,188,185,188,177,178,186,190,190,443,509,525,515,515,506,506,508,507,515,516,506,506,507,,0.09038896554371467,0.29829411672200346,0.29829411672200346,0.29829411672200357,0.208579881873868,0.180843965831471,0.20857988187386822,0.18084396583147133,0.2907220145275442,0.27808383174919316,0.20309493677735047,0.1681536192665677,0.16815361926656758,-22,-11.11111111111111,-16,14,7.954545454545454,18,-8,-4.040404040404041,2,
bodhi-uwland,Bodhi Uwland,2022,2021,SD,PDA,,pool,23,68,366.02402260078935,-1.2623139425581236,12.897653317957955,14.15996726051608,4087,3560,3568,3568,3568,3568,3568,3568,3568,3568,3568,3568,3568,3568,33,37,37,37,37,37,37,37,37,37,37,37,37,37,,0.04578909722183544,0.0,0.0,0.0,0.0,0.0,0.0,0.0,0.0,0.0,0.0,0.0,0.0,8,0.2247191011235955,0,0,0.0,0,8,0.2247191011235955,0,
brayden-fiorini,Brayden Fiorini,2016,2015,MID,ND,20,11-20,29,125,923.6814959619196,6.532047249065631,4.130200211081423,-2.401847037984204,167,198,198,190,190,190,190,190,190,190,190,190,190,190,546,511,503,503,504,503,504,504,505,503,504,503,507,508,,0.0016084855393938557,0.0016084855393938557,0.1551112000331044,0.15511120003310497,0.1551112000331044,0.1551112000331044,0.15511120003310497,0.15511120003310497,0.15526791301324017,0.15552572148661004,0.15526791301324017,0.15552572148661004,0.15552572148661015,0,0.0,8,-8,-4.040404040404041,-5,-8,-4.040404040404041,3,
charlie-spargo,Charlie Spargo,2018,2017,SF,ND,29,21-30,27,123,423.76418959189255,-0.3382492564614927,-8.114041597353996,-7.775792340892502,26,17,17,8,8,8,8,8,8,8,8,8,8,9,761,773,772,778,780,779,779,781,781,779,782,780,782,777,,0.0016084855393940778,0.0016084855393940778,0.5437211798538581,0.5258004858933196,0.5437211798538581,0.5437211798538581,0.5258004858933196,0.5258004858933196,0.5347785512560352,0.5196803348987127,0.5347785512560352,0.5196803348987127,0.5042657750836341,0,0.0,1,-8,-47.05882352941177,-5,-8,-47.05882352941177,-4,
daniel-mcstay,Daniel McStay,2014,2013,KPF,ND,25,21-30,31,217,614.1678055953734,6.823909671926694,0.9133482881877463,-5.910561383738953,338,332,332,324,324,324,324,324,324,324,324,324,324,324,411,389,386,387,389,388,388,390,390,387,389,388,390,392,,3.4195899107913874e-06,3.4195899107913874e-06,0.43493353865961837,0.43493353865961804,0.43493353865961837,0.43493353865961837,0.43493353865961804,0.43493353865961804,0.4277638929255241,0.41576767309236673,0.4277638929255241,0.41576767309236673,0.4157676730923664,0,0.0,3,-8,-2.4096385542168677,-6,-8,-2.4096385542168677,-3,
hugh-bond,Hugh Bond,2023,2022,SD,ND,50,41+,22,19,172.2404881158065,-3.556949513856493,-16.005083660385008,-12.448134146528512,153,74,62,62,65,62,62,65,65,63,64,63,64,66,564,661,664,633,630,634,636,632,634,633,633,634,636,633,,0.4747777932188385,0.6759869119654154,0.6759869119654154,0.6238296621668633,0.6759869119654154,0.6759869119654154,0.6238296621668633,0.6238296621668633,0.6657487483556475,0.6481929019545931,0.6657487483556475,0.6481929019545931,0.6023731938789538,-12,-16.216216216216218,-3,4,6.451612903225806,31,-8,-10.81081081081081,28,
jack-henderson,Jack Henderson,2025,2024,SF,SSP,,pool,27,5,124.3742758208904,-7.036411790430066,-24.900000000000006,-17.86358820956994,113,31,31,22,22,22,22,22,22,22,23,22,23,23,618,747,745,731,732,735,737,735,737,733,731,737,736,736,,0.33962627575333015,0.33962627575333015,0.537137464838274,0.5371374648382737,0.537137464838274,0.537137464838274,0.5371374648382737,0.5371374648382737,0.5267001076029965,0.509010641777478,0.5267001076029965,0.509010641777478,0.509010641777478,0,0.0,2,-8,-25.806451612903224,9,-8,-25.806451612903224,11,
jaxon-prior,Jaxon Prior,2020,2019,SD,ND,58,41+,25,80,164.27172756575837,-4.543440268637863,-13.422560365690861,-8.879120097052997,305,263,263,254,255,254,254,255,255,254,255,254,255,255,426,432,425,432,431,434,435,433,434,432,431,434,434,435,,0.02276278940141041,0.02276278940141041,0.5978450283302932,0.5379840581716244,0.5978450283302932,0.5978450283302932,0.5379840581716244,0.5379840581716244,0.5883126407536119,0.5721327633733218,0.5883126407536119,0.5721327633733218,0.5192417395013686,0,0.0,7,-8,-3.041825095057034,-10,-8,-3.041825095057034,-3,
jayden-laverde,Jayden Laverde,2015,2014,KPD,ND,20,11-20,30,162,644.3095931450221,6.107060908952706,1.7763342943816631,-4.330726614571048,193,204,204,195,195,195,195,195,195,195,196,195,196,196,518,505,493,498,500,500,501,501,502,499,497,500,498,499,,0.00013896180424144422,0.00013896180424144422,0.32273299215646445,0.32273299215646434,0.32273299215646445,0.32273299215646445,0.32273299215646434,0.32273299215646434,0.31807930595872114,0.3103519463837553,0.31807930595872114,0.3103519463837553,0.31035194638375474,0,0.0,12,-8,-3.9215686274509802,-6,-8,-3.9215686274509802,6,
joel-hamling,Joel Hamling,2012,2011,KPD,ND,41,41+,33,111,362.0370144085384,3.638506479612001,-4.254703176470465,-7.893209656082468,18,17,17,8,8,8,8,8,8,8,9,8,9,9,777,776,775,779,782,780,780,782,782,781,776,781,776,779,,0.003647527862218114,0.003647527862218114,0.5498190107275975,0.5498190107275975,0.5498190107275975,0.5498190107275975,0.5498190107275975,0.5498190107275975,0.5407994153010547,0.5255626114792618,0.5407994153010547,0.5255626114792618,0.5255626114792615,0,0.0,1,-8,-47.05882352941177,-4,-8,-47.05882352941177,-3,
kaleb-smith,Kaleb Smith,2023,2022,SD,ND,49,41+,22,12,173.2365831845625,-3.441713485048866,-28.020895895808277,-24.57918241075941,67,48,37,37,37,38,39,38,39,37,37,38,40,40,682,705,723,687,694,684,686,690,686,689,695,686,687,688,,0.49438499781218903,0.8512307342703285,0.8512307342703285,0.8356710552015277,0.8190499641879225,0.7672535305983859,0.8190499641879225,0.7672535305983859,0.8425515359480819,0.8271540161947273,0.8096823659422484,0.739579625225484,0.739579625225484,-11,-22.916666666666668,-18,3,8.108108108108109,35,-8,-16.666666666666668,17,
michael-sellwood,Michael Sellwood,2025,2025,SD,MSD,5,pool,23,18,358.5352973164835,-1.2623139425581236,-9.92594752412456,-8.663633581566437,168,187,175,175,175,175,175,175,175,176,179,176,179,179,544,523,527,516,517,517,517,518,518,516,515,517,517,517,,0.4653136125221826,0.5365764378882225,0.5365764378882225,0.5365764378882223,0.5365764378882225,0.5365764378882225,0.5365764378882223,0.5365764378882223,0.5273804085225813,0.5118494268710034,0.5273804085225813,0.5118494268710034,0.5118494268710034,-12,-6.4171122994652405,-4,4,2.2857142857142856,10,-8,-4.278074866310161,6,
tom-powell,Tom Powell,2021,2020,SF,ND,13,11-20,24,99,1444.775736102072,11.283826206821479,8.85986340572564,-2.423962801095833,2103,1907,1907,1890,1900,1890,1890,1900,1900,1890,1890,1890,1890,1899,110,111,109,109,110,109,109,110,110,109,109,109,109,110,,0.008159982688879852,0.008159982688879852,0.15724467460471703,0.06700822483110969,0.15724467460471703,0.15724467460471703,0.06700822483110969,0.06700822483110969,0.15733303786511688,0.15747841974373067,0.15733303786511688,0.15747841974373067,0.07660628221755184,0,0.0,2,-8,-0.4195070791819612,-1,-8,-0.4195070791819612,1,
archer-day-wicks,Archer Day-Wicks,2025,2024,SF,RD,1,pool,20,22,200.77927605040077,-1.2623139425581236,-8.456453014646309,-7.194139072088185,766,316,311,311,323,311,311,323,323,312,313,312,313,323,265,404,401,399,391,399,401,392,392,399,399,399,401,394,,0.4196071367631027,0.48032531839855863,0.48032531839855863,0.3274433610979941,0.48032531839855863,0.48032531839855863,0.3274433610979941,0.3274433610979941,0.4720695444779389,0.45819819567160136,0.4720695444779389,0.45819819567160136,0.33240949696971034,-5,-1.5822784810126582,3,12,3.8585209003215435,7,7,2.2151898734177213,10,
bailey-banfield,Bailey Banfield,2018,2017,SD,RD,3,pool,28,118,200.77927605040077,-1.2623139425581236,-11.554184128279507,-10.291870185721386,10,17,17,9,10,9,9,10,10,9,9,9,9,10,795,772,771,772,770,772,774,770,771,772,773,772,774,773,,0.002503435440357249,0.00250343544035736,0.6580551141744329,0.5317150871756339,0.6580551141744329,0.6580551141744329,0.5317150871756339,0.5317150871756339,0.648140032002609,0.6311950680858223,0.648140032002609,0.6311950680858223,0.5214173232565186,0,0.0,1,-7,-41.1764705882353,-2,-7,-41.1764705882353,-1,
billy-frampton,Billy Frampton,2015,2014,KPD,ND,74,41+,30,93,174.9086276011761,1.2670579982054933,-7.581195141381873,-8.84825313958736,34,45,45,36,38,36,36,38,38,36,37,36,37,38,746,708,700,695,685,697,700,686,689,696,688,697,695,696,,0.010419857646766562,0.010419857646766562,0.5964868864617885,0.4624010599708367,0.5964868864617885,0.5964868864617885,0.4624010599708367,0.4624010599708367,0.5869670180212154,0.5708107093832486,0.5869670180212154,0.5708107093832486,0.46383191305352267,0,0.0,8,-7,-15.555555555555555,4,-7,-15.555555555555555,12,
bodie-ryan,Bodie Ryan,2024,2023,SD,ND,46,41+,21,4,203.66559975086085,-1.2623139425581236,-26.15483258586314,-24.892518643305017,210,136,124,124,124,126,128,126,128,125,125,126,129,129,497,570,577,560,560,561,560,561,560,559,560,561,558,558,,0.291818152895163,0.5990074620122652,0.5990074620122652,0.5990074620122651,0.554773911687244,0.4984351615457926,0.5547739116872439,0.4984351615457925,0.5879431014842524,0.5690682255754025,0.5440091206473919,0.4710413666582739,0.4710413666582738,-12,-8.823529411764707,-7,5,4.032258064516129,19,-7,-5.147058823529412,12,
dante-visentini,Dante Visentini,2022,2021,KPF,ND,56,41+,23,25,195.49391468389317,1.7244083117898008,-6.502316743690416,-8.226725055480218,1274,813,800,800,807,800,800,807,807,801,802,801,802,806,185,235,231,232,228,232,233,228,229,232,232,233,233,229,,0.3810064127080699,0.5424215452798091,0.5424215452798091,0.454832467146843,0.5424215452798091,0.5424215452798091,0.454832467146843,0.454832467146843,0.5333268865549781,0.5179664698850848,0.5333268865549781,0.5179664698850848,0.46145383411830676,-13,-1.5990159901599017,4,6,0.75,2,-7,-0.8610086100861009,6,
esava-ratugolea,Esava Ratugolea,2017,2016,KPD,ND,43,41+,28,119,386.50259578035207,4.104382128693838,-0.1735811586157373,-4.277963287309577,64,79,79,72,72,72,72,72,72,72,72,72,72,72,685,652,639,622,622,623,624,623,624,622,622,624,626,627,,0.002350608573128188,0.00235060857312841,0.3186221697943896,0.3186221697943893,0.3186221697943896,0.3186221697943896,0.3186221697943893,0.3186221697943893,0.31407224284018853,0.30651909776159947,0.31407224284018853,0.30651909776159947,0.30651909776159925,0,0.0,13,-7,-8.860759493670885,12,-7,-8.860759493670885,25,
jacob-weitering,Jacob Weitering,2016,2015,KPD,ND,1,1-10,29,214,2726.9677244779127,21.410922946805858,15.74717643191235,-5.663746514893504,1013,1023,1023,988,1016,988,988,1016,1016,988,989,988,989,1016,227,200,197,199,196,200,201,197,197,199,199,200,201,198,,4.775829982262003e-06,4.775829982150981e-06,0.4187158158297911,0.0830304622037239,0.4187158158297911,0.4187158158297911,0.0830304622037239,0.0830304622037239,0.4118699297539955,0.4004290685979789,0.4118699297539955,0.4004290685979789,0.08548185805921449,0,0.0,3,-7,-0.6842619745845552,-1,-7,-0.6842619745845552,2,
kade-chandler,Kade Chandler,2019,2018,SF,RD,10,pool,26,98,200.77927605040077,-1.2623139425581236,-3.039550058147534,-1.7772361155894112,811,791,791,784,785,784,784,785,785,784,783,784,783,784,253,238,233,236,236,237,238,237,237,236,237,237,238,238,,0.008159982688879741,0.008159982688879741,0.09238692143309779,0.08237765877098391,0.09238692143309779,0.09238692143309779,0.08237765877098391,0.08237765877098391,0.09461954013120977,0.09828137429947947,0.09461954013120977,0.09828137429947947,0.08842789206634061,0,0.0,5,-7,-0.8849557522123894,-5,-7,-0.8849557522123894,0,
lachlan-cowan,Lachlan Cowan,2023,2022,SD,ND,30,21-30,22,56,411.2936401865051,-0.8418258866198329,-1.7944916491789369,-0.9526657625591068,724,612,620,620,620,620,620,620,620,620,619,620,619,619,280,285,276,273,273,275,276,275,276,273,273,275,276,276,,0.08940142632729464,0.0023978194667370056,0.0023978194667370056,0.0013506362279590567,0.0023978194667370056,0.0023978194667370056,0.0013506362279590567,0.0013506362279590567,0.007824057103424376,0.016688782980450734,0.007824057103424376,0.016688782980450734,0.01029187399598075,8,1.3071895424836601,9,-1,-0.16129032258064516,0,7,1.1437908496732025,9,
logan-morris,Logan Morris,2024,2023,KPF,ND,31,31-40,21,63,547.5813024773877,6.137241093883854,16.147446449642125,10.010205355758274,3247,2889,2896,2896,2896,2896,2896,2896,2896,2896,2896,2896,2896,2896,55,58,58,58,59,58,58,59,59,58,58,58,58,59,,0.06076906716931718,0.0,0.0,0.0,0.0,0.0,0.0,0.0,0.0,0.0,0.0,0.0,0.0,7,0.24229837313949462,0,0,0.0,-1,7,0.24229837313949462,-1,
ned-long,Ned Long,2022,2021,SF,RD,3,pool,23,54,212.39992549540213,-1.2623139425581236,1.279335215732921,2.541649158291044,1416,1175,1182,1182,1182,1182,1182,1182,1182,1182,1182,1182,1182,1182,171,174,171,171,171,172,173,172,173,171,171,172,173,173,,0.0995741367357279,0.0,0.0,0.0,0.0,0.0,0.0,0.0,0.0,0.0,0.0,0.0,0.0,7,0.5957446808510638,3,0,0.0,-2,7,0.5957446808510638,1,
oliver-wiltshire,Oliver Wiltshire,2024,2023,SF,ND,61,41+,24,13,134.08133705019253,-6.94907244191716,-19.502793003216613,-12.553720561299455,49,33,33,24,24,24,24,24,24,25,26,25,26,26,719,744,740,726,726,730,732,730,732,723,722,727,728,729,,0.498783631984298,0.498783631984298,0.646559511760856,0.6465595117608561,0.646559511760856,0.646559511760856,0.6465595117608561,0.6465595117608561,0.6362509512922293,0.6186296633233355,0.6362509512922293,0.6186296633233355,0.6186296633233354,0,0.0,4,-7,-21.21212121212121,11,-7,-21.21212121212121,15,
rhylee-west,Rhylee West,2019,2018,SF,ND,26,21-30,26,99,426.75247479816056,-0.2119602713053489,-3.432710845979254,-3.2207505746739074,100,120,120,112,113,112,112,113,113,112,112,112,112,113,634,596,588,576,577,578,580,579,580,576,579,578,583,583,,0.007216611860492161,0.007216611860492161,0.23081628004355803,0.19454883543214774,0.23081628004355803,0.23081628004355803,0.19454883543214774,0.19454883543214774,0.228659266623234,0.22509671983000046,0.228659266623234,0.22509671983000046,0.19514911978362093,0,0.0,8,-7,-5.833333333333333,5,-7,-5.833333333333333,13,
tew-jiath,Tew Jiath,2024,2023,SD,ND,37,31-40,21,1,337.2308576840861,-1.2623139425581236,-31.219488910647783,-29.95717496808966,167,125,109,109,109,115,117,115,117,110,111,115,118,118,548,587,607,585,586,575,571,577,573,584,584,575,572,573,,0.09038896554371467,0.2738629284310281,0.2738629284310281,0.27386292843102833,0.208579881873868,0.180843965831471,0.20857988187386822,0.18084396583147133,0.26682568519833527,0.2550971240226231,0.20309493677735047,0.1681536192665677,0.16815361926656758,-16,-12.8,-20,9,8.256880733944953,34,-7,-5.6,14,
tom-cole,Tom Cole,2016,2015,SF,ND,36,31-40,29,144,346.0041890387714,-1.2623139425581236,-8.885097966200705,-7.622784023642583,47,56,56,49,49,49,49,49,49,49,49,49,49,49,724,686,676,657,659,659,663,661,665,658,658,660,664,665,,0.00041919711084970057,0.00041919711084970057,0.5356476398545976,0.5356476398545975,0.5356476398545976,0.5356476398545976,0.5356476398545975,0.5356476398545975,0.526810823929853,0.511902283420478,0.526810823929853,0.511902283420478,0.5119022834204778,0,0.0,10,-7,-12.5,11,-7,-12.5,21,
adam-cerra,Adam Cerra,2018,2017,MID,ND,5,1-10,27,163,2061.937896291424,17.28608489848933,15.763718329033424,-1.5223665694559152,1030,1030,1030,1025,1025,1025,1025,1025,1025,1024,1024,1024,1024,1024,220,198,195,194,194,195,195,195,195,194,194,195,195,195,,0.00012194098960760513,0.00012194098960760513,0.06547940941785513,0.06130537031029837,0.06547940941785513,0.06547940941785513,0.06130537031029837,0.06130537031029837,0.06864426041763583,0.0738287215292367,0.06864426041763583,0.0738287215292367,0.07099961607587346,0,0.0,3,-6,-0.5825242718446602,0,-6,-0.5825242718446602,3,
beau-mccreery,Beau McCreery,2021,2020,SF,ND,46,41+,25,114,281.35742955586903,-1.2623139425581236,-7.6466856499077105,-6.384371707349588,134,122,122,116,116,116,116,116,116,116,116,116,116,116,602,591,581,568,570,570,572,572,574,568,569,571,574,575,,0.002838928448756217,0.002838928448756217,0.4648068068362069,0.4648068068362069,0.4648068068362069,0.4648068068362069,0.4648068068362069,0.4648068068362069,0.45707908991648505,0.44411948473989993,0.45707908991648505,0.44411948473989993,0.4441194847398997,0,0.0,10,-6,-4.918032786885246,6,-6,-4.918032786885246,16,
ben-long,Ben Long,2017,2016,SF,ND,25,21-30,29,152,427.74856986691657,-0.16735749332583438,-9.624932936561056,-9.457575443235216,28,13,13,7,7,7,7,7,7,7,7,7,7,7,755,783,782,783,784,784,784,784,784,784,785,784,785,785,,0.0002496996136936991,0.0002496996136936991,0.6237358273510998,0.6049410699203245,0.6237358273510998,0.6237358273510998,0.6049410699203245,0.6049410699203245,0.6140015767756355,0.5974326530025913,0.6140015767756355,0.5974326530025913,0.5809369495464037,0,0.0,1,-6,-46.15384615384615,-3,-6,-46.15384615384615,-2,
brandon-walker,Brandon Walker,2021,2020,SD,ND,52,41+,24,67,170.2482979782945,-3.801028281085426,-11.72991365343165,-7.928885372346226,57,45,45,37,38,37,37,38,38,37,37,37,37,39,693,709,701,684,686,686,690,687,690,686,689,688,696,691,,0.05430026474266947,0.05430026474266958,0.551249743704755,0.45856590112590423,0.551249743704755,0.551249743704755,0.45856590112590423,0.45856590112590423,0.542209599148813,0.5269359051225045,0.542209599148813,0.5269359051225045,0.445735542883993,0,0.0,8,-6,-13.333333333333334,10,-6,-13.333333333333334,18,
lachlan-weller,Lachlan Weller,2015,2014,MID,ND,14,11-20,30,172,1173.9089230691104,7.768828398168423,3.0331689150221464,-4.735659483146279,74,49,49,42,43,42,42,43,43,42,42,42,42,43,676,702,696,671,670,673,675,672,675,673,673,674,678,676,,7.70986860975098e-05,7.70986860975098e-05,0.3534558262089895,0.3012217397803886,0.3534558262089895,0.3534558262089895,0.3012217397803886,0.3012217397803886,0.34805134839149354,0.3390597550444929,0.34805134839149354,0.3390597550444929,0.2941342832416052,0,0.0,6,-6,-12.244897959183673,20,-6,-12.244897959183673,26,
leo-lombard,Leo Lombard,2025,2024,SF,ND,9,1-10,20,23,1004.5194373544474,6.532047249065631,0.11194286110957365,-6.420104387956054,1957,1557,1540,1540,1540,1540,1540,1540,1540,1544,1551,1544,1551,1551,122,134,135,135,136,135,135,136,136,135,135,135,136,136,,0.4069589449357296,0.4395388031193993,0.4395388031193993,0.43953880311939963,0.4395388031193993,0.4395388031193993,0.43953880311939963,0.43953880311939963,0.4320284194887305,0.41945037061011314,0.4320284194887305,0.41945037061011314,0.41945037061011314,-17,-1.0918432883750804,-1,11,0.7142857142857143,-1,-6,-0.3853564547206166,-2,
lewis-melican,Lewis Melican,2015,2014,KPD,RD,32,pool,30,110,204.37405209598916,2.002531204719589,-5.2561762454082395,-7.258707450127827,21,32,32,25,26,25,25,26,26,25,25,25,25,26,770,746,743,721,719,725,727,722,726,722,724,726,730,728,,0.0038826175076096536,0.0038826175076096536,0.5158508189697947,0.44123582905322223,0.5158508189697947,0.5158508189697947,0.44123582905322223,0.44123582905322223,0.507291893737517,0.4928775686785615,0.507291893737517,0.4928775686785615,0.4442787629846545,0,0.0,3,-6,-18.75,15,-6,-18.75,18,
matthew-kennedy-1,Matthew Kennedy,2016,2015,MID,ND,13,11-20,29,160,1444.775736102072,11.283826206821479,8.560963099772888,-2.722863107048585,423,449,449,437,443,437,437,443,443,437,437,437,437,443,374,342,333,331,331,331,331,331,331,331,332,331,332,332,,0.00014833508636102888,0.00014833508636102888,0.18564109385265093,0.08767712375419645,0.18564109385265093,0.18564109385265093,0.08767712375419645,0.08767712375419645,0.18483853912671022,0.18351621072921298,0.18483853912671022,0.18351621072921298,0.09909239939823056,0,0.0,9,-6,-1.3363028953229399,1,-6,-1.3363028953229399,10,
nick-larkey,Nick Larkey,2017,2016,KPF,ND,72,41+,28,153,278.58876024777845,2.4904129544950084,1.218268600461089,-1.2721443540339223,455,524,524,520,520,520,520,520,520,519,518,519,518,518,363,313,305,302,303,303,304,303,304,302,304,303,305,306,,0.0002339956658737874,0.0002339956658737874,0.03828253315045005,0.03828253315044994,0.03828253315045005,0.03828253315045005,0.03828253315044994,0.03828253315044994,0.042413575316418206,0.049172631642782405,0.042413575316418206,0.049172631642782405,0.04917263164278185,0,0.0,8,-6,-1.1450381679389312,-1,-6,-1.1450381679389312,7,
rhyan-mansell,Rhyan Mansell,2021,2020,SF,SSP,,pool,26,79,124.3742758208904,-7.036411790430066,-13.51141059439528,-6.474998803965216,48,54,54,48,48,48,48,48,48,48,48,48,48,48,722,691,682,659,660,661,665,662,666,659,660,661,666,667,,0.027170762264459913,0.027170762264459913,0.47022706551626303,0.4702270655162627,0.47022706551626303,0.47022706551626303,0.4702270655162627,0.4702270655162627,0.4624026050180273,0.4492750967904656,0.4624026050180273,0.4492750967904656,0.4492750967904655,0,0.0,9,-6,-11.11111111111111,15,-6,-11.11111111111111,24,
ryan-maric,Ryan Maric,2023,2023,SD,MSD,1,pool,22,62,479.4688417872455,1.7905197524992915,7.130894184459197,5.340374431959904,1406,1283,1289,1289,1289,1289,1289,1289,1289,1289,1289,1289,1289,1289,173,167,165,165,165,165,166,165,166,165,165,166,166,166,,0.04242239470993492,0.0,0.0,0.0,0.0,0.0,0.0,0.0,0.0,0.0,0.0,0.0,0.0,6,0.4676539360872954,2,0,0.0,-1,6,0.4676539360872954,1,
seth-campbell,Seth Campbell,2023,2022,SF,RD,3,pool,22,62,200.77927605040077,-1.2623139425581236,4.936506300890818,6.198820243448941,1010,922,928,928,928,928,928,928,928,928,928,928,928,928,228,219,213,212,212,212,212,212,212,212,212,212,212,212,,0.06426436514050748,0.0,0.0,0.0,0.0,0.0,0.0,0.0,0.0,0.0,0.0,0.0,0.0,6,0.6507592190889371,6,0,0.0,1,6,0.6507592190889371,7,
shannon-neale,Shannon Neale,2021,2020,KPF,ND,35,31-40,24,64,470.5959016172507,5.505624715893824,6.506011362046655,1.0003866461528286,2711,2243,2243,2249,2249,2249,2249,2249,2249,2249,2249,2249,2249,2249,71,79,81,80,80,80,80,80,80,80,80,80,80,80,,0.05745027531558766,0.05745027531558766,0.0,0.0,0.0,0.0,0.0,0.0,0.0,0.0,0.0,0.0,0.0,0,0.0,-2,6,0.26749888542131073,1,6,0.26749888542131073,-1,
thomas-sims,Thomas Sims,2025,2024,KPF,ND,28,21-30,20,11,590.3367850632542,6.610138192230512,-4.144992475350286,-10.755130667580794,583,717,702,702,702,702,702,702,702,705,711,705,711,711,316,254,256,253,254,254,255,255,255,252,252,253,254,254,,0.4867408061769699,0.5304099300525288,0.5304099300525288,0.5304099300525289,0.5304099300525288,0.5304099300525288,0.5304099300525289,0.5304099300525289,0.5207709302915973,0.5044773772778944,0.5207709302915973,0.5044773772778944,0.5044773772778943,-15,-2.092050209205021,-2,9,1.2820512820512822,2,-6,-0.8368200836820083,0,
toby-bedford,Toby Bedford,2019,2018,SF,ND,75,41+,26,98,103.02153132816662,-7.036411790430066,-9.245344357948204,-2.208932567518138,272,279,279,273,273,273,273,273,273,273,273,273,273,273,447,420,410,414,414,415,416,415,416,414,416,415,418,418,,0.008159982688879741,0.008159982688879741,0.13621146645666393,0.1362114664566637,0.13621146645666393,0.13621146645666393,0.1362114664566637,0.1362114664566637,0.13697893446791976,0.1382403217698186,0.13697893446791976,0.1382403217698186,0.13824032176981882,0,0.0,10,-6,-2.150537634408602,-8,-6,-2.150537634408602,2,
toby-murray,Toby Murray,2024,2024,KPF,MSD,7,pool,23,11,217.45512952851865,2.31994774290901,-9.210216697936211,-11.530164440845219,215,196,187,187,187,187,187,187,187,188,190,188,190,190,491,516,514,505,507,505,507,507,508,505,507,505,509,509,,0.4867408061769699,0.5575962678118399,0.5575962678118399,0.55759626781184,0.5575962678118399,0.5575962678118399,0.55759626781184,0.55759626781184,0.5476581401152432,0.5308166502629935,0.5476581401152432,0.5308166502629935,0.5308166502629935,-9,-4.591836734693878,2,3,1.6042780748663101,5,-6,-3.061224489795918,7,
aidan-corr,Aidan Corr,2013,2012,KPD,ND,18,11-20,32,184,648.0885420305672,7.065103685764942,-1.7593188821216383,-8.824422567886577,38,14,14,9,9,9,9,9,9,9,9,9,9,9,740,782,781,771,773,771,773,773,774,771,772,771,773,776,,3.276550085273833e-05,3.276550085273833e-05,0.5954076745441309,0.595407674544131,0.5954076745441309,0.5954076745441309,0.595407674544131,0.595407674544131,0.5858976788303751,0.5697599513302767,0.5858976788303751,0.5697599513302767,0.5697599513302769,0,0.0,1,-5,-35.714285714285715,5,-5,-35.714285714285715,6,
archie-may,Archie May,2025,2025,KPF,MSD,6,pool,22,17,217.45512952851865,2.31994774290901,-3.4123730308067843,-5.7323207737157915,476,336,340,340,340,340,340,340,340,340,341,340,341,341,352,386,382,377,378,379,379,380,380,379,379,380,380,381,,0.43390249564824945,0.390841448223619,0.390841448223619,0.3908414482236193,0.390841448223619,0.390841448223619,0.3908414482236193,0.3908414482236193,0.384245421294936,0.37323581733507083,0.384245421294936,0.37323581733507083,0.37323581733507094,4,1.1904761904761905,4,1,0.29411764705882354,1,5,1.4880952380952381,5,
brady-hough,Brady Hough,2022,2021,SD,ND,31,31-40,23,94,392.39940629978435,-1.2623139425581236,-4.24287790225454,-2.980563959696417,292,263,257,257,257,257,257,257,257,257,258,257,258,258,433,431,432,428,428,430,430,430,430,428,427,430,430,430,,0.009803663115505179,0.20933764481762562,0.20933764481762562,0.20933764481762585,0.20933764481762562,0.20933764481762562,0.20933764481762585,0.20933764481762585,0.20781450455692496,0.20530178291184342,0.20781450455692496,0.20530178291184342,0.20530178291184353,-6,-2.2813688212927756,-1,1,0.38910505836575876,2,-5,-1.9011406844106464,1,
buku-khamis,Buku Khamis,2019,2018,KPF,PDN,,pool,26,60,109.19299126830595,-5.292348807885669,-9.893973940179508,-4.601625132293841,144,133,133,128,128,128,128,128,128,128,128,128,128,128,583,574,562,556,556,558,561,558,561,557,557,559,562,562,,0.07181646198133296,0.07181646198133296,0.34292048848241974,0.3387439442056608,0.34292048848241974,0.34292048848241974,0.3387439442056608,0.3387439442056608,0.3377615138769633,0.32918409194423726,0.3377615138769633,0.32918409194423726,0.32565058251872536,0,0.0,12,-5,-3.7593984962406015,0,-5,-3.7593984962406015,12,
eric-hipwood,Eric Hipwood,2016,2015,KPF,ND,14,11-20,29,205,856.3497028187428,7.727753241901468,-1.5975720319003557,-9.325325273801822,42,23,23,18,18,18,18,18,18,18,18,18,18,18,732,764,762,739,744,743,745,747,749,741,744,744,748,750,,7.616451321079687e-06,7.616451321079687e-06,0.6179875085867019,0.6179875085867019,0.6179875085867019,0.6179875085867019,0.6179875085867019,0.6179875085867019,0.608293478541853,0.5918035653940996,0.608293478541853,0.5918035653940996,0.5918035653940996,0,0.0,2,-5,-21.73913043478261,12,-5,-21.73913043478261,14,
hamish-davis,Hamish Davis,2025,2024,MID,ND,65,41+,20,26,320.0349656342098,-1.2623139425581236,-6.508089098759849,-5.245775156201726,1028,622,625,625,625,625,625,625,625,626,627,626,627,627,221,282,271,267,267,270,270,270,270,269,269,271,272,272,,0.3940604995571678,0.3680267974164889,0.3680267974164889,0.368026797416489,0.3680267974164889,0.3680267974164889,0.368026797416489,0.368026797416489,0.3620266933730214,0.35202925610277014,0.3620266933730214,0.35202925610277014,0.35202925610277025,3,0.48231511254019294,11,2,0.32,-1,5,0.8038585209003215,10,
harry-sheezel,Harry Sheezel,2023,2022,SF,ND,3,1-10,22,86,2728.9857997709946,21.43741801147903,53.36537870143466,31.92796068995563,11764,10428,10433,10433,10433,10433,10433,10433,10433,10433,10433,10433,10433,10433,1,1,1,1,1,1,1,1,1,1,1,1,1,1,,0.015913587396952145,0.0,0.0,0.0,0.0,0.0,0.0,0.0,0.0,0.0,0.0,0.0,0.0,5,0.04794783275795934,0,0,0.0,0,5,0.04794783275795934,0,
jake-kolodjashnij,Jake Kolodjashnij,2014,2013,KPD,ND,41,41+,31,209,398.35828513161437,4.328499354198804,-3.555216073057348,-7.883715427256157,22,11,11,6,6,6,6,6,6,6,6,6,6,6,769,787,787,788,789,788,788,789,789,789,789,789,789,790,,6.66632591739269e-06,6.66632591739269e-06,0.5493330738617542,0.549333073861754,0.5493330738617542,0.5493330738617542,0.549333073861754,0.549333073861754,0.5403195462324224,0.5250936866343693,0.5403195462324224,0.5250936866343693,0.5250936866343692,0,0.0,0,-5,-45.45454545454545,-3,-5,-45.45454545454545,-3,
jarman-impey,Jarman Impey,2014,2013,SD,ND,21,21-30,31,237,774.6263762367552,5.772036620084301,2.445830000988816,-3.32620661909549,845,808,808,802,802,802,802,802,802,802,803,802,803,803,251,236,229,231,232,231,232,232,233,231,231,232,232,233,,8.943492038060441e-07,8.943492038060441e-07,0.24006715462762895,0.24006715462762862,0.24006715462762895,0.24006715462762895,0.24006715462762862,0.24006715462762862,0.23764291640237245,0.23363697999571675,0.23764291640237245,0.23363697999571675,0.2336369799957163,0,0.0,7,-5,-0.6188118811881188,-4,-5,-0.6188118811881188,3,
judd-mcvee,Judd McVee,2022,2021,SD,RD,9,pool,23,83,254.6586738490823,-1.2623139425581236,-4.114170106027753,-2.8518561634696304,316,268,263,263,263,263,263,263,263,263,263,263,263,263,424,425,426,424,424,425,426,425,426,424,424,425,427,427,,0.01904440683248876,0.1975630022953525,0.1975630022953525,0.19756300229535217,0.1975630022953525,0.1975630022953525,0.19756300229535217,0.19756300229535217,0.19639452808720592,0.194468095229421,0.19639452808720592,0.194468095229421,0.1944680952294211,-5,-1.8656716417910448,-1,0,0.0,-1,-5,-1.8656716417910448,-2,
judson-clarke,Judson Clarke,2022,2021,SF,ND,30,21-30,23,17,422.7680945231365,-0.3832725796357941,-10.673252197000684,-10.289979617364887,90,41,34,34,35,34,34,35,35,35,36,35,36,36,646,715,734,700,701,702,706,702,705,700,702,702,708,708,,0.4830925455483981,0.5930491062523209,0.5930491062523209,0.5834507863463716,0.5930491062523209,0.5930491062523209,0.5834507863463716,0.5834507863463716,0.5831862793990898,0.5664339761166393,0.5831862793990898,0.5664339761166393,0.5586192405276031,-7,-17.073170731707318,-19,2,5.882352941176471,26,-5,-12.195121951219512,7,
lachlan-ash,Lachlan Ash,2020,2019,SD,ND,4,1-10,25,144,1922.6217200057401,16.605427310693077,14.86496272156245,-1.7404645891306234,5728,5303,5303,5295,5299,5295,5295,5299,5299,5295,5294,5295,5294,5298,14,14,14,14,14,14,14,14,14,14,14,14,14,14,,0.00041919711084970057,0.00041919711084970057,0.08855654102570654,0.04704577162635282,0.08855654102570654,0.08855654102570654,0.04704577162635282,0.04704577162635282,0.0909205793028911,0.09479727357939427,0.0909205793028911,0.09479727357939427,0.05413641937993341,0,0.0,0,-5,-0.09428625306430323,0,-5,-0.09428625306430323,0,
lawson-humphries,Lawson Humphries,2024,2023,SD,ND,63,41+,23,54,159.2912522219783,-5.190264028237625,10.179090592623364,15.369354620860987,1816,1451,1456,1456,1456,1456,1456,1456,1456,1456,1456,1456,1456,1456,130,147,144,144,145,144,144,145,145,144,144,144,144,145,,0.0995741367357279,0.0,0.0,0.0,0.0,0.0,0.0,0.0,0.0,0.0,0.0,0.0,0.0,5,0.34458993797381116,3,0,0.0,-1,5,0.34458993797381116,2,
lucca-grego,Lucca Grego,2025,2024,SD,ND,48,41+,20,1,174.23267825331854,-3.3124880615402,1.9805110893522198,5.29299915089242,124,110,115,115,115,115,115,115,115,115,115,115,115,115,610,614,594,572,574,574,576,576,578,572,573,574,577,579,,0.09038896554371478,0.0,0.0,0.0,0.0,0.0,0.0,0.0,0.0,0.0,0.0,0.0,0.0,5,4.545454545454546,20,0,0.0,15,5,4.545454545454546,35,
matthew-roberts,Matthew Roberts,2022,2021,SD,ND,34,31-40,23,63,357.9877784388025,-1.2623139425581236,8.318347226649148,9.580661169207273,1818,1548,1553,1553,1553,1553,1553,1553,1553,1553,1553,1553,1553,1553,129,136,134,134,135,134,134,135,135,134,134,134,135,135,,0.06076906716931718,0.0,0.0,0.0,0.0,0.0,0.0,0.0,0.0,0.0,0.0,0.0,0.0,5,0.32299741602067183,2,0,0.0,-1,5,0.32299741602067183,1,
nick-haynes,Nick Haynes,2012,2011,SD,ND,10,1-10,34,249,1288.1140428983629,9.743505418950289,5.1144134448607295,-4.62909197408956,60,76,76,69,71,69,69,71,71,69,69,69,69,71,692,657,644,624,623,626,628,625,625,624,626,626,629,628,,3.985937936379358e-07,3.985937936379358e-07,0.3455081834250724,0.2578198547079672,0.3455081834250724,0.3455081834250724,0.2578198547079672,0.2578198547079672,0.34029366755624446,0.33162258155796476,0.34029366755624446,0.33162258155796476,0.25988831512352584,0,0.0,13,-5,-6.578947368421052,16,-5,-6.578947368421052,29,
ryan-byrnes,Ryan Byrnes,2020,2019,SD,ND,51,41+,25,91,171.2443930470505,-3.6844455805900616,-11.098873922334112,-7.414428341744043,64,58,58,51,53,51,51,53,53,52,52,52,52,53,686,683,673,653,648,655,657,651,652,650,652,652,658,656,,0.01176693075871904,0.01176693075871904,0.5243930190042525,0.4214548180638501,0.5243930190042525,0.5243930190042525,0.4214548180638501,0.4214548180638501,0.5157108099376354,0.5010778762957772,0.5157108099376354,0.5010778762957772,0.4113243347888512,0,0.0,10,-5,-8.620689655172415,17,-5,-8.620689655172415,27,
wade-derksen,Wade Derksen,2022,2022,KPD,MSD,5,pool,25,9,325.42025486488586,3.356847768403157,-6.220000000000007,-9.576847768403162,109,158,158,158,158,158,158,158,158,160,163,160,163,163,621,548,538,527,527,527,531,527,531,527,525,527,528,528,,0.4867408061769699,0.4867408061769699,0.48584409335762113,0.48584409335762124,0.48584409335762113,0.48584409335762113,0.48584409335762124,0.48584409335762124,0.4768012036589844,0.46157361420215537,0.4768012036589844,0.46157361420215537,0.46157361420215526,0,0.0,10,5,3.1645569620253164,10,5,3.1645569620253164,20,
andy-moniz-wakefield,Andy Moniz-Wakefield,2022,2021,SD,PDN,,pool,23,8,83.50269024794574,-7.036411790430066,-12.505111320428501,-5.468699529998435,54,39,43,43,43,43,43,43,43,43,43,43,43,43,698,722,704,667,669,669,673,670,674,669,672,672,675,675,,0.4385894312157743,0.25061633124701854,0.25061633124701854,0.2506163312470182,0.25061633124701854,0.25061633124701854,0.2506163312470182,0.2506163312470182,0.24603142739485018,0.23842581554760134,0.24603142739485018,0.23842581554760134,0.23842581554760123,4,10.256410256410257,18,0,0.0,29,4,10.256410256410257,47,
brandon-zerk-thatcher,Brandon Zerk-Thatcher,2018,2017,KPD,ND,65,41+,28,94,174.9086276011761,1.2670579982054933,-3.734081679272572,-5.001139677478061,48,55,55,49,51,49,49,51,51,50,50,50,50,51,720,687,677,655,652,657,661,654,655,655,656,657,662,659,,0.01107355503779539,0.01107355503779539,0.37281600364721756,0.27655268940347744,0.37281600364721756,0.37281600364721756,0.27655268940347744,0.27655268940347744,0.3669612977433492,0.35720816298971425,0.3669612977433492,0.35720816298971425,0.282641366512816,0,0.0,10,-4,-7.2727272727272725,18,-4,-7.2727272727272725,28,
darcy-gardiner,Darcy Gardiner,2014,2013,KPD,ND,22,21-30,31,192,633.689629104298,6.966841415706711,-0.8301098138541025,-7.796951229560812,33,10,10,6,6,6,6,6,6,6,6,6,6,6,747,789,789,787,788,787,787,788,788,788,788,788,788,788,,1.93034136047876e-05,1.9303413604676578e-05,0.5448278313195044,0.5448278313195045,0.5448278313195044,0.5448278313195044,0.5448278313195045,0.5448278313195045,0.5358710559094715,0.520747407076829,0.5358710559094715,0.520747407076829,0.5207474070768289,0,0.0,0,-4,-40.0,1,-4,-40.0,1,
darragh-joyce,Darragh Joyce,2017,2016,KPD,IRE,,pool,29,27,53.21840676430764,-5.445586708110241,-19.48673961948591,-14.041152911375669,41,8,8,4,4,4,4,4,4,4,4,4,4,4,734,793,793,795,797,795,796,797,797,797,797,797,797,797,,0.38100641270807,0.38100641270807,0.7546171254292864,0.7546171254292864,0.7546171254292864,0.7546171254292864,0.7546171254292864,0.7546171254292864,0.7447307426085348,0.727588199653119,0.7447307426085348,0.727588199653119,0.727588199653119,0,0.0,0,-4,-50.0,-4,-4,-50.0,-4,
elliot-himmelberg,Elliott Himmelberg,2017,2016,KPF,ND,51,41+,28,50,229.37267902115113,2.31994774290901,-1.1531763548080258,-3.4731240977170335,56,61,61,57,57,57,57,57,57,57,57,57,57,57,695,676,666,639,639,641,641,641,641,639,639,641,644,645,,0.13647551248351442,0.13647551248351442,0.2513709865446888,0.25137098654468915,0.2513709865446888,0.2513709865446888,0.25137098654468915,0.25137098654468915,0.24859819541294115,0.24401318694976648,0.24859819541294115,0.24401318694976648,0.24401318694976637,0,0.0,10,-4,-6.557377049180328,21,-4,-6.557377049180328,31,
finn-callaghan,Finn Callaghan,2022,2021,MID,ND,3,1-10,23,90,2728.9857997709946,21.43741801147903,20.9998476730409,-0.43757033843812665,6062,5512,5516,5516,5516,5516,5516,5516,5516,5516,5516,5516,5516,5516,12,13,13,13,13,13,13,13,13,13,13,13,13,13,,0.014108663066073501,0.0,0.0,0.0,0.0,0.0,0.0,0.0,0.0,0.0,0.0,0.0,0.0,4,0.07256894049346879,0,0,0.0,0,4,0.07256894049346879,0,
harvey-thomas,Harvey Thomas,2024,2023,SF,ND,59,41+,21,58,183.30595079863943,-2.216410518911377,10.3266697827652,12.543080301676573,2247,1954,1958,1958,1958,1958,1958,1958,1958,1958,1958,1958,1958,1958,99,102,102,101,101,101,101,101,101,101,101,101,101,101,,0.08017253864407836,0.0,0.0,0.0,0.0,0.0,0.0,0.0,0.0,0.0,0.0,0.0,0.0,4,0.2047082906857728,0,0,0.0,1,4,0.2047082906857728,1,
jed-bews,Jed Bews,2012,2011,SD,ND,77,41+,33,175,260.29088995681457,-1.2623139425581236,-22.904522581377975,-21.642208638819856,15,5,5,0,1,0,1,1,1,1,1,1,1,1,783,802,802,804,804,804,804,804,804,804,804,804,804,804,,6.331308499130106e-05,6.331308499141208e-05,0.9069284787266932,0.9016713322998001,0.9069284787266932,0.8743537579947023,0.9016713322998001,0.8743537579947023,0.9001829627177743,0.8880025831597789,0.9001829627177743,0.8525738415997204,0.8525738415997204,0,0.0,0,-4,-80.0,-2,-4,-80.0,-2,
joshua-weddle,Joshua Weddle,2023,2022,SD,ND,18,11-20,22,75,861.8076061860869,6.511834026351431,10.353601856083579,3.8417678297321434,1510,1433,1437,1437,1437,1437,1437,1437,1437,1437,1437,1437,1437,1437,163,149,147,147,149,147,147,149,149,147,147,147,147,149,,0.030549740480166454,0.0,0.0,0.0,0.0,0.0,0.0,0.0,0.0,0.0,0.0,0.0,0.0,4,0.2791346824842987,2,0,0.0,-2,4,0.2791346824842987,0,
liam-ryan,Liam Ryan,2018,2017,SF,ND,26,21-30,30,139,426.75247479816056,-0.2119602713053489,-4.917918623260749,-4.705958351955403,24,13,13,9,9,9,9,9,9,9,9,9,9,9,765,784,783,774,777,775,776,778,778,775,779,776,779,781,,0.0005786150288653591,0.0005786150288653591,0.3512503374052376,0.32065905144279505,0.3512503374052376,0.3512503374052376,0.32065905144279505,0.32065905144279505,0.3458982697246137,0.3369951493935677,0.3458982697246137,0.3369951493935677,0.31136987063525423,0,0.0,1,-4,-30.76923076923077,2,-4,-30.76923076923077,3,
mark-keane,Mark Keane,2023,2022,KPD,SSP,,pool,26,61,168.30689646918233,0.9114222884056873,9.797936026551112,8.886513738145423,1557,1341,1341,1345,1345,1345,1345,1345,1345,1345,1345,1345,1345,1345,156,158,155,155,156,155,155,156,156,155,155,155,156,157,,0.0679441127002165,0.06794411270021661,0.0,0.0,0.0,0.0,0.0,0.0,0.0,0.0,0.0,0.0,0.0,0,0.0,3,4,0.29828486204325133,-2,4,0.29828486204325133,1,
matt-hill,Matt Hill,2025,2024,SD,UNR,,pool,22,2,77.53966075696688,-7.036411790430066,-44.53875271544423,-37.50234092501417,56,61,52,52,52,56,57,56,57,52,52,56,57,57,696,677,686,648,651,644,642,646,643,649,650,644,645,647,,0.16831560302740434,0.4905456745881448,0.4905456745881448,0.4905456745881448,0.35940403125115505,0.3159865163668891,0.35940403125115516,0.31598651636688924,0.48002830476699154,0.46224724992815946,0.3509252054070813,0.29567097139317344,0.29567097139317333,-9,-14.754098360655737,-9,5,9.615384615384615,39,-4,-6.557377049180328,30,
matt-owies,Matt Owies,2019,2018,SF,UNR,,pool,29,91,77.53966075696688,-7.036411790430066,-15.996878544221156,-8.96046675379109,3,7,7,3,3,3,3,3,3,3,3,3,3,3,804,796,796,801,801,801,801,801,801,801,801,801,801,801,,0.01328200717500827,0.01328200717500827,0.6016321287194804,0.6016321287194804,0.6016321287194804,0.6016321287194804,0.6016321287194804,0.6016321287194804,0.5920671077394175,0.5758253775499931,0.5920671077394175,0.5758253775499931,0.5758253775499931,0,0.0,0,-4,-57.142857142857146,-5,-4,-57.142857142857146,-5,
noah-answerth,Noah Answerth,2019,2018,SD,ND,55,41+,27,99,167.2600127720264,-4.176162677773763,-10.829779347781242,-6.653616670007481,12,16,16,11,12,11,11,12,12,11,11,11,11,12,794,777,776,768,765,769,770,766,767,768,769,769,771,768,,0.007216611860492161,0.007216611860492161,0.4810648622799395,0.38910068870747316,0.4810648622799395,0.4810648622799395,0.38910068870747316,0.38910068870747316,0.4730550592511613,0.45960491248092095,0.4730550592511613,0.45960491248092095,0.3800145515823856,0,0.0,1,-4,-25.0,8,-4,-25.0,9,
ollie-greeves,Ollie Greeves,2026,2025,MID,RD,5,pool,19,3,212.39992549540213,-1.2623139425581236,-13.01948891064778,-11.757174968089657,583,519,512,512,512,512,512,512,512,513,515,513,515,515,315,315,309,306,307,306,307,307,308,306,305,307,306,307,,0.2918181528951632,0.3382452797754021,0.3382452797754021,0.3382452797754021,0.3382452797754021,0.3382452797754021,0.3382452797754021,0.3382452797754021,0.330734445208434,0.31818934074998784,0.330734445208434,0.31818934074998784,0.3181893407499876,-7,-1.348747591522158,6,3,0.5859375,2,-4,-0.7707129094412332,8,
oscar-mcdonald,Oscar McDonald,2015,2014,KPD,ND,53,41+,30,100,373.01992451974183,3.828196459627315,1.3047909668924513,-2.5234054927348644,68,84,84,80,80,80,80,80,80,80,80,80,80,80,681,648,635,615,615,618,618,618,618,615,617,618,620,620,,0.0067856446265864845,0.0067856446265864845,0.16679950548679878,0.16679950548679878,0.16679950548679878,0.16679950548679878,0.16679950548679878,0.16679950548679878,0.16658473808841856,0.16623121710695465,0.16658473808841856,0.16623121710695465,0.16623121710695432,0,0.0,13,-4,-4.761904761904762,15,-4,-4.761904761904762,28,
peter-ladhams,Peter Ladhams,2017,2016,KPF,RD,7,pool,28,65,372.0760157379352,3.8089472528834976,8.510594295865738,4.701647042982241,493,470,470,474,474,474,474,474,474,474,474,474,474,474,346,333,321,315,315,316,317,316,317,316,316,317,318,318,,0.06076906716931718,0.06076906716931718,0.0,0.0,0.0,0.0,0.0,0.0,0.0,0.0,0.0,0.0,0.0,0,0.0,12,4,0.851063829787234,3,4,0.851063829787234,15,
reuben-ginbey,Reuben Ginbey,2023,2022,SD,ND,9,1-10,22,76,927.3306694774677,6.532047249065631,6.760845208977558,0.22879795991192983,2349,2140,2144,2144,2144,2144,2144,2144,2144,2144,2144,2144,2144,2144,89,87,86,86,87,86,86,87,87,86,86,86,86,87,,0.0323855611684809,0.0,0.0,0.0,0.0,0.0,0.0,0.0,0.0,0.0,0.0,0.0,0.0,4,0.18691588785046728,1,0,0.0,-1,4,0.18691588785046728,0,
sam-banks,Sam Banks,2022,2021,SD,ND,29,21-30,23,57,438.0951952388514,0.27560254538325973,-1.1981075255577045,-1.4737100709409694,937,816,818,818,821,818,818,821,821,818,817,818,817,820,237,234,228,227,227,227,228,227,228,227,227,227,228,228,,0.08467348430761934,0.06010198969576508,0.06010198969576508,0.02893076515354931,0.06010198969576508,0.06010198969576508,0.02893076515354931,0.02893076515354931,0.06344264874458283,0.06891389023298511,0.06344264874458283,0.06891389023298511,0.036344887002930815,2,0.24509803921568626,6,2,0.24449877750611246,0,4,0.49019607843137253,6,
zane-zakostelsky,Zane Zakostelsky,2024,2023,KPD,ND,51,41+,21,3,375.01211465725385,3.868460700255515,-4.811327309951935,-8.679788010207453,209,256,259,259,259,259,259,259,259,259,260,259,260,260,500,442,429,426,426,427,428,427,428,426,425,428,428,428,,0.23506858983338075,0.2073881111754745,0.2073881111754745,0.20738811117547407,0.2073881111754745,0.2073881111754745,0.20738811117547407,0.20738811117547407,0.20266522702387957,0.19483237314355584,0.20266522702387957,0.19483237314355584,0.1948323731435555,3,1.171875,13,1,0.3861003861003861,1,4,1.5625,14,
brody-mihocek,Brody Mihocek,2018,2017,KPF,RD,14,pool,33,169,191.6434797547226,1.6227760307825996,-0.09349112426035325,-1.7162671550429565,10,43,43,40,40,40,40,40,40,40,40,40,40,40,796,712,705,678,678,679,681,679,681,678,680,680,684,684,,9.385736078004747e-05,9.385736078004747e-05,0.08602458285698256,0.08602458285698222,0.08602458285698256,0.08602458285698256,0.08602458285698222,0.08602458285698222,0.08847561753988409,0.09249450489842015,0.08847561753988409,0.09249450489842015,0.09249450489841948,0,0.0,7,-3,-6.976744186046512,21,-3,-6.976744186046512,28,
harry-cunningham,Harry Cunningham,2012,2011,SD,PDA,,pool,33,230,366.02402260078935,-1.2623139425581236,-6.463722950409956,-5.201409007851834,10,7,7,4,4,4,4,4,4,4,4,4,4,4,797,794,794,796,798,796,797,798,798,798,798,798,798,798,,1.636915909042358e-06,1.636915909042358e-06,0.3870734848858497,0.38707348488584936,0.3870734848858497,0.3870734848858497,0.38707348488584936,0.38707348488584936,0.38089951467554306,0.370604570364653,0.38089951467554306,0.370604570364653,0.37060457036465255,0,0.0,0,-3,-42.857142857142854,-4,-3,-42.857142857142854,-4,
isaiah-dudley,Isaiah Dudley,2025,2024,SF,SSP,,pool,23,35,124.3742758208904,-7.036411790430066,-9.739322741992535,-2.702910951562469,234,182,185,185,185,185,185,185,185,185,185,185,185,185,473,527,515,506,508,507,509,509,510,507,509,508,511,511,,0.2555994417933758,0.17983403170900258,0.17983403170900258,0.17983403170900225,0.17983403170900258,0.17983403170900258,0.17983403170900225,0.17983403170900225,0.1791032476381691,0.1778993224309987,0.1791032476381691,0.1778993224309987,0.17789932243099849,3,1.6483516483516483,12,0,0.0,4,3,1.6483516483516483,16,
jacob-van-rooyen,Jacob Van Rooyen,2022,2021,KPF,ND,19,11-20,23,76,729.7064474578184,7.566511092061505,10.917245427077496,3.3507343350159933,1894,1716,1719,1719,1719,1719,1719,1719,1719,1719,1719,1719,1719,1719,123,120,120,120,120,120,120,120,120,120,120,120,120,120,,0.028813125333436607,0.0,0.0,0.0,0.0,0.0,0.0,0.0,0.0,0.0,0.0,0.0,0.0,3,0.17482517482517482,0,0,0.0,0,3,0.17482517482517482,0,
jake-melksham,Jake Melksham,2010,2009,KPF,ND,10,1-10,35,254,1111.2073016839277,6.91341997464975,-7.278455302793097,-14.191875277442842,50,5,5,2,2,2,2,2,2,2,2,2,2,2,709,801,801,803,803,803,803,803,803,803,803,803,803,803,,3.2555728957106567e-07,3.2555728957106567e-07,0.7813392695277069,0.779483843362256,0.7813392695277069,0.7813392695277069,0.779483843362256,0.779483843362256,0.7717764026572433,0.7551218438978113,0.7717764026572433,0.7551218438978113,0.7534103435313677,0,0.0,0,-3,-60.0,-2,-3,-60.0,-2,
jake-stringer,Jake Stringer,2013,2012,SF,ND,7,1-10,32,246,1108.2466616672195,6.643249308427172,4.766765789841726,-1.8764835185854476,103,126,126,123,123,123,123,123,123,123,123,123,123,123,630,584,574,564,564,567,569,567,569,565,566,567,570,571,,4.879458119777524e-07,4.879458119777524e-07,0.10265943744685824,0.09707238701926646,0.10265943744685824,0.10265943744685824,0.09707238701926646,0.09707238701926646,0.10454289143895745,0.10763352066260246,0.10454289143895745,0.10763352066260246,0.10304011481102782,0,0.0,10,-3,-2.380952380952381,3,-3,-2.380952380952381,13,
jason-horne-francis,Jason Horne-Francis,2022,2021,SF,ND,1,1-10,23,98,3272.7827724260437,25.440230012706913,28.766999248673518,3.326769235966608,6042,5597,5600,5600,5600,5600,5600,5600,5600,5600,5600,5600,5600,5600,13,12,12,12,12,12,12,12,12,12,12,12,12,12,,0.007674198146106148,0.0,0.0,0.0,0.0,0.0,0.0,0.0,0.0,0.0,0.0,0.0,0.0,3,0.05360014293371449,0,0,0.0,0,3,0.05360014293371449,0,
kai-lohmann,Kai Lohmann,2022,2021,SF,ND,20,11-20,23,72,546.2829374057501,3.2931080402974717,3.623512978129672,0.33040493783220376,879,820,823,823,823,823,823,823,823,823,823,823,823,823,247,233,227,226,226,226,227,226,227,226,226,226,227,227,,0.036375722080204675,0.0,0.0,0.0,0.0,0.0,0.0,0.0,0.0,0.0,0.0,0.0,0.0,3,0.36585365853658536,6,0,0.0,0,3,0.36585365853658536,6,
luke-mcdonald,Luke McDonald,2014,2013,SD,ND,8,1-10,31,235,1290.1062330358748,9.25417825168683,1.7329512586249427,-7.521226993061881,50,15,15,12,12,12,12,12,12,12,12,12,12,12,710,779,778,761,764,763,764,765,766,762,765,764,766,767,,1.1702030447979794e-06,1.1702030447979794e-06,0.5302096641742531,0.4522214892639198,0.5302096641742531,0.5302096641742531,0.4522214892639198,0.4522214892639198,0.5214466025503537,0.5066697467338107,0.5214466025503537,0.5066697467338107,0.43968178281738957,0,0.0,1,-3,-20.0,11,-3,-20.0,12,
mac-andrew,Mac Andrew,2022,2021,KPD,ND,5,1-10,23,84,1451.1107204393054,10.806543129062868,15.807355502682869,5.000812373619997,4169,3747,3750,3750,3750,3750,3750,3750,3750,3750,3750,3750,3750,3750,31,31,32,32,33,32,32,33,33,32,32,32,32,33,,0.017940144696956817,0.0,0.0,0.0,0.0,0.0,0.0,0.0,0.0,0.0,0.0,0.0,0.0,3,0.08006405124099279,-1,0,0.0,-1,3,0.08006405124099279,-2,
massimo-d-ambrosio,Massimo D'Ambrosio,2022,2022,MID,MSD,3,pool,23,85,479.4688417872455,1.7905197524992915,5.612085723222394,3.821565970723101,1565,1563,1566,1566,1566,1566,1566,1566,1566,1566,1566,1566,1566,1566,154,133,133,133,134,133,133,134,134,133,133,133,133,134,,0.01130016083718699,0.0,0.0,0.0,0.0,0.0,0.0,0.0,0.0,0.0,0.0,0.0,0.0,3,0.19193857965451055,0,0,0.0,-1,3,0.19193857965451055,-1,
max-ramsden,Max Ramsden,2022,2022,KPF,MSD,6,pool,23,11,217.45512952851865,2.31994774290901,-9.40310096935737,-11.723048712266378,257,194,189,189,189,189,189,189,189,190,191,190,191,191,454,519,512,504,505,504,505,505,506,504,503,504,505,506,,0.4867408061769699,0.5641139556222663,0.5641139556222663,0.5641139556222664,0.5641139556222663,0.5641139556222663,0.5641139556222664,0.5641139556222664,0.5541118098892462,0.5371512204037423,0.5541118098892462,0.5371512204037423,0.5371512204037425,-5,-2.577319587628866,7,2,1.0582010582010581,6,-3,-1.5463917525773196,13,
nathan-broad,Nathan Broad,2016,2015,SD,ND,65,41+,33,188,260.29088995681457,-1.2623139425581236,-8.654904710780256,-7.392590768222132,15,10,10,7,7,7,7,7,7,7,7,7,7,7,786,791,791,785,786,785,785,786,786,786,787,786,787,787,,2.354471898802224e-05,2.354471898802224e-05,0.5232300107253618,0.4962996447500341,0.5232300107253618,0.5232300107253618,0.4962996447500341,0.4962996447500341,0.5145645018901189,0.49996122700334744,0.5145645018901189,0.49996122700334744,0.4994204832463749,0,0.0,0,-3,-30.0,4,-3,-30.0,4,
nicholas-holman,Nicholas Holman,2014,2013,SF,ND,49,41+,31,153,278.369144349601,-1.2623139425581236,-9.574735389326648,-8.312421446768525,14,6,6,3,3,3,3,3,3,3,3,3,3,3,789,797,797,802,802,802,802,802,802,802,802,802,802,802,,0.0002664462515723498,0.0002664462515723498,0.5709475615010926,0.5709475615010928,0.5709475615010926,0.5709475615010926,0.5709475615010928,0.5709475615010928,0.5616816944873894,0.5459971080452404,0.5616816944873894,0.5459971080452404,0.5459971080452407,0,0.0,0,-3,-50.0,-5,-3,-50.0,-5,
nicholas-martin,Nicholas Martin,2022,2021,SF,SSP,,pool,25,83,360.40495548581396,-1.2623139425581236,28.472414580563754,29.734728523121877,3513,3196,3196,3199,3199,3199,3199,3199,3199,3199,3199,3199,3199,3199,49,48,46,46,47,46,46,47,47,46,46,46,46,47,,0.02145204433942971,0.02145204433942971,0.0,0.0,0.0,0.0,0.0,0.0,0.0,0.0,0.0,0.0,0.0,0,0.0,2,3,0.09386733416770963,-1,3,0.09386733416770963,1,
noah-balta,Noah Balta,2018,2017,KPF,ND,25,21-30,27,134,614.1678055953734,6.823909671926694,4.931587879858276,-1.8923217920684214,418,412,412,409,409,409,409,409,409,409,409,409,409,409,376,363,346,340,340,340,342,340,342,340,340,340,343,343,,0.0009066144493288242,0.0009066144493288242,0.10428722075879115,0.10428722075879115,0.10428722075879115,0.10428722075879115,0.10428722075879115,0.10428722075879115,0.1061156344450247,0.10911617516094174,0.1061156344450247,0.10911617516094174,0.10911617516094108,0,0.0,17,-3,-0.7281553398058253,3,-3,-0.7281553398058253,20,
ollie-dempsey,Ollie Dempsey,2022,2021,MID,RD,7,pool,23,77,212.39992549540213,-1.2623139425581236,10.883830713233765,12.146144655791888,2428,2159,2162,2162,2162,2162,2162,2162,2162,2162,2162,2162,2162,2162,84,84,85,85,85,85,85,85,85,85,85,85,85,85,,0.027170762264459913,0.0,0.0,0.0,0.0,0.0,0.0,0.0,0.0,0.0,0.0,0.0,0.0,3,0.13895321908290875,-1,0,0.0,0,3,0.13895321908290875,-1,
tristan-xerri,Tristan Xerri,2018,2017,RUCK,ND,71,41+,27,91,566.0434372785456,6.341645283756316,28.567497312921684,22.225852029165367,7800,6965,6965,6968,6968,6968,6968,6968,6968,6968,6968,6968,6968,6968,6,6,6,6,6,6,6,6,6,6,6,6,6,6,,0.01176693075871904,0.01176693075871904,0.0,0.0,0.0,0.0,0.0,0.0,0.0,0.0,0.0,0.0,0.0,0,0.0,0,3,0.043072505384063174,0,3,0.043072505384063174,0,
will-day,Will Day,2020,2019,MID,ND,13,11-20,25,83,1444.775736102072,11.283826206821479,17.04363985922808,5.759813652406607,2387,2136,2136,2139,2139,2139,2139,2139,2139,2139,2139,2139,2139,2139,86,88,88,88,89,88,88,89,89,88,88,88,88,89,,0.01904440683248876,0.01904440683248876,0.0,0.0,0.0,0.0,0.0,0.0,0.0,0.0,0.0,0.0,0.0,0,0.0,0,3,0.1404494382022472,-1,3,0.1404494382022472,-1,
zach-guthrie,Zach Guthrie,2017,2016,SD,RD,21,pool,28,147,254.6586738490823,-1.2623139425581236,-2.742919237258621,-1.4806052947004977,210,246,246,243,243,243,243,243,243,243,243,243,243,243,499,454,443,437,438,439,440,440,441,437,440,439,442,442,,0.00034529364877644575,0.00034529364877644575,0.06099439313958388,0.06099439313958377,0.06099439313958388,0.06099439313958388,0.06099439313958377,0.06099439313958377,0.06431692354744367,0.0697585894500814,0.06431692354744367,0.0697585894500814,0.06975858945008095,0,0.0,11,-3,-1.2195121951219512,1,-3,-1.2195121951219512,12,
anthony-caminiti,Anthony Caminiti,2023,2022,KPF,SSP,,pool,23,72,159.85500037979924,0.050791704960715944,0.8575580704501449,0.806766365489429,1110,861,863,863,863,863,863,863,863,863,863,863,863,863,210,225,219,219,219,219,220,219,220,219,220,219,221,221,,0.036375722080204675,0.0,0.0,0.0,0.0,0.0,0.0,0.0,0.0,0.0,0.0,0.0,0.0,2,0.23228803716608595,6,0,0.0,-2,2,0.23228803716608595,4,
cooper-simpson,Cooper Simpson,2024,2023,SD,ND,35,31-40,21,5,348.3707999306463,-1.2623139425581236,-11.703609073678248,-10.441295131120125,179,204,203,203,203,203,203,203,203,204,206,204,206,206,530,504,497,483,485,485,485,486,486,481,481,483,482,482,,0.33962627575333015,0.3512090424505212,0.3512090424505212,0.351209042450521,0.3512090424505212,0.3512090424505212,0.351209042450521,0.351209042450521,0.3436659958408411,0.3310625276804964,0.3436659958408411,0.3310625276804964,0.3310625276804965,-1,-0.49019607843137253,7,3,1.477832512315271,15,2,0.9803921568627451,22,
harry-morrison,Harry Morrison,2017,2016,MID,ND,73,41+,28,132,320.0349656342098,-1.2623139425581236,-3.152104087648062,-1.8897901450899393,20,33,33,31,31,31,31,31,31,31,31,31,31,31,773,742,738,705,708,707,711,709,712,711,711,712,716,716,,0.0009066144493288242,0.0009066144493288242,0.10402720814192801,0.10402720814192767,0.10402720814192801,0.10402720814192801,0.10402720814192767,0.10402720814192767,0.10586440651398288,0.10887932664057298,0.10586440651398288,0.10887932664057298,0.1088793266405731,0,0.0,4,-2,-6.0606060606060606,22,-2,-6.0606060606060606,26,
jacob-hopper,Jacob Hopper,2016,2015,MID,ND,7,1-10,29,177,1577.6493483192783,13.521719007457017,11.579671827802152,-1.9420471796548697,101,87,87,82,85,82,82,85,85,82,82,82,82,85,632,640,630,612,610,615,615,612,613,612,612,615,616,614,,5.5511968020005575e-05,5.5511968020005575e-05,0.10937912741171096,0.04224979528852857,0.10937912741171096,0.10937912741171096,0.04224979528852857,0.04224979528852857,0.11103598260525638,0.11375563718986836,0.11103598260525638,0.11375563718986836,0.04740175431265192,0,0.0,10,-2,-2.2988505747126435,16,-2,-2.2988505747126435,26,
jaspa-fletcher,Jaspa Fletcher,2023,2022,SD,ND,12,11-20,22,87,1286.1218527608507,9.219793546914932,8.684957982971198,-0.5348355639437297,2616,2454,2456,2456,2456,2456,2456,2456,2456,2456,2456,2456,2456,2456,75,69,73,73,74,73,73,74,74,73,73,73,73,74,,0.01498491879092445,0.0,0.0,0.0,0.0,0.0,0.0,0.0,0.0,0.0,0.0,0.0,0.0,2,0.08149959250203749,-4,0,0.0,-1,2,0.08149959250203749,-5,
joel-jeffrey,Joel Jeffrey,2021,2020,SD,ND,30,21-30,24,71,411.2936401865051,-0.8418258866198329,4.570539493005877,5.412365379625707,1579,1352,1352,1354,1354,1354,1354,1354,1354,1354,1354,1354,1354,1354,153,156,154,154,155,154,154,155,155,154,154,154,155,156,,0.03854107268654561,0.03854107268654561,0.0,0.0,0.0,0.0,0.0,0.0,0.0,0.0,0.0,0.0,0.0,0,0.0,2,2,0.14792899408284024,-2,2,0.14792899408284024,0,
josh-rachele,Josh Rachele,2022,2021,SF,ND,6,1-10,23,89,1160.6822633606625,7.533038020566048,10.672630971649278,3.13959295108323,2008,1872,1874,1874,1874,1874,1874,1874,1874,1874,1874,1874,1874,1874,119,115,113,113,115,113,113,115,115,113,113,113,113,115,,0.01328200717500827,0.0,0.0,0.0,0.0,0.0,0.0,0.0,0.0,0.0,0.0,0.0,0.0,2,0.10683760683760683,2,0,0.0,-2,2,0.10683760683760683,0,
josh-worrell,Josh Worrell,2020,2019,SD,ND,28,21-30,25,74,464.2716234574562,3.358143229075054,19.576181545820358,16.2180383167453,3723,3136,3136,3138,3138,3138,3138,3138,3138,3138,3138,3138,3138,3138,44,51,49,49,50,49,49,50,50,49,49,49,49,50,,0.0323855611684809,0.0323855611684809,0.0,0.0,0.0,0.0,0.0,0.0,0.0,0.0,0.0,0.0,0.0,0,0.0,2,2,0.06377551020408163,-1,2,0.06377551020408163,1,
kieren-briggs,Kieren Briggs,2019,2018,RUCK,ND,34,31-40,27,84,1057.8606893492702,8.431132438305454,14.843646605014294,6.41251416670884,1992,1808,1808,1810,1810,1810,1810,1810,1810,1810,1810,1810,1810,1810,121,117,117,117,118,117,117,118,118,117,117,117,117,118,,0.017940144696956817,0.017940144696956817,0.0,0.0,0.0,0.0,0.0,0.0,0.0,0.0,0.0,0.0,0.0,0,0.0,0,2,0.11061946902654868,-1,2,0.11061946902654868,-1,
lloyd-meek,Lloyd Meek,2018,2017,RUCK,ND,68,41+,28,96,566.0434372785456,6.341645283756316,12.365388262434431,6.0237429786781105,1300,1365,1365,1367,1367,1367,1367,1367,1367,1367,1367,1367,1367,1367,183,155,153,152,152,152,152,152,152,152,152,152,153,153,,0.008675632618332152,0.008675632618332152,0.0,0.0,0.0,0.0,0.0,0.0,0.0,0.0,0.0,0.0,0.0,0,0.0,2,2,0.14652014652014653,0,2,0.14652014652014653,2,
mabior-chol,Mabior Chol,2016,2015,KPF,RD,25,pool,29,122,191.6434797547226,1.6227760307825996,0.6246345042637508,-0.9981415265188524,205,261,261,261,261,261,261,261,261,260,259,260,259,259,506,435,428,425,425,426,427,426,427,425,426,427,429,429,,0.0017137594691370994,0.0017137594691370994,0.007592165974517506,0.007592165974517506,0.007592165974517506,0.007592165974517506,0.007592165974517506,0.007592165974517506,0.012841779337283143,0.021419662344206003,0.012841779337283143,0.021419662344206003,0.02141966234420578,0,0.0,7,-2,-0.7662835249042146,-1,-2,-0.7662835249042146,6,
matt-guelfi,Matt Guelfi,2018,2017,SF,ND,75,41+,29,124,103.02153132816662,-7.036411790430066,-11.503683126740885,-4.4672713363108185,15,7,7,5,5,5,5,5,5,5,5,5,5,5,785,795,795,793,794,793,793,794,794,794,794,794,794,794,,0.0017137594691369884,0.0017137594691369884,0.33325165971295245,0.3332516597129527,0.33325165971295245,0.33325165971295245,0.3332516597129527,0.3332516597129527,0.3283359405699169,0.32016809895590614,0.3283359405699169,0.32016809895590614,0.32016809895590603,0,0.0,0,-2,-28.571428571428573,1,-2,-28.571428571428573,1,
mitchell-lewis,Mitchell Lewis,2017,2016,KPF,ND,75,41+,28,96,278.58876024777845,2.4904129544950084,3.258854876604602,0.7684419221095913,517,565,565,567,567,567,567,567,567,567,567,567,567,567,336,303,295,292,294,293,294,295,296,293,294,295,295,296,,0.00922290735068343,0.00922290735068343,0.0,0.0,0.0,0.0,0.0,0.0,0.0,0.0,0.0,0.0,0.0,0,0.0,8,2,0.35398230088495575,-1,2,0.35398230088495575,7,
riley-thilthorpe,Riley Thilthorpe,2021,2020,KPF,ND,2,1-10,24,94,2180.039165937757,10.913749488858416,19.694427766293355,8.780678277434943,4468,4065,4065,4067,4067,4067,4067,4067,4067,4067,4067,4067,4067,4067,25,24,25,25,26,25,25,26,26,25,25,25,25,26,,0.00980366311550529,0.00980366311550529,0.0,0.0,0.0,0.0,0.0,0.0,0.0,0.0,0.0,0.0,0.0,0,0.0,-1,2,0.04920049200492005,-1,2,0.04920049200492005,-2,
sam-de-koning,Sam De Koning,2020,2019,KPD,ND,19,11-20,25,96,647.0924469618112,7.058685512980747,5.922130961543127,-1.1365545514376172,936,861,861,860,860,860,860,860,860,860,859,860,859,859,238,226,220,220,220,220,221,220,221,221,222,221,223,224,,0.009222907350683318,0.009222907350683318,0.023214703941940473,0.02321470394194103,0.023214703941940473,0.023214703941940473,0.02321470394194103,0.02321470394194103,0.027890944282993102,0.0355370365888007,0.027890944282993102,0.0355370365888007,0.03553703658880092,0,0.0,6,-2,-0.23228803716608595,-4,-2,-0.23228803716608595,2,
will-hayward,Will Hayward,2017,2016,SF,ND,21,21-30,28,202,538.4783490594107,3.167030506740262,0.7016536917259814,-2.465376815014279,229,229,229,226,227,226,226,227,227,226,226,226,226,227,481,474,460,453,452,454,455,453,454,453,453,454,456,454,,9.299842552601412e-06,9.299842552601412e-06,0.16124301115608297,0.11883290564954474,0.16124301115608297,0.16124301115608297,0.11883290564954474,0.11883290564954474,0.16120430389114626,0.16114060706762068,0.16120430389114626,0.16114060706762068,0.12673494914907402,0,0.0,14,-2,-0.8733624454148472,6,-2,-0.8733624454148472,20,
ben-miller,Ben Miller,2018,2017,KPD,ND,62,41+,27,86,364.05506890093767,3.67038359026867,4.897892173719272,1.227508583450602,1042,926,926,927,927,927,927,927,927,927,927,927,927,927,219,215,214,213,213,213,213,213,213,213,213,213,213,213,,0.015913587396952145,0.015913587396952145,0.0,0.0,0.0,0.0,0.0,0.0,0.0,0.0,0.0,0.0,0.0,0,0.0,1,1,0.1079913606911447,1,1,0.1079913606911447,2,
callum-brown-ire,Callum M. Brown,2019,2018,SF,IRE,,pool,26,74,60.781504516537616,-7.036411790430066,-10.354142727385176,-3.317730936955111,28,30,30,29,29,29,29,29,29,29,29,29,29,29,756,750,748,713,714,714,717,715,718,713,713,715,719,720,,0.0323855611684809,0.0323855611684809,0.23923266342672067,0.23923266342672045,0.23923266342672067,0.23923266342672067,0.23923266342672045,0.23923266342672045,0.2368304561785356,0.23286109483880835,0.2368304561785356,0.23286109483880835,0.23286109483880812,0,0.0,2,-1,-3.3333333333333335,28,-1,-3.3333333333333335,30,
campbell-gray,Campbell Gray,2024,2024,KPD,MSD,15,pool,23,12,325.42025486488586,3.356847768403157,-6.88843878230346,-10.245286550706618,176,206,200,200,200,200,200,200,200,202,205,202,205,205,534,501,501,488,490,489,490,490,491,485,483,486,485,486,,0.49438499781218903,0.5278361680776483,0.5278361680776483,0.527836168077648,0.5278361680776483,0.5278361680776483,0.527836168077648,0.527836168077648,0.5183125857913438,0.5022215828543315,0.5183125857913438,0.5022215828543315,0.5022215828543315,-6,-2.912621359223301,0,5,2.5,15,-1,-0.4854368932038835,15,
chad-warner,Chad Warner,2020,2019,SF,ND,38,31-40,25,127,629.2427426189774,4.624517217574063,26.817156994468718,22.19263977689465,4411,4003,4003,4004,4004,4004,4004,4004,4004,4004,4004,4004,4004,4004,26,25,26,26,27,26,26,27,27,26,26,26,26,27,,0.0012474200505856459,0.0012474200505856459,0.0,0.0,0.0,0.0,0.0,0.0,0.0,0.0,0.0,0.0,0.0,0,0.0,-1,1,0.02498126405196103,-1,1,0.02498126405196103,-2,
changkuoth-jiath,Changkuoth Jiath,2018,2017,SD,PDN,,pool,27,87,83.50269024794574,-7.036411790430066,-5.149365356691731,1.8870464337383348,12,18,18,19,19,19,19,19,19,19,19,19,19,19,792,770,769,738,741,742,743,744,745,738,739,742,744,747,,0.01498491879092445,0.01498491879092445,0.0,0.0,0.0,0.0,0.0,0.0,0.0,0.0,0.0,0.0,0.0,0,0.0,1,1,5.555555555555555,22,1,5.555555555555555,23,
daniel-butler,Daniel Butler,2015,2014,SF,ND,65,41+,30,159,103.02153132816662,-7.036411790430066,-10.45178662185779,-3.415374831427724,15,4,4,3,3,3,3,3,3,3,3,3,3,3,782,803,803,799,799,799,799,799,799,799,799,799,799,799,,0.00018038029873290728,0.00018038029873279626,0.24779620440647965,0.24779620440647998,0.24779620440647965,0.24779620440647965,0.24779620440647998,0.24779620440647998,0.24515123547435824,0.24077867146484466,0.24515123547435824,0.24077867146484466,0.24077867146484444,0,0.0,0,-1,-25.0,4,-1,-25.0,4,
harry-perryman,Harry Perryman,2017,2016,SD,ND,14,11-20,28,169,1040.1638986482667,6.532047249065631,5.671230580241311,-0.8608166688243148,68,81,81,81,81,81,81,81,81,81,80,81,80,80,680,651,638,613,613,616,616,616,616,613,615,616,618,618,,9.385736077993645e-05,9.385736077993645e-05,0.0,0.0,0.0,0.0,0.0,0.0,0.0,0.007207262219920407,0.0,0.007207262219920407,0.007207262219920851,0,0.0,13,-1,-1.2345679012345678,20,-1,-1.2345679012345678,33,
hayden-young,Hayden Young,2020,2019,MID,ND,7,1-10,25,98,1577.6493483192783,13.521719007457017,20.972727056375458,7.451008048918434,1762,1650,1650,1651,1651,1651,1651,1651,1651,1651,1651,1651,1651,1651,136,125,126,127,127,127,127,127,127,127,127,127,127,127,,0.007674198146106148,0.007674198146106148,0.0,0.0,0.0,0.0,0.0,0.0,0.0,0.0,0.0,0.0,0.0,0,0.0,-1,1,0.06060606060606061,-1,1,0.06060606060606061,-2,
jack-buckley,Jack Buckley,2018,2017,KPD,PDN,,pool,29,94,109.19299126830595,-5.292348807885669,7.583825176639653,12.876173984525321,548,503,503,504,504,504,504,504,504,504,504,504,504,504,323,321,313,310,310,311,311,311,311,311,311,312,312,312,,0.011073555037795724,0.011073555037795502,0.0,0.0,0.0,0.0,0.0,0.0,0.0,0.0,0.0,0.0,0.0,0,0.0,8,1,0.1988071570576541,1,1,0.1988071570576541,9,
jack-ross,Jack Ross,2019,2018,SF,ND,43,41+,26,107,574.1348036742866,3.739286418953937,2.731427867317417,-1.0078585516365206,2761,2479,2479,2478,2478,2478,2478,2478,2478,2478,2478,2478,2478,2478,68,68,71,71,72,71,71,72,72,71,71,71,71,72,,0.004398151615699564,0.004398151615699564,0.008696999065157418,0.008324117548916266,0.008696999065157418,0.008696999065157418,0.008324117548916266,0.008324117548916266,0.013905764055607617,0.022417300133533935,0.013905764055607617,0.022417300133533935,0.02241730013353349,0,0.0,-3,-1,-0.04033884630899556,-1,-1,-0.04033884630899556,-4,
jake-bowey,Jake Bowey,2021,2020,SD,ND,22,21-30,24,95,742.383287975095,5.5877358287149645,11.983625920749011,6.395890092034041,4319,3807,3807,3808,3808,3808,3808,3808,3808,3808,3808,3808,3808,3808,27,29,31,31,32,31,31,32,32,31,31,31,31,32,,0.009222907350683318,0.009222907350683318,0.0,0.0,0.0,0.0,0.0,0.0,0.0,0.0,0.0,0.0,0.0,0,0.0,-2,1,0.026267402153926978,-1,1,0.026267402153926978,-3,
james-o-donnell,James O'Donnell,2023,2022,KPD,UNR,,pool,24,63,95.39801931497091,-5.445586708110241,-4.98837177799527,0.45721493011497194,727,513,513,514,514,514,514,514,514,514,514,514,514,514,278,318,307,304,305,304,305,305,306,305,306,305,307,308,,0.06076906716931718,0.06076906716931718,0.0,0.0,0.0,0.0,0.0,0.0,0.0,0.0,0.0,0.0,0.0,0,0.0,11,1,0.1949317738791423,-1,1,0.1949317738791423,10,
jayden-nguyen,Jayden Nguyen,2025,2024,SD,PDN,,pool,20,10,83.50269024794574,-7.036411790430066,-17.206255713173157,-10.169843922743095,471,302,301,301,301,301,301,301,301,302,303,302,303,303,355,410,403,403,404,404,405,405,406,402,404,403,406,406,,0.4752543562311964,0.49023372868496307,0.49023372868496307,0.49023372868496295,0.49023372868496307,0.49023372868496307,0.49023372868496295,0.49023372868496295,0.4810258700729362,0.4655108905440005,0.4810258700729362,0.4655108905440005,0.4655108905440004,-1,-0.33112582781456956,7,2,0.6644518272425249,-3,1,0.33112582781456956,4,
joe-berry,Joe Berry,2025,2024,SF,ND,15,11-20,20,31,633.8707984845851,4.693718802370486,-0.39264665931645826,-5.086365461686942,1259,1001,982,982,1002,982,982,1002,1002,984,987,984,987,1000,187,204,201,201,199,202,203,200,200,201,201,202,202,201,,0.303358560276241,0.3683285112313689,0.3683285112313689,0.2989350123297956,0.3683285112313689,0.3683285112313689,0.2989350123297956,0.2989350123297956,0.3624510261816729,0.3526603331028674,0.3624510261816729,0.3526603331028674,0.3041976429306176,-19,-1.898101898101898,3,18,1.8329938900203666,0,-1,-0.0999000999000999,3,
jye-caldwell,Jye Caldwell,2019,2018,MID,ND,11,11-20,26,103,1573.6649680442542,13.46629690449404,13.513551629464692,0.047254724970647234,979,972,972,973,973,973,973,973,973,973,973,973,973,973,233,207,204,204,204,205,206,205,206,204,206,205,206,206,,0.005997665075333614,0.005997665075333614,0.0,0.0,0.0,0.0,0.0,0.0,0.0,0.0,0.0,0.0,0.0,0,0.0,3,1,0.102880658436214,-2,1,0.102880658436214,1,
keidean-coleman,Keidean Coleman,2020,2019,SD,ND,36,31-40,26,78,346.0041890387714,-1.2623139425581236,5.155686653116788,6.418000595674911,754,673,673,674,674,674,674,674,674,674,674,674,674,674,267,268,263,259,259,260,260,260,260,260,260,261,261,261,,0.028813125333436607,0.028813125333436607,0.0,0.0,0.0,0.0,0.0,0.0,0.0,0.0,0.0,0.0,0.0,0,0.0,5,1,0.1485884101040119,2,1,0.1485884101040119,7,
lachlan-sholl,Lachlan Sholl,2019,2018,MID,ND,64,41+,26,79,100.0,-7.036411790430066,-2.007435943200853,5.028975847229213,137,128,128,129,129,129,129,129,129,129,129,129,129,129,598,581,571,553,553,555,557,555,557,554,554,556,559,559,,0.027170762264459913,0.027170762264459913,0.0,0.0,0.0,0.0,0.0,0.0,0.0,0.0,0.0,0.0,0.0,0,0.0,10,1,0.78125,12,1,0.78125,22,
lewis-young,Lewis Young,2017,2016,KPF,ND,49,41+,28,88,377.0043047947659,3.9085112825054678,3.1321021182864444,-0.776409164219026,116,130,130,131,131,131,131,131,131,131,131,131,131,131,616,576,565,551,552,552,555,553,556,552,553,554,557,557,,0.014108663066073612,0.014108663066073612,0.0,0.0,0.0,0.0,0.0,0.0,0.0,0.0,0.0,0.0,0.0,0,0.0,11,1,0.7692307692307693,8,1,0.7692307692307693,19,
marc-pittonet,Marc Pittonet,2015,2014,RUCK,ND,50,41+,30,96,297.4473744238602,2.9285025420824105,2.4682902422443265,-0.46021229983808615,466,431,431,432,432,432,432,432,432,432,432,432,432,432,357,354,339,332,333,332,332,333,333,333,334,333,335,335,,0.008675632618332263,0.008675632618332263,0.0,0.0,0.0,0.0,0.0,0.0,0.0,0.0,0.0,0.0,0.0,0,0.0,15,1,0.23201856148491878,4,1,0.23201856148491878,19,
marcus-windhager,Marcus Windhager,2022,2021,SD,ND,47,41+,23,94,424.79820667714495,-0.29333684070102284,6.010657005836322,6.303993846537343,1864,1682,1683,1683,1683,1683,1683,1683,1683,1683,1683,1683,1683,1683,125,124,124,124,125,124,124,125,125,124,124,124,124,125,,0.00980366311550529,0.0,0.0,0.0,0.0,0.0,0.0,0.0,0.0,0.0,0.0,0.0,0.0,1,0.059453032104637336,0,0,0.0,-1,1,0.059453032104637336,-1,
mark-o-connor,Mark O'Connor,2017,2016,SD,IRE,,pool,29,163,87.02989219418069,-7.036411790430066,-9.750099505591185,-2.71368771516112,8,10,10,9,9,9,9,9,9,9,9,9,9,9,800,790,790,776,778,777,777,779,779,777,780,778,780,782,,0.00012194098960749411,0.00012194098960749411,0.18478400227321423,0.18478400227321456,0.18478400227321423,0.18478400227321423,0.18478400227321456,0.18478400227321456,0.1840079033432528,0.1827292214027184,0.1840079033432528,0.1827292214027184,0.1827292214027183,0,0.0,0,-1,-10.0,8,-1,-10.0,8,
michael-frederick,Michael Frederick,2020,2019,SF,ND,60,41+,26,116,158.47972369779984,-5.290319605570268,-8.543640813187864,-3.2533212076175966,50,52,52,51,51,51,51,51,51,51,51,51,51,51,711,695,687,652,655,654,656,657,659,653,655,655,661,662,,0.00250343544035736,0.00250343544035736,0.23368917621713037,0.16226173750365902,0.23368917621713037,0.23368917621713037,0.16226173750365902,0.16226173750365902,0.23144888548801645,0.2277482150949588,0.23144888548801645,0.2277482150949588,0.16834525774447429,0,0.0,8,-1,-1.9230769230769231,25,-1,-1.9230769230769231,33,
mitchito-owens,Mitchito Owens,2022,2021,KPF,ND,33,31-40,23,88,508.17332811701795,4.056784445288448,12.185814771991247,8.129030326702798,2071,1879,1880,1880,1880,1880,1880,1880,1880,1880,1880,1880,1880,1880,111,113,110,110,112,110,110,112,112,110,110,110,110,112,,0.014108663066073501,0.0,0.0,0.0,0.0,0.0,0.0,0.0,0.0,0.0,0.0,0.0,0.0,1,0.05321979776476849,3,0,0.0,-2,1,0.05321979776476849,1,
noah-long,Noah Long,2023,2022,SF,ND,57,41+,22,36,230.38054349793407,-1.2623139425581236,-4.879715910300818,-3.617401967742695,124,78,78,78,78,78,78,78,78,78,79,78,79,79,611,655,642,617,617,620,621,620,621,617,619,620,621,621,,0.2671048120417725,0.2590533521841396,0.2590533521841396,0.2590533521841395,0.2590533521841396,0.2590533521841396,0.2590533521841395,0.2590533521841395,0.255982975900092,0.25090294343277897,0.255982975900092,0.25090294343277897,0.25090294343277886,0,0.0,13,1,1.2820512820512822,21,1,1.2820512820512822,34,
paddy-cross,Paddy Cross,2026,2025,SF,SSP,,pool,23,9,124.3742758208904,-7.036411790430066,-16.885947524124568,-9.849535733694502,139,59,59,59,59,59,59,59,59,59,60,59,60,60,593,680,670,636,637,638,639,639,640,638,638,640,640,640,,0.4752543562311964,0.47818423900475504,0.47818423900475504,0.47818423900475504,0.47818423900475504,0.47818423900475504,0.47818423900475504,0.47818423900475504,0.4691533138640174,0.45395143884462164,0.4691533138640174,0.45395143884462164,0.45395143884462175,0,0.0,10,1,1.694915254237288,30,1,1.694915254237288,40,
ryan-lester,Ryan Lester,2011,2010,SD,ND,30,21-30,34,248,411.2936401865051,0.2995511073654913,-0.9439571265494661,-1.2435082339149586,38,38,38,37,37,37,37,37,37,37,37,37,37,37,742,727,718,693,699,695,698,700,702,694,700,695,706,707,,4.2640064579213544e-07,4.2640064579213544e-07,0.03512000782415292,0.027576078208626176,0.03512000782415292,0.03512000782415292,0.027576078208626176,0.027576078208626176,0.0393649460262856,0.04630939601267525,0.0393649460262856,0.04630939601267525,0.04060260759152534,0,0.0,9,-1,-2.6315789473684212,11,-1,-2.6315789473684212,20,
sam-berry,Sam Berry,2021,2020,MID,ND,29,21-30,24,95,791.8152857422534,5.892560589439774,6.413066677672904,0.5205060882331333,3992,3526,3526,3527,3527,3527,3527,3527,3527,3527,3527,3527,3527,3527,36,38,40,40,40,40,40,40,40,40,40,40,40,40,,0.00980366311550529,0.00980366311550529,0.0,0.0,0.0,0.0,0.0,0.0,0.0,0.0,0.0,0.0,0.0,0,0.0,-2,1,0.02836074872376631,0,1,0.02836074872376631,-2,
sam-clohesy,Sam Clohesy,2024,2023,MID,RD,3,pool,24,43,212.39992549540213,-1.2623139425581236,-4.4999618101506424,-3.2376478675925195,288,235,235,232,235,232,232,235,235,232,233,232,233,234,434,463,452,448,445,450,450,446,447,449,449,450,450,448,,0.18435868957667978,0.18435868957667978,0.2299358906530642,0.18925352694411868,0.2299358906530642,0.2299358906530642,0.18925352694411868,0.18925352694411868,0.22775458893275358,0.22415179262935758,0.22775458893275358,0.22415179262935758,0.1946433281903862,0,0.0,11,-1,-0.425531914893617,4,-1,-0.425531914893617,15,
sam-durham,Sam Durham,2021,2021,SF,MSD,9,pool,25,109,479.4688417872455,1.7905197524992915,9.73647554416517,7.945955791665877,2531,2443,2443,2444,2444,2444,2444,2444,2444,2444,2444,2444,2444,2444,80,71,74,74,75,74,74,75,75,74,74,74,74,75,,0.002694091633623441,0.002694091633623441,0.0,0.0,0.0,0.0,0.0,0.0,0.0,0.0,0.0,0.0,0.0,0,0.0,-3,1,0.04093327875562833,-1,1,0.04093327875562833,-4,
sam-flanders,Sam Flanders,2020,2019,SF,ND,11,11-20,25,101,1573.6649680442542,13.46629690449404,16.707003152236197,3.2407062477421538,2067,1922,1922,1923,1923,1923,1923,1923,1923,1923,1923,1923,1923,1923,112,108,106,105,107,105,105,107,107,105,105,105,105,107,,0.007216611860492161,0.007216611860492161,0.0,0.0,0.0,0.0,0.0,0.0,0.0,0.0,0.0,0.0,0.0,0,0.0,2,1,0.05202913631633715,-1,1,0.05202913631633715,1,
stephen-coniglio,Stephen Coniglio,2012,2011,SF,ND,3,1-10,33,244,2728.9857997709946,21.43741801147903,19.55512085225491,-1.882297159224115,215,211,211,209,210,209,209,210,210,209,209,209,209,210,490,499,486,473,474,475,478,476,479,475,477,477,480,481,,5.583378758222679e-07,5.583378758222679e-07,0.10325732677917177,0.04645490413684972,0.10325732677917177,0.10325732677917177,0.04645490413684972,0.04645490413684972,0.10512055613887872,0.10817808372898752,0.10512055613887872,0.10817808372898752,0.052739372266804696,0,0.0,13,-1,-0.47393364928909953,5,-1,-0.47393364928909953,18,
tom-doedee,Tom Doedee,2016,2015,SD,ND,17,11-20,29,83,888.7620537021933,6.532047249065631,7.430374311447859,0.8983270623822306,228,233,233,234,234,234,234,234,234,234,234,234,234,234,482,465,454,445,446,446,447,447,448,445,447,447,448,449,,0.02145204433942971,0.02145204433942971,0.0,0.0,0.0,0.0,0.0,0.0,0.0,0.0,0.0,0.0,0.0,0,0.0,11,1,0.4291845493562232,5,1,0.4291845493562232,16,
tyson-stengle,Tyson Stengle,2017,2016,SF,RD,4,pool,28,109,200.77927605040077,-1.2623139425581236,0.46537912313437463,1.7276930656924974,151,181,181,182,182,182,182,182,182,182,182,182,182,182,576,529,521,511,511,512,513,512,513,512,512,513,514,514,,0.004398151615699564,0.004398151615699564,0.0,0.0,0.0,0.0,0.0,0.0,0.0,0.0,0.0,0.0,0.0,0,0.0,8,1,0.5524861878453039,7,1,0.5524861878453039,15,
aaron-naughton,Aaron Naughton,2018,2017,KPF,ND,9,1-10,27,185,1112.2033967526838,8.988357777492562,12.808323385673928,3.819965608181363,1166,1116,1116,1116,1116,1116,1116,1116,1116,1116,1116,1116,1116,1116,201,186,180,179,181,181,181,183,183,180,180,181,181,183,,3.067163959036279e-05,3.067163959036279e-05,0.0,0.0,0.0,0.0,0.0,0.0,0.0,0.0,0.0,0.0,0.0,0,0.0,6,0,0.0,-3,0,0.0,3,
adam-saad,Adam Saad,2015,2014,SD,RD,19,pool,32,219,254.6586738490823,-1.2623139425581236,10.121937470050263,11.384251412608386,426,446,446,446,446,446,446,446,446,446,446,446,446,446,372,344,335,327,329,327,327,329,329,327,329,327,329,331,,3.4195899107913874e-06,3.4195899107913874e-06,0.0,0.0,0.0,0.0,0.0,0.0,0.0,0.0,0.0,0.0,0.0,0,0.0,9,0,0.0,4,0,0.0,13,
adam-sweid,Adam Sweid,2026,2025,MID,ND,25,21-30,19,0,,,,,397,253,253,253,253,253,253,253,253,253,253,253,253,253,389,446,436,433,434,435,436,436,437,433,434,435,437,438,,,,,,,,,,,,,,,0,0.0,10,0,0.0,-2,0,0.0,8,
adam-treloar,Adam Treloar,2012,2011,SF,ND,14,11-20,33,263,735.7745369474236,5.556904050489454,29.845731730121823,24.28882767963237,911,850,850,850,850,850,850,850,850,850,850,850,850,850,242,228,223,224,224,224,225,224,225,224,225,224,226,226,,1.772393489751778e-07,1.772393489751778e-07,0.0,0.0,0.0,0.0,0.0,0.0,0.0,0.0,0.0,0.0,0.0,0,0.0,5,0,0.0,-3,0,0.0,2,
aiden-riddle,Aiden Riddle,2025,2024,RUCK,RD,2,pool,21,0,,,,,151,211,211,211,211,211,211,211,211,211,211,211,211,211,572,496,483,470,471,472,473,473,474,470,471,472,475,476,,,,,,,,,,,,,,,0,0.0,13,0,0.0,7,0,0.0,20,
alex-neal-bullen,Alex Neal-Bullen,2015,2014,SF,ND,40,31-40,30,219,390.3565125714025,-1.2623139425581236,7.187600133777509,8.449914076335633,371,356,356,356,356,356,356,356,356,356,356,356,356,356,402,381,373,369,369,370,371,370,371,369,370,370,372,372,,2.9914387638108053e-06,2.9914387638108053e-06,0.0,0.0,0.0,0.0,0.0,0.0,0.0,0.0,0.0,0.0,0.0,0,0.0,8,0,0.0,1,0,0.0,9,
aliir-aliir,Aliir Aliir,2014,2013,KPD,ND,44,41+,32,197,381.984780138546,4.0088579559708855,10.536477308773483,6.527619352802602,773,728,728,728,728,728,728,728,728,728,728,728,728,728,263,248,248,249,250,250,250,251,251,249,249,250,251,251,,1.2965930132446957e-05,1.2965930132446957e-05,0.0,0.0,0.0,0.0,0.0,0.0,0.0,0.0,0.0,0.0,0.0,0,0.0,0,0,0.0,-3,0,0.0,-3,
andrew-brayshaw,Andrew Brayshaw,2018,2017,MID,ND,2,1-10,27,189,2869.16697350346,22.265923036851706,28.580430598565826,6.314507561714124,3138,2998,2998,2998,2998,2998,2998,2998,2998,2998,2998,2998,2998,2998,58,56,55,55,56,55,55,56,56,55,55,55,55,56,,2.2036988410856218e-05,2.2036988410856218e-05,0.0,0.0,0.0,0.0,0.0,0.0,0.0,0.0,0.0,0.0,0.0,0,0.0,1,0,0.0,-1,0,0.0,0,
asher-eastham,Asher Eastham,2025,2024,SF,RD,7,pool,20,0,,,,,94,86,86,86,86,86,86,86,86,86,86,86,86,86,638,645,633,609,609,611,612,611,612,609,609,612,612,612,,,,,,,,,,,,,,,0,0.0,12,0,0.0,21,0,0.0,33,
ashton-moir,Ashton Moir,2024,2023,SF,ND,29,21-30,21,13,423.76418959189255,-0.3382492564614927,-10.280449664177603,-9.942200407716108,214,226,219,219,221,219,219,221,221,221,224,221,224,226,492,476,469,458,456,459,460,457,459,457,456,458,458,455,,0.4986620928325659,0.5302402205936474,0.5302402205936474,0.5224817900476046,0.5302402205936474,0.5302402205936474,0.5224817900476046,0.5224817900476046,0.5207632921656129,0.5047510340622866,0.5207632921656129,0.5047510340622866,0.49911898518491593,-7,-3.0973451327433628,7,7,3.1963470319634704,14,0,0.0,21,
avery-thomas,Avery Thomas,2026,2025,SD,ND,28,21-30,19,0,,,,,394,266,266,266,266,266,266,266,266,266,266,266,266,266,390,426,420,419,419,420,421,420,421,419,419,420,422,422,,,,,,,,,,,,,,,0,0.0,6,0,0.0,-2,0,0.0,4,
bailey-dale,Bailey Dale,2015,2014,SD,ND,45,41+,30,195,226.94879876646894,-1.2623139425581236,15.301685625955022,16.563999568513147,2255,2092,2092,2092,2092,2092,2092,2092,2092,2092,2092,2092,2092,2092,97,91,91,91,92,91,91,92,92,91,91,91,91,92,,1.6907108888686295e-05,1.6907108888686295e-05,0.0,0.0,0.0,0.0,0.0,0.0,0.0,0.0,0.0,0.0,0.0,0,0.0,0,0,0.0,-1,0,0.0,-1,
bailey-scott,Bailey Scott,2019,2018,MID,ND,49,41+,26,115,363.4884699113957,-1.2623139425581236,-2.02715519297879,-0.7648412504206663,23,20,20,20,20,20,20,20,20,20,20,20,20,20,768,768,767,736,738,740,740,742,742,736,737,740,742,745,,0.002838928448756328,0.002838928448756217,0.0,0.0,0.0,0.0,0.0,0.0,0.0,0.0,0.0,0.0,0.0,0,0.0,1,0,0.0,22,0,0.0,23,
bailey-smith,Bailey Smith,2019,2018,MID,ND,7,1-10,26,144,1577.6493483192783,13.521719007457017,31.93773906451484,18.416020057057818,6683,6155,6155,6155,6155,6155,6155,6155,6155,6155,6155,6155,6155,6155,11,10,10,10,10,10,10,10,10,10,10,10,10,10,,0.00041919711084970057,0.00041919711084970057,0.0,0.0,0.0,0.0,0.0,0.0,0.0,0.0,0.0,0.0,0.0,0,0.0,0,0,0.0,0,0,0.0,0,
bailey-williams-wb,Bailey Williams,2016,2015,SD,ND,48,41+,29,187,174.23267825331854,-3.3124880615402,0.17059952525083175,3.4830875867910267,612,571,571,571,571,571,571,571,571,571,571,571,571,571,305,300,293,290,291,292,293,292,293,290,292,292,293,293,,2.5154908911417806e-05,2.5154908911417806e-05,0.0,0.0,0.0,0.0,0.0,0.0,0.0,0.0,0.0,0.0,0.0,0,0.0,7,0,0.0,0,0,0.0,7,
bayley-fritsch,Bayley Fritsch,2018,2017,SF,ND,31,31-40,30,188,421.7719994543805,-0.424299577383612,0.9619360106002203,1.3862355879838282,199,198,198,198,198,198,198,198,198,198,198,198,198,198,513,510,502,490,492,491,493,492,494,490,493,491,495,496,,2.3544718988133262e-05,2.3544718988133262e-05,0.0,0.0,0.0,0.0,0.0,0.0,0.0,0.0,0.0,0.0,0.0,0,0.0,8,0,0.0,6,0,0.0,14,
ben-camporeale,Ben Camporeale,2025,2024,MID,ND,43,41+,20,0,,,,,249,123,123,123,123,123,123,123,123,123,123,123,123,123,462,590,580,563,563,566,568,566,568,564,564,566,569,570,,,,,,,,,,,,,,,0,0.0,10,0,0.0,10,0,0.0,20,
ben-keays,Ben Keays,2016,2015,SF,ND,24,21-30,29,180,441.0518974037264,0.4004954462115944,12.881074842220007,12.480579396008418,196,196,196,196,196,196,196,196,196,196,196,196,196,196,516,513,505,493,495,494,496,495,497,494,495,495,497,498,,3.993738029661742e-05,3.993738029661742e-05,0.0,0.0,0.0,0.0,0.0,0.0,0.0,0.0,0.0,0.0,0.0,0,0.0,8,0,0.0,7,0,0.0,15,
ben-murphy,Ben Murphy,2026,2025,SD,IRE,,pool,19,0,,,,,85,40,40,40,40,40,40,40,40,40,40,40,40,40,654,719,712,677,677,678,680,678,680,677,679,679,683,683,,,,,,,,,,,,,,,0,0.0,7,0,0.0,29,0,0.0,36,
benny-barrett,Benny Barrett,2025,2024,SF,PDN,,pool,20,0,,,,,50,23,23,23,23,23,23,23,23,23,23,23,23,23,704,763,761,727,727,731,733,731,733,728,729,732,734,734,,,,,,,,,,,,,,,0,0.0,2,0,0.0,27,0,0.0,29,
blake-acres,Blake Acres,2014,2013,MID,ND,19,11-20,31,193,924.6775910306756,6.532047249065631,5.642277615983926,-0.8897696330816993,86,89,89,89,89,89,89,89,89,89,89,89,89,89,650,635,625,605,606,607,608,608,609,605,605,607,608,609,,1.6907108888686295e-05,1.6907108888686295e-05,0.0,0.0,0.0,0.0,0.0,0.0,0.0008953129420753436,0.010220830155872385,0.0008953129420753436,0.010220830155872385,0.01022083015587305,0,0.0,10,0,0.0,16,0,0.0,26,
blake-hardwick,Blake Hardwick,2016,2015,SD,ND,44,41+,29,217,238.7079746352822,-1.2623139425581236,7.6604994570986245,8.922813399656746,524,493,493,493,493,493,493,493,493,493,493,493,493,493,332,323,316,312,312,313,313,313,313,312,312,313,313,313,,3.4195899107913874e-06,3.4195899107913874e-06,0.0,0.0,0.0,0.0,0.0,0.0,0.0,0.0,0.0,0.0,0.0,0,0.0,7,0,0.0,3,0,0.0,10,
blake-thredgold,Blake Thredgold,2026,2025,KPD,ND,26,21-30,19,0,,,,,373,372,372,372,372,372,372,372,372,372,372,372,372,372,400,371,365,361,361,362,364,362,364,361,362,363,365,365,,,,,,,,,,,,,,,0,0.0,6,0,0.0,0,0,0.0,6,
bradley-close,Bradley Close,2020,2019,SF,RD,8,pool,28,139,200.77927605040077,-1.2623139425581236,-2.252488420243229,-0.9901744776851059,15,22,22,22,22,22,22,22,22,22,22,22,22,22,781,766,764,729,730,733,736,733,736,731,734,735,738,738,,0.0005786150288652481,0.0005786150288652481,0.006685316701937949,0.006685316701937838,0.006685316701937949,0.006685316701937949,0.006685316701937838,0.006685316701937838,0.011968445491953972,0.020600761098983345,0.011968445491953972,0.020600761098983345,0.020600761098983345,0,0.0,2,0,0.0,26,0,0.0,28,
bradley-hill,Bradley Hill,2012,2011,SF,ND,42,41+,33,296,339.8037454070689,-1.2623139425581236,3.793136518549846,5.055450461107968,1225,1151,1151,1151,1151,1151,1151,1151,1151,1151,1151,1151,1151,1151,191,180,174,174,174,175,176,175,176,174,175,175,176,176,,1.64848293904285e-08,1.64848293904285e-08,0.0,0.0,0.0,0.0,0.0,0.0,0.0,0.0,0.0,0.0,0.0,0,0.0,6,0,0.0,-2,0,0.0,4,
brayden-george,Brayden George,2023,2022,SF,ND,26,21-30,22,0,,,,,234,169,169,169,169,169,169,169,169,169,169,169,169,169,472,540,531,518,518,519,520,519,520,518,519,519,521,521,,,,,,,,,,,,,,,0,0.0,9,0,0.0,10,0,0.0,19,
brayden-maynard,Brayden Maynard,2015,2014,SD,ND,30,21-30,30,246,411.2936401865051,-0.8418258866198329,8.424319236920521,9.26614512354035,489,467,467,467,467,467,467,467,467,467,467,467,467,467,348,334,323,318,319,319,320,320,321,318,318,319,320,322,,5.583378758222679e-07,5.583378758222679e-07,0.0,0.0,0.0,0.0,0.0,0.0,0.0,0.0,0.0,0.0,0.0,0,0.0,11,0,0.0,1,0,0.0,12,
brennan-cox,Brennan Cox,2017,2016,KPD,ND,41,41+,28,150,398.35828513161437,4.328499354198804,9.97806814150147,5.649568787302662,259,255,255,255,255,255,255,255,255,255,255,255,255,255,450,443,433,429,430,431,432,432,433,429,430,431,433,434,,0.00030334525094166676,0.00030334525094166676,0.0,0.0,0.0,0.0,0.0,0.0,0.0,0.0,0.0,0.0,0.0,0,0.0,10,0,0.0,-1,0,0.0,9,
brent-daniels,Brent Daniels,2018,2017,SF,ND,27,21-30,27,121,425.75637972940456,-0.25260315506759945,9.187800706964607,9.440403862032205,1199,1089,1089,1089,1089,1089,1089,1089,1089,1089,1089,1089,1089,1089,196,190,188,188,188,189,189,189,189,188,188,189,189,189,,0.002071937524235401,0.00207193752423529,0.0,0.0,0.0,0.0,0.0,0.0,0.0,0.0,0.0,0.0,0.0,0,0.0,2,0,0.0,-1,0,0.0,1,
brodie-grundy,Brodie Grundy,2013,2012,RUCK,ND,22,21-30,32,260,1069.8138301743425,8.526599035790316,35.688489387411344,27.161890351621043,4490,4210,4210,4210,4210,4210,4210,4210,4210,4210,4210,4210,4210,4210,24,22,24,24,25,24,24,25,25,24,24,24,24,25,,2.0290230173802826e-07,2.0290230173802826e-07,0.0,0.0,0.0,0.0,0.0,0.0,0.0,0.0,0.0,0.0,0.0,0,0.0,-2,0,0.0,-1,0,0.0,-3,
caleb-daniel,Caleb Daniel,2015,2014,SD,ND,46,41+,30,234,203.66559975086085,-1.2623139425581236,20.018812527883437,21.28112647044156,1338,1249,1249,1249,1249,1249,1249,1249,1249,1249,1249,1249,1249,1249,179,171,167,168,168,169,169,169,169,168,169,169,170,170,,1.094168808113416e-06,1.094168808113416e-06,0.0,0.0,0.0,0.0,0.0,0.0,0.0,0.0,0.0,0.0,0.0,0,0.0,4,0,0.0,-3,0,0.0,1,
caleb-may,Caleb May,2026,2026,RUCK,MSD,9,pool,21,0,,,,,322,266,266,266,266,266,266,266,266,266,266,266,266,266,417,427,421,420,420,421,422,421,422,420,420,421,423,423,,,,,,,,,,,,,,,0,0.0,6,0,0.0,-2,0,0.0,4,
caleb-serong,Caleb Serong,2020,2019,MID,ND,8,1-10,25,143,1576.6532532505223,13.508535995622365,30.62893096704784,17.120394971425473,5027,4648,4648,4648,4648,4648,4648,4648,4648,4648,4648,4648,4648,4648,17,16,16,16,16,16,16,16,16,16,16,16,16,16,,0.0004471512628761998,0.0004471512628761998,0.0,0.0,0.0,0.0,0.0,0.0,0.0,0.0,0.0,0.0,0.0,0,0.0,0,0,0.0,0,0,0.0,0,
callum-mills,Callum Mills,2016,2015,SD,ND,3,1-10,29,192,2280.967743602368,17.776515197415733,21.237801225332856,3.461286027917125,1994,1921,1921,1921,1921,1921,1921,1921,1921,1921,1921,1921,1921,1921,120,109,107,106,108,106,106,108,108,106,106,106,106,108,,1.8065812674272763e-05,1.8065812674272763e-05,0.0,0.0,0.0,0.0,0.0,0.0,0.0,0.0,0.0,0.0,0.0,0,0.0,2,0,0.0,-1,0,0.0,1,
callum-wilkie,Callum Wilkie,2019,2018,KPD,RD,1,pool,30,174,204.37405209598916,2.002531204719589,20.822416094576152,18.819884889856564,3633,3422,3422,3422,3422,3422,3422,3422,3422,3422,3422,3422,3422,3422,45,43,42,42,42,42,42,42,42,42,42,42,42,42,,5.928530522891773e-05,5.928530522891773e-05,0.0,0.0,0.0,0.0,0.0,0.0,0.0,0.0,0.0,0.0,0.0,0,0.0,1,0,0.0,0,0,0.0,1,
cameron-zurhaar,Cameron Zurhaar,2017,2016,SF,RD,9,pool,28,162,200.77927605040077,-1.2623139425581236,0.4635738946214423,1.7258878371795647,125,121,121,121,121,121,121,121,121,121,121,121,121,121,607,593,584,566,567,568,570,569,571,567,567,568,571,572,,0.00013017591933539574,0.00013017591933539574,0.0,0.0,0.0,0.0,0.0,0.0,0.0,0.0,0.0,0.0,0.0,0,0.0,9,0,0.0,12,0,0.0,21,
charlie-ballard,Charlie Ballard,2018,2017,KPD,ND,42,41+,27,141,391.3888219994144,4.204649376662763,3.8990094402233715,-0.30563993643939064,45,52,52,52,52,52,52,52,52,52,52,52,52,52,726,692,683,645,649,648,649,652,653,646,648,649,655,657,,0.0005087033126319751,0.0005087033126318641,0.0,0.0,0.0,0.0,0.0,0.0,0.0,0.0,0.0,0.0,0.0,0,0.0,9,0,0.0,26,0,0.0,35,
charlie-cameron,Charlie Cameron,2014,2013,SF,RD,6,pool,32,273,200.77927605040077,-1.2623139425581236,2.749908111320893,4.012222053879016,151,215,215,215,215,215,215,215,215,215,215,215,215,215,573,492,478,465,468,467,468,470,470,466,468,468,471,472,,7.86474558811534e-08,7.86474558811534e-08,0.0,0.0,0.0,0.0,0.0,0.0,0.0,0.0,0.0,0.0,0.0,0,0.0,14,0,0.0,6,0,0.0,20,
charlie-curnow,Charlie Curnow,2016,2015,KPF,ND,12,11-20,29,167,1109.2151115464158,8.949099466277577,18.525047065123026,9.575947598845449,1365,1297,1297,1297,1297,1297,1297,1297,1297,1297,1297,1297,1297,1297,175,166,163,163,163,163,164,163,164,163,163,163,164,164,,9.385736078004747e-05,9.385736078004747e-05,0.0,0.0,0.0,0.0,0.0,0.0,0.0,0.0,0.0,0.0,0.0,0,0.0,3,0,0.0,-1,0,0.0,2,
charlie-nicholls,Charlie Nicholls,2025,2024,KPF,ND,34,31-40,20,0,,,,,199,219,219,219,219,219,219,219,219,219,219,219,219,219,514,485,470,459,461,460,461,462,463,460,460,461,462,463,,,,,,,,,,,,,,,0,0.0,15,0,0.0,7,0,0.0,22,
christian-petracca,Christian Petracca,2015,2014,SF,ND,2,1-10,30,229,2869.16697350346,22.265923036851706,29.416802552565944,7.150879515714242,2038,1977,1977,1977,1977,1977,1977,1977,1977,1977,1977,1977,1977,1977,115,101,101,100,100,100,100,100,100,100,100,100,100,100,,1.5306978741191912e-06,1.5306978741191912e-06,0.0,0.0,0.0,0.0,0.0,0.0,0.0,0.0,0.0,0.0,0.0,0,0.0,0,0,0.0,1,0,0.0,1,
christian-salem,Christian Salem,2014,2013,SD,ND,9,1-10,31,204,1289.1101379671188,9.246001074829177,8.293079918457472,-0.9529211563717097,92,111,111,111,111,111,111,111,111,111,111,111,111,111,643,607,599,577,579,579,581,581,583,578,580,580,584,585,,8.140865509376205e-06,8.140865509376205e-06,0.002433845751382946,0.0019133702114364493,0.002433845751382946,0.002433845751382946,0.0019133702114364493,0.0019133702114364493,0.007874366511638864,0.016762254942090382,0.007874366511638864,0.016762254942090382,0.013054397062594147,0,0.0,8,0,0.0,14,0,0.0,22,
cillian-bourke,Cillian Bourke,2026,2025,SD,IRE,,pool,20,0,,,,,85,40,40,40,40,40,40,40,40,40,40,40,40,40,655,720,713,679,679,680,682,680,682,679,681,681,685,685,,,,,,,,,,,,,,,0,0.0,7,0,0.0,28,0,0.0,35,
cillian-burke,Cillian Burke,2025,2024,SD,IRE,,pool,23,0,,,,,43,37,37,37,37,37,37,37,37,37,37,37,37,37,729,729,720,685,690,687,691,691,694,687,690,689,697,700,,,,,,,,,,,,,,,0,0.0,9,0,0.0,20,0,0.0,29,
clayton-oliver,Clayton Oliver,2016,2015,MID,ND,4,1-10,29,224,2479.3474904134955,19.43954712847211,36.708697639467886,17.269150510995775,2334,2240,2240,2240,2240,2240,2240,2240,2240,2240,2240,2240,2240,2240,92,81,82,81,81,81,81,81,81,81,81,81,81,81,,2.140381114790202e-06,2.140381114790202e-06,0.0,0.0,0.0,0.0,0.0,0.0,0.0,0.0,0.0,0.0,0.0,0,0.0,-1,0,0.0,1,0,0.0,0,
cody-anderson,Cody Anderson,2025,2024,SF,ND,64,41+,20,0,,,,,62,17,17,17,17,17,17,17,17,17,17,17,17,17,690,774,773,742,747,746,748,749,751,743,746,746,749,751,,,,,,,,,,,,,,,0,0.0,1,0,0.0,22,0,0.0,23,
connor-idun,Connor Idun,2019,2018,SD,ND,61,41+,26,136,161.28344235949032,-4.931353506463617,6.099917663106935,11.031271169570555,2224,2021,2021,2021,2021,2021,2021,2021,2021,2021,2021,2021,2021,2021,101,94,95,95,96,95,95,96,96,95,96,95,96,96,,0.0007016374908191958,0.0007016374908191958,0.0,0.0,0.0,0.0,0.0,0.0,0.0,0.0,0.0,0.0,0.0,0,0.0,-1,0,0.0,-1,0,0.0,-2,
connor-macdonald,Connor MacDonald,2022,2021,SF,ND,26,21-30,23,109,426.75247479816056,-0.2119602713053489,12.893251992193859,13.105212263499212,2740,2495,2495,2495,2495,2495,2495,2495,2495,2495,2495,2495,2495,2495,69,67,70,70,71,70,70,71,71,70,70,70,70,71,,0.0038826175076095426,0.0,0.0,0.0,0.0,0.0,0.0,0.0,0.0,0.0,0.0,0.0,0.0,0,0.0,-3,0,0.0,-1,0,0.0,-4,
connor-rozee,Connor Rozee,2019,2018,SD,ND,5,1-10,26,152,2061.937896291424,17.28608489848933,27.144079944529985,9.857995046040655,2725,2559,2559,2559,2559,2559,2559,2559,2559,2559,2559,2559,2559,2559,70,62,65,65,65,65,65,65,65,65,65,65,65,65,,0.0002843038928997954,0.0002843038928997954,0.0,0.0,0.0,0.0,0.0,0.0,0.0,0.0,0.0,0.0,0.0,0,0.0,-3,0,0.0,0,0,0.0,-3,
conor-mckenna,Conor McKenna,2015,2014,SF,IRE,,pool,30,141,60.781504516537616,-7.036411790430066,-6.950457773075626,0.08595401735443965,6,5,5,5,5,5,5,5,5,5,5,5,5,5,801,799,799,791,791,791,791,791,791,791,791,791,791,792,,0.0005087033126318641,0.0005087033126318641,0.0,0.0,0.0,0.0,0.0,0.0,0.0,0.0,0.0,0.0,0.0,0,0.0,0,0,0.0,7,0,0.0,7,
conor-nash,Conor Nash,2017,2016,MID,IRE,,pool,28,130,104.6609990926207,-7.036411790430066,-1.5204450338804731,5.515966756549593,235,252,252,252,252,252,252,252,252,252,252,252,252,252,470,449,438,434,435,436,437,437,438,434,435,436,438,439,,0.0011704296850261198,0.0011704296850262308,0.0,0.0,0.0,0.0,0.0,0.0,0.0,0.0,0.0,0.0,0.0,0,0.0,11,0,0.0,-1,0,0.0,10,
cooper-bell,Cooper Bell,2025,2024,KPF,ND,49,41+,20,0,,,,,152,135,135,135,135,135,135,135,135,135,135,135,135,135,565,573,560,547,547,548,551,548,551,547,549,549,553,553,,,,,,,,,,,,,,,0,0.0,13,0,0.0,7,0,0.0,20,
dan-houston,Dan Houston,2016,2015,SD,RD,30,pool,29,208,254.6586738490823,-1.2623139425581236,18.721606597189,19.983920539747125,1096,1111,1111,1111,1111,1111,1111,1111,1111,1111,1111,1111,1111,1111,214,188,184,183,185,184,184,186,186,183,183,184,184,186,,6.236465393438806e-06,6.236465393438806e-06,0.0,0.0,0.0,0.0,0.0,0.0,0.0,0.0,0.0,0.0,0.0,0,0.0,4,0,0.0,-2,0,0.0,2,
dane-rampe,Dane Rampe,2013,2012,SD,RD,23,pool,36,284,254.6586738490823,0.6607949622716006,4.597309498053105,3.936514535781504,12,5,5,5,5,5,5,5,5,5,5,5,5,5,793,800,800,792,792,792,792,792,792,792,792,792,792,793,,3.9901249970775154e-08,3.9901249970775154e-08,0.0,0.0,0.0,0.0,0.0,0.0,0.0,0.0,0.0,0.0,0.0,0,0.0,0,0,0.0,7,0,0.0,7,
daniel-rioli,Daniel Rioli,2016,2015,SD,ND,15,11-20,29,218,903.8014284605089,6.532047249065631,7.675663775052286,1.1436165259866586,640,622,622,622,622,622,622,622,622,622,622,622,622,622,295,281,275,271,271,273,273,273,273,271,271,273,274,274,,3.198391028802483e-06,3.198391028802483e-06,0.0,0.0,0.0,0.0,0.0,0.0,0.0,0.0,0.0,0.0,0.0,0,0.0,6,0,0.0,1,0,0.0,7,
darcy-byrne-jones,Darcy Byrne-Jones,2014,2013,SF,ND,50,41+,31,240,172.2404881158065,-3.556949513856493,2.769492305045057,6.32644181890155,664,623,623,623,623,623,623,623,623,623,623,623,623,623,292,280,272,268,268,271,271,271,271,270,270,272,273,273,,7.309059317783806e-07,7.309059317783806e-07,0.0,0.0,0.0,0.0,0.0,0.0,0.0,0.0,0.0,0.0,0.0,0,0.0,8,0,0.0,-1,0,0.0,7,
darcy-cameron,Darcy Cameron,2017,2016,RUCK,ND,48,41+,31,138,358.23178610998394,3.584117846319526,21.85171273787188,18.267594891552353,1669,1532,1532,1532,1532,1532,1532,1532,1532,1532,1532,1532,1532,1532,145,139,136,136,137,136,136,137,137,136,136,136,137,137,,0.0006170490204333579,0.0006170490204333579,0.0,0.0,0.0,0.0,0.0,0.0,0.0,0.0,0.0,0.0,0.0,0,0.0,3,0,0.0,-1,0,0.0,2,
darcy-moore,Darcy Moore,2015,2014,KPD,ND,8,1-10,30,199,963.4097934581367,8.090031495682338,12.179547416772142,4.089515921089802,141,151,151,151,151,151,151,151,151,151,151,151,151,151,589,558,545,533,534,537,537,538,538,534,536,537,539,539,,1.2965930132669001e-05,1.2965930132446957e-05,0.0,0.0,0.0,0.0,0.0,0.0,0.0,0.0,0.0,0.0,0.0,0,0.0,13,0,0.0,6,0,0.0,19,
darcy-parish,Darcy Parish,2016,2015,MID,ND,5,1-10,29,179,2061.937896291424,17.28608489848933,22.92347691480827,5.637392016318935,562,594,594,594,594,594,594,594,594,594,594,594,594,594,319,293,284,279,280,282,282,283,283,280,281,282,283,283,,4.8665850770901464e-05,4.8665850770901464e-05,0.0,0.0,0.0,0.0,0.0,0.0,0.0,0.0,0.0,0.0,0.0,0,0.0,9,0,0.0,1,0,0.0,10,
darcy-wilmot,Darcy Wilmot,2022,2021,SD,ND,16,11-20,23,102,899.326331847176,6.532047249065631,15.288954295365187,8.756907046299562,3313,3013,3013,3013,3013,3013,3013,3013,3013,3013,3013,3013,3013,3013,53,55,54,54,55,54,54,55,55,54,54,54,54,55,,0.005997665075333614,0.0,0.0,0.0,0.0,0.0,0.0,0.0,0.0,0.0,0.0,0.0,0.0,0,0.0,1,0,0.0,-1,0,0.0,0,
dayne-zorko,Dayne Zorko,2012,2011,SD,ND,38,31-40,37,314,326.7215649406838,-1.2623139425581236,28.04458679242542,29.30690073498354,998,938,938,938,938,938,938,938,938,938,938,938,938,938,229,213,210,209,209,209,209,209,209,210,210,210,210,210,,5.173937278613039e-09,5.173937278613039e-09,0.0,0.0,0.0,0.0,0.0,0.0,0.0,0.0,0.0,0.0,0.0,0,0.0,3,0,0.0,0,0,0.0,3,
dion-prestia,Dion Prestia,2011,2010,SF,ND,9,1-10,34,251,1575.6571581817661,13.494025503081925,15.876717714028363,2.3826922109464377,251,258,258,258,258,258,258,258,258,258,258,258,258,258,459,437,430,427,427,428,429,428,429,427,428,429,431,431,,3.4828539496878363e-07,3.4828539496878363e-07,0.0,0.0,0.0,0.0,0.0,0.0,0.0,0.0,0.0,0.0,0.0,0,0.0,7,0,0.0,-1,0,0.0,6,
dougal-howard,Dougal Howard,2015,2014,KPD,ND,56,41+,30,144,370.0316393134738,3.766425394649391,5.902968847196517,2.1365434525471283,45,51,51,51,51,51,51,51,51,51,51,51,51,51,727,696,688,649,653,651,653,655,657,651,653,653,659,660,,0.00047694685121491,0.00047694685121491,0.0,0.0,0.0,0.0,0.0,0.0,0.0,0.0,0.0,0.0,0.0,0,0.0,8,0,0.0,28,0,0.0,36,
dylan-moore,Dylan Moore,2018,2017,SF,ND,66,41+,27,144,103.02153132816662,-7.036411790430066,19.60081126570476,26.637223056134825,1182,1116,1116,1116,1116,1116,1116,1116,1116,1116,1116,1116,1116,1116,199,187,181,180,182,182,182,184,184,181,181,182,182,184,,0.00041919711084970057,0.00041919711084970057,0.0,0.0,0.0,0.0,0.0,0.0,0.0,0.0,0.0,0.0,0.0,0,0.0,6,0,0.0,-3,0,0.0,3,
eamonn-armstrong,Eamonn Armstrong,2025,2024,SD,IRE,,pool,20,0,,,,,43,37,37,37,37,37,37,37,37,37,37,37,37,37,730,730,721,686,691,689,692,693,695,688,692,690,699,702,,,,,,,,,,,,,,,0,0.0,9,0,0.0,19,0,0.0,28,
ed-langdon,Ed Langdon,2015,2014,SF,ND,54,41+,30,221,168.25610784078242,-4.047391505179633,6.1254652513942744,10.17285675657391,795,744,744,744,744,744,744,744,744,744,744,744,744,744,256,245,246,247,248,248,248,249,249,247,247,248,249,249,,2.616680136124927e-06,2.616680136124927e-06,0.0,0.0,0.0,0.0,0.0,0.0,0.0,0.0,0.0,0.0,0.0,0,0.0,-1,0,0.0,-3,0,0.0,-4,
ed-richards,Ed Richards,2018,2017,MID,ND,16,11-20,27,166,955.7486675547734,6.532047249065631,13.06960428270709,6.537557033641463,3924,3641,3641,3641,3641,3641,3641,3641,3641,3641,3641,3641,3641,3641,38,34,35,35,35,35,35,35,35,35,35,35,35,35,,0.00010021020474160203,0.00010021020474160203,0.0,0.0,0.0,0.0,0.0,0.0,0.0,0.0,0.0,0.0,0.0,0,0.0,-1,0,0.0,0,0,0.0,-1,
elliot-yeo,Elliot Yeo,2012,2011,SF,ND,36,31-40,33,229,631.2349327564895,4.6542375321101535,15.128029530940136,10.473791998829979,331,318,318,318,318,318,318,318,318,318,318,318,318,318,413,402,395,393,395,394,395,396,397,394,395,395,397,399,,1.530697874008169e-06,1.530697874008169e-06,0.0,0.0,0.0,0.0,0.0,0.0,0.0,0.0,0.0,0.0,0.0,0,0.0,7,0,0.0,-4,0,0.0,3,
errol-gulden,Errol Gulden,2021,2020,MID,ND,34,31-40,24,110,634.247759911813,4.6993454521213875,35.89786257868183,31.198517126560443,7239,6442,6442,6442,6442,6442,6442,6442,6442,6442,6442,6442,6442,6442,8,9,9,9,9,9,9,9,9,9,9,9,9,9,,0.003647527862218003,0.003647527862218225,0.0,0.0,0.0,0.0,0.0,0.0,0.0,0.0,0.0,0.0,0.0,0,0.0,0,0,0.0,0,0,0.0,0,
finnegan-davis,Finnegan Davis,2026,2025,SD,ND,51,41+,19,0,,,,,165,84,84,84,84,84,84,84,84,84,84,84,84,84,550,647,634,610,611,612,613,613,614,610,611,613,614,615,,,,,,,,,,,,,,,0,0.0,13,0,0.0,19,0,0.0,32,
fred-rodriguez,Fred Rodriguez,2026,2025,SF,RD,1,pool,19,0,,,,,201,97,97,97,97,97,97,97,97,97,97,97,97,97,509,620,613,595,595,596,598,596,598,595,595,597,598,598,,,,,,,,,,,,,,,0,0.0,7,0,0.0,15,0,0.0,22,
george-hewett,George Hewett,2014,2013,MID,ND,32,31-40,31,216,678.0150923775213,5.207862609562255,12.99920715465027,7.791344545088013,2056,1928,1928,1928,1928,1928,1928,1928,1928,1928,1928,1928,1928,1928,113,107,105,104,105,104,104,105,105,104,104,104,104,105,,3.656010549635269e-06,3.656010549635269e-06,0.0,0.0,0.0,0.0,0.0,0.0,0.0,0.0,0.0,0.0,0.0,0,0.0,2,0,0.0,0,0,0.0,2,
gryan-miers,Gryan Miers,2018,2017,SF,ND,57,41+,27,166,230.38054349793407,-1.2623139425581236,12.80982628894051,14.072140231498633,1650,1524,1524,1524,1524,1524,1524,1524,1524,1524,1524,1524,1524,1524,146,141,138,138,139,138,138,139,139,138,138,138,139,139,,0.00010021020474160203,0.00010021020474160203,0.0,0.0,0.0,0.0,0.0,0.0,0.0,0.0,0.0,0.0,0.0,0,0.0,3,0,0.0,-1,0,0.0,2,
harley-barker,Harley Barker,2026,2025,MID,ND,24,21-30,19,0,,,,,677,481,481,481,481,481,481,481,481,481,481,481,481,481,291,329,318,313,313,314,314,314,314,313,314,314,316,316,,,,,,,,,,,,,,,0,0.0,11,0,0.0,2,0,0.0,13,
harris-andrews,Harris Andrews,2015,2014,KPD,ND,60,41+,30,255,366.04725903844974,3.7020864401763833,20.62764070697665,16.925554266800262,1623,1521,1521,1521,1521,1521,1521,1521,1521,1521,1521,1521,1521,1521,149,143,140,139,140,139,140,140,140,139,139,139,140,140,,2.658665668731075e-07,2.658665668731075e-07,0.0,0.0,0.0,0.0,0.0,0.0,0.0,0.0,0.0,0.0,0.0,0,0.0,3,0,0.0,0,0,0.0,3,
harrison-coe,Harrison Coe,2026,2026,RUCK,MSD,8,pool,27,0,,,,,322,266,266,266,266,266,266,266,266,266,266,266,266,266,419,428,422,421,421,422,423,422,423,421,421,422,424,424,,,,,,,,,,,,,,,0,0.0,6,0,0.0,-2,0,0.0,4,
harrison-himmelberg,Harrison Himmelberg,2016,2015,SD,ND,16,11-20,30,220,899.326331847176,7.17476083003517,9.771214340501274,2.5964535104661066,138,145,145,145,145,145,145,145,145,145,145,145,145,145,596,562,552,539,539,541,542,541,542,539,539,541,544,544,,2.797820084055047e-06,2.797820084055047e-06,0.0,0.0,0.0,0.0,0.0,0.0,0.0,0.0,0.0,0.0,0.0,0,0.0,10,0,0.0,8,0,0.0,18,
harry-charleson,Harry Charleson,2025,2024,SD,RD,3,pool,20,0,,,,,105,109,109,109,109,109,109,109,109,109,109,109,109,109,624,615,606,583,585,585,587,587,589,585,585,586,588,589,,,,,,,,,,,,,,,0,0.0,9,0,0.0,17,0,0.0,26,
harry-demattia,Harry DeMattia,2024,2023,MID,ND,25,21-30,21,0,,,,,430,331,331,331,331,331,331,331,331,331,331,331,331,331,369,391,387,382,383,383,383,384,384,382,383,383,385,386,,,,,,,,,,,,,,,0,0.0,4,0,0.0,1,0,0.0,5,
harry-mckay,Harry McKay,2016,2015,KPF,ND,10,1-10,29,156,1111.2073016839277,8.97487485189481,12.415826278441573,3.440951426546763,1735,1636,1636,1636,1636,1636,1636,1636,1636,1636,1636,1636,1636,1636,139,126,127,128,128,128,128,128,128,128,128,128,128,129,,0.00019251744925530279,0.00019251744925530279,0.0,0.0,0.0,0.0,0.0,0.0,0.0,0.0,0.0,0.0,0.0,0,0.0,-1,0,0.0,-2,0,0.0,-3,
hayden-mclean,Hayden McLean,2019,2018,KPF,SSP,,pool,27,106,159.85500037979924,0.050791704960715944,1.9651692133595942,1.9143775083988783,214,201,201,201,201,201,201,201,201,201,201,201,201,201,494,508,499,484,486,486,487,487,488,487,489,488,493,494,,0.004680459466183229,0.004680459466183229,0.0,0.0,0.0,0.0,0.0,0.0,0.0,0.0,0.0,0.0,0.0,0,0.0,9,0,0.0,5,0,0.0,14,
hugh-mccluggage,Hugh McCluggage,2017,2016,MID,ND,3,1-10,28,221,2728.9857997709946,21.43741801147903,24.378930237007616,2.9415122255285904,1543,1482,1482,1482,1482,1482,1482,1482,1482,1482,1482,1482,1482,1482,159,146,143,143,143,143,143,143,143,143,143,143,143,143,,2.797820084055047e-06,2.797820084055047e-06,0.0,0.0,0.0,0.0,0.0,0.0,0.0,0.0,0.0,0.0,0.0,0,0.0,3,0,0.0,0,0,0.0,3,
hugo-mikunda,Hugo Mikunda,2026,2025,SF,ND,48,41+,19,0,,,,,177,139,139,139,139,139,139,139,139,139,139,139,139,139,532,566,556,543,543,544,548,544,548,544,545,545,550,550,,,,,,,,,,,,,,,0,0.0,10,0,0.0,6,0,0.0,16,
hunter-holmes,Hunter Holmes,2026,2025,MID,ND,33,31-40,19,0,,,,,517,357,357,357,357,357,357,357,357,357,357,357,357,357,335,377,371,367,367,368,369,368,369,367,368,368,370,370,,,,,,,,,,,,,,,0,0.0,6,0,0.0,1,0,0.0,7,
iliro-smit,Iliro Smit,2024,2024,RUCK,MSD,10,pool,21,0,,,,,204,254,254,254,254,254,254,254,254,254,254,254,254,254,508,444,434,430,432,432,433,434,435,430,432,432,435,436,,,,,,,,,,,,,,,0,0.0,10,0,0.0,-2,0,0.0,8,
indy-cotton,Indy Cotton,2026,2025,SF,UNR,,pool,19,0,,,,,48,49,49,49,49,49,49,49,49,49,49,49,49,49,721,701,695,656,657,658,662,659,663,656,657,658,663,663,,,,,,,,,,,,,,,0,0.0,6,0,0.0,32,0,0.0,38,
isaac-heeney,Isaac Heeney,2015,2014,MID,ND,4,1-10,30,241,2479.3474904134955,19.43954712847211,30.068619579779373,10.62907245130726,3537,3359,3359,3359,3359,3359,3359,3359,3359,3359,3359,3359,3359,3359,46,46,44,44,45,44,44,45,45,44,44,44,44,45,,6.83331371820195e-07,6.83331371820195e-07,0.0,0.0,0.0,0.0,0.0,0.0,0.0,0.0,0.0,0.0,0.0,0,0.0,2,0,0.0,-1,0,0.0,1,
izak-rankine,Izak Rankine,2019,2018,SF,ND,3,1-10,26,121,2331.3260610802104,18.15330971014956,19.84065238947636,1.687342679326805,4685,4342,4342,4342,4342,4342,4342,4342,4342,4342,4342,4342,4342,4342,23,20,21,21,21,21,21,21,21,21,21,21,21,21,,0.0018258047312313952,0.0018258047312313952,0.0,0.0,0.0,0.0,0.0,0.0,0.0,0.0,0.0,0.0,0.0,0,0.0,-1,0,0.0,0,0,0.0,-1,
jack-crisp,Jack Crisp,2012,2011,MID,RD,34,pool,33,293,212.39992549540213,-1.2623139425581236,15.9832090341574,17.245522976715524,410,462,462,462,462,462,462,462,462,462,462,462,462,462,381,336,325,320,321,321,322,322,323,321,324,323,324,324,,2.021870404433912e-08,2.021870404433912e-08,0.0,0.0,0.0,0.0,0.0,0.0,0.0,0.0,0.0,0.0,0.0,0,0.0,11,0,0.0,1,0,0.0,12,
jack-darling,Jack Darling,2011,2010,KPF,ND,28,21-30,34,338,590.3367850632542,6.610138192230512,13.490495399891207,6.880357207660697,155,160,160,160,160,160,160,160,160,160,160,160,160,160,561,547,537,526,526,526,529,526,529,526,527,526,531,531,,9.36404842555305e-10,9.36404842555305e-10,0.0,0.0,0.0,0.0,0.0,0.0,0.0,0.0,0.0,0.0,0.0,0,0.0,10,0,0.0,6,0,0.0,16,
jack-ginnivan,Jack Ginnivan,2021,2020,SF,RD,8,pool,24,108,200.77927605040077,-1.2623139425581236,6.957139825684351,8.219453768242474,2242,2065,2065,2065,2065,2065,2065,2065,2065,2065,2065,2065,2065,2065,100,92,93,93,94,93,93,94,94,93,93,93,93,94,,0.004132523665835053,0.004132523665835053,0.0,0.0,0.0,0.0,0.0,0.0,0.0,0.0,0.0,0.0,0.0,0,0.0,-1,0,0.0,-1,0,0.0,-2,
jack-graham,Jack Graham,2017,2016,SF,ND,53,41+,28,158,280.2641803499175,-1.2623139425581236,8.210249623828304,9.472563566386425,651,604,604,604,604,604,604,604,604,604,604,604,604,604,294,288,281,277,277,279,280,279,280,277,277,279,280,280,,0.00016900164260824635,0.00016900164260824635,0.0,0.0,0.0,0.0,0.0,0.0,0.0,0.0,0.0,0.0,0.0,0,0.0,7,0,0.0,1,0,0.0,8,
jack-gunston,Jack Gunston,2010,2009,KPF,ND,29,21-30,35,296,580.9399343774251,6.511980423417687,19.31377431248278,12.801793889065099,753,717,717,717,717,717,717,717,717,717,717,717,717,717,268,253,252,250,251,251,252,252,252,250,250,251,252,252,,1.64848293904285e-08,1.64848293904285e-08,0.0,0.0,0.0,0.0,0.0,0.0,0.0,0.0,0.0,0.0,0.0,0,0.0,1,0,0.0,0,0,0.0,1,
jack-henry,Jack Henry,2017,2016,KPF,RD,12,pool,28,178,204.37405209598916,2.002531204719589,5.48155021236513,3.4790190076455416,251,273,273,273,273,273,273,273,273,273,273,273,273,273,460,422,414,413,413,414,415,414,415,413,414,414,416,416,,4.556409616296442e-05,4.556409616296442e-05,0.0,0.0,0.0,0.0,0.0,0.0,0.0,0.0,0.0,0.0,0.0,0,0.0,8,0,0.0,-2,0,0.0,6,
jack-higgins,Jack Higgins,2018,2017,SF,ND,17,11-20,27,158,615.9507728576181,4.420269402182103,5.8473702887290475,1.4271008865469492,52,60,60,60,60,60,60,60,60,60,60,60,60,60,703,678,668,635,636,637,638,638,639,635,636,637,638,639,,0.00016900164260824635,0.00016900164260824635,0.0,0.0,0.0,0.0,0.0,0.0,0.0,0.0,0.0,0.0,0.0,0,0.0,10,0,0.0,29,0,0.0,39,
jack-silvagni,Jack Silvagni,2016,2015,KPD,ND,53,41+,29,147,373.01992451974183,3.828196459627315,5.168214516083225,1.3400180564559068,617,580,580,580,580,580,580,580,580,580,580,580,580,580,304,297,291,287,287,289,290,289,290,287,289,289,292,292,,0.00034529364877644575,0.00034529364877644575,0.0,0.0,0.0,0.0,0.0,0.0,0.0,0.0,0.0,0.0,0.0,0,0.0,6,0,0.0,-1,0,0.0,5,
jack-sinclair,Jack Sinclair,2015,2014,SD,RD,1,pool,31,224,254.6586738490823,-1.2623139425581236,19.273367655355425,20.53568159791355,3322,3180,3180,3180,3180,3180,3180,3180,3180,3180,3180,3180,3180,3180,52,49,47,47,48,47,47,48,48,47,47,47,47,48,,2.447218564016751e-06,2.447218564016751e-06,0.0,0.0,0.0,0.0,0.0,0.0,0.0,0.0,0.0,0.0,0.0,0,0.0,2,0,0.0,-1,0,0.0,1,
jack-steele,Jack Steele,2015,2014,MID,ND,21,21-30,31,221,922.6854008931635,6.532047249065631,26.49968862877121,19.96764137970558,1191,1134,1134,1134,1134,1134,1134,1134,1134,1134,1134,1134,1134,1134,198,182,176,175,176,176,177,177,178,175,176,177,177,178,,2.616680136124927e-06,2.616680136124927e-06,0.0,0.0,0.0,0.0,0.0,0.0,0.0,0.0,0.0,0.0,0.0,0,0.0,6,0,0.0,-2,0,0.0,4,
jack-viney,Jack Viney,2013,2012,MID,ND,13,11-20,32,237,1444.775736102072,11.283826206821479,16.046531687827965,4.762705481006491,229,254,254,254,254,254,254,254,254,254,254,254,254,254,479,445,435,431,433,433,434,435,436,431,433,433,436,437,,1.0230565463675845e-06,1.0230565462565622e-06,0.0,0.0,0.0,0.0,0.0,0.0,0.0,0.0,0.0,0.0,0.0,0,0.0,10,0,0.0,-2,0,0.0,8,
jackson-macrae,Jackson Macrae,2013,2012,MID,ND,8,1-10,32,280,1576.6532532505223,13.508535995622365,33.779136720565255,20.27060072494288,101,96,96,96,96,96,96,96,96,96,96,96,96,96,631,624,617,598,598,600,601,600,601,598,598,600,601,601,,5.602796426806833e-08,5.6027964379090633e-08,0.0,0.0,0.0,0.0,0.0,0.0,0.0,0.0,0.0,0.0,0.0,0,0.0,7,0,0.0,16,0,0.0,23,
jacob-molier,Jacob Molier,2025,2024,RUCK,ND,52,41+,20,0,,,,,283,88,88,88,88,88,88,88,88,88,88,88,88,88,438,637,627,607,607,609,610,609,610,607,607,609,610,610,,,,,,,,,,,,,,,0,0.0,10,0,0.0,17,0,0.0,27,
jacob-moss,Jacob Moss,2025,2024,KPD,UNR,,pool,22,0,,,,,36,52,52,52,52,52,52,52,52,52,52,52,52,52,743,694,685,646,650,649,650,653,654,648,649,651,656,658,,,,,,,,,,,,,,,0,0.0,9,0,0.0,27,0,0.0,36,
jade-gresham,Jade Gresham,2016,2015,SF,ND,18,11-20,29,184,595.1880609157365,4.0806135026621435,6.716981864212886,2.6363683615507396,39,11,11,11,11,11,11,11,11,11,11,11,11,11,738,786,786,765,768,766,767,768,769,765,766,766,767,769,,3.5001281060376144e-05,3.50012810601541e-05,0.0,0.0,0.0,0.0,0.0,0.0,0.0,0.0,0.0,0.0,0.0,0,0.0,0,0,0.0,17,0,0.0,17,
jai-culley,Jai Culley,2022,2022,MID,MSD,1,pool,23,23,479.4688417872455,1.7905197524992915,-5.174530848231398,-6.965050600730691,178,206,191,191,205,191,191,205,205,192,195,192,195,206,531,502,510,501,480,501,502,481,482,501,500,501,501,484,,0.3897221119359414,0.47452274199260414,0.47452274199260414,0.397756360163795,0.47452274199260414,0.47452274199260414,0.397756360163795,0.397756360163795,0.4664182154415625,0.45280921927922047,0.4664182154415625,0.45280921927922047,0.3886935228313958,-15,-7.281553398058253,-8,15,7.853403141361256,26,0,0.0,18,
jai-newcombe,Jai Newcombe,2021,2021,MID,MSD,2,pool,25,121,479.4688417872455,1.7905197524992915,22.298221769579143,20.507702017079847,4883,4586,4586,4586,4586,4586,4586,4586,4586,4586,4586,4586,4586,4586,18,17,17,17,17,17,17,17,17,17,17,17,17,17,,0.0012607280805523313,0.0012607280805523313,0.0,0.0,0.0,0.0,0.0,0.0,0.0,0.0,0.0,0.0,0.0,0,0.0,0,0,0.0,0,0,0.0,0,
jai-saxena,Jai Saxena,2026,2025,SF,PDN,,pool,19,0,,,,,84,25,25,25,25,25,25,25,25,25,25,25,25,25,657,756,755,719,721,723,726,725,728,721,723,725,729,730,,,,,,,,,,,,,,,0,0.0,1,0,0.0,25,0,0.0,26,
jaime-uhr-henry,Jaime Uhr-Henry,2025,2024,RUCK,UNR,,pool,23,0,,,,,26,45,45,45,45,45,45,45,45,45,45,45,45,45,763,710,702,664,665,666,670,667,671,664,666,666,671,672,,,,,,,,,,,,,,,0,0.0,8,0,0.0,30,0,0.0,38,
jake-lever,Jake Lever,2015,2014,SD,ND,15,11-20,30,204,651.0768272368352,6.8754126198630585,12.365535693091381,5.4901230732283155,143,153,153,153,153,153,153,153,153,153,153,153,153,153,584,553,540,529,532,532,534,535,536,530,533,534,536,536,,8.140865509376205e-06,8.140865509376205e-06,0.0,0.0,0.0,0.0,0.0,0.0,0.0,0.0,0.0,0.0,0.0,0,0.0,13,0,0.0,4,0,0.0,17,
jake-lloyd,Jake Lloyd,2013,2012,SF,RD,16,pool,33,290,254.6586738490823,-1.2623139425581236,17.058634658663912,18.320948601222035,173,211,211,211,211,211,211,211,211,211,211,211,211,211,538,497,484,471,472,473,474,474,475,471,472,473,476,477,,2.479575011982149e-08,2.479575011982149e-08,0.0,0.0,0.0,0.0,0.0,0.0,0.0,0.0,0.0,0.0,0.0,0,0.0,13,0,0.0,7,0,0.0,20,
jake-soligo,Jake Soligo,2022,2021,SF,ND,36,31-40,23,102,631.2349327564895,4.6542375321101535,14.216870697133647,9.562633165023492,2051,1874,1874,1874,1874,1874,1874,1874,1874,1874,1874,1874,1874,1874,114,114,112,112,114,112,112,114,114,112,112,112,112,114,,0.006379800963290938,0.0,0.0,0.0,0.0,0.0,0.0,0.0,0.0,0.0,0.0,0.0,0.0,0,0.0,2,0,0.0,-2,0,0.0,0,
jake-waterman,Jake Waterman,2017,2016,KPF,ND,76,41+,28,131,278.58876024777845,2.4904129544950084,4.725191423163978,2.2347784686689676,1160,1157,1157,1157,1157,1157,1157,1157,1157,1157,1157,1157,1157,1157,203,178,172,172,172,173,174,173,174,172,172,173,174,174,,0.0009664747528005391,0.0009664747528005391,0.0,0.0,0.0,0.0,0.0,0.0,0.0,0.0,0.0,0.0,0.0,0,0.0,6,0,0.0,-2,0,0.0,4,
james-barrat,James Barrat,2025,2024,KPF,ND,32,31-40,20,0,,,,,225,220,220,220,220,220,220,220,220,220,220,220,220,220,483,483,468,457,460,458,459,461,462,458,459,459,461,462,,,,,,,,,,,,,,,0,0.0,15,0,0.0,6,0,0.0,21,
james-rowbottom,James Rowbottom,2019,2018,SF,ND,25,21-30,26,159,842.1323994223629,6.345907454552716,11.44599253529387,5.100085080741154,1205,1129,1129,1129,1129,1129,1129,1129,1129,1129,1129,1129,1129,1129,195,183,177,176,177,177,178,178,179,177,177,178,178,179,,0.00018038029873279626,0.00018038029873279626,0.0,0.0,0.0,0.0,0.0,0.0,0.0,0.0,0.0,0.0,0.0,0,0.0,6,0,0.0,-2,0,0.0,4,
james-sicily,James Sicily,2014,2013,SD,ND,52,41+,31,197,170.2482979782945,-1.9713864479045906,26.757101274293877,28.728487722198466,1421,1320,1320,1320,1320,1320,1320,1320,1320,1320,1320,1320,1320,1320,170,159,157,158,159,158,159,159,160,158,158,158,159,160,,1.2965930132446957e-05,1.2965930132446957e-05,0.0,0.0,0.0,0.0,0.0,0.0,0.0,0.0,0.0,0.0,0.0,0,0.0,2,0,0.0,-3,0,0.0,-1,
james-worpel,James Worpel,2018,2017,MID,ND,45,41+,27,156,499.7490058358546,2.3707227066763044,11.22320354921079,8.852480842534487,413,388,388,388,388,388,388,388,388,388,388,388,388,388,379,365,357,353,353,354,357,354,357,354,354,355,357,357,,0.00019251744925519176,0.00019251744925519176,0.0,0.0,0.0,0.0,0.0,0.0,0.0,0.0,0.0,0.0,0.0,0,0.0,8,0,0.0,0,0,0.0,8,
jamie-cripps,Jamie Cripps,2011,2010,SF,ND,26,21-30,34,277,426.75247479816056,-0.2119602713053489,1.8647952912798662,2.076755562585212,28,11,11,11,11,11,11,11,11,11,11,11,11,11,757,788,788,766,769,767,768,769,770,766,767,767,768,770,,6.867357948969754e-08,6.867357948969754e-08,0.0,0.0,0.0,0.0,0.0,0.0,0.0,0.0,0.0,0.0,0.0,0,0.0,0,0,0.0,18,0,0.0,18,
jamie-elliott,Jamie Elliott,2012,2011,SF,ND,39,31-40,34,230,413.90503384951523,-0.7416299825786443,6.685783756096584,7.427413738675228,19,9,9,9,9,9,9,9,9,9,9,9,9,9,776,792,792,773,774,774,775,775,775,773,775,774,775,778,,1.6369159091533803e-06,1.6369159091533803e-06,0.0,0.0,0.0,0.0,0.0,0.0,0.0,0.0,0.0,0.0,0.0,0,0.0,0,0,0.0,14,0,0.0,14,
jaren-carr,Jaren Carr,2025,2024,SF,ND,63,41+,22,0,,,,,65,17,17,17,17,17,17,17,17,17,17,17,17,17,683,775,774,744,750,748,749,752,752,744,748,748,750,753,,,,,,,,,,,,,,,0,0.0,1,0,0.0,21,0,0.0,22,
jarrod-berry,Jarrod Berry,2017,2016,MID,ND,17,11-20,28,198,926.6697811681876,6.532047249065631,6.3879191697739115,-0.14412807929171628,189,195,195,195,195,195,195,195,195,195,195,195,195,195,521,517,507,497,499,499,500,500,501,498,501,499,502,503,,1.2132758744454186e-05,1.2132758744454186e-05,0.0,0.0,0.0,0.0,0.0,0.0,0.0,0.0,0.0,0.0,0.0,0,0.0,10,0,0.0,4,0,0.0,14,
jarrod-witts,Jarrod Witts,2012,2011,RUCK,ND,74,41+,34,217,566.0434372785456,6.341645283756316,19.257494121866056,12.915848838109735,139,241,241,241,241,241,241,241,241,241,241,241,241,241,591,459,446,438,440,440,441,442,443,440,441,441,443,443,,3.908694384935352e-06,3.908694384935352e-06,0.0,0.0,0.0,0.0,0.0,0.0,0.0,0.0,0.0,0.0,0.0,0,0.0,13,0,0.0,3,0,0.0,16,
jase-burgoyne,Jase Burgoyne,2022,2021,SD,ND,60,41+,23,75,162.27953742824633,-4.797009525119066,9.996595770726914,14.793605295845978,2549,2163,2163,2163,2163,2163,2163,2163,2163,2163,2163,2163,2163,2163,79,83,84,84,84,84,84,84,84,84,84,84,84,84,,0.030549740480166454,0.0,0.0,0.0,0.0,0.0,0.0,0.0,0.0,0.0,0.0,0.0,0.0,0,0.0,-1,0,0.0,0,0,0.0,-1,
jayden-short,Jayden Short,2015,2014,SD,RD,9,pool,30,207,254.6586738490823,-1.2623139425581236,13.199497800681737,14.461811743239863,887,917,917,917,917,917,917,917,917,917,917,917,917,917,246,221,215,215,215,215,215,215,215,215,215,215,216,216,,6.666325917503713e-06,6.666325917503713e-06,0.0,0.0,0.0,0.0,0.0,0.0,0.0,0.0,0.0,0.0,0.0,0,0.0,6,0,0.0,-1,0,0.0,5,
jeremy-cameron,Jeremy Cameron,2012,2011,KPF,ND,12,11-20,33,296,1109.2151115464158,8.949099466277577,19.258994945148036,10.30989547887046,778,754,754,754,754,754,754,754,754,754,754,754,754,754,259,241,242,244,244,245,245,245,245,244,244,245,245,246,,1.8888695829666347e-08,1.8888695829666347e-08,0.0,0.0,0.0,0.0,0.0,0.0,0.0,0.0,0.0,0.0,0.0,0,0.0,-1,0,0.0,-4,0,0.0,-5,
jeremy-howe,Jeremy Howe,2011,2010,SD,ND,35,31-40,36,286,348.3707999306463,0.19448106267685228,13.75358786981669,13.559106807139836,224,219,219,219,219,219,219,219,219,219,219,219,219,219,484,486,471,460,462,461,462,463,464,461,461,463,463,464,,3.483224519928996e-08,3.483224519928996e-08,0.0,0.0,0.0,0.0,0.0,0.0,0.0,0.0,0.0,0.0,0.0,0,0.0,15,0,0.0,7,0,0.0,22,
jesse-hogan,Jesse Hogan,2013,2012,KPF,ND,5,1-10,32,190,1486.9952887031254,10.806543129062868,18.63065258011796,7.82410945105509,205,224,224,224,224,224,224,224,224,224,224,224,224,224,505,480,466,455,455,456,457,456,457,455,457,456,459,460,,2.3544718987911217e-05,2.3544718987911217e-05,0.0,0.0,0.0,0.0,0.0,0.0,0.0,0.0,0.0,0.0,0.0,0,0.0,14,0,0.0,6,0,0.0,20,
jesse-mellor,Jesse Mellor,2026,2025,SF,PDN,,pool,19,0,,,,,84,51,51,51,51,51,51,51,51,51,51,51,51,51,658,697,690,651,654,653,655,656,658,652,654,654,660,661,,,,,,,,,,,,,,,0,0.0,7,0,0.0,29,0,0.0,36,
jevan-phillipou,Jevan Phillipou,2026,2025,MID,ND,35,31-40,19,0,,,,,273,226,226,226,226,226,226,226,226,226,226,226,226,226,445,477,463,452,453,453,454,454,455,452,452,453,454,456,,,,,,,,,,,,,,,0,0.0,14,0,0.0,7,0,0.0,21,
joe-pike,Joe Pike,2025,2024,RUCK,RD,9,pool,21,0,,,,,151,211,211,211,211,211,211,211,211,211,211,211,211,211,574,498,485,472,473,474,476,475,477,472,473,474,477,478,,,,,,,,,,,,,,,0,0.0,13,0,0.0,7,0,0.0,20,
joel-cochran,Joel Cochran,2025,2024,SD,ND,47,41+,20,0,,,,,161,139,139,139,139,139,139,139,139,139,139,139,139,139,556,567,557,544,544,545,549,545,549,545,546,546,551,551,,,,,,,,,,,,,,,0,0.0,10,0,0.0,6,0,0.0,16,
john-noble,John Noble,2019,2019,SD,MSD,8,pool,29,156,358.5352973164835,-1.2623139425581236,6.097690686788998,7.36000462934712,2159,2116,2116,2116,2116,2116,2116,2116,2116,2116,2116,2116,2116,2116,105,89,89,90,91,90,90,91,91,90,90,90,90,91,,0.00014673046428281822,0.00014673046428281822,0.0,0.0,0.0,0.0,0.0,0.0,0.0,0.0,0.0,0.0,0.0,0,0.0,0,0,0.0,-2,0,0.0,-2,
jordan-clark,Jordan Clark,2019,2018,SD,ND,15,11-20,26,145,903.8014284605089,6.532047249065631,15.546463370008322,9.014416120942697,3264,3014,3014,3014,3014,3014,3014,3014,3014,3014,3014,3014,3014,3014,54,54,53,53,54,53,53,54,54,53,53,53,53,54,,0.0003929721069103609,0.0003929721069103609,0.0,0.0,0.0,0.0,0.0,0.0,0.0,0.0,0.0,0.0,0.0,0,0.0,1,0,0.0,-1,0,0.0,0,
jordan-dawson,Jordan Dawson,2016,2015,MID,ND,55,41+,29,172,249.16111876749366,-1.2623139425581236,28.305732370379147,29.568046312937273,3443,3176,3176,3176,3176,3176,3176,3176,3176,3176,3176,3176,3176,3176,50,50,48,48,49,48,48,49,49,48,48,48,48,49,,6.761229995067009e-05,6.761229995067009e-05,0.0,0.0,0.0,0.0,0.0,0.0,0.0,0.0,0.0,0.0,0.0,0,0.0,2,0,0.0,-1,0,0.0,1,
jordan-de-goey,Jordan De Goey,2015,2014,SF,ND,6,1-10,30,200,1160.6822633606625,7.533038020566048,16.020125154125047,8.48708713355899,1433,1365,1365,1365,1365,1365,1365,1365,1365,1365,1365,1365,1365,1365,168,154,152,153,153,153,153,153,153,153,153,153,154,155,,1.1352841882583675e-05,1.1352841882583675e-05,0.0,0.0,0.0,0.0,0.0,0.0,0.0,0.0,0.0,0.0,0.0,0,0.0,2,0,0.0,-3,0,0.0,-1,
jordan-ridley,Jordan Ridley,2017,2016,SD,ND,22,21-30,28,110,742.383287975095,6.614287427720889,24.22165722949484,17.607369801773956,695,662,662,662,662,662,662,662,662,662,662,662,662,662,284,273,269,263,263,264,264,264,264,263,263,264,266,266,,0.004132523665835164,0.004132523665834942,0.0,0.0,0.0,0.0,0.0,0.0,0.0,0.0,0.0,0.0,0.0,0,0.0,4,0,0.0,3,0,0.0,7,
josh-battle,Josh Battle,2017,2016,KPD,ND,39,31-40,28,166,415.73287005786966,4.614831307117742,10.812922770155737,6.198091463037999,2028,1879,1879,1879,1879,1879,1879,1879,1879,1879,1879,1879,1879,1879,117,112,111,111,113,111,111,113,113,111,111,111,111,113,,0.00010021020474160203,0.00010021020474160203,0.0,0.0,0.0,0.0,0.0,0.0,0.0,0.0,0.0,0.0,0.0,0,0.0,1,0,0.0,-2,0,0.0,-1,
josh-daicos,Josh Daicos,2017,2016,SD,ND,57,41+,28,170,165.2678226345144,-4.424249013601055,10.588302193629595,15.01255120723065,2104,1941,1941,1941,1941,1941,1941,1941,1941,1941,1941,1941,1941,1941,109,105,104,103,103,103,103,103,103,103,103,103,103,103,,7.709868609773185e-05,7.709868609773185e-05,0.0,0.0,0.0,0.0,0.0,0.0,0.0,0.0,0.0,0.0,0.0,0,0.0,1,0,0.0,1,0,0.0,2,
josh-dunkley,Josh Dunkley,2016,2015,MID,ND,25,21-30,29,213,842.1323994223629,6.345907454552716,34.0679210652697,27.72201361071698,1134,1077,1077,1077,1077,1077,1077,1077,1077,1077,1077,1077,1077,1077,207,192,189,189,189,190,190,190,190,189,189,190,190,190,,4.4673760316582545e-06,4.4673760316582545e-06,0.0,0.0,0.0,0.0,0.0,0.0,0.0,0.0,0.0,0.0,0.0,0,0.0,3,0,0.0,-1,0,0.0,2,
josh-smillie,Josh Smillie,2025,2024,MID,ND,7,1-10,20,0,,,,,953,772,772,772,772,772,772,772,772,772,772,772,772,772,236,240,239,240,240,241,241,241,241,240,241,241,242,242,,,,,,,,,,,,,,,0,0.0,1,0,0.0,-3,0,0.0,-2,
josh-treacy,Josh Treacy,2021,2020,KPF,RD,4,pool,24,99,191.6434797547226,1.6227760307825996,18.13743264109729,16.514656610314688,6921,6133,6133,6133,6133,6133,6133,6133,6133,6133,6133,6133,6133,6133,10,11,11,11,11,11,11,11,11,11,11,11,11,11,,0.007216611860492161,0.007216611860492161,0.0,0.0,0.0,0.0,0.0,0.0,0.0,0.0,0.0,0.0,0.0,0,0.0,0,0,0.0,0,0,0.0,0,
joshua-kelly,Joshua Kelly,2014,2013,MID,ND,2,1-10,31,230,2869.16697350346,22.265923036851706,26.691537333514766,4.425614296663066,370,427,427,427,427,427,427,427,427,427,427,427,427,427,403,355,341,335,335,335,335,335,335,335,335,335,336,336,,1.636915909042358e-06,1.636915909042358e-06,0.0,0.0,0.0,0.0,0.0,0.0,0.0,0.0,0.0,0.0,0.0,0,0.0,14,0,0.0,5,0,0.0,19,
justin-mcinerney,Justin McInerney,2019,2018,SF,ND,44,41+,26,122,539.787729617246,3.188684563539119,8.570133290547535,5.381448727008421,2143,1950,1950,1950,1950,1950,1950,1950,1950,1950,1950,1950,1950,1950,107,103,103,102,102,102,102,102,102,102,102,102,102,102,,0.001945046918213733,0.001945046918213733,0.0,0.0,0.0,0.0,0.0,0.0,0.0,0.0,0.0,0.0,0.0,0,0.0,0,0,0.0,1,0,0.0,1,
jy-simpkin,Jy Simpkin,2017,2016,SF,ND,12,11-20,28,192,1572.668872975498,13.45308044940435,14.799788777421611,1.3467083280172563,1164,1129,1129,1129,1129,1129,1129,1129,1129,1129,1129,1129,1129,1129,202,184,178,177,178,178,179,179,180,178,178,179,179,180,,1.8065812674272763e-05,1.8065812674272763e-05,0.0,0.0,0.0,0.0,0.0,0.0,0.0,0.0,0.0,0.0,0.0,0,0.0,6,0,0.0,-2,0,0.0,4,
kalani-white,Kalani White,2026,2025,KPF,PDN,,pool,19,0,,,,,84,55,55,55,55,55,55,55,55,55,55,55,55,55,659,688,678,642,644,645,646,647,648,643,644,646,650,653,,,,,,,,,,,,,,,0,0.0,10,0,0.0,25,0,0.0,35,
kane-farrell,Kane Farrell,2018,2017,SD,ND,51,41+,27,127,171.2443930470505,-3.6844455805900616,4.17846891222001,7.862914492810076,1306,1183,1183,1183,1183,1183,1183,1183,1183,1183,1183,1183,1183,1183,182,173,170,170,170,171,172,171,172,170,170,171,172,172,,0.001416670335227077,0.001416670335227077,0.0,0.0,0.0,0.0,0.0,0.0,0.0,0.0,0.0,0.0,0.0,0,0.0,3,0,0.0,-2,0,0.0,1,
karl-amon,Karl Amon,2014,2013,SD,ND,59,41+,31,210,163.27563249700236,-4.675627323713222,8.799280239057804,13.474907562771026,344,324,324,324,324,324,324,324,324,324,324,324,324,324,409,396,392,388,390,389,389,391,391,388,390,389,391,393,,5.834190998754707e-06,5.834190998754707e-06,0.0,0.0,0.0,0.0,0.0,0.0,0.0,0.0,0.0,0.0,0.0,0,0.0,4,0,0.0,-1,0,0.0,3,
kayle-gerreyn,Kayle Gerreyn,2025,2024,RUCK,ND,37,31-40,20,0,,,,,177,184,184,184,184,184,184,184,184,184,184,184,184,184,533,526,518,508,509,509,510,510,511,509,510,510,512,512,,,,,,,,,,,,,,,0,0.0,8,0,0.0,6,0,0.0,14,
keighton-matofai-forbes,Keighton Matofai-Forbes,2025,2024,SF,ND,69,41+,20,0,,,,,104,111,111,111,111,111,111,111,111,111,111,111,111,111,627,609,601,578,580,580,582,582,584,579,581,581,585,586,,,,,,,,,,,,,,,0,0.0,8,0,0.0,15,0,0.0,23,
kobe-mcdonald,Kobe McDonald,2026,2025,SD,IRE,,pool,19,0,,,,,85,40,40,40,40,40,40,40,40,40,40,40,40,40,656,721,714,680,680,681,683,681,683,680,682,683,688,689,,,,,,,,,,,,,,,0,0.0,7,0,0.0,25,0,0.0,32,
koby-coulson,Koby Coulson,2026,2025,MID,ND,46,41+,19,0,,,,,316,232,232,232,232,232,232,232,232,232,232,232,232,232,425,468,456,447,449,449,449,451,451,448,450,449,452,453,,,,,,,,,,,,,,,0,0.0,12,0,0.0,3,0,0.0,15,
koby-evans,Koby Evans,2026,2025,MID,ND,38,31-40,19,0,,,,,254,219,219,219,219,219,219,219,219,219,219,219,219,219,458,487,472,461,463,462,463,464,465,462,462,464,464,465,,,,,,,,,,,,,,,0,0.0,15,0,0.0,7,0,0.0,22,
kye-fincher,Kye Fincher,2026,2025,SD,ND,52,41+,19,0,,,,,249,145,145,145,145,145,145,145,145,145,145,145,145,145,463,563,553,540,540,542,543,542,543,540,540,542,545,545,,,,,,,,,,,,,,,0,0.0,10,0,0.0,8,0,0.0,18,
kyle-langford,Kyle Langford,2015,2014,KPF,ND,18,11-20,30,177,756.4745209211331,5.948310447269586,7.960651461181078,2.0123410139114912,518,505,505,505,505,505,505,505,505,505,505,505,505,505,334,320,311,308,308,309,309,309,309,310,310,311,311,311,,4.8665850770901464e-05,4.8665850770901464e-05,0.0,0.0,0.0,0.0,0.0,0.0,0.0,0.0,0.0,0.0,0.0,0,0.0,9,0,0.0,0,0,0.0,9,
kysaiah-pickett,Kysaiah Pickett,2020,2019,SF,ND,12,11-20,25,145,975.5377468949711,6.532047249065631,13.41601518654273,6.883967937477102,4249,3914,3914,3914,3914,3914,3914,3914,3914,3914,3914,3914,3914,3914,30,27,29,29,29,29,29,29,29,29,29,29,29,29,,0.0003929721069103609,0.0003929721069103609,0.0,0.0,0.0,0.0,0.0,0.0,0.0,0.0,0.0,0.0,0.0,0,0.0,-2,0,0.0,0,0,0.0,-2,
lachie-neale,Lachie Neale,2012,2011,MID,ND,66,41+,33,313,320.0349656342098,-1.2623139425581236,33.26767394164521,34.529987884203315,2348,2310,2310,2310,2310,2310,2310,2310,2310,2310,2310,2310,2310,2310,90,76,78,78,78,78,78,78,78,78,78,78,78,78,,5.173937389635341e-09,5.173937389635341e-09,0.0,0.0,0.0,0.0,0.0,0.0,0.0,0.0,0.0,0.0,0.0,0,0.0,-2,0,0.0,0,0,0.0,-2,
lachie-whitfield,Lachie Whitfield,2013,2012,SD,ND,1,1-10,32,273,2697.2547697210416,21.211426680805086,23.56528769550295,2.3538610146978622,2223,2143,2143,2143,2143,2143,2143,2143,2143,2143,2143,2143,2143,2143,102,86,87,87,88,87,87,88,88,87,87,87,87,88,,7.86474558811534e-08,7.86474558811534e-08,0.0,0.0,0.0,0.0,0.0,0.0,0.0,0.0,0.0,0.0,0.0,0,0.0,-1,0,0.0,-1,0,0.0,-2,
lachlan-bramble,Lachlan Bramble,2021,2020,SF,SSP,,pool,28,95,124.3742758208904,-7.036411790430066,-6.72370593032212,0.31270586010794577,89,88,88,88,88,88,88,88,88,88,88,88,88,88,648,638,628,608,608,610,611,610,611,608,608,610,611,611,,0.009222907350683318,0.009222907350683318,0.0,0.0,0.0,0.0,0.0,0.0,0.0,0.0,0.0,0.0,0.0,0,0.0,10,0,0.0,17,0,0.0,27,
lachlan-carmichael,Lachlan Carmichael,2026,2025,SD,ND,21,21-30,19,0,,,,,548,479,479,479,479,479,479,479,479,479,479,479,479,479,324,331,319,314,314,315,316,315,316,314,315,315,317,317,,,,,,,,,,,,,,,0,0.0,12,0,0.0,2,0,0.0,14,
lachlan-schultz,Lachlan Schultz,2019,2018,SF,ND,57,41+,29,142,230.38054349793407,-1.2623139425581236,0.7913723825123031,2.053686325070426,740,685,685,685,685,685,685,685,685,685,685,685,685,685,271,265,261,257,258,258,258,259,259,257,257,258,258,259,,0.00047694685121491,0.00047694685121491,0.0,0.0,0.0,0.0,0.0,0.0,0.0,0.0,0.0,0.0,0.0,0,0.0,4,0,0.0,2,0,0.0,6,
lennox-hoffman,Lennox Hoffman,2025,2024,SD,ND,66,41+,20,0,,,,,104,111,111,111,111,111,111,111,111,111,111,111,111,111,628,610,602,579,581,581,583,583,585,580,582,582,586,587,,,,,,,,,,,,,,,0,0.0,8,0,0.0,15,0,0.0,23,
leon-kickett,Leon Kickett,2026,2025,SF,RD,4,pool,20,0,,,,,151,92,92,92,92,92,92,92,92,92,92,92,92,92,575,632,624,603,605,605,606,607,608,604,604,606,607,608,,,,,,,,,,,,,,,0,0.0,8,0,0.0,16,0,0.0,24,
liam-baker,Liam Baker,2018,2017,SD,RD,11,pool,28,168,254.6586738490823,-1.2623139425581236,11.507060434804018,12.769374377362139,402,421,421,421,421,421,421,421,421,421,421,421,421,421,384,358,343,336,337,336,336,337,337,337,337,337,338,338,,9.385736078004747e-05,9.385736078004747e-05,0.0,0.0,0.0,0.0,0.0,0.0,0.0,0.0,0.0,0.0,0.0,0,0.0,15,0,0.0,5,0,0.0,20,
liam-hetherton,Liam Hetherton,2026,2025,KPF,PDA,,pool,19,0,,,,,168,66,66,66,66,66,66,66,66,66,66,66,66,66,543,673,659,627,629,629,631,631,633,627,630,629,633,636,,,,,,,,,,,,,,,0,0.0,14,0,0.0,23,0,0.0,37,
lincoln-mccarthy,Lincoln McCarthy,2012,2011,SF,ND,73,41+,33,159,103.02153132816662,-7.036411790430066,-2.6632819007073447,4.373129889722722,15,12,12,12,12,12,12,12,12,12,12,12,12,12,784,785,785,760,763,762,763,764,765,761,764,763,765,766,,0.00018038029873290728,0.00018038029873279626,0.0,0.0,0.0,0.0,0.0,0.0,0.0,0.0,0.0,0.0,0.0,0,0.0,0,0,0.0,19,0,0.0,19,
logan-smith,Logan Smith,2025,2024,RUCK,ND,71,41+,20,0,,,,,185,321,321,321,321,321,321,321,321,321,321,321,321,321,524,401,393,389,392,390,392,393,394,390,392,391,394,396,,,,,,,,,,,,,,,0,0.0,8,0,0.0,-3,0,0.0,5,
luke-davies-uniacke,Luke Davies-Uniacke,2018,2017,MID,ND,4,1-10,27,149,2479.3474904134955,19.43954712847211,22.280647793492836,2.841100665020719,4070,3828,3828,3828,3828,3828,3828,3828,3828,3828,3828,3828,3828,3828,35,28,30,30,30,30,30,30,30,30,30,30,30,30,,0.00030334525094166676,0.00030334525094166676,0.0,0.0,0.0,0.0,0.0,0.0,0.0,0.0,0.0,0.0,0.0,0,0.0,-2,0,0.0,0,0,0.0,-2,
luke-jackson,Luke Jackson,2020,2019,RUCK,ND,3,1-10,25,138,2800.1366377550944,22.922043787483595,35.90976530082228,12.987721513338679,10203,9386,9386,9386,9386,9386,9386,9386,9386,9386,9386,9386,9386,9386,3,3,3,3,3,3,3,3,3,3,3,3,3,3,,0.0006170490204333579,0.0006170490204333579,0.0,0.0,0.0,0.0,0.0,0.0,0.0,0.0,0.0,0.0,0.0,0,0.0,0,0,0.0,0,0,0.0,0,
luke-lloyd,Luke Lloyd,2024,2023,KPF,ND,42,41+,21,0,,,,,164,191,191,191,191,191,191,191,191,191,191,191,191,191,553,521,511,502,503,502,503,503,504,502,502,502,504,505,,,,,,,,,,,,,,,0,0.0,10,0,0.0,6,0,0.0,16,
luke-parker,Luke Parker,2011,2010,SD,ND,42,41+,34,334,277.5383071290507,-1.2623139425581236,24.210495776405526,25.47280971896364,1339,1256,1256,1256,1256,1256,1256,1256,1256,1256,1256,1256,1256,1256,178,170,166,167,167,168,168,168,168,167,167,168,168,168,,1.2314255171119726e-09,1.2314255171119726e-09,0.0,0.0,0.0,0.0,0.0,0.0,0.0,0.0,0.0,0.0,0.0,0,0.0,4,0,0.0,-2,0,0.0,2,
luke-ryan,Luke Ryan,2017,2016,SD,ND,65,41+,30,197,260.29088995681457,-1.2623139425581236,25.503792622172757,26.766106564730876,1315,1315,1315,1315,1315,1315,1315,1315,1315,1315,1315,1315,1315,1315,180,162,158,159,160,159,160,160,161,159,159,159,160,161,,1.2965930132557979e-05,1.2965930132557979e-05,0.0,0.0,0.0,0.0,0.0,0.0,0.0,0.0,0.0,0.0,0.0,0,0.0,4,0,0.0,-3,0,0.0,1,
luke-urquhart,Luke Urquhart,2025,2024,MID,ND,57,41+,20,0,,,,,143,39,39,39,39,39,39,39,39,39,39,39,39,39,585,723,715,681,681,682,687,682,687,682,684,684,691,694,,,,,,,,,,,,,,,0,0.0,8,0,0.0,21,0,0.0,29,
malakai-champion,Malakai Champion,2025,2024,SF,PDN,,pool,20,10,54.67806545309878,-7.036411790430066,-17.9183157946884,-10.881904004258335,341,167,166,166,166,166,166,166,166,166,167,166,167,167,410,541,533,520,522,520,522,522,524,521,520,521,522,523,,0.4752543562311965,0.5160328855450711,0.5160328855450711,0.5160328855450711,0.5160328855450711,0.5160328855450711,0.5160328855450711,0.5160328855450711,0.5064765087833154,0.49033899465492636,0.5064765087833154,0.49033899465492636,0.4903389946549265,-1,-0.5988023952095808,8,1,0.6024096385542169,10,0,0.0,18,
marcus-bontempelli,Marcus Bontempelli,2014,2013,MID,ND,4,1-10,31,277,2479.3474904134955,19.43954712847211,41.82696593071464,22.387418802242525,3876,3677,3677,3677,3677,3677,3677,3677,3677,3677,3677,3677,3677,3677,40,33,34,34,34,34,34,34,34,34,34,34,34,34,,5.996143948028276e-08,5.996143948028276e-08,0.0,0.0,0.0,0.0,0.0,0.0,0.0,0.0,0.0,0.0,0.0,0,0.0,-1,0,0.0,0,0,0.0,-1,
mark-blicavs,Mark Blicavs,2012,2011,RUCK,UNR,,pool,35,310,264.74599677792054,1.826238600360655,11.73332277297613,9.907084172615479,5,56,56,56,56,56,56,56,56,56,56,56,56,56,802,685,675,641,643,643,645,645,647,641,643,643,649,651,,6.349335945898815e-09,6.349335945898815e-09,0.0,0.0,0.0,0.0,0.0,0.0,0.0,0.0,0.0,0.0,0.0,0,0.0,10,0,0.0,24,0,0.0,34,
mason-cox,Mason Cox,2015,2014,KPF,UNR,,pool,35,151,91.4029494151171,-5.445586708110241,-6.979346405228756,-1.533759697118514,3,3,3,3,3,3,3,3,3,3,3,3,3,3,803,804,804,800,800,800,800,800,800,800,800,800,800,800,,0.0002664462515723498,0.0002664462515723498,0.06669925589289738,0.06669925589289782,0.06669925589289738,0.06669925589289738,0.06669925589289782,0.06669925589289782,0.06982133394521028,0.074936008036115,0.06982133394521028,0.074936008036115,0.07493600803611478,0,0.0,0,0,0.0,4,0,0.0,4,
mason-redman,Mason Redman,2016,2015,SD,ND,30,21-30,29,155,411.2936401865051,-0.8418258866198329,9.05560188518361,9.897427771803441,1176,1094,1094,1094,1094,1094,1094,1094,1094,1094,1094,1094,1094,1094,200,189,186,186,187,187,187,188,188,187,187,188,188,188,,0.00020546303488522266,0.00020546303488522266,0.0,0.0,0.0,0.0,0.0,0.0,0.0,0.0,0.0,0.0,0.0,0,0.0,3,0,0.0,-2,0,0.0,1,
mason-wood,Mason Wood,2013,2012,SF,ND,44,41+,33,174,297.50193648008405,-1.0706306297234078,3.529082041424084,4.599712671147492,383,364,364,364,364,364,364,364,364,364,364,364,364,364,398,373,367,363,363,365,366,365,366,363,365,365,367,367,,6.331308499130106e-05,6.331308499130106e-05,0.0,0.0,0.0,0.0,0.0,0.0,0.0,0.0,0.0,0.0,0.0,0,0.0,6,0,0.0,0,0,0.0,6,
matt-duffy,Matt Duffy,2025,2024,KPD,IRE,,pool,22,0,,,,,43,37,37,37,37,37,37,37,37,37,37,37,37,37,731,732,724,688,695,690,694,696,698,690,696,691,702,703,,,,,,,,,,,,,,,0,0.0,8,0,0.0,21,0,0.0,29,
matt-rowell,Matt Rowell,2020,2019,MID,ND,1,1-10,25,124,3272.7827724260437,25.440230012706913,28.16255446713736,2.722324454430452,4770,4471,4471,4471,4471,4471,4471,4471,4471,4471,4471,4471,4471,4471,20,18,18,18,18,18,18,18,18,18,18,18,18,18,,0.001509581825561268,0.001509581825561268,0.0,0.0,0.0,0.0,0.0,0.0,0.0,0.0,0.0,0.0,0.0,0,0.0,0,0,0.0,0,0,0.0,0,
matthew-leray,Matthew LeRay,2026,2025,MID,ND,56,41+,19,0,,,,,219,111,111,111,111,111,111,111,111,111,111,111,111,111,486,611,603,580,582,582,584,584,586,581,583,583,587,588,,,,,,,,,,,,,,,0,0.0,8,0,0.0,15,0,0.0,23,
max-beattie,Max Beattie,2026,2026,SF,MSD,12,pool,23,0,,,,,181,95,95,95,95,95,95,95,95,95,95,95,95,95,528,626,619,599,599,601,602,601,602,600,600,602,603,603,,,,,,,,,,,,,,,0,0.0,7,0,0.0,16,0,0.0,23,
max-gawn,Max Gawn,2010,2009,RUCK,ND,33,31-40,35,266,1058.8567844180263,8.436423758139997,40.081056469653525,31.64463271151352,3336,3136,3136,3136,3136,3136,3136,3136,3136,3136,3136,3136,3136,3136,51,52,50,50,51,50,50,51,51,50,50,50,50,51,,1.2636710022828623e-07,1.2636710022828623e-07,0.0,0.0,0.0,0.0,0.0,0.0,0.0,0.0,0.0,0.0,0.0,0,0.0,2,0,0.0,-1,0,0.0,1,
max-holmes,Max Holmes,2021,2020,MID,ND,21,21-30,24,120,922.6854008931635,6.532047249065631,25.68697324977652,19.15492600071089,8406,7562,7562,7562,7562,7562,7562,7562,7562,7562,7562,7562,7562,7562,5,5,5,5,5,5,5,5,5,5,5,5,5,5,,0.002206955447488612,0.002206955447488612,0.0,0.0,0.0,0.0,0.0,0.0,0.0,0.0,0.0,0.0,0.0,0,0.0,0,0,0.0,0,0,0.0,0,
max-king-syd,Maxwell King,2026,2025,KPF,ND,49,41+,19,0,,,,,156,129,129,129,129,129,129,129,129,129,129,129,129,129,559,578,567,554,554,556,558,556,558,555,555,557,560,560,,,,,,,,,,,,,,,0,0.0,11,0,0.0,7,0,0.0,18,
max-knobel,Max Knobel,2023,2022,RUCK,ND,42,41+,22,0,,,,,411,317,317,317,317,317,317,317,317,317,317,317,317,317,380,403,397,395,397,396,397,398,399,396,397,396,399,401,,,,,,,,,,,,,,,0,0.0,6,0,0.0,-4,0,0.0,2,
max-mapley,Max Mapley,2026,2026,RUCK,MSD,18,pool,21,0,,,,,322,266,266,266,266,266,266,266,266,266,266,266,266,266,420,429,423,422,422,423,424,423,424,422,422,423,425,425,,,,,,,,,,,,,,,0,0.0,6,0,0.0,-2,0,0.0,4,
mitch-georgiades,Mitch Georgiades,2020,2019,KPF,ND,18,11-20,25,109,756.4745209211331,7.629578586194278,9.618299092730132,1.9887205065358498,1427,1307,1307,1307,1307,1307,1307,1307,1307,1307,1307,1307,1307,1307,169,164,159,160,161,160,161,161,162,160,161,160,162,162,,0.004132523665834942,0.004132523665834942,0.0,0.0,0.0,0.0,0.0,0.0,0.0,0.0,0.0,0.0,0.0,0,0.0,5,0,0.0,-3,0,0.0,2,
mitch-mcgovern,Mitch McGovern,2015,2014,SF,ND,43,41+,32,164,258.77582430924593,0.636716348532887,-1.1566520053463236,-1.79336835387921,40,41,41,41,41,41,41,41,41,41,41,41,41,41,737,716,709,674,674,675,677,675,677,674,676,676,680,680,,0.00011422280593631484,0.00011422280593631484,0.09406794420162856,0.09406794420162912,0.09406794420162856,0.09406794420162856,0.09406794420162912,0.09406794420162912,0.09624336760718044,0.09981166983624434,0.09624336760718044,0.09981166983624434,0.09981166983624457,0,0.0,7,0,0.0,29,0,0.0,36,
mitchell-hinge,Mitchell Hinge,2017,2016,SD,RD,15,pool,28,90,254.6586738490823,-1.2623139425581236,4.075284828763392,5.337598771321514,322,305,305,305,305,305,305,305,305,305,305,305,305,305,421,409,402,401,403,402,403,404,405,401,402,402,404,405,,0.014108663066073612,0.014108663066073612,0.0,0.0,0.0,0.0,0.0,0.0,0.0,0.0,0.0,0.0,0.0,0,0.0,7,0,0.0,-3,0,0.0,4,
mitchell-marsh,Mitchell Marsh,2026,2025,KPF,ND,22,21-30,19,0,,,,,506,552,552,552,552,552,552,552,552,552,552,552,552,552,340,305,299,296,298,297,297,299,299,297,298,298,298,299,,,,,,,,,,,,,,,0,0.0,6,0,0.0,0,0,0.0,6,
nasiah-wanganeen-milera,Nasiah Wanganeen-Milera,2022,2021,SD,ND,11,11-20,23,101,1573.6649680442542,13.46629690449404,30.970817239333563,17.50452033483952,9688,8644,8644,8644,8644,8644,8644,8644,8644,8644,8644,8644,8644,8644,4,4,4,4,4,4,4,4,4,4,4,4,4,4,,0.0067856446265864845,0.0,0.0,0.0,0.0,0.0,0.0,0.0,0.0,0.0,0.0,0.0,0.0,0,0.0,0,0,0.0,0,0,0.0,0,
nathan-wardius,Nathan Wardius,2024,2023,SF,PDA,,pool,22,0,,,,,77,37,37,37,37,37,37,37,37,37,37,37,37,37,673,733,725,689,696,691,695,697,699,691,697,692,703,704,,,,,,,,,,,,,,,0,0.0,8,0,0.0,21,0,0.0,29,
ned-bowman,Ned Bowman,2025,2024,SF,ND,26,21-30,20,0,,,,,257,124,124,124,124,124,124,124,124,124,124,124,124,124,455,588,578,561,561,564,565,564,565,562,562,564,567,567,,,,,,,,,,,,,,,0,0.0,10,0,0.0,11,0,0.0,21,
nic-newman,Nic Newman,2015,2014,SD,RD,24,pool,33,149,254.6586738490823,-1.2623139425581236,13.543288590604028,14.80560253316215,628,672,672,672,672,672,672,672,672,672,672,672,672,672,297,269,265,261,261,262,262,262,262,262,262,263,263,263,,0.00034529364877633473,0.00034529364877633473,0.0,0.0,0.0,0.0,0.0,0.0,0.0,0.0,0.0,0.0,0.0,0,0.0,4,0,0.0,2,0,0.0,6,
nick-blakey,Nick Blakey,2019,2018,SD,ND,10,1-10,26,170,1288.1140428983629,9.729763002588367,16.732567362989265,7.002804360400899,4273,3978,3978,3978,3978,3978,3978,3978,3978,3978,3978,3978,3978,3978,29,26,27,27,28,27,27,28,28,27,27,27,27,28,,7.709868609773185e-05,7.709868609773185e-05,0.0,0.0,0.0,0.0,0.0,0.0,0.0,0.0,0.0,0.0,0.0,0,0.0,-1,0,0.0,-1,0,0.0,-2,
nick-daicos,Nick Daicos,2022,2021,MID,ND,4,1-10,23,113,2479.3474904134955,19.43954712847211,47.451107513434685,28.011560384962568,10945,9944,9944,9944,9944,9944,9944,9944,9944,9944,9944,9944,9944,9944,2,2,2,2,2,2,2,2,2,2,2,2,2,2,,0.003022841197175774,0.0,0.0,0.0,0.0,0.0,0.0,0.0,0.0,0.0,0.0,0.0,0.0,0,0.0,0,0,0.0,0,0,0.0,0,
nick-driscoll,Nick Driscoll,2026,2025,SF,RD,6,pool,19,0,,,,,201,97,97,97,97,97,97,97,97,97,97,97,97,97,511,621,614,596,596,598,599,598,599,596,596,598,599,599,,,,,,,,,,,,,,,0,0.0,7,0,0.0,15,0,0.0,22,
nick-vlastuin,Nick Vlastuin,2013,2012,SD,ND,12,11-20,32,273,1286.1218527608507,9.219793546914932,11.804349592145758,2.58455604523083,83,95,95,95,95,95,95,95,95,95,95,95,95,95,662,627,620,600,600,602,603,602,603,601,601,603,604,604,,7.86474558811534e-08,7.86474558811534e-08,0.0,0.0,0.0,0.0,0.0,0.0,0.0,0.0,0.0,0.0,0.0,0,0.0,7,0,0.0,16,0,0.0,23,
noah-anderson,Noah Anderson,2020,2019,MID,ND,2,1-10,25,147,2869.16697350346,22.265923036851706,30.28804462007926,8.022121583227554,5256,4918,4918,4918,4918,4918,4918,4918,4918,4918,4918,4918,4918,4918,15,15,15,15,15,15,15,15,15,15,15,15,15,15,,0.00034529364877644575,0.00034529364877644575,0.0,0.0,0.0,0.0,0.0,0.0,0.0,0.0,0.0,0.0,0.0,0,0.0,0,0,0.0,0,0,0.0,0,
noah-chamberlain,Noah Chamberlain,2026,2025,KPF,PDA,,pool,19,0,,,,,86,37,37,37,37,37,37,37,37,37,37,37,37,37,653,734,726,690,697,692,696,698,700,692,698,693,704,705,,,,,,,,,,,,,,,0,0.0,8,0,0.0,21,0,0.0,29,
oliver-griffin,Oliver Griffin,2026,2026,SF,MSD,6,pool,19,0,,,,,181,95,95,95,95,95,95,95,95,95,95,95,95,95,529,628,621,601,601,603,604,603,604,602,602,604,605,605,,,,,,,,,,,,,,,0,0.0,7,0,0.0,16,0,0.0,23,
oliver-wines,Oliver Wines,2013,2012,MID,ND,10,1-10,32,288,1574.6610631130102,13.480825790802976,22.456015609797007,8.975189818994025,255,278,278,278,278,278,278,278,278,278,278,278,278,278,456,421,411,410,411,411,414,411,414,411,411,411,414,414,,2.840759483202504e-08,2.840759483202504e-08,0.0,0.0,0.0,0.0,0.0,0.0,0.0,0.0,0.0,0.0,0.0,0,0.0,10,0,0.0,-3,0,0.0,7,
ollie-murphy,Ollie Murphy,2024,2023,KPD,ND,41,41+,21,0,,,,,168,196,196,196,196,196,196,196,196,196,196,196,196,196,545,515,506,495,497,496,499,497,500,496,499,498,500,501,,,,,,,,,,,,,,,0,0.0,9,0,0.0,5,0,0.0,14,
oscar-allen,Oscar Allen,2018,2017,KPF,ND,21,21-30,27,112,724.7845163436118,7.541298036683821,6.920688685113153,-0.6206093515706703,100,125,125,125,125,125,125,125,125,125,125,125,125,125,633,586,576,559,559,562,564,562,564,560,561,563,566,566,,0.0032184248869882026,0.0032184248869884247,0.0,0.0,0.0,0.0,0.0,0.0,0.0,0.0,0.0,0.0,0.0,0,0.0,10,0,0.0,10,0,0.0,20,
oscar-berry,Oscar Berry,2026,2025,KPD,UNR,,pool,24,0,,,,,53,57,57,57,57,57,57,57,57,57,57,57,57,57,702,684,674,640,641,642,643,643,644,640,640,642,646,648,,,,,,,,,,,,,,,0,0.0,10,0,0.0,26,0,0.0,36,
oskar-taylor,Oskar Taylor,2026,2025,SD,ND,15,11-20,19,0,,,,,629,596,596,596,596,596,596,596,596,596,596,596,596,596,296,291,283,278,278,281,281,281,281,278,279,281,281,282,,,,,,,,,,,,,,,0,0.0,8,0,0.0,1,0,0.0,9,
patrick-carr,Patrick Carr,2026,2025,RUCK,UNR,,pool,21,0,,,,,31,47,47,47,47,47,47,47,47,47,47,47,47,47,749,707,699,660,661,662,666,663,667,660,663,662,668,669,,,,,,,,,,,,,,,0,0.0,8,0,0.0,30,0,0.0,38,
patrick-cripps,Patrick Cripps,2014,2013,MID,ND,13,11-20,31,249,1444.775736102072,11.283826206821479,28.348316583221344,17.06449037639987,1488,1424,1424,1424,1424,1424,1424,1424,1424,1424,1424,1424,1424,1424,165,151,148,148,150,148,148,150,150,148,148,148,148,150,,3.985937936379358e-07,3.985937936379358e-07,0.0,0.0,0.0,0.0,0.0,0.0,0.0,0.0,0.0,0.0,0.0,0,0.0,3,0,0.0,-2,0,0.0,1,
patrick-dangerfield,Patrick Dangerfield,2008,2007,SF,ND,10,1-10,37,376,982.9204819049052,6.532047249065631,31.065958090423518,24.533910841357894,63,41,41,41,41,41,41,41,41,41,41,41,41,41,689,717,710,675,675,676,678,676,678,675,677,677,681,681,,7.914346955573137e-11,7.914346955573137e-11,0.0,0.0,0.0,0.0,0.0,0.0,0.0,0.0,0.0,0.0,0.0,0,0.0,7,0,0.0,29,0,0.0,36,
patrick-lipinski,Patrick Lipinski,2017,2016,SF,ND,28,21-30,28,159,424.76028466064855,-0.2974152189991546,8.841951650339045,9.139366869338193,735,692,692,692,692,692,692,692,692,692,692,692,692,692,272,259,257,255,257,256,257,258,258,256,256,257,257,258,,0.00016900164260835737,0.00016900164260835737,0.0,0.0,0.0,0.0,0.0,0.0,0.0,0.0,0.0,0.0,0.0,0,0.0,2,0,0.0,-1,0,0.0,1,
patrick-said,Patrick Said,2025,2024,SF,ND,60,41+,20,0,,,,,80,28,28,28,28,28,28,28,28,28,28,28,28,28,667,753,751,714,716,716,719,718,721,714,715,716,722,725,,,,,,,,,,,,,,,0,0.0,2,0,0.0,26,0,0.0,28,
patrick-snell,Patrick Snell,2024,2023,KPF,ND,53,41+,21,0,,,,,115,163,163,163,163,163,163,163,163,163,163,163,163,163,617,543,534,524,524,524,526,524,526,524,524,524,527,527,,,,,,,,,,,,,,,0,0.0,9,0,0.0,7,0,0.0,16,
paul-curtis,Paul Curtis,2022,2021,SF,ND,35,31-40,23,94,417.7876191793564,-0.5960705509461572,5.413225906334151,6.009296457280311,1622,1486,1486,1486,1486,1486,1486,1486,1486,1486,1486,1486,1486,1486,150,145,141,141,142,141,142,142,142,142,142,142,142,142,,0.00980366311550529,0.0,0.0,0.0,0.0,0.0,0.0,0.0,0.0,0.0,0.0,0.0,0.0,0,0.0,4,0,0.0,-1,0,0.0,3,
peter-wright,Peter Wright,2015,2014,KPF,ND,10,1-10,30,166,1111.2073016839277,8.97487485189481,14.09755097309409,5.12267612119928,1619,1531,1531,1531,1531,1531,1531,1531,1531,1531,1531,1531,1531,1531,151,140,137,137,138,137,137,138,138,137,137,137,138,138,,0.00010021020474160203,0.00010021020474160203,0.0,0.0,0.0,0.0,0.0,0.0,0.0,0.0,0.0,0.0,0.0,0,0.0,3,0,0.0,-1,0,0.0,2,
reece-torrent,Reece Torrent,2024,2023,MID,ND,64,41+,21,0,,,,,79,25,25,25,25,25,25,25,25,25,25,25,25,25,671,758,757,723,723,727,729,727,729,724,725,728,731,731,,,,,,,,,,,,,,,0,0.0,1,0,0.0,26,0,0.0,27,
reilly-o-brien,Reilly O'Brien,2015,2014,RUCK,RD,8,pool,31,147,372.0760157379352,3.8089472528834976,20.812009090406054,17.00306183752256,985,977,977,977,977,977,977,977,977,977,977,977,977,977,231,206,203,203,203,204,205,204,205,203,204,204,205,205,,0.00036837069337769535,0.00036837069337769535,0.0,0.0,0.0,0.0,0.0,0.0,0.0,0.0,0.0,0.0,0.0,0,0.0,3,0,0.0,-2,0,0.0,1,
rhys-stanley,Rhys Stanley,2009,2008,RUCK,ND,47,41+,36,230,393.812172123054,4.2473305537977275,5.066350961773238,0.8190204079755129,28,6,6,6,6,6,6,6,6,6,6,6,6,6,758,798,798,790,790,790,790,790,790,790,790,790,790,791,,1.636915909042358e-06,1.636915909042358e-06,0.0,0.0,0.0,0.0,0.0,0.0,0.0,0.0,0.0,0.0,0.0,0,0.0,0,0,0.0,7,0,0.0,7,
riak-andrew,Riak Andrew,2025,2024,KPD,ND,55,41+,21,0,,,,,138,124,124,124,124,124,124,124,124,124,124,124,124,124,597,589,579,562,562,565,566,565,566,563,563,565,568,568,,,,,,,,,,,,,,,0,0.0,10,0,0.0,11,0,0.0,21,
ricky-mentha,Ricky Mentha,2025,2024,SF,PDN,,pool,20,0,,,,,50,23,23,23,23,23,23,23,23,23,23,23,23,23,713,765,763,728,728,732,735,732,735,729,733,733,737,737,,,,,,,,,,,,,,,0,0.0,2,0,0.0,26,0,0.0,28,
riley-garcia,Riley Garcia,2020,2019,SF,ND,61,41+,25,39,134.08133705019253,-6.94907244191716,-10.630478440465549,-3.681405998548389,47,41,41,41,41,41,41,41,41,41,41,41,41,41,723,718,711,676,676,677,679,677,679,676,678,678,682,682,,0.23355045361857452,0.23355045361857452,0.2659199343055383,0.26591993430553806,0.2659199343055383,0.2659199343055383,0.26591993430553806,0.26591993430553806,0.26268779242923757,0.25733828746836074,0.26268779242923757,0.25733828746836074,0.2573382874683605,0,0.0,7,0,0.0,29,0,0.0,36,
riley-hamilton,Riley Hamilton,2026,2025,SF,PDA,,pool,20,4,86.64903086038251,-7.036411790430066,-17.92302251569855,-10.886610725268483,305,210,208,208,208,208,208,208,208,209,210,209,210,210,428,500,487,474,475,476,479,477,480,474,475,476,479,480,,0.37945606123610465,0.40494783586921457,0.40494783586921457,0.40494783586921457,0.40494783586921457,0.40494783586921457,0.40494783586921457,0.40494783586921457,0.39656610655003444,0.38251619062839815,0.39656610655003444,0.38251619062839815,0.38251619062839826,-2,-0.9523809523809523,13,2,0.9615384615384616,7,0,0.0,20,
riley-onley,Riley Onley,2026,2025,MID,RD,2,pool,19,0,,,,,201,97,97,97,97,97,97,97,97,97,97,97,97,97,512,622,615,597,597,599,600,599,600,597,597,599,600,600,,,,,,,,,,,,,,,0,0.0,7,0,0.0,15,0,0.0,22,
river-stevens,River Stevens,2025,2024,SF,ND,67,41+,20,0,,,,,104,44,44,44,44,44,44,44,44,44,44,44,44,44,629,711,703,666,668,668,672,669,673,667,671,670,674,674,,,,,,,,,,,,,,,0,0.0,8,0,0.0,29,0,0.0,37,
rob-monahan,Rob Monahan,2024,2023,SD,IRE,,pool,22,0,,,,,45,37,37,37,37,37,37,37,37,37,37,37,37,37,728,735,727,691,698,693,697,699,701,693,699,694,705,706,,,,,,,,,,,,,,,0,0.0,8,0,0.0,21,0,0.0,29,
rory-laird,Rory Laird,2012,2011,SD,RD,8,pool,33,284,254.6586738490823,-1.2623139425581236,27.02096125589485,28.283275198452976,701,749,749,749,749,749,749,749,749,749,749,749,749,749,283,242,243,245,246,246,246,247,247,245,245,246,246,247,,3.9901249970775154e-08,3.9901249970775154e-08,0.0,0.0,0.0,0.0,0.0,0.0,0.0,0.0,0.0,0.0,0.0,0,0.0,-1,0,0.0,-4,0,0.0,-5,
rory-lobb,Rory Lobb,2014,2013,KPD,ND,29,21-30,33,215,487.4486389123971,5.674629984729539,9.467346540603597,3.792716555874062,276,270,270,270,270,270,270,270,270,270,270,270,270,270,441,423,418,418,418,419,420,419,420,418,418,419,420,420,,3.908694384935352e-06,3.908694384935352e-06,0.0,0.0,0.0,0.0,0.0,0.0,0.0,0.0,0.0,0.0,0.0,0,0.0,5,0,0.0,-2,0,0.0,3,
rowan-marshall,Rowan Marshall,2017,2016,KPF,RD,8,pool,31,173,372.0760157379352,3.8089472528834976,31.804767397653485,27.995820144769983,2027,2008,2008,2008,2008,2008,2008,2008,2008,2008,2008,2008,2008,2008,118,97,97,97,98,97,97,98,98,98,98,98,98,98,,6.331308499141208e-05,6.331308499141208e-05,0.0,0.0,0.0,0.0,0.0,0.0,0.0,0.0,0.0,0.0,0.0,0,0.0,0,0,0.0,-1,0,0.0,-1,
ryda-luke,Ryda Luke,2026,2025,SF,PDN,,pool,19,0,,,,,84,25,25,25,25,25,25,25,25,25,25,25,25,25,660,759,758,724,724,728,730,728,730,725,726,729,732,732,,,,,,,,,,,,,,,0,0.0,1,0,0.0,26,0,0.0,27,
sam-allen,Sam Allen,2026,2025,SF,ND,29,21-30,19,0,,,,,618,450,450,450,450,450,450,450,450,450,450,450,450,450,303,341,332,326,327,326,326,327,327,326,326,326,326,327,,,,,,,,,,,,,,,0,0.0,9,0,0.0,5,0,0.0,14,
sam-draper,Sam Draper,2017,2016,KPF,RD,1,pool,28,96,372.0760157379352,3.8089472528834976,5.898289210648857,2.0893419577653587,1107,993,993,993,993,993,993,993,993,993,993,993,993,993,211,205,200,198,201,199,200,202,203,198,198,199,200,203,,0.008675632618332263,0.008675632618332263,0.0,0.0,0.0,0.0,0.0,0.0,0.0,0.0,0.0,0.0,0.0,0,0.0,5,0,0.0,-3,0,0.0,2,
sam-powell-pepper,Sam Powell-Pepper,2017,2016,SF,ND,18,11-20,28,158,595.1880609157365,4.0806135026621435,5.7299341936945485,1.649320691032403,167,180,180,180,180,180,180,180,180,180,180,180,180,180,547,531,523,513,513,514,515,514,515,514,514,515,516,516,,0.00019251744925530279,0.00019251744925530279,0.0,0.0,0.0,0.0,0.0,0.0,0.0,0.0,0.0,0.0,0.0,0,0.0,8,0,0.0,7,0,0.0,15,
sam-switkowski,Sam Switkowski,2018,2017,SF,ND,72,41+,30,124,103.02153132816662,-7.036411790430066,1.1686145963084817,8.205026386738545,15,16,16,16,16,16,16,16,16,16,16,16,16,16,787,778,777,748,753,751,751,754,754,750,753,752,755,758,,0.001509581825561268,0.001509581825561268,0.0,0.0,0.0,0.0,0.0,0.0,0.0,0.0,0.0,0.0,0.0,0,0.0,1,0,0.0,19,0,0.0,20,
sam-taylor,Sam Taylor,2018,2017,KPD,ND,28,21-30,27,139,493.0360884651503,5.721893014015824,16.209368516160925,10.4874755021451,1212,1119,1119,1119,1119,1119,1119,1119,1119,1119,1119,1119,1119,1119,193,185,179,178,180,180,180,182,182,179,179,180,180,182,,0.0005786150288653591,0.0005786150288653591,0.0,0.0,0.0,0.0,0.0,0.0,0.0,0.0,0.0,0.0,0.0,0,0.0,6,0,0.0,-3,0,0.0,3,
sam-walsh,Sam Walsh,2019,2018,MID,ND,1,1-10,26,152,3272.7827724260437,25.440230012706913,34.17273658809583,8.732506575388923,3041,2926,2926,2926,2926,2926,2926,2926,2926,2926,2926,2926,2926,2926,61,57,56,56,58,56,56,58,58,56,56,56,56,58,,0.0002496996136938101,0.0002496996136938101,0.0,0.0,0.0,0.0,0.0,0.0,0.0,0.0,0.0,0.0,0.0,0,0.0,1,0,0.0,-2,0,0.0,-1,
samuel-collins,Samuel Collins,2016,2015,KPD,ND,54,41+,32,168,372.02382945098583,3.807019629357963,8.668763727257526,4.861744097899561,619,583,583,583,583,583,583,583,583,583,583,583,583,583,302,296,290,286,286,288,288,288,288,286,285,288,288,289,,0.00010021020474160203,0.00010021020474160203,0.0,0.0,0.0,0.0,0.0,0.0,0.0,0.0,0.0,0.0,0.0,0,0.0,6,0,0.0,1,0,0.0,7,
scott-pendlebury,Scott Pendlebury,2006,2005,MID,ND,5,1-10,39,406,2061.937896291424,17.28608489848933,31.672312756200903,14.386227857711576,353,381,381,381,381,381,381,381,381,381,381,381,381,381,407,367,361,357,357,359,360,359,360,357,358,359,361,361,,9.357736807658057e-12,9.357736807658057e-12,0.0,0.0,0.0,0.0,0.0,0.0,0.0,0.0,0.0,0.0,0.0,0,0.0,6,0,0.0,0,0,0.0,6,
sean-darcy,Sean Darcy,2017,2016,RUCK,ND,38,31-40,28,134,897.2731981154917,7.883770689651869,20.870887092652616,12.987116403000748,734,703,703,703,703,703,703,703,703,703,703,703,703,703,273,257,255,252,253,253,254,254,254,253,254,254,255,255,,0.0009066144493287132,0.0009066144493287132,0.0,0.0,0.0,0.0,0.0,0.0,0.0,0.0,0.0,0.0,0.0,0,0.0,2,0,0.0,0,0,0.0,2,
shai-bolton,Shai Bolton,2017,2016,SF,ND,29,21-30,28,176,423.76418959189255,-0.3382492564614927,17.51565689764992,17.853906154111414,2150,1996,1996,1996,1996,1996,1996,1996,1996,1996,1996,1996,1996,1996,106,100,100,99,99,99,99,99,99,99,99,99,99,99,,5.197713362037337e-05,5.197713362037337e-05,0.0,0.0,0.0,0.0,0.0,0.0,0.0,0.0,0.0,0.0,0.0,0,0.0,0,0,0.0,1,0,0.0,1,
steele-sidebottom,Steele Sidebottom,2009,2008,MID,ND,11,11-20,36,371,1573.6649680442542,13.46629690449404,20.78976551970487,7.323468615210828,96,20,20,20,20,20,20,20,20,20,20,20,20,20,636,769,768,737,740,741,742,743,744,737,738,741,743,746,,9.72745217708848e-11,9.72745217708848e-11,0.0,0.0,0.0,0.0,0.0,0.0,0.0,0.0,0.0,0.0,0.0,0,0.0,1,0,0.0,22,0,0.0,23,
tai-hayes,Tai Hayes,2026,2025,SF,ND,44,41+,22,0,,,,,194,151,151,151,151,151,151,151,151,151,151,151,151,151,517,559,547,535,535,539,539,539,539,536,538,539,541,541,,,,,,,,,,,,,,,0,0.0,12,0,0.0,6,0,0.0,18,
taylor-walker,Taylor Walker,2008,2007,KPF,ND,64,41+,37,314,205.2391080159411,2.0313355868523626,14.054390172130073,12.023054585277709,132,129,129,129,129,129,129,129,129,129,129,129,129,129,604,579,568,555,555,557,559,557,559,556,556,558,561,561,,4.83255346850342e-09,4.83255346850342e-09,0.0,0.0,0.0,0.0,0.0,0.0,0.0,0.0,0.0,0.0,0.0,0,0.0,11,0,0.0,7,0,0.0,18,
thomas-anastasopoulos,Tom Anastasopoulos,2024,2023,SF,ND,48,41+,21,2,279.365239418357,-1.2623139425581236,-11.304832585863153,-10.04251864330503,173,181,180,180,180,180,180,180,180,181,181,181,181,181,540,528,524,514,514,515,516,515,516,513,513,514,515,515,,0.23506858983338075,0.23913523048432106,0.23913523048432106,0.23913523048432084,0.23913523048432106,0.23913523048432106,0.23913523048432084,0.23913523048432084,0.23360576095351315,0.22441939798280575,0.23360576095351315,0.22441939798280575,0.2244193979828054,-1,-0.5524861878453039,4,1,0.5555555555555556,9,0,0.0,13,
thomas-burton,Thomas Burton,2026,2025,MID,SSP,,pool,19,5,124.3742758208904,-7.036411790430066,-17.61948891064778,-10.583077120217716,439,323,321,321,321,321,321,321,321,322,323,322,323,323,365,398,394,390,393,391,393,394,395,389,391,390,393,395,,0.33962627575333004,0.35538055676971436,0.35538055676971436,0.3553805567697145,0.35538055676971436,0.35538055676971436,0.3553805567697145,0.3553805567697145,0.3477522115638041,0.3350027566636329,0.3477522115638041,0.3350027566636329,0.3350027566636328,-2,-0.6191950464396285,4,2,0.6230529595015576,-1,0,0.0,3,
thomas-liberatore,Thomas Liberatore,2011,2010,MID,ND,24,21-30,34,265,843.128494491119,6.354011905904754,25.725422913985017,19.37141100808026,1018,970,970,970,970,970,970,970,970,970,970,970,970,970,225,209,205,205,205,206,207,206,207,205,207,206,207,207,,1.3521707009633843e-07,1.3521707009633843e-07,0.0,0.0,0.0,0.0,0.0,0.0,0.0,0.0,0.0,0.0,0.0,0,0.0,4,0,0.0,-2,0,0.0,2,
thomas-matthews,Thomas Matthews,2026,2025,SF,ND,30,21-30,19,0,,,,,337,238,238,238,238,238,238,238,238,238,238,238,238,238,412,461,451,443,444,444,445,445,446,443,444,444,445,446,,,,,,,,,,,,,,,0,0.0,10,0,0.0,5,0,0.0,15,
thomas-stewart,Thomas Stewart,2017,2016,SD,ND,40,31-40,33,208,311.3966748790782,-1.2623139425581236,20.655238095238097,21.91755203779622,1101,1030,1030,1030,1030,1030,1030,1030,1030,1030,1030,1030,1030,1030,212,199,196,193,193,194,194,194,194,193,193,194,194,194,,6.236465393216761e-06,6.236465393216761e-06,0.0,0.0,0.0,0.0,0.0,0.0,0.0,0.0,0.0,0.0,0.0,0,0.0,3,0,0.0,2,0,0.0,5,
tim-kelly,Tim Kelly,2018,2017,SF,ND,24,21-30,32,181,843.128494491119,6.354011905904754,18.465355191256837,12.11134328535208,1219,1154,1154,1154,1154,1154,1154,1154,1154,1154,1154,1154,1154,1154,192,179,173,173,173,174,175,174,175,173,173,174,175,175,,3.7388517150072076e-05,3.7388517150072076e-05,0.0,0.0,0.0,0.0,0.0,0.0,0.0,0.0,0.0,0.0,0.0,0,0.0,6,0,0.0,-2,0,0.0,4,
tim-membrey,Tim Membrey,2013,2012,KPF,ND,49,41+,32,217,246.94114747337414,2.31994774290901,8.44677312841175,6.126825385502744,129,127,127,127,127,127,127,127,127,127,127,127,127,127,606,583,573,558,558,560,563,560,563,558,559,560,563,563,,3.4195899107913874e-06,3.4195899107913874e-06,0.0,0.0,0.0,0.0,0.0,0.0,0.0,0.0,0.0,0.0,0.0,0,0.0,10,0,0.0,10,0,0.0,20,
tim-taranto,Tim Taranto,2017,2016,MID,ND,2,1-10,28,190,2869.16697350346,22.265923036851706,27.359025883898685,5.093102847046979,2423,2337,2337,2337,2337,2337,2337,2337,2337,2337,2337,2337,2337,2337,85,75,76,76,76,76,76,76,76,76,76,76,76,76,,2.0625242825977885e-05,2.0625242825977885e-05,0.0,0.0,0.0,0.0,0.0,0.0,0.0,0.0,0.0,0.0,0.0,0,0.0,-1,0,0.0,0,0,0.0,-1,
timothy-english,Timothy English,2017,2016,RUCK,ND,19,11-20,29,167,1072.8021153806105,8.553604593642506,29.37596113824733,20.822356544604823,3535,3289,3289,3289,3289,3289,3289,3289,3289,3289,3289,3289,3289,3289,47,47,45,45,46,45,45,46,46,45,45,45,45,46,,9.385736078004747e-05,9.385736078004747e-05,0.0,0.0,0.0,0.0,0.0,0.0,0.0,0.0,0.0,0.0,0.0,0,0.0,2,0,0.0,-1,0,0.0,1,
toby-greene,Toby Greene,2012,2011,SF,ND,17,11-20,33,278,615.9507728576181,4.420269402182103,19.735557137336315,15.315287735154222,847,805,805,805,805,805,805,805,805,805,805,805,805,805,250,237,230,230,231,230,231,231,232,230,229,231,230,232,,5.996143948028276e-08,5.996143948028276e-08,0.0,0.0,0.0,0.0,0.0,0.0,0.0,0.0,0.0,0.0,0.0,0,0.0,7,0,0.0,-2,0,0.0,5,
toby-nankervis,Toby Nankervis,2014,2013,RUCK,ND,35,31-40,32,187,1056.8645942805142,8.425306494178443,22.00998109762929,13.584674603450843,2031,1911,1911,1911,1911,1911,1911,1911,1911,1911,1911,1911,1911,1911,116,110,108,107,109,107,107,109,109,107,107,107,107,109,,2.515490891163985e-05,2.5154908911417806e-05,0.0,0.0,0.0,0.0,0.0,0.0,0.0,0.0,0.0,0.0,0.0,0,0.0,2,0,0.0,-1,0,0.0,1,
toby-whan,Toby Whan,2026,2025,MID,PDN,,pool,19,0,,,,,84,25,25,25,25,25,25,25,25,25,25,25,25,25,661,760,759,725,725,729,731,729,731,726,727,730,733,733,,,,,,,,,,,,,,,0,0.0,1,0,0.0,26,0,0.0,27,
tobyn-murray,Tobyn Murray,2026,2025,SF,ND,40,31-40,21,0,,,,,234,204,204,204,204,204,204,204,204,204,204,204,204,204,474,506,495,481,483,483,483,484,484,482,484,484,487,488,,,,,,,,,,,,,,,0,0.0,11,0,0.0,7,0,0.0,18,
tom-atkins,Tom Atkins,2019,2018,MID,RD,7,pool,31,172,212.39992549540213,-1.2623139425581236,4.863333333333338,6.12564727589146,298,355,355,355,355,355,355,355,355,355,355,355,355,355,431,382,375,371,372,372,373,373,374,371,372,372,374,375,,6.761229995089213e-05,6.761229995089213e-05,0.0,0.0,0.0,0.0,0.0,0.0,0.0,0.0,0.0,0.0,0.0,0,0.0,7,0,0.0,0,0,0.0,7,
tom-barrass,Tom Barrass,2014,2013,KPD,ND,43,41+,31,190,386.50259578035207,4.104382128693838,11.495014068612603,7.390631939918762,21,22,22,22,22,22,22,22,22,22,22,22,22,22,771,767,765,732,733,737,738,737,738,735,735,739,740,740,,2.0625242825977885e-05,2.0625242825977885e-05,0.0,0.0,0.0,0.0,0.0,0.0,0.0,0.0,0.0,0.0,0.0,0,0.0,2,0,0.0,25,0,0.0,27,
tom-de-koning,Tom De Koning,2018,2017,RUCK,ND,30,21-30,27,111,1061.8450696242944,8.45332412749068,9.076692399633457,0.6233682721427822,1830,1688,1688,1688,1688,1688,1688,1688,1688,1688,1688,1688,1688,1688,128,123,123,123,124,123,123,124,124,123,123,123,123,124,,0.0034263995503592826,0.0034263995503592826,0.0,0.0,0.0,0.0,0.0,0.0,0.0,0.0,0.0,0.0,0.0,0,0.0,0,0,0.0,-1,0,0.0,-1,
tom-green,Tom Green,2020,2019,MID,ND,10,1-10,25,115,1574.6610631130102,13.480825790802976,30.675008079195884,17.194182288392902,4719,4339,4339,4339,4339,4339,4339,4339,4339,4339,4339,4339,4339,4339,22,21,22,22,22,22,22,22,22,22,22,22,22,22,,0.003022841197175552,0.003022841197175774,0.0,0.0,0.0,0.0,0.0,0.0,0.0,0.0,0.0,0.0,0.0,0,0.0,-1,0,0.0,0,0,0.0,-1,
tom-lynch-1,Tom Lynch,2011,2010,KPF,ND,11,11-20,34,240,1110.2112066151717,8.962606636553948,14.887892543143574,5.925285906589628,50,15,15,15,15,15,15,15,15,15,15,15,15,15,715,781,780,754,758,755,756,758,759,755,755,756,758,759,,7.309059317783806e-07,7.309059317783806e-07,0.0,0.0,0.0,0.0,0.0,0.0,0.0,0.0,0.0,0.0,0.0,0,0.0,1,0,0.0,21,0,0.0,22,
tom-mccartin,Tom McCartin,2018,2017,KPD,ND,33,31-40,27,168,471.19945489646733,5.512264633824777,6.116198164382756,0.6039335305579824,1689,1571,1571,1571,1571,1571,1571,1571,1571,1571,1571,1571,1571,1571,143,131,131,132,133,132,132,133,133,132,132,132,132,133,,8.790417862714062e-05,8.790417862714062e-05,0.0,0.0,0.0,0.0,0.0,0.0,0.0,0.0,0.0,0.0,0.0,0,0.0,0,0,0.0,-2,0,0.0,-2,
tom-mcdonald,Tom McDonald,2011,2010,KPD,ND,54,41+,34,255,372.02382945098583,3.807019629357963,17.462975586483225,13.655955957125261,75,75,75,75,75,75,75,75,75,75,75,75,75,75,675,660,648,620,621,622,623,622,623,621,621,622,624,624,,2.658665667620852e-07,2.658665668731075e-07,0.0,0.0,0.0,0.0,0.0,0.0,0.0,0.0,0.0,0.0,0.0,0,0.0,12,0,0.0,24,0,0.0,36,
tom-papley,Tom Papley,2016,2015,SF,RD,11,pool,30,210,200.77927605040077,-1.2623139425581236,9.80800470815632,11.07031865071444,353,403,403,403,403,403,403,403,403,403,403,403,403,403,408,364,348,343,344,343,345,344,346,343,346,344,351,351,,5.457742155545731e-06,5.457742155545731e-06,0.0,0.0,0.0,0.0,0.0,0.0,0.0,0.0,0.0,0.0,0.0,0,0.0,16,0,0.0,-3,0,0.0,13,
touk-miller,Touk Miller,2015,2014,SF,ND,29,21-30,30,233,423.76418959189255,-0.3382492564614927,26.625108816135736,26.96335807259723,2378,2223,2223,2223,2223,2223,2223,2223,2223,2223,2223,2223,2223,2223,87,82,83,82,82,82,82,82,82,82,82,82,82,82,,1.1702030446869571e-06,1.1702030446869571e-06,0.0,0.0,0.0,0.0,0.0,0.0,0.0,0.0,0.0,0.0,0.0,0,0.0,-1,0,0.0,1,0,0.0,0,
trent-rivers,Trent Rivers,2020,2019,SD,ND,32,31-40,25,135,377.6218789410082,-1.2623139425581236,7.605521455658392,8.867835398216517,1852,1695,1695,1695,1695,1695,1695,1695,1695,1695,1695,1695,1695,1695,127,122,122,122,123,122,122,123,123,122,122,122,122,123,,0.0007481269537987778,0.0007481269537987778,0.0,0.0,0.0,0.0,0.0,0.0,0.0,0.0,0.0,0.0,0.0,0,0.0,0,0,0.0,-1,0,0.0,-1,
tyan-prindable,Tyan Prindable,2026,2025,MID,ND,32,31-40,19,0,,,,,543,375,375,375,375,375,375,375,375,375,375,375,375,375,328,370,363,359,359,360,361,360,361,359,360,360,363,363,,,,,,,,,,,,,,,0,0.0,7,0,0.0,0,0,0.0,7,
tylah-williams,Tylah Williams,2026,2025,SF,ND,39,31-40,19,0,,,,,249,217,217,217,217,217,217,217,217,217,217,217,217,217,464,491,477,464,466,466,466,468,468,464,465,466,468,470,,,,,,,,,,,,,,,0,0.0,14,0,0.0,7,0,0.0,21,
tyler-welsh,Tyler Welsh,2025,2024,KPF,ND,59,41+,20,0,,,,,80,67,67,67,67,67,67,67,67,67,67,67,67,67,669,670,656,626,628,628,630,630,632,626,628,628,631,632,,,,,,,,,,,,,,,0,0.0,14,0,0.0,24,0,0.0,38,
tyrell-dewar,Tyrell Dewar,2023,2022,SD,PDN,,pool,22,23,54.67806545309878,-7.036411790430066,-14.382977347117404,-7.346565556687339,96,38,37,37,37,37,37,37,37,37,38,37,38,38,637,728,729,694,700,696,699,701,703,695,687,696,694,699,,0.4318973057783191,0.4849915618046188,0.4849915618046188,0.48499156180461866,0.4849915618046188,0.4849915618046188,0.48499156180461866,0.48499156180461866,0.4766325290606601,0.46258137480941963,0.4766325290606601,0.46258137480941963,0.46258137480941963,-1,-2.6315789473684212,-1,1,2.7027027027027026,30,0,0.0,29,
wayne-milera,Wayne Milera,2016,2015,SD,ND,11,11-20,29,140,1287.1179478296067,9.228809366857648,8.81466584372457,-0.41414352313307584,1800,1698,1698,1698,1698,1698,1698,1698,1698,1698,1698,1698,1698,1698,131,121,121,121,122,121,121,122,122,121,121,121,121,121,,0.0006170490204333579,0.0006170490204333579,0.0,0.0,0.0,0.0,0.0,0.0,0.0,0.0,0.0,0.0,0.0,0,0.0,0,0,0.0,0,0,0.0,0,
wil-powell,Wil Powell,2018,2017,SD,ND,19,11-20,27,147,813.1703586722134,6.074942251176589,7.157905141638722,1.082962890462129,775,746,746,746,746,746,746,746,746,746,746,746,746,746,262,243,244,246,247,247,247,248,248,246,246,247,248,248,,0.00034529364877644575,0.00034529364877644575,0.0,0.0,0.0,0.0,0.0,0.0,0.0,0.0,0.0,0.0,0.0,0,0.0,-1,0,0.0,-4,0,0.0,-5,
will-darcy,Will Darcy,2026,2025,KPF,ND,58,41+,19,0,,,,,187,225,225,225,225,225,225,225,225,225,225,225,225,225,522,478,464,454,454,455,456,455,456,454,455,455,457,459,,,,,,,,,,,,,,,0,0.0,14,0,0.0,5,0,0.0,19,
willem-drew,Willem Drew,2017,2016,MID,ND,33,31-40,28,149,649.7423122413339,4.904217282510773,9.02562207657205,4.12140479406128,608,585,585,585,585,585,585,585,585,585,585,585,585,585,306,294,288,284,285,286,286,287,287,284,284,286,287,287,,0.00030334525094166676,0.00030334525094166676,0.0,0.0,0.0,0.0,0.0,0.0,0.0,0.0,0.0,0.0,0.0,0,0.0,6,0,0.0,1,0,0.0,7,
xavier-walsh,Xavier Walsh,2024,2023,KPF,RD,6,pool,21,0,,,,,143,116,116,116,116,116,116,116,116,116,116,116,116,116,587,601,591,569,571,572,573,574,575,570,571,572,575,577,,,,,,,,,,,,,,,0,0.0,10,0,0.0,14,0,0.0,24,
zac-bailey,Zac Bailey,2018,2017,SF,ND,15,11-20,27,184,633.8707984845851,4.693718802370486,12.986538550837079,8.292819748466597,2914,2712,2712,2712,2712,2712,2712,2712,2712,2712,2712,2712,2712,2712,64,60,63,63,63,63,63,63,63,63,63,63,63,63,,3.067163959036279e-05,3.067163959036279e-05,0.0,0.0,0.0,0.0,0.0,0.0,0.0,0.0,0.0,0.0,0.0,0,0.0,-3,0,0.0,0,0,0.0,-3,
zac-fisher,Zac Fisher,2017,2016,SF,ND,27,21-30,28,133,425.75637972940456,-0.25260315506759945,5.0961377780765895,5.348740933144188,113,116,116,116,116,116,116,116,116,116,116,116,116,116,619,602,592,570,572,573,574,575,576,571,572,573,576,578,,0.0009664747528005391,0.0009664747528005391,0.0,0.0,0.0,0.0,0.0,0.0,0.0,0.0,0.0,0.0,0.0,0,0.0,10,0,0.0,14,0,0.0,24,
zac-mccarthy,Zac McCarthy,2026,2025,KPF,ND,55,41+,19,0,,,,,147,133,133,133,133,133,133,133,133,133,133,133,133,133,581,575,563,550,551,551,554,552,555,550,551,551,555,555,,,,,,,,,,,,,,,0,0.0,12,0,0.0,8,0,0.0,20,
zac-walker,Zac Walker,2025,2025,KPD,MSD,11,pool,20,0,,,,,152,153,153,153,153,153,153,153,153,153,153,153,153,153,571,555,542,531,533,535,536,537,537,532,535,536,538,538,,,,,,,,,,,,,,,0,0.0,13,0,0.0,4,0,0.0,17,
zachary-merrett,Zachary Merrett,2014,2013,MID,ND,26,21-30,31,270,841.136304353607,6.336981989824271,34.72830557669363,28.391323586869355,2704,2542,2542,2542,2542,2542,2542,2542,2542,2542,2542,2542,2542,2542,72,63,66,66,67,66,66,67,67,66,66,66,66,67,,9.637934972328566e-08,9.637934972328566e-08,0.0,0.0,0.0,0.0,0.0,0.0,0.0,0.0,0.0,0.0,0.0,0,0.0,-3,0,0.0,-1,0,0.0,-4,
zachary-williams,Zachary Williams,2013,2012,SF,PDA,,pool,32,183,86.64903086038251,-7.036411790430066,10.752481410012518,17.78889320044258,368,357,357,357,357,357,357,357,357,357,357,357,357,357,404,380,372,368,368,369,370,369,370,368,369,369,371,371,,3.738851714985003e-05,3.738851714985003e-05,0.0,0.0,0.0,0.0,0.0,0.0,0.0,0.0,0.0,0.0,0.0,0,0.0,8,0,0.0,1,0,0.0,9,
zak-butters,Zak Butters,2019,2018,MID,ND,12,11-20,26,156,1572.668872975498,13.45308044940435,34.3643371441568,20.911256694752446,7092,6551,6551,6551,6551,6551,6551,6551,6551,6551,6551,6551,6551,6551,9,8,8,8,8,8,8,8,8,8,8,8,8,8,,0.00021927023352730224,0.00021927023352730224,0.0,0.0,0.0,0.0,0.0,0.0,0.0,0.0,0.0,0.0,0.0,0,0.0,0,0,0.0,0,0,0.0,0,
zak-evans,Zak Evans,2025,2024,MID,UNR,,pool,26,0,,,,,29,113,113,113,113,113,113,113,113,113,113,113,113,113,754,604,596,574,578,576,577,580,581,574,577,576,581,584,,,,,,,,,,,,,,,0,0.0,8,0,0.0,12,0,0.0,20,
