{
  "Josh Ward": {
    "engine": 1640,
    "book": 1233,
    "pct": -24.817073170731707
  },
  "Christian Petracca": {
    "engine": 3033,
    "book": 3033,
    "pct": 0.0
  },
  "Nick Daicos": {
    "engine": 7013,
    "book": 6769,
    "pct": -3.4792528161984886
  },
  "Harry Sheezel": {
    "engine": 7150,
    "book": 7076,
    "pct": -1.034965034965035
  },
  "Harley Reid": {
    "engine": 3537,
    "book": 3433,
    "pct": -2.9403449250777496
  },
  "Marcus Bontempelli": {
    "engine": 3085,
    "book": 3085,
    "pct": 0.0
  }
}