{
 "label": "kpf_rebal_w09",
 "figures": {
  "1": 63758.117647058825,
  "2": 73644.64705882352,
  "3": 76807.35294117648,
  "4": 82141.70588235294,
  "5": 81186.4705882353,
  "6": 76264.17647058824,
  "7": 68421.5625
 },
 "den": 63758.117647058825,
 "den_src": "y1",
 "ratios_y456": {
  "4": 128.83332964291512,
  "5": 127.33511211490486,
  "6": 119.61484950474588
 },
 "gcohort_pass": true,
 "worst": 128.83332964291512,
 "b1_avg": {
  "1": 100.0,
  "2": 115.88080979021981,
  "3": 121.09653153547943,
  "4": 129.53468683348012,
  "5": 128.316595452274,
  "6": 120.44328110146726,
  "7": 107.0459382382345
 },
 "b1_peak": 4,
 "b1_ok": true
}