key,name,club,affl_team,pos,previous_round,current_round,played,score,prev_value,cur_value,value_change,value_change_pct,prev_rank,cur_rank,rank_change,prev_pos_rank,cur_pos_rank,pos_rank_change
aaron-cadman,Aaron Cadman,GWS,Richmond Tigers,Key Fwd,the-staircase-adoption-21-8,24,PLAYED,46.0,2086,1886,-200,-9.59,102,113,-11,9,10,-1
aaron-naughton,Aaron Naughton,Western Bulldogs,Brisbane Lions,Key Fwd,the-staircase-adoption-21-8,24,PLAYED,96.0,1150,1307,157,13.65,186,160,26,22,17,5
adam-cerra,Adam Cerra,Carlton,Adelaide Crows,Mid,the-staircase-adoption-21-8,24,PLAYED,68.0,1098,1056,-42,-3.83,196,205,-9,50,53,-3
adam-saad,Adam Saad,Carlton,Geelong Cats,Def,the-staircase-adoption-21-8,24,DNP,DNP,438,432,-6,-1.37,352,351,1,86,85,1
adam-sweid,Adam Sweid,Fremantle,Sydney Swans,Mid,the-staircase-adoption-21-8,24,DNP,DNP,247,241,-6,-2.43,464,469,-5,103,102,1
adam-treloar,Adam Treloar,Western Bulldogs,West Coast Eagles,Fwd,the-staircase-adoption-21-8,24,DNP,DNP,839,828,-11,-1.31,240,246,-6,59,60,-1
aidan-corr,Aidan Corr,North Melbourne,Geelong Cats,Key Def,the-staircase-adoption-21-8,24,PLAYED,64.0,13,13,0,0.0,773,772,1,76,76,0
aidan-johnson,Aidan Johnson,Melbourne,Free agents,Key Fwd,the-staircase-adoption-21-8,24,DNP,DNP,82,78,-4,-4.88,642,647,-5,107,107,0
aidan-schubert,Aidan Schubert,Hawthorn,Fremantle Dockers,Key Fwd,the-staircase-adoption-21-8,24,DNP,DNP,563,559,-4,-0.71,302,304,-2,43,41,2
aiden-riddle,Aiden Riddle,Fremantle,Fremantle Dockers,Ruck,the-staircase-adoption-21-8,24,DNP,DNP,211,211,0,0.0,498,496,2,37,37,0
alex-davies,Alex Davies,Gold Coast,Western Bulldogs,Mid,the-staircase-adoption-21-8,24,DNP,DNP,429,420,-9,-2.1,356,358,-2,84,82,2
alex-dodson,Alex Dodson,St Kilda,Hawthorn Hawks,Key Fwd,the-staircase-adoption-21-8,24,DNP,DNP,90,85,-5,-5.56,630,636,-6,106,106,0
alex-neal-bullen,Alex Neal-Bullen,Adelaide,West Coast Eagles,Fwd,the-staircase-adoption-21-8,24,PLAYED,71.0,378,342,-36,-9.52,378,394,-16,84,91,-7
alex-pearce,Alex Pearce,Fremantle,Geelong Cats,Key Def,the-staircase-adoption-21-8,24,PLAYED,30.0,12,12,0,0.0,776,774,2,78,78,0
alex-van-wyk,Alex Van Wyk,Port Adelaide,Adelaide Crows,Ruck,the-staircase-adoption-21-8,24,PLAYED,58.0,312,315,3,0.96,414,414,0,31,31,0
aliir-aliir,Aliir Aliir,Port Adelaide,North Melbourne Kangaroos,Key Def,the-staircase-adoption-21-8,24,DNP,DNP,757,767,10,1.32,256,255,1,18,18,0
alix-tauru,Alix Tauru,St Kilda,Hawthorn Hawks,Key Fwd,the-staircase-adoption-21-8,24,DNP,DNP,882,881,-1,-0.11,233,236,-3,28,28,0
andrew-brayshaw,Andrew Brayshaw,Fremantle,Geelong Cats,Mid,the-staircase-adoption-21-8,24,PLAYED,113.0,3119,2913,-206,-6.6,54,61,-7,21,24,-3
andrew-mcgrath,Andrew McGrath,Essendon,Geelong Cats,Def,the-staircase-adoption-21-8,24,PLAYED,119.0,1122,1152,30,2.67,191,190,1,49,49,0
andy-moniz-wakefield,Andy Moniz-Wakefield,Melbourne,West Coast Eagles,Def,the-staircase-adoption-21-8,24,DNP,DNP,67,66,-1,-1.49,674,669,5,142,141,1
angus-anderson,Angus Anderson,Collingwood,St Kilda Saints,Fwd,the-staircase-adoption-21-8,24,PLAYED,81.0,278,291,13,4.68,434,431,3,101,102,-1
angus-clarke,Angus Clarke,Essendon,Carlton Blues,Def,the-staircase-adoption-21-8,24,PLAYED,80.0,467,531,64,13.7,334,315,19,83,77,6
angus-hastie,Angus Hastie,St Kilda,Richmond Tigers,Def,the-staircase-adoption-21-8,24,PLAYED,22.0,171,144,-27,-15.79,533,558,-25,116,118,-2
angus-sheldrick,Angus Sheldrick,Sydney,Western Bulldogs,Mid,the-staircase-adoption-21-8,24,PLAYED,65.0,716,717,1,0.14,267,266,1,64,64,0
anthony-caminiti,Anthony Caminiti,St Kilda,Collingwood Magpies,Key Fwd,the-staircase-adoption-21-8,24,DNP,DNP,969,966,-3,-0.31,217,220,-3,26,27,-1
archer-day-wicks,Archer Day-Wicks,Essendon,Adelaide Crows,Fwd,the-staircase-adoption-21-8,24,PLAYED,56.0,370,365,-5,-1.35,382,382,0,86,86,0
archer-reid,Archer Reid,West Coast,Melbourne Demons,Key Fwd,the-staircase-adoption-21-8,24,DNP,DNP,457,453,-4,-0.88,344,344,0,54,55,-1
archie-ludowyke,Archie Ludowyke,Adelaide,Fremantle Dockers,Key Fwd,the-staircase-adoption-21-8,24,DNP,DNP,294,293,-1,-0.34,425,429,-4,64,65,-1
archie-may,Archie May,Essendon,Western Bulldogs,Key Fwd,the-staircase-adoption-21-8,24,DNP,DNP,421,419,-2,-0.48,359,360,-1,55,57,-2
archie-perkins,Archie Perkins,Essendon,Melbourne Demons,Fwd,the-staircase-adoption-21-8,24,PLAYED,85.0,294,300,6,2.04,426,423,3,98,100,-2
archie-roberts,Archie Roberts,Essendon,St Kilda Saints,Def,the-staircase-adoption-21-8,24,PLAYED,86.0,3575,3587,12,0.34,43,42,1,7,7,0
arthur-jones,Arthur Jones,Western Bulldogs,Adelaide Crows,Fwd,the-staircase-adoption-21-8,24,PLAYED,78.0,122,152,30,24.59,583,548,35,145,137,8
asher-eastham,Asher Eastham,Gold Coast,Free agents,Fwd,the-staircase-adoption-21-8,24,DNP,DNP,86,86,0,0.0,636,633,3,166,164,2
ashton-moir,Ashton Moir,Carlton,St Kilda Saints,Fwd,the-staircase-adoption-21-8,24,DNP,DNP,221,213,-8,-3.62,486,491,-5,120,124,-4
avery-thomas,Avery Thomas,Gold Coast,Melbourne Demons,Def,the-staircase-adoption-21-8,24,DNP,DNP,260,254,-6,-2.31,450,455,-5,106,106,0
bailey-banfield,Bailey Banfield,Fremantle,Free agents,Def,the-staircase-adoption-21-8,24,PLAYED,44.0,15,14,-1,-6.67,771,771,0,171,170,1
bailey-dale,Bailey Dale,Western Bulldogs,Western Bulldogs,Def,the-staircase-adoption-21-8,24,PLAYED,84.0,2157,2108,-49,-2.27,94,97,-3,22,22,0
bailey-humphrey,Bailey Humphrey,Gold Coast,Western Bulldogs,Fwd,the-staircase-adoption-21-8,24,PLAYED,63.0,2384,2382,-2,-0.08,77,83,-6,21,22,-1
bailey-laurie,Bailey Laurie,Melbourne,Free agents,Fwd,the-staircase-adoption-21-8,24,PLAYED,33.0,100,84,-16,-16.0,616,637,-21,156,166,-10
bailey-macdonald,Bailey Macdonald,Hawthorn,Western Bulldogs,Def,the-staircase-adoption-21-8,24,PLAYED,72.0,116,118,2,1.72,593,586,7,127,125,2
bailey-scott,Bailey Scott,North Melbourne,Free agents,Mid,the-staircase-adoption-21-8,24,DNP,DNP,18,17,-1,-5.56,766,766,0,146,146,0
bailey-smith,Bailey Smith,Geelong,Geelong Cats,Mid,the-staircase-adoption-21-8,24,PLAYED,171.0,6195,6262,67,1.08,10,10,0,6,6,0
bailey-williams-wb,Bailey Williams,Western Bulldogs,Collingwood Magpies,Def,the-staircase-adoption-21-8,24,PLAYED,67.0,587,545,-42,-7.16,290,310,-20,71,76,-5
bailey-williams-wc,Bailey J. Williams,West Coast,Sydney Swans,Key Fwd,the-staircase-adoption-21-8,24,PLAYED,79.0,2446,2460,14,0.57,75,78,-3,5,5,0
balyn-o-brien,Balyn O'Brien,Port Adelaide,Free agents,Def,the-staircase-adoption-21-8,24,PLAYED,19.0,344,341,-3,-0.87,399,397,2,98,97,1
bayley-fritsch,Bayley Fritsch,Melbourne,Geelong Cats,Fwd,the-staircase-adoption-21-8,24,PLAYED,73.0,294,286,-8,-2.72,427,435,-8,99,104,-5
beau-addinsall,Beau Addinsall,Gold Coast,Fremantle Dockers,Mid,the-staircase-adoption-21-8,24,PLAYED,56.0,1213,1217,4,0.33,178,176,2,42,43,-1
beau-mccreery,Beau McCreery,Collingwood,Sydney Swans,Fwd,the-staircase-adoption-21-8,24,PLAYED,57.0,222,213,-9,-4.05,483,492,-9,118,125,-7
ben-ainsworth,Ben Ainsworth,Carlton,Brisbane Lions,Fwd,the-staircase-adoption-21-8,24,PLAYED,103.0,202,277,75,37.13,505,439,66,126,105,21
ben-camporeale,Ben Camporeale,Carlton,Fremantle Dockers,Mid,the-staircase-adoption-21-8,24,DNP,DNP,118,114,-4,-3.39,589,596,-7,121,122,-1
ben-jepson,Ben Jepson,Gold Coast,Free agents,Mid,the-staircase-adoption-21-8,24,PLAYED,53.0,59,53,-6,-10.17,684,691,-7,138,137,1
ben-keays,Ben Keays,Adelaide,Western Bulldogs,Fwd,the-staircase-adoption-21-8,24,PLAYED,117.0,191,273,82,42.93,516,442,74,129,107,22
ben-king,Ben King,Gold Coast,Brisbane Lions,Key Fwd,the-staircase-adoption-21-8,24,PLAYED,62.0,240,254,14,5.83,471,456,15,74,73,1
ben-long,Ben Long,Gold Coast,Richmond Tigers,Fwd,the-staircase-adoption-21-8,24,PLAYED,35.0,9,9,0,0.0,781,781,0,218,218,0
ben-mckay,Ben McKay,Essendon,West Coast Eagles,Key Def,the-staircase-adoption-21-8,24,DNP,DNP,28,28,0,0.0,738,737,1,74,74,0
ben-miller,Ben Miller,Richmond,Sydney Swans,Key Def,the-staircase-adoption-21-8,24,PLAYED,43.0,1005,935,-70,-6.97,210,222,-12,14,15,-1
ben-murphy,Ben Murphy,Brisbane,North Melbourne Kangaroos,Def,the-staircase-adoption-21-8,24,DNP,DNP,38,37,-1,-2.63,711,710,1,150,149,1
benny-barrett,Benny Barrett,Port Adelaide,Free agents,Fwd,the-staircase-adoption-21-8,24,DNP,DNP,23,23,0,0.0,754,749,5,205,203,2
billy-cootee,Billy Cootee,Sydney,Essendon Bombers,Mid,the-staircase-adoption-21-8,24,PLAYED,105.0,152,165,13,8.55,553,538,15,117,114,3
billy-dowling,Billy Dowling,Adelaide,Essendon Bombers,Fwd,the-staircase-adoption-21-8,24,DNP,DNP,166,165,-1,-0.6,537,539,-2,133,133,0
billy-frampton,Billy Frampton,Collingwood,Brisbane Lions,Key Def,the-staircase-adoption-21-8,24,PLAYED,62.0,56,55,-1,-1.79,689,686,3,67,66,1
billy-wilson,Billy Wilson,Carlton,Western Bulldogs,Def,the-staircase-adoption-21-8,24,PLAYED,94.0,844,980,136,16.11,239,215,24,62,53,9
blake-acres,Blake Acres,Carlton,Brisbane Lions,Mid,the-staircase-adoption-21-8,24,PLAYED,72.0,182,178,-4,-2.2,526,524,2,113,111,2
blake-hardwick,Blake Hardwick,Hawthorn,Port Adelaide Power,Def,the-staircase-adoption-21-8,24,PLAYED,98.0,539,576,37,6.86,313,296,17,75,73,2
blake-howes,Blake Howes,Melbourne,Essendon Bombers,Def,the-staircase-adoption-21-8,24,DNP,DNP,306,305,-1,-0.33,421,420,1,101,100,1
blake-thredgold,Blake Thredgold,North Melbourne,Fremantle Dockers,Key Def,the-staircase-adoption-21-8,24,DNP,DNP,377,372,-5,-1.33,379,379,0,30,31,-1
bo-allan,Bo Allan,West Coast,Melbourne Demons,Def,the-staircase-adoption-21-8,24,PLAYED,55.0,606,611,5,0.83,286,285,1,70,70,0
bobby-hill,Bobby Hill,Collingwood,Free agents,Fwd,the-staircase-adoption-21-8,24,DNP,DNP,51,48,-3,-5.88,696,697,-1,185,186,-1
bodhi-uwland,Bodhi Uwland,Gold Coast,Port Adelaide Power,Def,the-staircase-adoption-21-8,24,PLAYED,88.0,3665,3678,13,0.35,39,38,1,6,6,0
bodie-ryan,Bodie Ryan,Hawthorn,Collingwood Magpies,Def,the-staircase-adoption-21-8,24,DNP,DNP,62,62,0,0.0,678,676,2,143,143,0
bradley-close,Bradley Close,Geelong,Geelong Cats,Fwd,the-staircase-adoption-21-8,24,PLAYED,60.0,30,26,-4,-13.33,736,742,-6,196,199,-3
bradley-hill,Bradley Hill,St Kilda,West Coast Eagles,Fwd,the-staircase-adoption-21-8,24,PLAYED,161.0,1281,1434,153,11.94,168,152,16,44,40,4
brady-hough,Brady Hough,West Coast,Essendon Bombers,Def,the-staircase-adoption-21-8,24,PLAYED,80.0,362,369,7,1.93,391,380,11,96,94,2
braeden-campbell,Braeden Campbell,Sydney,Essendon Bombers,Fwd,the-staircase-adoption-21-8,24,PLAYED,97.0,441,576,135,30.61,348,297,51,79,74,5
brandon-starcevich,Brandon Starcevich,Brisbane,Melbourne Demons,Def,the-staircase-adoption-21-8,24,PLAYED,22.0,11,10,-1,-9.09,778,779,-1,172,172,0
brandon-walker,Brandon Walker,Fremantle,Port Adelaide Power,Def,the-staircase-adoption-21-8,24,DNP,DNP,36,32,-4,-11.11,727,730,-3,157,158,-1
brandon-zerk-thatcher,Brandon Zerk-Thatcher,Essendon,Free agents,Key Def,the-staircase-adoption-21-8,24,DNP,DNP,83,79,-4,-4.82,641,644,-3,60,59,1
brayden-cook,Brayden Cook,Adelaide,Port Adelaide Power,Fwd,the-staircase-adoption-21-8,24,PLAYED,63.0,741,752,11,1.48,262,257,5,66,62,4
brayden-fiorini,Brayden Fiorini,Essendon,Brisbane Lions,Mid,the-staircase-adoption-21-8,24,DNP,DNP,432,420,-12,-2.78,353,359,-6,83,83,0
brayden-george,Brayden George,North Melbourne,Richmond Tigers,Fwd,the-staircase-adoption-21-8,24,DNP,DNP,169,169,0,0.0,535,530,5,131,131,0
brayden-maynard,Brayden Maynard,Collingwood,Port Adelaide Power,Def,the-staircase-adoption-21-8,24,DNP,DNP,524,528,4,0.76,316,317,-1,76,78,-2
brennan-cox,Brennan Cox,Fremantle,West Coast Eagles,Key Def,the-staircase-adoption-21-8,24,DNP,DNP,207,206,-1,-0.48,502,502,0,43,43,0
brent-daniels,Brent Daniels,GWS,Essendon Bombers,Fwd,the-staircase-adoption-21-8,24,DNP,DNP,1225,1208,-17,-1.39,174,179,-5,48,49,-1
brodie-grundy,Brodie Grundy,Sydney,North Melbourne Kangaroos,Ruck,the-staircase-adoption-21-8,24,PLAYED,112.0,4230,4142,-88,-2.08,24,26,-2,3,3,0
brodie-kemp,Brodie Kemp,Carlton,Geelong Cats,Key Fwd,the-staircase-adoption-21-8,24,PLAYED,105.0,709,782,73,10.3,270,252,18,34,33,1
brody-mihocek,Brody Mihocek,Melbourne,Brisbane Lions,Key Fwd,the-staircase-adoption-21-8,24,DNP,DNP,44,44,0,0.0,706,706,0,116,116,0
bruce-reville,Bruce Reville,Brisbane,North Melbourne Kangaroos,Mid,the-staircase-adoption-21-8,24,DNP,DNP,87,87,0,0.0,634,631,3,128,129,-1
buku-khamis,Buku Khamis,Western Bulldogs,Brisbane Lions,Key Fwd,the-staircase-adoption-21-8,24,PLAYED,81.0,183,189,6,3.28,525,515,10,82,83,-1
caiden-cleary,Caiden Cleary,Sydney,Richmond Tigers,Fwd,the-staircase-adoption-21-8,24,PLAYED,74.0,309,360,51,16.5,418,383,35,97,87,10
caleb-daniel,Caleb Daniel,North Melbourne,Port Adelaide Power,Def,the-staircase-adoption-21-8,24,PLAYED,72.0,1288,1232,-56,-4.35,167,174,-7,41,42,-1
caleb-graham,Caleb Graham,Gold Coast,Free agents,Key Def,the-staircase-adoption-21-8,24,DNP,DNP,66,66,0,0.0,675,670,5,64,63,1
caleb-lewis,Caleb Lewis,Gold Coast,Free agents,Key Fwd,the-staircase-adoption-21-8,24,DNP,DNP,172,168,-4,-2.33,531,533,-2,83,84,-1
caleb-may,Caleb May,Western Bulldogs,Melbourne Demons,Ruck,the-staircase-adoption-21-8,24,DNP,DNP,260,254,-6,-2.31,451,457,-6,33,32,1
caleb-serong,Caleb Serong,Fremantle,Geelong Cats,Mid,the-staircase-adoption-21-8,24,PLAYED,84.0,4748,4754,6,0.13,19,19,0,10,10,0
caleb-windsor,Caleb Windsor,Melbourne,Brisbane Lions,Def,the-staircase-adoption-21-8,24,PLAYED,50.0,1224,1160,-64,-5.23,175,188,-13,44,47,-3
callum-ah-chee,Callum Ah Chee,Adelaide,Geelong Cats,Fwd,the-staircase-adoption-21-8,24,DNP,DNP,25,24,-1,-4.0,747,748,-1,202,202,0
callum-brown-ire,Callum M. Brown,GWS,St Kilda Saints,Fwd,the-staircase-adoption-21-8,24,PLAYED,50.0,72,54,-18,-25.0,660,689,-29,175,183,-8
callum-coleman-jones,Callum Coleman-Jones,North Melbourne,Free agents,Ruck,the-staircase-adoption-21-8,24,DNP,DNP,24,23,-1,-4.17,749,750,-1,48,48,0
callum-mills,Callum Mills,Sydney,Sydney Swans,Def,the-staircase-adoption-21-8,24,PLAYED,115.0,1889,1945,56,2.96,115,106,9,25,24,1
callum-wilkie,Callum Wilkie,St Kilda,North Melbourne Kangaroos,Key Def,the-staircase-adoption-21-8,24,PLAYED,71.0,3499,3527,28,0.8,44,43,1,2,2,0
calsher-dear,Calsher Dear,Hawthorn,Collingwood Magpies,Key Fwd,the-staircase-adoption-21-8,24,DNP,DNP,675,672,-3,-0.44,274,275,-1,36,37,-1
cameron-mackenzie,Cameron Mackenzie,Hawthorn,Port Adelaide Power,Mid,the-staircase-adoption-21-8,24,PLAYED,58.0,2057,1824,-233,-11.33,104,119,-15,36,37,-1
cameron-nairn,Cameron Nairn,Hawthorn,Hawthorn Hawks,Fwd,the-staircase-adoption-21-8,24,DNP,DNP,529,526,-3,-0.57,315,318,-3,74,76,-2
cameron-rayner,Cameron Rayner,Brisbane,Geelong Cats,Fwd,the-staircase-adoption-21-8,24,PLAYED,94.0,499,507,8,1.6,326,323,3,76,77,-1
cameron-zurhaar,Cameron Zurhaar,North Melbourne,Richmond Tigers,Fwd,the-staircase-adoption-21-8,24,PLAYED,104.0,261,315,54,20.69,448,415,33,103,96,7
campbell-chesser,Campbell Chesser,Carlton,Essendon Bombers,Mid,the-staircase-adoption-21-8,24,DNP,DNP,298,213,-85,-28.52,424,493,-69,99,106,-7
campbell-gray,Campbell Gray,Richmond,Carlton Blues,Key Def,the-staircase-adoption-21-8,24,PLAYED,72.0,267,282,15,5.62,442,437,5,36,35,1
campbell-lake,Campbell Lake,St Kilda,Richmond Tigers,Fwd,the-staircase-adoption-21-8,24,PLAYED,37.0,248,222,-26,-10.48,463,481,-18,109,120,-11
chad-warner,Chad Warner,Sydney,North Melbourne Kangaroos,Fwd,the-staircase-adoption-21-8,24,DNP,DNP,4132,4107,-25,-0.61,26,28,-2,5,5,0
changkuoth-jiath,Changkuoth Jiath,Melbourne,Western Bulldogs,Def,the-staircase-adoption-21-8,24,PLAYED,76.0,36,37,1,2.78,728,711,17,158,150,8
charlie-ballard,Charlie Ballard,Gold Coast,Carlton Blues,Key Def,the-staircase-adoption-21-8,24,PLAYED,50.0,77,76,-1,-1.3,652,649,3,61,60,1
charlie-banfield,Charlie Banfield,St Kilda,Melbourne Demons,Fwd,the-staircase-adoption-21-8,24,DNP,DNP,619,613,-6,-0.97,285,284,1,71,71,0
charlie-cameron,Charlie Cameron,Brisbane,Sydney Swans,Fwd,the-staircase-adoption-21-8,24,PLAYED,63.0,238,226,-12,-5.04,473,479,-6,114,118,-4
charlie-comben,Charlie Comben,North Melbourne,St Kilda Saints,Key Def,the-staircase-adoption-21-8,24,PLAYED,89.0,647,689,42,6.49,277,270,7,20,19,1
charlie-curnow,Charlie Curnow,Carlton,Geelong Cats,Key Fwd,the-staircase-adoption-21-8,24,PLAYED,74.0,1300,1270,-30,-2.31,164,166,-2,20,18,2
charlie-edwards,Charlie Edwards,Adelaide,Hawthorn Hawks,Def,the-staircase-adoption-21-8,24,DNP,DNP,287,289,2,0.7,430,433,-3,103,103,0
charlie-nicholls,Charlie Nicholls,Fremantle,Hawthorn Hawks,Key Fwd,the-staircase-adoption-21-8,24,DNP,DNP,215,211,-4,-1.86,494,497,-3,78,79,-1
charlie-spargo,Charlie Spargo,Melbourne,Port Adelaide Power,Fwd,the-staircase-adoption-21-8,24,PLAYED,67.0,5,7,2,40.0,793,788,5,222,220,2
charlie-west,Charlie West,Collingwood,West Coast Eagles,Key Fwd,the-staircase-adoption-21-8,24,PLAYED,62.0,383,433,50,13.05,373,350,23,58,56,2
chayce-jones,Chayce Jones,Adelaide,Free agents,Def,the-staircase-adoption-21-8,24,DNP,DNP,17,17,0,0.0,768,767,1,170,169,1
chris-scerri,Chris Scerri,Fremantle,Richmond Tigers,Fwd,the-staircase-adoption-21-8,24,PLAYED,27.0,355,315,-40,-11.27,394,416,-22,89,97,-8
christian-moraes,Christian Moraes,Port Adelaide,St Kilda Saints,Fwd,the-staircase-adoption-21-8,24,PLAYED,83.0,548,650,102,18.61,305,277,28,73,68,5
christian-petracca,Christian Petracca,Gold Coast,St Kilda Saints,Fwd,the-staircase-adoption-21-8,24,DNP,DNP,1797,1786,-11,-0.61,123,123,0,33,33,0
christian-salem,Christian Salem,Melbourne,Port Adelaide Power,Def,the-staircase-adoption-21-8,24,PLAYED,45.0,98,75,-23,-23.47,620,653,-33,132,137,-5
cillian-bourke,Cillian Bourke,Essendon,Free agents,Def,the-staircase-adoption-21-8,24,DNP,DNP,38,37,-1,-2.63,712,712,0,151,151,0
cillian-burke,Cillian Burke,Geelong,Port Adelaide Power,Def,the-staircase-adoption-21-8,24,DNP,DNP,37,37,0,0.0,720,713,7,154,152,2
clay-hall,Clay Hall,West Coast,Collingwood Magpies,Mid,the-staircase-adoption-21-8,24,DNP,DNP,385,354,-31,-8.05,372,386,-14,87,87,0
clayton-oliver,Clayton Oliver,GWS,Richmond Tigers,Mid,the-staircase-adoption-21-8,24,PLAYED,70.0,2328,2207,-121,-5.2,85,91,-6,32,32,0
cody-anderson,Cody Anderson,Hawthorn,Free agents,Fwd,the-staircase-adoption-21-8,24,DNP,DNP,16,15,-1,-6.25,769,769,0,213,214,-1
cody-angove,Cody Angove,GWS,Hawthorn Hawks,Fwd,the-staircase-adoption-21-8,24,DNP,DNP,458,440,-18,-3.93,342,349,-7,77,80,-3
cody-curtin,Cody Curtin,Brisbane,St Kilda Saints,Key Fwd,the-staircase-adoption-21-8,24,DNP,DNP,390,389,-1,-0.26,369,372,-3,57,58,-1
cody-weightman,Cody Weightman,Western Bulldogs,Collingwood Magpies,Fwd,the-staircase-adoption-21-8,24,PLAYED,63.0,195,194,-1,-0.51,511,509,2,128,129,-1
colby-mckercher,Colby McKercher,North Melbourne,Richmond Tigers,Def,the-staircase-adoption-21-8,24,PLAYED,70.0,4354,4417,63,1.45,23,23,0,3,3,0
connor-budarick,Connor Budarick,Western Bulldogs,Brisbane Lions,Fwd,the-staircase-adoption-21-8,24,PLAYED,35.0,312,242,-70,-22.44,415,467,-52,95,111,-16
connor-idun,Connor Idun,GWS,North Melbourne Kangaroos,Def,the-staircase-adoption-21-8,24,PLAYED,94.0,2270,2226,-44,-1.94,86,89,-3,16,18,-2
connor-macdonald,Connor MacDonald,Hawthorn,Richmond Tigers,Fwd,the-staircase-adoption-21-8,24,PLAYED,132.0,2381,2634,253,10.63,78,70,8,22,18,4
connor-o-sullivan,Connor O'Sullivan,Geelong,Western Bulldogs,Key Def,the-staircase-adoption-21-8,24,PLAYED,71.0,2702,2748,46,1.7,67,66,1,4,4,0
connor-rozee,Connor Rozee,Port Adelaide,Western Bulldogs,Def,the-staircase-adoption-21-8,24,DNP,DNP,3345,3313,-32,-0.96,47,48,-1,8,8,0
conor-mckenna,Conor McKenna,Brisbane,St Kilda Saints,Fwd,the-staircase-adoption-21-8,24,PLAYED,90.0,4,5,1,25.0,795,794,1,223,223,0
conor-nash,Conor Nash,Hawthorn,Sydney Swans,Mid,the-staircase-adoption-21-8,24,DNP,DNP,338,336,-2,-0.59,402,402,0,95,94,1
conor-stone,Conor Stone,GWS,Brisbane Lions,Def,the-staircase-adoption-21-8,24,PLAYED,38.0,118,129,11,9.32,590,572,18,124,122,2
cooper-bell,Cooper Bell,Gold Coast,Free agents,Key Fwd,the-staircase-adoption-21-8,24,DNP,DNP,132,129,-3,-2.27,574,573,1,93,92,1
cooper-duff-tytler,Cooper Duff-Tytler,West Coast,Fremantle Dockers,Key Fwd,the-staircase-adoption-21-8,24,PLAYED,43.0,1921,1871,-50,-2.6,111,115,-4,10,12,-2
cooper-harvey,Cooper Harvey,North Melbourne,Brisbane Lions,Fwd,the-staircase-adoption-21-8,24,DNP,DNP,418,413,-5,-1.2,360,362,-2,82,83,-1
cooper-hynes,Cooper Hynes,Western Bulldogs,Fremantle Dockers,Fwd,the-staircase-adoption-21-8,24,PLAYED,59.0,909,929,20,2.2,229,224,5,56,54,2
cooper-lord,Cooper Lord,Carlton,Western Bulldogs,Mid,the-staircase-adoption-21-8,24,PLAYED,62.0,1097,1094,-3,-0.27,197,198,-1,51,52,-1
cooper-sharman,Cooper Sharman,St Kilda,Adelaide Crows,Key Fwd,the-staircase-adoption-21-8,24,PLAYED,41.0,537,455,-82,-15.27,314,342,-28,46,54,-8
cooper-simpson,Cooper Simpson,Fremantle,Richmond Tigers,Def,the-staircase-adoption-21-8,24,DNP,DNP,85,86,1,1.18,638,634,4,135,135,0
cooper-trembath,Cooper Trembath,North Melbourne,Richmond Tigers,Key Fwd,the-staircase-adoption-21-8,24,PLAYED,42.0,1889,1871,-18,-0.95,116,116,0,12,13,-1
corey-durdin,Corey Durdin,Carlton,Port Adelaide Power,Fwd,the-staircase-adoption-21-8,24,PLAYED,48.0,53,52,-1,-1.89,693,692,1,183,184,-1
corey-wagner,Corey Wagner,Fremantle,Sydney Swans,Def,the-staircase-adoption-21-8,24,DNP,DNP,55,55,0,0.0,690,687,3,146,146,0
corey-warner,Corey Warner,Sydney,Melbourne Demons,Fwd,the-staircase-adoption-21-8,24,DNP,DNP,77,76,-1,-1.3,653,650,3,171,171,0
dan-houston,Dan Houston,Collingwood,North Melbourne Kangaroos,Def,the-staircase-adoption-21-8,24,PLAYED,78.0,1079,1074,-5,-0.46,202,202,0,51,50,1
dane-rampe,Dane Rampe,Sydney,Brisbane Lions,Def,the-staircase-adoption-21-8,24,PLAYED,40.0,3,3,0,0.0,797,797,0,175,175,0
daniel-annable,Daniel Annable,Brisbane,Fremantle Dockers,Mid,the-staircase-adoption-21-8,24,DNP,DNP,1143,1137,-6,-0.52,189,192,-3,46,47,-1
daniel-butler,Daniel Butler,St Kilda,Free agents,Fwd,the-staircase-adoption-21-8,24,PLAYED,48.0,3,3,0,0.0,798,798,0,225,225,0
daniel-curtin,Daniel Curtin,Adelaide,Melbourne Demons,Mid,the-staircase-adoption-21-8,24,PLAYED,76.0,2448,2482,34,1.39,74,76,-2,27,28,-1
daniel-mcstay,Daniel McStay,Collingwood,Sydney Swans,Key Fwd,the-staircase-adoption-21-8,24,PLAYED,20.0,393,294,-99,-25.19,368,428,-60,56,64,-8
daniel-rioli,Daniel Rioli,Gold Coast,Collingwood Magpies,Def,the-staircase-adoption-21-8,24,PLAYED,82.0,687,678,-9,-1.31,272,273,-1,68,68,0
daniel-turner,Daniel Turner,Melbourne,Sydney Swans,Key Def,the-staircase-adoption-21-8,24,PLAYED,52.0,1538,1512,-26,-1.69,144,147,-3,7,6,1
dante-visentini,Dante Visentini,Port Adelaide,Adelaide Crows,Key Fwd,the-staircase-adoption-21-8,24,PLAYED,38.0,993,1023,30,3.02,212,208,4,24,24,0
darcy-byrne-jones,Darcy Byrne-Jones,Port Adelaide,Port Adelaide Power,Fwd,the-staircase-adoption-21-8,24,PLAYED,75.0,621,603,-18,-2.9,284,287,-3,70,73,-3
darcy-cameron,Darcy Cameron,Collingwood,West Coast Eagles,Ruck,the-staircase-adoption-21-8,24,PLAYED,100.0,1599,1593,-6,-0.38,136,138,-2,11,13,-2
darcy-fogarty,Darcy Fogarty,Adelaide,Port Adelaide Power,Key Fwd,the-staircase-adoption-21-8,24,PLAYED,89.0,778,842,64,8.23,248,242,6,31,30,1
darcy-fort,Darcy Fort,Geelong,Collingwood Magpies,Ruck,the-staircase-adoption-21-8,24,PLAYED,62.0,141,138,-3,-2.13,565,565,0,43,43,0
darcy-gardiner,Darcy Gardiner,Brisbane,Geelong Cats,Key Def,the-staircase-adoption-21-8,24,PLAYED,42.0,9,8,-1,-11.11,782,785,-3,79,79,0
darcy-jones,Darcy Jones,GWS,Essendon Bombers,Fwd,the-staircase-adoption-21-8,24,DNP,DNP,1310,1285,-25,-1.91,163,162,1,41,43,-2
darcy-moore,Darcy Moore,Collingwood,Essendon Bombers,Key Def,the-staircase-adoption-21-8,24,DNP,DNP,197,193,-4,-2.03,510,512,-2,46,46,0
darcy-parish,Darcy Parish,Essendon,Collingwood Magpies,Mid,the-staircase-adoption-21-8,24,DNP,DNP,655,651,-4,-0.61,276,276,0,65,66,-1
darcy-wilmot,Darcy Wilmot,Brisbane,Hawthorn Hawks,Def,the-staircase-adoption-21-8,24,PLAYED,77.0,3100,3049,-51,-1.65,57,60,-3,13,13,0
darcy-wilson,Darcy Wilson,St Kilda,Western Bulldogs,Fwd,the-staircase-adoption-21-8,24,PLAYED,69.0,2828,2654,-174,-6.15,64,68,-4,15,16,-1
darragh-joyce,Darragh Joyce,Brisbane,Free agents,Key Def,the-staircase-adoption-21-8,24,DNP,DNP,6,6,0,0.0,790,791,-1,82,82,0
dayne-zorko,Dayne Zorko,Brisbane,North Melbourne Kangaroos,Def,the-staircase-adoption-21-8,24,PLAYED,85.0,1013,969,-44,-4.34,208,217,-9,52,54,-2
deven-robertson,Deven Robertson,West Coast,Melbourne Demons,Fwd,the-staircase-adoption-21-8,24,DNP,DNP,156,148,-8,-5.13,545,556,-11,135,139,-4
dion-prestia,Dion Prestia,Richmond,Free agents,Fwd,the-staircase-adoption-21-8,24,DNP,DNP,239,239,0,0.0,472,471,1,113,114,-1
dougal-howard,Dougal Howard,St Kilda,Free agents,Key Def,the-staircase-adoption-21-8,24,PLAYED,1.0,60,36,-24,-40.0,680,721,-41,65,71,-6
dylan-moore,Dylan Moore,Hawthorn,Hawthorn Hawks,Fwd,the-staircase-adoption-21-8,24,PLAYED,91.0,1221,1216,-5,-0.41,176,177,-1,49,47,2
dylan-patterson,Dylan Patterson,Gold Coast,Melbourne Demons,Def,the-staircase-adoption-21-8,24,DNP,DNP,1216,1193,-23,-1.89,177,182,-5,45,44,1
dylan-stephens,Dylan Stephens,North Melbourne,Essendon Bombers,Mid,the-staircase-adoption-21-8,24,PLAYED,59.0,634,569,-65,-10.25,281,302,-21,67,71,-4
dyson-sharp,Dyson Sharp,Essendon,Fremantle Dockers,Fwd,the-staircase-adoption-21-8,24,PLAYED,74.0,3249,3288,39,1.2,51,50,1,12,12,0
eamonn-armstrong,Eamonn Armstrong,St Kilda,Hawthorn Hawks,Def,the-staircase-adoption-21-8,24,DNP,DNP,37,37,0,0.0,721,714,7,155,153,2
ed-langdon,Ed Langdon,Melbourne,Port Adelaide Power,Fwd,the-staircase-adoption-21-8,24,PLAYED,61.0,713,605,-108,-15.15,268,286,-18,68,72,-4
ed-richards,Ed Richards,Western Bulldogs,West Coast Eagles,Mid,the-staircase-adoption-21-8,24,PLAYED,137.0,3741,4121,380,10.16,34,27,7,16,13,3
edward-allan,Edward Allan,Collingwood,Richmond Tigers,Mid,the-staircase-adoption-21-8,24,PLAYED,87.0,785,873,88,11.21,247,238,9,59,60,-1
elijah-hewett,Elijah Hewett,West Coast,Melbourne Demons,Mid,the-staircase-adoption-21-8,24,DNP,DNP,587,574,-13,-2.21,291,299,-8,70,70,0
elijah-hollands,Elijah Hollands,Carlton,Essendon Bombers,Fwd,the-staircase-adoption-21-8,24,DNP,DNP,725,703,-22,-3.03,265,268,-3,67,67,0
elijah-tsatas,Elijah Tsatas,Essendon,Melbourne Demons,Mid,the-staircase-adoption-21-8,24,DNP,DNP,938,918,-20,-2.13,223,226,-3,57,59,-2
elliot-himmelberg,Elliott Himmelberg,Adelaide,Free agents,Key Fwd,the-staircase-adoption-21-8,24,DNP,DNP,60,58,-2,-3.33,681,680,1,111,112,-1
elliot-yeo,Elliot Yeo,West Coast,North Melbourne Kangaroos,Fwd,the-staircase-adoption-21-8,24,PLAYED,69.0,317,307,-10,-3.15,410,419,-9,94,99,-5
eric-hipwood,Eric Hipwood,Brisbane,Brisbane Lions,Key Fwd,the-staircase-adoption-21-8,24,PLAYED,99.0,51,63,12,23.53,697,675,22,114,111,3
errol-gulden,Errol Gulden,Sydney,Carlton Blues,Mid,the-staircase-adoption-21-8,24,PLAYED,119.0,7205,7162,-43,-0.6,6,7,-1,3,3,0
esava-ratugolea,Esava Ratugolea,Port Adelaide,Adelaide Crows,Key Def,the-staircase-adoption-21-8,24,DNP,DNP,171,168,-3,-1.75,534,534,0,51,51,0
ethan-read,Ethan Read,Gold Coast,Carlton Blues,Key Fwd,the-staircase-adoption-21-8,24,PLAYED,30.0,605,593,-12,-1.98,287,289,-2,39,38,1
ewan-mackinlay,Ewan Mackinlay,Port Adelaide,Richmond Tigers,Fwd,the-staircase-adoption-21-8,24,DNP,DNP,164,163,-1,-0.61,539,540,-1,134,134,0
finlay-macrae,Finlay Macrae,West Coast,Geelong Cats,Fwd,the-staircase-adoption-21-8,24,DNP,DNP,52,51,-1,-1.92,694,695,-1,184,185,-1
finn-callaghan,Finn Callaghan,GWS,Melbourne Demons,Mid,the-staircase-adoption-21-8,24,DNP,DNP,5561,5529,-32,-0.58,15,14,1,8,7,1
finn-maginness,Finn Maginness,Hawthorn,Free agents,Fwd,the-staircase-adoption-21-8,24,DNP,DNP,20,19,-1,-5.0,761,762,-1,209,209,0
finn-o-sullivan,Finn O'Sullivan,North Melbourne,Collingwood Magpies,Def,the-staircase-adoption-21-8,24,PLAYED,56.0,3312,3294,-18,-0.54,50,49,1,10,9,1
finnbar-maley,Finnbar Maley,Adelaide,Geelong Cats,Key Fwd,the-staircase-adoption-21-8,24,DNP,DNP,251,261,10,3.98,459,451,8,72,71,1
finnegan-davis,Finnegan Davis,GWS,Free agents,Def,the-staircase-adoption-21-8,24,DNP,DNP,81,79,-2,-2.47,643,645,-2,136,136,0
flynn-perez,Flynn Perez,Hawthorn,Brisbane Lions,Def,the-staircase-adoption-21-8,24,DNP,DNP,47,46,-1,-2.13,700,700,0,147,147,0
flynn-riley,Flynn Riley,Carlton,Adelaide Crows,Ruck,the-staircase-adoption-21-8,24,DNP,DNP,350,341,-9,-2.57,395,398,-3,28,28,0
flynn-young,Flynn Young,Carlton,Free agents,Fwd,the-staircase-adoption-21-8,24,DNP,DNP,35,34,-1,-2.86,732,727,5,195,194,1
francis-evans,Francis Evans,Carlton,St Kilda Saints,Fwd,the-staircase-adoption-21-8,24,PLAYED,96.0,512,634,122,23.83,320,281,39,75,70,5
fred-rodriguez,Fred Rodriguez,West Coast,Carlton Blues,Fwd,the-staircase-adoption-21-8,24,DNP,DNP,94,91,-3,-3.19,623,623,0,158,158,0
george-hewett,George Hewett,Carlton,Port Adelaide Power,Mid,the-staircase-adoption-21-8,24,PLAYED,99.0,1981,1942,-39,-1.97,109,107,2,37,36,1
george-stevens,George Stevens,Geelong,St Kilda Saints,Mid,the-staircase-adoption-21-8,24,DNP,DNP,70,67,-3,-4.29,668,667,1,136,135,1
george-wardlaw,George Wardlaw,North Melbourne,Richmond Tigers,Mid,the-staircase-adoption-21-8,24,PLAYED,91.0,3050,3099,49,1.61,59,57,2,23,23,0
griffin-logue,Griffin Logue,North Melbourne,Richmond Tigers,Key Def,the-staircase-adoption-21-8,24,PLAYED,76.0,129,136,7,5.43,577,567,10,56,56,0
gryan-miers,Gryan Miers,Geelong,Western Bulldogs,Fwd,the-staircase-adoption-21-8,24,PLAYED,86.0,1584,1609,25,1.58,140,136,4,37,37,0
hamish-davis,Hamish Davis,West Coast,Collingwood Magpies,Mid,the-staircase-adoption-21-8,24,PLAYED,77.0,634,644,10,1.58,282,278,4,68,67,1
harley-barker,Harley Barker,Geelong,Fremantle Dockers,Mid,the-staircase-adoption-21-8,24,DNP,DNP,492,481,-11,-2.24,329,333,-4,76,77,-1
harley-reid,Harley Reid,West Coast,Melbourne Demons,Mid,the-staircase-adoption-21-8,24,PLAYED,74.0,3978,3845,-133,-3.34,29,33,-4,13,15,-2
harris-andrews,Harris Andrews,Brisbane,Collingwood Magpies,Key Def,the-staircase-adoption-21-8,24,PLAYED,47.0,1532,1444,-88,-5.74,146,151,-5,8,9,-1
harrison-coe,Harrison Coe,Collingwood,Port Adelaide Power,Ruck,the-staircase-adoption-21-8,24,DNP,DNP,260,254,-6,-2.31,452,458,-6,34,33,1
harrison-himmelberg,Harrison Himmelberg,GWS,Sydney Swans,Def,the-staircase-adoption-21-8,24,PLAYED,52.0,198,143,-55,-27.78,507,559,-52,110,119,-9
harrison-jones,Harrison Jones,Essendon,Free agents,Key Fwd,the-staircase-adoption-21-8,24,PLAYED,55.0,119,117,-2,-1.68,587,590,-3,98,98,0
harrison-oliver,Harrison Oliver,GWS,Hawthorn Hawks,Def,the-staircase-adoption-21-8,24,DNP,DNP,274,270,-4,-1.46,438,446,-8,104,105,-1
harrison-petty,Harrison Petty,Melbourne,Geelong Cats,Key Fwd,the-staircase-adoption-21-8,24,PLAYED,134.0,246,460,214,86.99,465,339,126,73,53,20
harrison-ramm,Harrison Ramm,Port Adelaide,Adelaide Crows,Key Def,the-staircase-adoption-21-8,24,PLAYED,45.0,401,413,12,2.99,364,363,1,27,26,1
harry-armstrong,Harry Armstrong,Richmond,Hawthorn Hawks,Key Fwd,the-staircase-adoption-21-8,24,DNP,DNP,503,498,-5,-0.99,325,326,-1,50,49,1
harry-barnett,Harry Barnett,West Coast,Free agents,Ruck,the-staircase-adoption-21-8,24,DNP,DNP,422,422,0,0.0,358,356,2,26,26,0
harry-charleson,Harry Charleson,Carlton,North Melbourne Kangaroos,Def,the-staircase-adoption-21-8,24,DNP,DNP,109,109,0,0.0,604,601,3,130,129,1
harry-cunningham,Harry Cunningham,Sydney,Free agents,Def,the-staircase-adoption-21-8,24,PLAYED,66.0,2,2,0,0.0,801,801,0,176,176,0
harry-dean,Harry Dean,Carlton,Hawthorn Hawks,Key Def,the-staircase-adoption-21-8,24,PLAYED,54.0,3118,3080,-38,-1.22,55,58,-3,3,3,0
harry-demattia,Harry DeMattia,Collingwood,Carlton Blues,Mid,the-staircase-adoption-21-8,24,DNP,DNP,335,340,5,1.49,404,399,5,96,91,5
harry-edwards,Harry Edwards,West Coast,St Kilda Saints,Key Def,the-staircase-adoption-21-8,24,DNP,DNP,153,147,-6,-3.92,550,557,-7,52,53,-1
harry-kyle,Harry Kyle,Sydney,Fremantle Dockers,Def,the-staircase-adoption-21-8,24,PLAYED,39.0,871,844,-27,-3.1,236,241,-5,59,61,-2
harry-mckay,Harry McKay,Carlton,St Kilda Saints,Key Fwd,the-staircase-adoption-21-8,24,PLAYED,53.0,1750,1663,-87,-4.97,129,132,-3,13,14,-1
harry-morrison,Harry Morrison,Hawthorn,St Kilda Saints,Mid,the-staircase-adoption-21-8,24,PLAYED,90.0,71,82,11,15.49,666,642,24,135,131,4
harry-o-farrell,Harry O'Farrell,Carlton,Sydney Swans,Key Def,the-staircase-adoption-21-8,24,DNP,DNP,548,546,-2,-0.36,306,308,-2,24,24,0
harry-perryman,Harry Perryman,Collingwood,Brisbane Lions,Def,the-staircase-adoption-21-8,24,DNP,DNP,125,125,0,0.0,582,578,4,123,124,-1
harry-rowston,Harry Rowston,GWS,Brisbane Lions,Mid,the-staircase-adoption-21-8,24,PLAYED,81.0,565,588,23,4.07,301,290,11,71,69,2
harry-schoenberg,Harry Schoenberg,Adelaide,Adelaide Crows,Fwd,the-staircase-adoption-21-8,24,DNP,DNP,38,36,-2,-5.26,713,722,-9,191,192,-1
harry-sharp,Harry Sharp,Brisbane,Brisbane Lions,Fwd,the-staircase-adoption-21-8,24,PLAYED,37.0,149,109,-40,-26.85,556,602,-46,138,150,-12
harry-sheezel,Harry Sheezel,North Melbourne,Carlton Blues,Fwd,the-staircase-adoption-21-8,24,DNP,DNP,10476,10417,-59,-0.56,1,1,0,1,1,0
harvey-gallagher,Harvey Gallagher,Western Bulldogs,Richmond Tigers,Def,the-staircase-adoption-21-8,24,DNP,DNP,41,40,-1,-2.44,709,708,1,148,148,0
harvey-harrison,Harvey Harrison,Collingwood,West Coast Eagles,Fwd,the-staircase-adoption-21-8,24,PLAYED,35.0,70,57,-13,-18.57,669,684,-15,178,181,-3
harvey-johnston,Harvey Johnston,West Coast,Melbourne Demons,Def,the-staircase-adoption-21-8,24,DNP,DNP,189,188,-1,-0.53,519,517,2,112,110,2
harvey-langford,Harvey Langford,Melbourne,Fremantle Dockers,Mid,the-staircase-adoption-21-8,24,PLAYED,53.0,2366,2332,-34,-1.44,81,86,-5,29,31,-2
harvey-thomas,Harvey Thomas,GWS,Carlton Blues,Fwd,the-staircase-adoption-21-8,24,PLAYED,56.0,2155,1994,-161,-7.47,95,104,-9,23,27,-4
hayden-mclean,Hayden McLean,Sydney,Richmond Tigers,Key Fwd,the-staircase-adoption-21-8,24,DNP,DNP,265,263,-2,-0.75,443,449,-6,68,70,-2
hayden-young,Hayden Young,Fremantle,Essendon Bombers,Mid,the-staircase-adoption-21-8,24,PLAYED,82.0,1792,1782,-10,-0.56,124,124,0,38,38,0
heath-chapman,Heath Chapman,Fremantle,Sydney Swans,Def,the-staircase-adoption-21-8,24,DNP,DNP,518,517,-1,-0.19,319,321,-2,77,79,-2
henry-hustwaite,Henry Hustwaite,Hawthorn,Richmond Tigers,Mid,the-staircase-adoption-21-8,24,DNP,DNP,61,60,-1,-1.64,679,677,2,137,136,1
henry-smith,Henry Smith,Brisbane,Hawthorn Hawks,Key Fwd,the-staircase-adoption-21-8,24,DNP,DNP,137,136,-1,-0.73,569,568,1,91,91,0
hudson-o-keeffe,Hudson O'Keeffe,Carlton,Western Bulldogs,Key Fwd,the-staircase-adoption-21-8,24,DNP,DNP,46,46,0,0.0,702,701,1,115,115,0
hugh-bond,Hugh Bond,Adelaide,Fremantle Dockers,Def,the-staircase-adoption-21-8,24,DNP,DNP,118,116,-2,-1.69,591,594,-3,125,127,-2
hugh-boxshall,Hugh Boxshall,St Kilda,Melbourne Demons,Mid,the-staircase-adoption-21-8,24,PLAYED,95.0,771,933,162,21.01,250,223,27,60,58,2
hugh-davies,Hugh Davies,Fremantle,Hawthorn Hawks,Key Def,the-staircase-adoption-21-8,24,DNP,DNP,187,187,0,0.0,521,519,2,48,48,0
hugh-mccluggage,Hugh McCluggage,Brisbane,Western Bulldogs,Mid,the-staircase-adoption-21-8,24,DNP,DNP,1588,1578,-10,-0.63,138,140,-2,40,40,0
hugo-garcia,Hugo Garcia,St Kilda,West Coast Eagles,Mid,the-staircase-adoption-21-8,24,PLAYED,107.0,2626,2791,165,6.28,68,64,4,26,26,0
hugo-hall-kahan,Hugo Hall-Kahan,Adelaide,Collingwood Magpies,Def,the-staircase-adoption-21-8,24,PLAYED,96.0,468,554,86,18.38,333,306,27,82,75,7
hugo-mikunda,Hugo Mikunda,North Melbourne,Richmond Tigers,Fwd,the-staircase-adoption-21-8,24,DNP,DNP,135,131,-4,-2.96,571,571,0,142,142,0
hugo-ralphsmith,Hugo Ralphsmith,Richmond,Port Adelaide Power,Mid,the-staircase-adoption-21-8,24,PLAYED,71.0,99,125,26,26.26,619,579,40,126,119,7
hunter-clark,Hunter Clark,St Kilda,Hawthorn Hawks,Mid,the-staircase-adoption-21-8,24,DNP,DNP,38,37,-1,-2.63,714,715,-1,140,140,0
hunter-holmes,Hunter Holmes,Geelong,Fremantle Dockers,Mid,the-staircase-adoption-21-8,24,DNP,DNP,347,338,-9,-2.59,398,401,-3,93,93,0
hussien-el-achkar,Hussien El Achkar,Essendon,Western Bulldogs,Fwd,the-staircase-adoption-21-8,24,DNP,DNP,447,447,0,0.0,345,345,0,78,79,-1
iliro-smit,Iliro Smit,Collingwood,Carlton Blues,Ruck,the-staircase-adoption-21-8,24,DNP,DNP,254,254,0,0.0,455,459,-4,36,34,2
indy-cotton,Indy Cotton,Adelaide,Hawthorn Hawks,Fwd,the-staircase-adoption-21-8,24,DNP,DNP,47,46,-1,-2.13,701,702,-1,187,188,-1
isaac-cumming,Isaac Cumming,Adelaide,Port Adelaide Power,Mid,the-staircase-adoption-21-8,24,PLAYED,36.0,74,51,-23,-31.08,656,696,-40,134,138,-4
isaac-heeney,Isaac Heeney,Sydney,West Coast Eagles,Mid,the-staircase-adoption-21-8,24,DNP,DNP,3960,3936,-24,-0.61,30,31,-1,14,14,0
isaac-kako,Isaac Kako,Essendon,Hawthorn Hawks,Fwd,the-staircase-adoption-21-8,24,PLAYED,79.0,764,838,74,9.69,252,244,8,62,58,4
isaac-keeler,Isaac Keeler,St Kilda,Hawthorn Hawks,Key Fwd,the-staircase-adoption-21-8,24,DNP,DNP,198,191,-7,-3.54,508,513,-5,79,82,-3
isaac-quaynor,Isaac Quaynor,Collingwood,Brisbane Lions,Def,the-staircase-adoption-21-8,24,DNP,DNP,458,457,-1,-0.22,343,341,2,84,83,1
isaiah-dudley,Isaiah Dudley,Fremantle,Carlton Blues,Fwd,the-staircase-adoption-21-8,24,PLAYED,51.0,252,260,8,3.17,456,452,4,105,108,-3
izak-rankine,Izak Rankine,Adelaide,Geelong Cats,Fwd,the-staircase-adoption-21-8,24,PLAYED,187.0,4816,4967,151,3.14,18,18,0,3,3,0
jack-bowes,Jack Bowes,Geelong,Brisbane Lions,Mid,the-staircase-adoption-21-8,24,DNP,DNP,85,83,-2,-2.35,639,640,-1,129,130,-1
jack-buckley,Jack Buckley,GWS,Collingwood Magpies,Key Def,the-staircase-adoption-21-8,24,DNP,DNP,558,553,-5,-0.9,303,307,-4,23,23,0
jack-buller,Jack Buller,Collingwood,Fremantle Dockers,Key Fwd,the-staircase-adoption-21-8,24,DNP,DNP,109,109,0,0.0,605,603,2,100,101,-1
jack-carroll,Jack Carroll,St Kilda,Adelaide Crows,Def,the-staircase-adoption-21-8,24,DNP,DNP,98,98,0,0.0,621,616,5,133,131,2
jack-crisp,Jack Crisp,Collingwood,North Melbourne Kangaroos,Mid,the-staircase-adoption-21-8,24,PLAYED,57.0,397,347,-50,-12.59,366,391,-25,85,90,-5
jack-dalton,Jack Dalton,Hawthorn,Fremantle Dockers,Mid,the-staircase-adoption-21-8,24,PLAYED,48.0,462,470,8,1.73,337,336,1,78,79,-1
jack-darling,Jack Darling,North Melbourne,North Melbourne Kangaroos,Key Fwd,the-staircase-adoption-21-8,24,PLAYED,30.0,161,120,-41,-25.47,540,584,-44,85,96,-11
jack-ginnivan,Jack Ginnivan,Collingwood,St Kilda Saints,Fwd,the-staircase-adoption-21-8,24,DNP,DNP,2091,2067,-24,-1.15,101,99,2,26,25,1
jack-graham,Jack Graham,West Coast,Port Adelaide Power,Fwd,the-staircase-adoption-21-8,24,PLAYED,61.0,908,794,-114,-12.56,230,251,-21,57,61,-4
jack-gunston,Jack Gunston,Hawthorn,West Coast Eagles,Key Fwd,the-staircase-adoption-21-8,24,PLAYED,92.0,644,684,40,6.21,279,271,8,37,36,1
jack-henderson,Jack Henderson,Melbourne,Free agents,Fwd,the-staircase-adoption-21-8,24,DNP,DNP,28,28,0,0.0,739,738,1,198,197,1
jack-henry,Jack Henry,Geelong,Geelong Cats,Key Fwd,the-staircase-adoption-21-8,24,PLAYED,27.0,252,218,-34,-13.49,457,483,-26,71,75,-4
jack-higgins,Jack Higgins,St Kilda,Geelong Cats,Fwd,the-staircase-adoption-21-8,24,DNP,DNP,74,74,0,0.0,657,656,1,172,174,-2
jack-hutchinson,Jack Hutchinson,West Coast,Melbourne Demons,Mid,the-staircase-adoption-21-8,24,DNP,DNP,75,73,-2,-2.67,655,657,-2,133,133,0
jack-ison,Jack Ison,Carlton,Fremantle Dockers,Mid,the-staircase-adoption-21-8,24,DNP,DNP,462,454,-8,-1.73,338,343,-5,79,80,-1
jack-lukosius,Jack Lukosius,Port Adelaide,Essendon Bombers,Key Fwd,the-staircase-adoption-21-8,24,DNP,DNP,520,516,-4,-0.77,317,322,-5,47,48,-1
jack-martin,Jack Martin,Geelong,Brisbane Lions,Fwd,the-staircase-adoption-21-8,24,PLAYED,46.0,13,11,-2,-15.38,774,776,-2,215,215,0
jack-ough,Jack Ough,GWS,Western Bulldogs,Mid,the-staircase-adoption-21-8,24,DNP,DNP,287,283,-4,-1.39,431,436,-5,100,99,1
jack-payne,Jack Payne,Brisbane,Brisbane Lions,Key Def,the-staircase-adoption-21-8,24,DNP,DNP,206,197,-9,-4.37,503,507,-4,44,45,-1
jack-ross,Jack Ross,Richmond,Sydney Swans,Fwd,the-staircase-adoption-21-8,24,PLAYED,104.0,2534,2515,-19,-0.75,71,74,-3,19,21,-2
jack-scrimshaw,Jack Scrimshaw,Hawthorn,Essendon Bombers,Def,the-staircase-adoption-21-8,24,DNP,DNP,157,154,-3,-1.91,543,546,-3,117,116,1
jack-silvagni,Jack Silvagni,St Kilda,Collingwood Magpies,Key Def,the-staircase-adoption-21-8,24,PLAYED,27.0,724,617,-107,-14.78,266,283,-17,19,20,-1
jack-sinclair,Jack Sinclair,St Kilda,Western Bulldogs,Def,the-staircase-adoption-21-8,24,DNP,DNP,3206,3216,10,0.31,52,53,-1,11,11,0
jack-steele,Jack Steele,Melbourne,Port Adelaide Power,Mid,the-staircase-adoption-21-8,24,PLAYED,90.0,1145,1124,-21,-1.83,188,193,-5,45,48,-3
jack-viney,Jack Viney,Melbourne,North Melbourne Kangaroos,Mid,the-staircase-adoption-21-8,24,DNP,DNP,546,529,-17,-3.11,307,316,-9,73,74,-1
jack-watkins,Jack Watkins,Port Adelaide,Adelaide Crows,Fwd,the-staircase-adoption-21-8,24,DNP,DNP,69,69,0,0.0,671,663,8,180,178,2
jack-whitlock,Jack Whitlock,Port Adelaide,Fremantle Dockers,Key Fwd,the-staircase-adoption-21-8,24,PLAYED,79.0,826,988,162,19.61,243,214,29,29,25,4
jack-williams,Jack Williams,West Coast,Melbourne Demons,Key Fwd,the-staircase-adoption-21-8,24,PLAYED,66.0,464,476,12,2.59,336,335,1,53,51,2
jackson-archer,Jackson Archer,North Melbourne,Free agents,Def,the-staircase-adoption-21-8,24,DNP,DNP,27,25,-2,-7.41,742,746,-4,162,164,-2
jackson-macrae,Jackson Macrae,St Kilda,St Kilda Saints,Mid,the-staircase-adoption-21-8,24,PLAYED,70.0,194,140,-54,-27.84,512,563,-51,110,118,-8
jackson-mead,Jackson Mead,Port Adelaide,North Melbourne Kangaroos,Mid,the-staircase-adoption-21-8,24,DNP,DNP,22,22,0,0.0,757,757,0,145,145,0
jacob-farrow,Jacob Farrow,Essendon,Fremantle Dockers,Def,the-staircase-adoption-21-8,24,PLAYED,50.0,2512,2431,-81,-3.22,72,80,-8,14,16,-2
jacob-hopper,Jacob Hopper,Richmond,Carlton Blues,Mid,the-staircase-adoption-21-8,24,DNP,DNP,119,118,-1,-0.84,588,587,1,120,120,0
jacob-konstanty,Jacob Konstanty,North Melbourne,Collingwood Magpies,Fwd,the-staircase-adoption-21-8,24,DNP,DNP,108,108,0,0.0,606,604,2,152,151,1
jacob-molier,Jacob Molier,Geelong,St Kilda Saints,Ruck,the-staircase-adoption-21-8,24,DNP,DNP,86,83,-3,-3.49,637,641,-4,44,44,0
jacob-moss,Jacob Moss,Port Adelaide,Fremantle Dockers,Key Def,the-staircase-adoption-21-8,24,DNP,DNP,52,52,0,0.0,695,693,2,69,68,1
jacob-newton,Jacob Newton,West Coast,Melbourne Demons,Fwd,the-staircase-adoption-21-8,24,DNP,DNP,216,215,-1,-0.46,492,489,3,123,123,0
jacob-van-rooyen,Jacob Van Rooyen,Melbourne,Essendon Bombers,Key Fwd,the-staircase-adoption-21-8,24,DNP,DNP,1892,1889,-3,-0.16,113,111,2,11,9,2
jacob-wehr,Jacob Wehr,Port Adelaide,Geelong Cats,Def,the-staircase-adoption-21-8,24,PLAYED,59.0,5,5,0,0.0,794,795,-1,174,174,0
jacob-weitering,Jacob Weitering,Carlton,St Kilda Saints,Key Def,the-staircase-adoption-21-8,24,PLAYED,75.0,1116,1122,6,0.54,192,194,-2,11,12,-1
jade-gresham,Jade Gresham,Essendon,Geelong Cats,Fwd,the-staircase-adoption-21-8,24,DNP,DNP,10,10,0,0.0,780,780,0,217,217,0
jaeger-o-meara,Jaeger O'Meara,Fremantle,Brisbane Lions,Mid,the-staircase-adoption-21-8,24,DNP,DNP,12,11,-1,-8.33,777,777,0,147,147,0
jagga-smith,Jagga Smith,Carlton,Fremantle Dockers,Fwd,the-staircase-adoption-21-8,24,PLAYED,125.0,4381,4465,84,1.92,22,21,1,4,4,0
jai-culley,Jai Culley,Melbourne,Western Bulldogs,Mid,the-staircase-adoption-21-8,24,DNP,DNP,270,265,-5,-1.85,441,448,-7,101,100,1
jai-murray,Jai Murray,Gold Coast,Fremantle Dockers,Mid,the-staircase-adoption-21-8,24,DNP,DNP,969,968,-1,-0.1,218,219,-1,55,57,-2
jai-newcombe,Jai Newcombe,Hawthorn,Sydney Swans,Mid,the-staircase-adoption-21-8,24,PLAYED,86.0,4605,4451,-154,-3.34,20,22,-2,11,12,-1
jai-saxena,Jai Saxena,Collingwood,West Coast Eagles,Fwd,the-staircase-adoption-21-8,24,DNP,DNP,24,23,-1,-4.17,750,751,-1,203,204,-1
jai-serong,Jai Serong,Sydney,North Melbourne Kangaroos,Key Def,the-staircase-adoption-21-8,24,PLAYED,97.0,965,1066,101,10.47,219,204,15,15,13,2
jaime-uhr-henry,Jaime Uhr-Henry,Hawthorn,Free agents,Ruck,the-staircase-adoption-21-8,24,DNP,DNP,45,45,0,0.0,705,704,1,47,46,1
jake-bowey,Jake Bowey,Melbourne,West Coast Eagles,Def,the-staircase-adoption-21-8,24,PLAYED,98.0,3939,3926,-13,-0.33,31,32,-1,5,5,0
jake-kolodjashnij,Jake Kolodjashnij,Geelong,Port Adelaide Power,Key Def,the-staircase-adoption-21-8,24,DNP,DNP,13,13,0,0.0,775,773,2,77,77,0
jake-lever,Jake Lever,Melbourne,Collingwood Magpies,Def,the-staircase-adoption-21-8,24,PLAYED,46.0,235,178,-57,-24.26,475,525,-50,107,114,-7
jake-lloyd,Jake Lloyd,Sydney,North Melbourne Kangaroos,Fwd,the-staircase-adoption-21-8,24,PLAYED,78.0,235,242,7,2.98,476,468,8,116,112,4
jake-melksham,Jake Melksham,Melbourne,Free agents,Key Fwd,the-staircase-adoption-21-8,24,DNP,DNP,2,2,0,0.0,802,802,0,121,121,0
jake-riccardi,Jake Riccardi,GWS,Western Bulldogs,Key Fwd,the-staircase-adoption-21-8,24,DNP,DNP,276,273,-3,-1.09,436,443,-7,66,67,-1
jake-rogers,Jake Rogers,Gold Coast,Melbourne Demons,Fwd,the-staircase-adoption-21-8,24,PLAYED,66.0,273,316,43,15.75,440,413,27,102,95,7
jake-soligo,Jake Soligo,Adelaide,Carlton Blues,Fwd,the-staircase-adoption-21-8,24,PLAYED,37.0,1997,1855,-142,-7.11,108,117,-9,29,31,-2
jake-stringer,Jake Stringer,GWS,Brisbane Lions,Fwd,the-staircase-adoption-21-8,24,PLAYED,101.0,80,103,23,28.75,645,610,35,167,154,13
jake-waterman,Jake Waterman,West Coast,Western Bulldogs,Key Fwd,the-staircase-adoption-21-8,24,PLAYED,37.0,1206,1073,-133,-11.03,179,203,-24,21,23,-2
jakob-ryan,Jakob Ryan,Collingwood,West Coast Eagles,Def,the-staircase-adoption-21-8,24,DNP,DNP,149,149,0,0.0,557,555,2,119,117,2
jamarra-ugle-hagan,Jamarra Ugle-Hagan,Gold Coast,Carlton Blues,Key Fwd,the-staircase-adoption-21-8,24,DNP,DNP,161,152,-9,-5.59,541,549,-8,86,88,-2
james-barrat,James Barrat,St Kilda,North Melbourne Kangaroos,Key Fwd,the-staircase-adoption-21-8,24,DNP,DNP,216,213,-3,-1.39,493,494,-1,77,78,-1
james-blanck,James Blanck,Hawthorn,Free agents,Key Def,the-staircase-adoption-21-8,24,DNP,DNP,15,15,0,0.0,772,770,2,75,75,0
james-borlase,James Borlase,Adelaide,Fremantle Dockers,Key Def,the-staircase-adoption-21-8,24,PLAYED,38.0,397,391,-6,-1.51,367,370,-3,28,29,-1
james-jordon,James Jordon,Sydney,Adelaide Crows,Fwd,the-staircase-adoption-21-8,24,DNP,DNP,237,236,-1,-0.42,474,473,1,115,116,-1
james-leake,James Leake,GWS,Hawthorn Hawks,Fwd,the-staircase-adoption-21-8,24,DNP,DNP,174,169,-5,-2.87,530,531,-1,130,132,-2
james-o-donnell,James O'Donnell,Western Bulldogs,Richmond Tigers,Key Def,the-staircase-adoption-21-8,24,PLAYED,72.0,576,598,22,3.82,297,288,9,22,21,1
james-peatling,James Peatling,Adelaide,Collingwood Magpies,Mid,the-staircase-adoption-21-8,24,DNP,DNP,1142,1139,-3,-0.26,190,191,-1,47,46,1
james-rowbottom,James Rowbottom,Sydney,Collingwood Magpies,Fwd,the-staircase-adoption-21-8,24,PLAYED,82.0,1249,1279,30,2.4,171,165,6,45,46,-1
james-sicily,James Sicily,Hawthorn,West Coast Eagles,Def,the-staircase-adoption-21-8,24,PLAYED,74.0,1268,1232,-36,-2.84,169,175,-6,42,43,-1
james-trezise,James Trezise,Richmond,Western Bulldogs,Def,the-staircase-adoption-21-8,24,DNP,DNP,180,179,-1,-0.56,527,523,4,115,113,2
james-tunstill,James Tunstill,Brisbane,Free agents,Mid,the-staircase-adoption-21-8,24,DNP,DNP,153,152,-1,-0.65,551,550,1,116,116,0
james-worpel,James Worpel,Geelong,Port Adelaide Power,Mid,the-staircase-adoption-21-8,24,DNP,DNP,445,444,-1,-0.22,346,346,0,82,81,1
jamie-cripps,Jamie Cripps,West Coast,Free agents,Fwd,the-staircase-adoption-21-8,24,DNP,DNP,9,9,0,0.0,783,782,1,219,219,0
jamie-elliott,Jamie Elliott,Collingwood,Brisbane Lions,Fwd,the-staircase-adoption-21-8,24,DNP,DNP,21,21,0,0.0,758,759,-1,208,208,0
jaren-carr,Jaren Carr,Fremantle,Port Adelaide Power,Fwd,the-staircase-adoption-21-8,24,DNP,DNP,16,16,0,0.0,770,768,2,214,213,1
jarman-impey,Jarman Impey,Hawthorn,Collingwood Magpies,Def,the-staircase-adoption-21-8,24,PLAYED,69.0,858,797,-61,-7.11,237,250,-13,60,62,-2
jarrod-berry,Jarrod Berry,Brisbane,Sydney Swans,Mid,the-staircase-adoption-21-8,24,PLAYED,64.0,380,318,-62,-16.32,376,410,-34,89,97,-8
jarrod-witts,Jarrod Witts,Gold Coast,Port Adelaide Power,Ruck,the-staircase-adoption-21-8,24,PLAYED,51.0,276,229,-47,-17.03,437,478,-41,32,36,-4
jase-burgoyne,Jase Burgoyne,Port Adelaide,Essendon Bombers,Def,the-staircase-adoption-21-8,24,PLAYED,150.0,2262,2483,221,9.77,87,75,12,17,14,3
jason-horne-francis,Jason Horne-Francis,Port Adelaide,Geelong Cats,Fwd,the-staircase-adoption-21-8,24,DNP,DNP,5597,5563,-34,-0.61,13,13,0,2,2,0
jaspa-fletcher,Jaspa Fletcher,Brisbane,Adelaide Crows,Def,the-staircase-adoption-21-8,24,PLAYED,77.0,2505,2474,-31,-1.24,73,77,-4,15,15,0
jasper-alger,Jasper Alger,Richmond,Carlton Blues,Fwd,the-staircase-adoption-21-8,24,DNP,DNP,241,238,-3,-1.24,470,472,-2,112,115,-3
jaxon-artemis,Jaxon Artemis,Essendon,Hawthorn Hawks,Def,the-staircase-adoption-21-8,24,PLAYED,47.0,401,410,9,2.24,365,365,0,90,89,1
jaxon-prior,Jaxon Prior,Brisbane,Fremantle Dockers,Def,the-staircase-adoption-21-8,24,PLAYED,79.0,387,385,-2,-0.52,371,373,-2,91,91,0
jay-polkinghorne,Jay Polkinghorne,Geelong,Fremantle Dockers,Key Fwd,the-staircase-adoption-21-8,24,PLAYED,48.0,230,244,14,6.09,480,466,14,75,74,1
jayden-laverde,Jayden Laverde,Essendon,Sydney Swans,Key Def,the-staircase-adoption-21-8,24,DNP,DNP,246,246,0,0.0,466,464,2,39,39,0
jayden-nguyen,Jayden Nguyen,GWS,Free agents,Def,the-staircase-adoption-21-8,24,DNP,DNP,294,291,-3,-1.02,428,432,-4,102,102,0
jayden-short,Jayden Short,Richmond,Port Adelaide Power,Def,the-staircase-adoption-21-8,24,PLAYED,69.0,955,895,-60,-6.28,221,231,-10,56,58,-2
jed-adams,Jed Adams,Melbourne,Melbourne Demons,Key Def,the-staircase-adoption-21-8,24,DNP,DNP,190,190,0,0.0,517,514,3,47,47,0
jed-bews,Jed Bews,Geelong,Free agents,Def,the-staircase-adoption-21-8,24,DNP,DNP,1,1,0,0.0,803,803,0,177,177,0
jed-walter,Jed Walter,Gold Coast,Melbourne Demons,Key Fwd,the-staircase-adoption-21-8,24,PLAYED,40.0,899,815,-84,-9.34,231,248,-17,27,31,-4
jedd-busslinger,Jedd Busslinger,Western Bulldogs,Essendon Bombers,Key Def,the-staircase-adoption-21-8,24,DNP,DNP,884,879,-5,-0.57,232,237,-5,17,17,0
jeremy-cameron,Jeremy Cameron,Geelong,Richmond Tigers,Key Fwd,the-staircase-adoption-21-8,24,PLAYED,91.0,798,855,57,7.14,245,239,6,30,29,1
jeremy-howe,Jeremy Howe,Collingwood,West Coast Eagles,Def,the-staircase-adoption-21-8,24,PLAYED,52.0,218,182,-36,-16.51,491,522,-31,109,112,-3
jeremy-sharp,Jeremy Sharp,Fremantle,Collingwood Magpies,Mid,the-staircase-adoption-21-8,24,DNP,DNP,84,81,-3,-3.57,640,643,-3,130,132,-2
jesse-dattoli,Jesse Dattoli,Sydney,Collingwood Magpies,Fwd,the-staircase-adoption-21-8,24,PLAYED,92.0,359,497,138,38.44,392,327,65,88,78,10
jesse-hogan,Jesse Hogan,GWS,Port Adelaide Power,Key Fwd,the-staircase-adoption-21-8,24,DNP,DNP,274,272,-2,-0.73,439,445,-6,67,68,-1
jesse-mellor,Jesse Mellor,Geelong,Geelong Cats,Fwd,the-staircase-adoption-21-8,24,DNP,DNP,50,48,-2,-4.0,698,698,0,186,187,-1
jesse-motlop,Jesse Motlop,Carlton,Adelaide Crows,Fwd,the-staircase-adoption-21-8,24,DNP,DNP,89,84,-5,-5.62,632,638,-6,163,167,-4
jevan-phillipou,Jevan Phillipou,Sydney,Fremantle Dockers,Mid,the-staircase-adoption-21-8,24,DNP,DNP,220,214,-6,-2.73,487,490,-3,106,105,1
jhye-clark,Jhye Clark,Geelong,Port Adelaide Power,Fwd,the-staircase-adoption-21-8,24,PLAYED,77.0,839,829,-10,-1.19,241,245,-4,60,59,1
jobe-shanahan,Jobe Shanahan,West Coast,Adelaide Crows,Key Fwd,the-staircase-adoption-21-8,24,PLAYED,35.0,1400,1246,-154,-11.0,153,173,-20,16,21,-5
joe-berry,Joe Berry,Port Adelaide,Adelaide Crows,Fwd,the-staircase-adoption-21-8,24,PLAYED,68.0,1049,1090,41,3.91,204,200,4,51,50,1
joe-pike,Joe Pike,Geelong,North Melbourne Kangaroos,Ruck,the-staircase-adoption-21-8,24,DNP,DNP,211,211,0,0.0,499,498,1,38,38,0
joe-richards,Joe Richards,Port Adelaide,Adelaide Crows,Fwd,the-staircase-adoption-21-8,24,PLAYED,71.0,928,920,-8,-0.86,226,225,1,55,55,0
joel-amartey,Joel Amartey,Sydney,Collingwood Magpies,Key Fwd,the-staircase-adoption-21-8,24,DNP,DNP,139,138,-1,-0.72,568,566,2,90,90,0
joel-cochran,Joel Cochran,Collingwood,Hawthorn Hawks,Def,the-staircase-adoption-21-8,24,DNP,DNP,136,133,-3,-2.21,570,570,0,121,121,0
joel-fitzgerald,Joel Fitzgerald,Melbourne,Sydney Swans,Mid,the-staircase-adoption-21-8,24,PLAYED,62.0,316,320,4,1.27,412,406,6,97,95,2
joel-freijah,Joel Freijah,Western Bulldogs,Western Bulldogs,Fwd,the-staircase-adoption-21-8,24,PLAYED,107.0,2582,2750,168,6.51,69,65,4,17,14,3
joel-hamling,Joel Hamling,Sydney,Free agents,Key Def,the-staircase-adoption-21-8,24,PLAYED,30.0,9,8,-1,-11.11,784,786,-2,80,80,0
joel-jeffrey,Joel Jeffrey,Gold Coast,St Kilda Saints,Def,the-staircase-adoption-21-8,24,PLAYED,81.0,1488,1486,-2,-0.13,149,149,0,34,33,1
john-noble,John Noble,Gold Coast,Sydney Swans,Def,the-staircase-adoption-21-8,24,PLAYED,127.0,2203,2300,97,4.4,89,87,2,19,17,2
jonty-faull,Jonty Faull,Richmond,Carlton Blues,Key Fwd,the-staircase-adoption-21-8,24,DNP,DNP,588,587,-1,-0.17,289,291,-2,40,39,1
jordan-boyd,Jordan Boyd,Carlton,Free agents,Def,the-staircase-adoption-21-8,24,DNP,DNP,21,20,-1,-4.76,759,761,-2,166,168,-2
jordan-clark,Jordan Clark,Fremantle,West Coast Eagles,Def,the-staircase-adoption-21-8,24,PLAYED,97.0,3324,3274,-50,-1.5,49,51,-2,9,10,-1
jordan-croft,Jordan Croft,Western Bulldogs,Hawthorn Hawks,Key Fwd,the-staircase-adoption-21-8,24,DNP,DNP,520,519,-1,-0.19,318,320,-2,48,47,1
jordan-dawson,Jordan Dawson,Adelaide,West Coast Eagles,Mid,the-staircase-adoption-21-8,24,PLAYED,111.0,3088,3130,42,1.36,58,56,2,22,22,0
jordan-de-goey,Jordan De Goey,Collingwood,North Melbourne Kangaroos,Fwd,the-staircase-adoption-21-8,24,PLAYED,114.0,1294,1370,76,5.87,165,156,9,42,41,1
jordan-ridley,Jordan Ridley,Essendon,Adelaide Crows,Def,the-staircase-adoption-21-8,24,DNP,DNP,729,722,-7,-0.96,264,265,-1,66,66,0
jordon-butts,Jordon Butts,Adelaide,Fremantle Dockers,Key Def,the-staircase-adoption-21-8,24,DNP,DNP,36,36,0,0.0,729,723,6,72,72,0
jordon-sweet,Jordon Sweet,Port Adelaide,St Kilda Saints,Ruck,the-staircase-adoption-21-8,24,PLAYED,100.0,2381,2446,65,2.73,79,79,0,6,6,0
josaia-delana,Josaia Delana,GWS,St Kilda Saints,Fwd,the-staircase-adoption-21-8,24,PLAYED,55.0,249,287,38,15.26,461,434,27,107,103,4
joseph-fonti,Joseph Fonti,GWS,Richmond Tigers,Def,the-staircase-adoption-21-8,24,PLAYED,66.0,575,577,2,0.35,298,293,5,74,71,3
josh-battle,Josh Battle,St Kilda,West Coast Eagles,Key Def,the-staircase-adoption-21-8,24,PLAYED,49.0,2041,1909,-132,-6.47,105,110,-5,5,5,0
josh-daicos,Josh Daicos,Collingwood,Sydney Swans,Def,the-staircase-adoption-21-8,24,PLAYED,69.0,2126,2002,-124,-5.83,98,103,-5,23,23,0
josh-dolan,Josh Dolan,Western Bulldogs,Hawthorn Hawks,Fwd,the-staircase-adoption-21-8,24,PLAYED,47.0,311,314,3,0.96,416,417,-1,96,98,-2
josh-draper,Josh Draper,Fremantle,Essendon Bombers,Key Def,the-staircase-adoption-21-8,24,DNP,DNP,338,328,-10,-2.96,403,404,-1,31,32,-1
josh-dunkley,Josh Dunkley,Brisbane,West Coast Eagles,Mid,the-staircase-adoption-21-8,24,PLAYED,128.0,1162,1253,91,7.83,184,170,14,43,42,1
josh-gibcus,Josh Gibcus,Richmond,Carlton Blues,Key Def,the-staircase-adoption-21-8,24,DNP,DNP,252,250,-2,-0.79,458,462,-4,38,38,0
josh-goater,Josh Goater,North Melbourne,Hawthorn Hawks,Def,the-staircase-adoption-21-8,24,PLAYED,50.0,72,75,3,4.17,661,654,7,139,138,1
josh-lai,Josh Lai,Port Adelaide,Fremantle Dockers,Def,the-staircase-adoption-21-8,24,PLAYED,55.0,431,443,12,2.78,355,347,8,87,84,3
josh-lindsay,Josh Lindsay,West Coast,Richmond Tigers,Def,the-staircase-adoption-21-8,24,PLAYED,27.0,1926,1676,-250,-12.98,110,129,-19,24,27,-3
josh-rachele,Josh Rachele,Adelaide,Fremantle Dockers,Fwd,the-staircase-adoption-21-8,24,PLAYED,60.0,1809,1712,-97,-5.36,120,128,-8,32,35,-3
josh-sinn,Josh Sinn,Port Adelaide,Essendon Bombers,Def,the-staircase-adoption-21-8,24,DNP,DNP,222,217,-5,-2.25,484,486,-2,108,107,1
josh-smillie,Josh Smillie,Richmond,Carlton Blues,Mid,the-staircase-adoption-21-8,24,DNP,DNP,759,747,-12,-1.58,254,259,-5,62,62,0
josh-treacy,Josh Treacy,Fremantle,West Coast Eagles,Key Fwd,the-staircase-adoption-21-8,24,PLAYED,59.0,6188,5908,-280,-4.52,11,11,0,1,1,0
josh-ward,Josh Ward,Hawthorn,Essendon Bombers,Mid,the-staircase-adoption-21-8,24,PLAYED,101.0,2733,2798,65,2.38,66,63,3,25,25,0
josh-worrell,Josh Worrell,Adelaide,St Kilda Saints,Def,the-staircase-adoption-21-8,24,PLAYED,84.0,3116,3074,-42,-1.35,56,59,-3,12,12,0
joshua-kelly,Joshua Kelly,GWS,Adelaide Crows,Mid,the-staircase-adoption-21-8,24,DNP,DNP,762,739,-23,-3.02,253,263,-10,61,63,-2
joshua-weddle,Joshua Weddle,Hawthorn,Richmond Tigers,Def,the-staircase-adoption-21-8,24,PLAYED,63.0,1369,1259,-110,-8.04,158,169,-11,38,40,-2
judd-mcvee,Judd McVee,Fremantle,Richmond Tigers,Def,the-staircase-adoption-21-8,24,PLAYED,47.0,367,318,-49,-13.35,386,411,-25,93,99,-6
judson-clarke,Judson Clarke,Richmond,Collingwood Magpies,Fwd,the-staircase-adoption-21-8,24,PLAYED,29.0,38,31,-7,-18.42,715,731,-16,192,195,-3
justin-mcinerney,Justin McInerney,Sydney,Brisbane Lions,Fwd,the-staircase-adoption-21-8,24,DNP,DNP,2038,2025,-13,-0.64,106,101,5,27,26,1
jy-farrar,Jy Farrar,Gold Coast,Free agents,Key Fwd,the-staircase-adoption-21-8,24,DNP,DNP,31,30,-1,-3.23,735,733,2,118,118,0
jy-simpkin,Jy Simpkin,North Melbourne,Collingwood Magpies,Fwd,the-staircase-adoption-21-8,24,PLAYED,106.0,1293,1281,-12,-0.93,166,164,2,43,45,-2
jye-amiss,Jye Amiss,Fremantle,Collingwood Magpies,Key Fwd,the-staircase-adoption-21-8,24,DNP,DNP,1551,1546,-5,-0.32,142,143,-1,15,16,-1
jye-caldwell,Jye Caldwell,Essendon,Brisbane Lions,Mid,the-staircase-adoption-21-8,24,PLAYED,71.0,1113,1104,-9,-0.81,194,196,-2,48,50,-2
kade-chandler,Kade Chandler,Melbourne,Western Bulldogs,Fwd,the-staircase-adoption-21-8,24,PLAYED,86.0,1091,1089,-2,-0.18,200,201,-1,50,51,-1
kai-lohmann,Kai Lohmann,Brisbane,Collingwood Magpies,Fwd,the-staircase-adoption-21-8,24,PLAYED,45.0,802,744,-58,-7.23,244,261,-17,61,64,-3
kalani-white,Kalani White,Melbourne,Essendon Bombers,Key Fwd,the-staircase-adoption-21-8,24,DNP,DNP,54,52,-2,-3.7,692,694,-2,113,114,-1
kaleb-smith,Kaleb Smith,Richmond,Free agents,Def,the-staircase-adoption-21-8,24,DNP,DNP,60,60,0,0.0,682,678,4,144,144,0
kane-farrell,Kane Farrell,Port Adelaide,Essendon Bombers,Def,the-staircase-adoption-21-8,24,DNP,DNP,1258,1262,4,0.32,170,168,2,43,39,4
kane-mcauliffe,Kane McAuliffe,Richmond,Carlton Blues,Mid,the-staircase-adoption-21-8,24,PLAYED,71.0,1086,1201,115,10.59,201,181,20,52,45,7
karl-amon,Karl Amon,Hawthorn,St Kilda Saints,Def,the-staircase-adoption-21-8,24,PLAYED,43.0,367,295,-72,-19.62,387,427,-40,94,101,-7
karl-worner,Karl Worner,Fremantle,North Melbourne Kangaroos,Def,the-staircase-adoption-21-8,24,PLAYED,80.0,1164,1181,17,1.46,183,185,-2,48,45,3
kayle-gerreyn,Kayle Gerreyn,Essendon,Fremantle Dockers,Ruck,the-staircase-adoption-21-8,24,DNP,DNP,180,177,-3,-1.67,528,527,1,40,40,0
keidean-coleman,Keidean Coleman,Brisbane,Melbourne Demons,Def,the-staircase-adoption-21-8,24,DNP,DNP,778,776,-2,-0.26,249,253,-4,63,63,0
keighton-matofai-forbes,Keighton Matofai-Forbes,Geelong,Free agents,Fwd,the-staircase-adoption-21-8,24,DNP,DNP,111,111,0,0.0,600,598,2,149,149,0
kieren-briggs,Kieren Briggs,GWS,Adelaide Crows,Ruck,the-staircase-adoption-21-8,24,PLAYED,72.0,1781,1791,10,0.56,125,122,3,10,9,1
kobe-mcdonald,Kobe McDonald,St Kilda,Hawthorn Hawks,Def,the-staircase-adoption-21-8,24,DNP,DNP,38,37,-1,-2.63,716,716,0,152,154,-2
koby-coulson,Koby Coulson,Gold Coast,Carlton Blues,Mid,the-staircase-adoption-21-8,24,DNP,DNP,225,218,-7,-3.11,482,484,-2,105,104,1
koby-evans,Koby Evans,Brisbane,Free agents,Mid,the-staircase-adoption-21-8,24,DNP,DNP,213,207,-6,-2.82,496,499,-3,107,107,0
koltyn-tholstrup,Koltyn Tholstrup,Melbourne,Collingwood Magpies,Fwd,the-staircase-adoption-21-8,24,PLAYED,98.0,1839,1889,50,2.72,119,112,7,31,30,1
kye-annand,Kye Annand,Richmond,Sydney Swans,Key Def,the-staircase-adoption-21-8,24,PLAYED,51.0,423,394,-29,-6.86,357,369,-12,26,28,-2
kye-fincher,Kye Fincher,St Kilda,Hawthorn Hawks,Def,the-staircase-adoption-21-8,24,DNP,DNP,140,136,-4,-2.86,566,569,-3,120,120,0
kyle-langford,Kyle Langford,Essendon,St Kilda Saints,Key Fwd,the-staircase-adoption-21-8,24,PLAYED,63.0,499,486,-13,-2.61,327,330,-3,51,50,1
kysaiah-pickett,Kysaiah Pickett,Melbourne,Brisbane Lions,Fwd,the-staircase-adoption-21-8,24,PLAYED,96.0,3908,3945,37,0.95,32,30,2,7,7,0
lachie-jaques,Lachie Jaques,Western Bulldogs,Melbourne Demons,Def,the-staircase-adoption-21-8,24,DNP,DNP,579,577,-2,-0.35,295,294,1,73,72,1
lachie-neale,Lachie Neale,Brisbane,West Coast Eagles,Mid,the-staircase-adoption-21-8,24,PLAYED,126.0,2127,2179,52,2.44,97,94,3,34,34,0
lachie-sullivan,Lachie Sullivan,Collingwood,Free agents,Fwd,the-staircase-adoption-21-8,24,DNP,DNP,18,18,0,0.0,767,763,4,212,210,2
lachie-whitfield,Lachie Whitfield,GWS,North Melbourne Kangaroos,Def,the-staircase-adoption-21-8,24,PLAYED,88.0,2214,2184,-30,-1.36,88,93,-5,18,20,-2
lachlan-ash,Lachlan Ash,GWS,Melbourne Demons,Def,the-staircase-adoption-21-8,24,PLAYED,108.0,5794,5817,23,0.4,12,12,0,2,2,0
lachlan-blakiston,Lachlan Blakiston,Essendon,West Coast Eagles,Key Def,the-staircase-adoption-21-8,24,DNP,DNP,58,58,0,0.0,687,681,6,66,64,2
lachlan-bramble,Lachlan Bramble,Western Bulldogs,Sydney Swans,Fwd,the-staircase-adoption-21-8,24,PLAYED,75.0,112,122,10,8.93,598,582,16,148,145,3
lachlan-carmichael,Lachlan Carmichael,Western Bulldogs,Hawthorn Hawks,Def,the-staircase-adoption-21-8,24,PLAYED,23.0,490,500,10,2.04,330,325,5,80,81,-1
lachlan-cowan,Lachlan Cowan,Carlton,Essendon Bombers,Def,the-staircase-adoption-21-8,24,PLAYED,80.0,698,699,1,0.14,271,269,2,67,67,0
lachlan-fogarty,Lachlan Fogarty,Carlton,Free agents,Fwd,the-staircase-adoption-21-8,24,DNP,DNP,79,76,-3,-3.8,648,651,-3,169,172,-3
lachlan-gulbin,Lachlan Gulbin,Gold Coast,West Coast Eagles,Fwd,the-staircase-adoption-21-8,24,PLAYED,58.0,291,293,2,0.69,429,430,-1,100,101,-1
lachlan-jones,Lachlan Jones,Port Adelaide,Adelaide Crows,Def,the-staircase-adoption-21-8,24,PLAYED,93.0,151,168,17,11.26,554,535,19,118,115,3
lachlan-mcandrew,Lachlan McAndrew,Adelaide,Brisbane Lions,Ruck,the-staircase-adoption-21-8,24,PLAYED,118.0,1094,1165,71,6.49,198,187,11,15,15,0
lachlan-mcneil,Lachlan McNeil,Western Bulldogs,Free agents,Fwd,the-staircase-adoption-21-8,24,DNP,DNP,19,18,-1,-5.26,763,764,-1,210,211,-1
lachlan-schultz,Lachlan Schultz,Fremantle,Adelaide Crows,Fwd,the-staircase-adoption-21-8,24,PLAYED,62.0,752,640,-112,-14.89,259,280,-21,65,69,-4
lachlan-sholl,Lachlan Sholl,Adelaide,Free agents,Mid,the-staircase-adoption-21-8,24,DNP,DNP,112,106,-6,-5.36,599,606,-7,123,124,-1
lachlan-smith,Lachlan Smith,Western Bulldogs,Collingwood Magpies,Ruck,the-staircase-adoption-21-8,24,DNP,DNP,149,150,1,0.67,558,552,6,42,42,0
lachlan-weller,Lachlan Weller,Gold Coast,Brisbane Lions,Mid,the-staircase-adoption-21-8,24,DNP,DNP,48,48,0,0.0,699,699,0,139,139,0
lachy-dovaston,Lachy Dovaston,North Melbourne,Fremantle Dockers,Fwd,the-staircase-adoption-21-8,24,DNP,DNP,585,572,-13,-2.22,292,300,-8,72,75,-3
laitham-vandermeer,Laitham Vandermeer,Western Bulldogs,Free agents,Fwd,the-staircase-adoption-21-8,24,DNP,DNP,6,6,0,0.0,791,792,-1,220,221,-1
lance-collard,Lance Collard,St Kilda,Hawthorn Hawks,Fwd,the-staircase-adoption-21-8,24,DNP,DNP,132,125,-7,-5.3,575,580,-5,144,144,0
latrelle-pickett,Latrelle Pickett,Melbourne,Collingwood Magpies,Fwd,the-staircase-adoption-21-8,24,DNP,DNP,375,374,-1,-0.27,381,378,3,85,85,0
lawson-humphries,Lawson Humphries,Geelong,Geelong Cats,Def,the-staircase-adoption-21-8,24,PLAYED,94.0,1532,1551,19,1.24,147,142,5,33,32,1
leek-aleer,Leek Aleer,GWS,Port Adelaide Power,Key Def,the-staircase-adoption-21-8,24,DNP,DNP,277,273,-4,-1.44,435,444,-9,35,36,-1
lennox-hoffman,Lennox Hoffman,Geelong,St Kilda Saints,Def,the-staircase-adoption-21-8,24,DNP,DNP,111,111,0,0.0,601,599,2,129,128,1
leo-lombard,Leo Lombard,Gold Coast,Fremantle Dockers,Fwd,the-staircase-adoption-21-8,24,PLAYED,96.0,1640,1770,130,7.93,133,125,8,36,34,2
leon-kickett,Leon Kickett,Fremantle,Free agents,Fwd,the-staircase-adoption-21-8,24,DNP,DNP,89,86,-3,-3.37,633,635,-2,164,165,-1
levi-ashcroft,Levi Ashcroft,Brisbane,Essendon Bombers,Mid,the-staircase-adoption-21-8,24,PLAYED,72.0,3698,3703,5,0.14,37,36,1,18,17,1
lewis-hayes,Lewis Hayes,Essendon,Western Bulldogs,Def,the-staircase-adoption-21-8,24,DNP,DNP,350,349,-1,-0.29,396,390,6,97,95,2
lewis-melican,Lewis Melican,Sydney,Brisbane Lions,Key Def,the-staircase-adoption-21-8,24,DNP,DNP,36,35,-1,-2.78,730,726,4,73,73,0
lewis-young,Lewis Young,Carlton,Port Adelaide Power,Key Fwd,the-staircase-adoption-21-8,24,PLAYED,70.0,154,156,2,1.3,548,544,4,89,86,3
liam-baker,Liam Baker,West Coast,Carlton Blues,Def,the-staircase-adoption-21-8,24,PLAYED,36.0,479,426,-53,-11.06,332,355,-23,81,86,-5
liam-duggan,Liam Duggan,West Coast,Adelaide Crows,Def,the-staircase-adoption-21-8,24,DNP,DNP,194,194,0,0.0,513,510,3,111,108,3
liam-fawcett,Liam Fawcett,Richmond,Carlton Blues,Key Fwd,the-staircase-adoption-21-8,24,DNP,DNP,370,366,-4,-1.08,383,381,2,59,60,-1
liam-henry,Liam Henry,St Kilda,Essendon Bombers,Fwd,the-staircase-adoption-21-8,24,DNP,DNP,65,64,-1,-1.54,676,672,4,181,180,1
liam-hetherton,Liam Hetherton,Sydney,St Kilda Saints,Key Fwd,the-staircase-adoption-21-8,24,DNP,DNP,68,66,-2,-2.94,673,671,2,109,109,0
liam-mcmahon,Liam McMahon,Essendon,Free agents,Key Fwd,the-staircase-adoption-21-8,24,DNP,DNP,194,194,0,0.0,514,511,3,80,81,-1
liam-o-connell,Liam O'Connell,St Kilda,West Coast Eagles,Def,the-staircase-adoption-21-8,24,PLAYED,55.0,80,87,7,8.75,646,632,14,137,134,3
liam-puncher,Liam Puncher,Collingwood,North Melbourne Kangaroos,Key Def,the-staircase-adoption-21-8,24,PLAYED,23.0,187,172,-15,-8.02,522,529,-7,49,49,0
liam-reidy,Liam Reidy,Carlton,Port Adelaide Power,Key Fwd,the-staircase-adoption-21-8,24,DNP,DNP,76,76,0,0.0,654,652,2,108,108,0
liam-ryan,Liam Ryan,St Kilda,Melbourne Demons,Fwd,the-staircase-adoption-21-8,24,PLAYED,28.0,6,6,0,0.0,792,793,-1,221,222,-1
liam-stocker,Liam Stocker,St Kilda,Free Agents,Def,the-staircase-adoption-21-8,24,PLAYED,92.0,24,31,7,29.17,751,732,19,165,159,6
lincoln-mccarthy,Lincoln McCarthy,Brisbane,Essendon Bombers,Fwd,the-staircase-adoption-21-8,24,DNP,DNP,11,11,0,0.0,779,778,1,216,216,0
lloyd-meek,Lloyd Meek,Hawthorn,West Coast Eagles,Ruck,the-staircase-adoption-21-8,24,PLAYED,142.0,1504,1640,136,9.04,148,134,14,13,12,1
logan-evans,Logan Evans,Port Adelaide,Sydney Swans,Def,the-staircase-adoption-21-8,24,DNP,DNP,1383,1379,-4,-0.29,157,155,2,37,36,1
logan-mcdonald,Logan McDonald,Sydney,Essendon Bombers,Key Fwd,the-staircase-adoption-21-8,24,PLAYED,75.0,771,811,40,5.19,251,249,2,32,32,0
logan-morris,Logan Morris,Brisbane,Sydney Swans,Key Fwd,the-staircase-adoption-21-8,24,PLAYED,141.0,2958,3260,302,10.21,61,52,9,4,4,0
logan-smith,Logan Smith,GWS,Fremantle Dockers,Ruck,the-staircase-adoption-21-8,24,DNP,DNP,321,321,0,0.0,406,405,1,29,29,0
louis-emmett,Louis Emmett,Western Bulldogs,Adelaide Crows,Ruck,the-staircase-adoption-21-8,24,DNP,DNP,570,570,0,0.0,299,301,-2,20,20,0
lucas-camporeale,Lucas Camporeale,Carlton,Fremantle Dockers,Mid,the-staircase-adoption-21-8,24,DNP,DNP,159,151,-8,-5.03,542,551,-9,114,117,-3
lucca-grego,Lucca Grego,West Coast,Melbourne Demons,Def,the-staircase-adoption-21-8,24,DNP,DNP,69,64,-5,-7.25,672,673,-1,141,142,-1
lukas-cooke,Lukas Cooke,Melbourne,Adelaide Crows,Key Def,the-staircase-adoption-21-8,24,DNP,DNP,262,254,-8,-3.05,446,460,-14,37,37,0
luke-beecken,Luke Beecken,Brisbane,Port Adelaide Power,Mid,the-staircase-adoption-21-8,24,DNP,DNP,157,157,0,0.0,544,543,1,115,115,0
luke-cleary,Luke Cleary,Western Bulldogs,Sydney Swans,Def,the-staircase-adoption-21-8,24,DNP,DNP,35,34,-1,-2.86,733,728,5,160,156,4
luke-davies-uniacke,Luke Davies-Uniacke,North Melbourne,Richmond Tigers,Mid,the-staircase-adoption-21-8,24,PLAYED,82.0,3617,3205,-412,-11.39,40,54,-14,19,20,-1
luke-jackson,Luke Jackson,Fremantle,St Kilda Saints,Ruck,the-staircase-adoption-21-8,24,PLAYED,126.0,9299,9285,-14,-0.15,3,3,0,1,1,0
luke-kennedy,Luke Kennedy,Western Bulldogs,North Melbourne Kangaroos,Mid,the-staircase-adoption-21-8,24,PLAYED,59.0,143,166,23,16.08,562,537,25,119,113,6
luke-lloyd,Luke Lloyd,Brisbane,Free agents,Key Fwd,the-staircase-adoption-21-8,24,DNP,DNP,193,195,2,1.04,515,508,7,81,80,1
luke-mcdonald,Luke McDonald,North Melbourne,Geelong Cats,Def,the-staircase-adoption-21-8,24,PLAYED,73.0,20,21,1,5.0,762,760,2,168,167,1
luke-nankervis,Luke Nankervis,Adelaide,Western Bulldogs,Mid,the-staircase-adoption-21-8,24,PLAYED,56.0,381,354,-27,-7.09,375,387,-12,88,88,0
luke-parker,Luke Parker,North Melbourne,North Melbourne Kangaroos,Def,the-staircase-adoption-21-8,24,PLAYED,91.0,1190,1173,-17,-1.43,180,186,-6,46,46,0
luke-pedlar,Luke Pedlar,Adelaide,Essendon Bombers,Fwd,the-staircase-adoption-21-8,24,DNP,DNP,105,105,0,0.0,611,607,4,154,153,1
luke-ryan,Luke Ryan,Fremantle,Port Adelaide Power,Def,the-staircase-adoption-21-8,24,PLAYED,71.0,1355,1292,-63,-4.65,162,161,1,40,38,2
luke-trainor,Luke Trainor,Richmond,Carlton Blues,Def,the-staircase-adoption-21-8,24,PLAYED,22.0,998,915,-83,-8.32,211,227,-16,53,55,-2
luke-urquhart,Luke Urquhart,North Melbourne,Melbourne Demons,Mid,the-staircase-adoption-21-8,24,DNP,DNP,37,36,-1,-2.7,722,724,-2,141,141,0
luker-kentfield,Luker Kentfield,Melbourne,Carlton Blues,Key Fwd,the-staircase-adoption-21-8,24,DNP,DNP,155,150,-5,-3.23,546,553,-7,87,89,-2
mabior-chol,Mabior Chol,Hawthorn,Collingwood Magpies,Key Fwd,the-staircase-adoption-21-8,24,PLAYED,58.0,309,301,-8,-2.59,419,422,-3,61,62,-1
mac-andrew,Mac Andrew,Gold Coast,Western Bulldogs,Key Def,the-staircase-adoption-21-8,24,PLAYED,76.0,3739,3764,25,0.67,35,34,1,1,1,0
malakai-champion,Malakai Champion,West Coast,Melbourne Demons,Fwd,the-staircase-adoption-21-8,24,DNP,DNP,214,212,-2,-0.93,495,495,0,124,126,-2
malcolm-rosas,Malcolm Rosas,Sydney,Melbourne Demons,Fwd,the-staircase-adoption-21-8,24,DNP,DNP,28,28,0,0.0,740,739,1,199,198,1
mani-liddy,Mani Liddy,Port Adelaide,North Melbourne Kangaroos,Mid,the-staircase-adoption-21-8,24,DNP,DNP,100,96,-4,-4.0,617,617,0,125,126,-1
marc-pittonet,Marc Pittonet,Carlton,Sydney Swans,Ruck,the-staircase-adoption-21-8,24,PLAYED,97.0,540,569,29,5.37,312,303,9,21,21,0
marcus-bontempelli,Marcus Bontempelli,Western Bulldogs,St Kilda Saints,Mid,the-staircase-adoption-21-8,24,PLAYED,124.0,3715,3728,13,0.35,36,35,1,17,16,1
marcus-herbert,Marcus Herbert,West Coast,Essendon Bombers,Mid,the-staircase-adoption-21-8,24,PLAYED,79.0,745,819,74,9.93,261,247,14,63,61,2
marcus-windhager,Marcus Windhager,St Kilda,Port Adelaide Power,Def,the-staircase-adoption-21-8,24,PLAYED,72.0,1886,1852,-34,-1.8,117,118,-1,26,25,1
mark-blicavs,Mark Blicavs,Geelong,Geelong Cats,Ruck,the-staircase-adoption-21-8,24,DNP,DNP,60,60,0,0.0,683,679,4,45,45,0
mark-keane,Mark Keane,Adelaide,Adelaide Crows,Key Def,the-staircase-adoption-21-8,24,PLAYED,77.0,1368,1480,112,8.19,160,150,10,9,8,1
mark-o-connor,Mark O'Connor,Geelong,Brisbane Lions,Def,the-staircase-adoption-21-8,24,PLAYED,58.0,25,23,-2,-8.0,748,752,-4,164,165,-1
mason-cox,Mason Cox,Fremantle,Geelong Cats,Key Fwd,the-staircase-adoption-21-8,24,PLAYED,54.0,3,3,0,0.0,799,799,0,120,120,0
mason-redman,Mason Redman,Essendon,Collingwood Magpies,Def,the-staircase-adoption-21-8,24,PLAYED,39.0,1115,992,-123,-11.03,193,213,-20,50,52,-2
mason-wood,Mason Wood,St Kilda,Port Adelaide Power,Fwd,the-staircase-adoption-21-8,24,DNP,DNP,365,360,-5,-1.37,389,384,5,87,88,-1
massimo-d-ambrosio,Massimo D'Ambrosio,Hawthorn,Geelong Cats,Mid,the-staircase-adoption-21-8,24,PLAYED,67.0,1684,1664,-20,-1.19,131,131,0,39,39,0
matt-carroll,Matt Carroll,Carlton,Western Bulldogs,Def,the-staircase-adoption-21-8,24,DNP,DNP,757,755,-2,-0.26,257,256,1,64,64,0
matt-cottrell,Matt Cottrell,Carlton,Adelaide Crows,Fwd,the-staircase-adoption-21-8,24,PLAYED,56.0,135,120,-15,-11.11,572,585,-13,143,147,-4
matt-duffy,Matt Duffy,Carlton,Free agents,Key Def,the-staircase-adoption-21-8,24,DNP,DNP,37,37,0,0.0,723,717,6,71,70,1
matt-guelfi,Matt Guelfi,Essendon,Free agents,Fwd,the-staircase-adoption-21-8,24,DNP,DNP,4,4,0,0.0,796,796,0,224,224,0
matt-hill,Matt Hill,Hawthorn,Free agents,Def,the-staircase-adoption-21-8,24,DNP,DNP,36,34,-2,-5.56,731,729,2,159,157,2
matt-johnson-1,Matt Johnson,Fremantle,Adelaide Crows,Mid,the-staircase-adoption-21-8,24,PLAYED,59.0,1037,969,-68,-6.56,205,218,-13,53,56,-3
matt-owies,Matt Owies,Carlton,Free agents,Fwd,the-staircase-adoption-21-8,24,DNP,DNP,3,3,0,0.0,800,800,0,226,226,0
matt-rowell,Matt Rowell,Gold Coast,Collingwood Magpies,Mid,the-staircase-adoption-21-8,24,PLAYED,118.0,4587,4600,13,0.28,21,20,1,12,11,1
matt-whitlock,Matt Whitlock,North Melbourne,Adelaide Crows,Key Fwd,the-staircase-adoption-21-8,24,DNP,DNP,285,279,-6,-2.11,432,438,-6,65,66,-1
mattaes-phillipou,Mattaes Phillipou,St Kilda,Brisbane Lions,Fwd,the-staircase-adoption-21-8,24,PLAYED,61.0,1892,1824,-68,-3.59,114,120,-6,30,32,-2
matthew-flynn,Matthew Flynn,West Coast,Sydney Swans,Ruck,the-staircase-adoption-21-8,24,DNP,DNP,627,619,-8,-1.28,283,282,1,19,19,0
matthew-jefferson,Matthew Jefferson,Melbourne,Adelaide Crows,Key Fwd,the-staircase-adoption-21-8,24,PLAYED,49.0,369,375,6,1.63,385,377,8,60,59,1
matthew-kennedy-1,Matthew Kennedy,Western Bulldogs,St Kilda Saints,Mid,the-staircase-adoption-21-8,24,PLAYED,125.0,601,682,81,13.48,288,272,16,69,65,4
matthew-leray,Matthew LeRay,Hawthorn,Hawthorn Hawks,Mid,the-staircase-adoption-21-8,24,DNP,DNP,108,104,-4,-3.7,607,608,-1,124,125,-1
matthew-roberts,Matthew Roberts,Sydney,Carlton Blues,Def,the-staircase-adoption-21-8,24,PLAYED,32.0,1587,1418,-169,-10.65,139,153,-14,32,34,-2
maurice-rioli-1,Maurice Rioli,Richmond,Free agents,Fwd,the-staircase-adoption-21-8,24,PLAYED,37.0,29,30,1,3.45,737,734,3,197,196,1
max-beattie,Max Beattie,Hawthorn,Carlton Blues,Fwd,the-staircase-adoption-21-8,24,PLAYED,81.0,114,160,46,40.35,595,541,54,147,135,12
max-gawn,Max Gawn,Melbourne,North Melbourne Kangaroos,Ruck,the-staircase-adoption-21-8,24,PLAYED,171.0,3194,3356,162,5.07,53,46,7,5,4,1
max-gruzewski,Max Gruzewski,GWS,Essendon Bombers,Key Fwd,the-staircase-adoption-21-8,24,PLAYED,53.0,508,521,13,2.56,322,319,3,49,46,3
max-hall,Max Hall,St Kilda,Western Bulldogs,Fwd,the-staircase-adoption-21-8,24,PLAYED,147.0,2387,2639,252,10.56,76,69,7,20,17,3
max-heath,Max Heath,Melbourne,Sydney Swans,Key Fwd,the-staircase-adoption-21-8,24,DNP,DNP,585,577,-8,-1.37,293,295,-2,41,40,1
max-holmes,Max Holmes,Geelong,Geelong Cats,Mid,the-staircase-adoption-21-8,24,DNP,DNP,7742,7697,-45,-0.58,5,5,0,2,2,0
max-king-stk,Max King,St Kilda,Hawthorn Hawks,Key Fwd,the-staircase-adoption-21-8,24,DNP,DNP,262,256,-6,-2.29,447,454,-7,70,72,-2
max-king-syd,Maxwell King,Sydney,Richmond Tigers,Key Fwd,the-staircase-adoption-21-8,24,DNP,DNP,133,129,-4,-3.01,573,574,-1,92,93,-1
max-knobel,Max Knobel,Gold Coast,Fremantle Dockers,Ruck,the-staircase-adoption-21-8,24,DNP,DNP,317,317,0,0.0,411,412,-1,30,30,0
max-kondogiannis,Max Kondogiannis,Essendon,Hawthorn Hawks,Def,the-staircase-adoption-21-8,24,PLAYED,51.0,409,410,1,0.24,362,366,-4,89,90,-1
max-mapley,Max Mapley,Melbourne,Sydney Swans,Ruck,the-staircase-adoption-21-8,24,DNP,DNP,260,254,-6,-2.31,453,461,-8,35,35,0
max-michalanney,Max Michalanney,Adelaide,Carlton Blues,Def,the-staircase-adoption-21-8,24,PLAYED,65.0,505,503,-2,-0.4,324,324,0,79,80,-1
max-ramsden,Max Ramsden,Hawthorn,Hawthorn Hawks,Key Fwd,the-staircase-adoption-21-8,24,DNP,DNP,59,57,-2,-3.39,685,685,0,112,113,-1
michael-frederick,Michael Frederick,Fremantle,Port Adelaide Power,Fwd,the-staircase-adoption-21-8,24,PLAYED,63.0,73,72,-1,-1.37,658,661,-3,173,176,-3
michael-sellwood,Michael Sellwood,Western Bulldogs,Carlton Blues,Def,the-staircase-adoption-21-8,24,PLAYED,59.0,318,319,1,0.31,409,408,1,100,98,2
milan-murdock,Milan Murdock,West Coast,Richmond Tigers,Fwd,the-staircase-adoption-21-8,24,PLAYED,119.0,242,353,111,45.87,469,389,80,111,89,22
miles-bergman,Miles Bergman,Port Adelaide,Richmond Tigers,Def,the-staircase-adoption-21-8,24,PLAYED,65.0,1190,1157,-33,-2.77,181,189,-8,47,48,-1
mitch-georgiades,Mitch Georgiades,Port Adelaide,North Melbourne Kangaroos,Key Fwd,the-staircase-adoption-21-8,24,PLAYED,96.0,1388,1563,175,12.61,155,141,14,17,15,2
mitch-mcgovern,Mitch McGovern,Carlton,Geelong Cats,Fwd,the-staircase-adoption-21-8,24,PLAYED,65.0,46,46,0,0.0,703,703,0,188,189,-1
mitch-podhajski,Mitch Podhajski,Collingwood,Hawthorn Hawks,Key Fwd,the-staircase-adoption-21-8,24,DNP,DNP,120,118,-2,-1.67,585,588,-3,97,97,0
mitch-zadow,Mitch Zadow,Port Adelaide,Port Adelaide Power,Fwd,the-staircase-adoption-21-8,24,PLAYED,48.0,107,103,-4,-3.74,610,611,-1,153,155,-2
mitchell-edwards,Mitchell Edwards,Geelong,Port Adelaide Power,Ruck,the-staircase-adoption-21-8,24,PLAYED,95.0,1558,1768,210,13.48,141,126,15,12,10,2
mitchell-hinge,Mitchell Hinge,Adelaide,Sydney Swans,Def,the-staircase-adoption-21-8,24,DNP,DNP,382,376,-6,-1.57,374,376,-2,92,93,-1
mitchell-knevitt,Mitchell Knevitt,Geelong,Richmond Tigers,Mid,the-staircase-adoption-21-8,24,DNP,DNP,184,178,-6,-3.26,523,526,-3,112,112,0
mitchell-lewis,Mitchell Lewis,Hawthorn,North Melbourne Kangaroos,Key Fwd,the-staircase-adoption-21-8,24,PLAYED,103.0,687,769,82,11.94,273,254,19,35,34,1
mitchell-marsh,Mitchell Marsh,Adelaide,Hawthorn Hawks,Key Fwd,the-staircase-adoption-21-8,24,DNP,DNP,546,539,-7,-1.28,308,312,-4,44,44,0
mitchito-owens,Mitchito Owens,St Kilda,St Kilda Saints,Key Fwd,the-staircase-adoption-21-8,24,PLAYED,75.0,2184,2241,57,2.61,91,88,3,7,7,0
murphy-reid,Murphy Reid,Fremantle,Fremantle Dockers,Fwd,the-staircase-adoption-21-8,24,DNP,DNP,3410,3367,-43,-1.26,45,45,0,11,11,0
mykelti-lefau,Mykelti Lefau,Richmond,Carlton Blues,Key Fwd,the-staircase-adoption-21-8,24,PLAYED,49.0,108,110,2,1.85,608,600,8,101,100,1
nasiah-wanganeen-milera,Nasiah Wanganeen-Milera,St Kilda,Brisbane Lions,Def,the-staircase-adoption-21-8,24,DNP,DNP,8805,8754,-51,-0.58,4,4,0,1,1,0
nate-caddy,Nate Caddy,Essendon,Essendon Bombers,Key Fwd,the-staircase-adoption-21-8,24,PLAYED,108.0,1726,1878,152,8.81,130,114,16,14,11,3
nathan-broad,Nathan Broad,Richmond,Free agents,Def,the-staircase-adoption-21-8,24,DNP,DNP,9,9,0,0.0,785,783,2,173,173,0
nathan-o-driscoll,Nathan O'Driscoll,Fremantle,Essendon Bombers,Mid,the-staircase-adoption-21-8,24,PLAYED,36.0,507,412,-95,-18.74,323,364,-41,75,84,-9
nathan-wardius,Nathan Wardius,GWS,Western Bulldogs,Fwd,the-staircase-adoption-21-8,24,DNP,DNP,37,37,0,0.0,724,718,6,193,191,2
ned-bowman,Ned Bowman,Sydney,Free agents,Fwd,the-staircase-adoption-21-8,24,DNP,DNP,120,117,-3,-2.5,586,591,-5,146,148,-2
ned-long,Ned Long,Collingwood,Brisbane Lions,Fwd,the-staircase-adoption-21-8,24,PLAYED,77.0,1245,1283,38,3.05,172,163,9,46,44,2
ned-moyle,Ned Moyle,Gold Coast,St Kilda Saints,Ruck,the-staircase-adoption-21-8,24,PLAYED,81.0,1917,1936,19,0.99,112,109,3,7,8,-1
ned-reeves,Ned Reeves,Hawthorn,Richmond Tigers,Ruck,the-staircase-adoption-21-8,24,DNP,DNP,432,431,-1,-0.23,354,352,2,25,25,0
neil-erasmus,Neil Erasmus,Fremantle,Essendon Bombers,Mid,the-staircase-adoption-21-8,24,PLAYED,90.0,957,994,37,3.87,220,212,8,56,55,1
nic-newman,Nic Newman,Carlton,St Kilda Saints,Def,the-staircase-adoption-21-8,24,DNP,DNP,674,675,1,0.15,275,274,1,69,69,0
nicholas-coffield,Nicholas Coffield,Western Bulldogs,West Coast Eagles,Def,the-staircase-adoption-21-8,24,DNP,DNP,93,93,0,0.0,626,622,4,134,133,1
nicholas-holman,Nicholas Holman,Gold Coast,Free agents,Fwd,the-staircase-adoption-21-8,24,PLAYED,72.0,1,1,0,0.0,804,804,0,227,227,0
nicholas-martin,Nicholas Martin,Essendon,Melbourne Demons,Fwd,the-staircase-adoption-21-8,24,DNP,DNP,4073,4007,-66,-1.62,28,29,-1,6,6,0
nick-blakey,Nick Blakey,Sydney,Collingwood Magpies,Def,the-staircase-adoption-21-8,24,DNP,DNP,4199,4213,14,0.33,25,25,0,4,4,0
nick-bryan,Nick Bryan,Essendon,Western Bulldogs,Ruck,the-staircase-adoption-21-8,24,PLAYED,76.0,835,842,7,0.84,242,243,-1,18,18,0
nick-daicos,Nick Daicos,Collingwood,North Melbourne Kangaroos,Mid,the-staircase-adoption-21-8,24,PLAYED,92.0,10012,9920,-92,-0.92,2,2,0,1,1,0
nick-driscoll,Nick Driscoll,Geelong,Port Adelaide Power,Fwd,the-staircase-adoption-21-8,24,DNP,DNP,94,91,-3,-3.19,624,624,0,159,159,0
nick-haynes,Nick Haynes,Carlton,West Coast Eagles,Def,the-staircase-adoption-21-8,24,DNP,DNP,117,117,0,0.0,592,592,0,126,126,0
nick-larkey,Nick Larkey,North Melbourne,Brisbane Lions,Key Fwd,the-staircase-adoption-21-8,24,PLAYED,45.0,642,542,-100,-15.58,280,311,-31,38,43,-5
nick-madden,Nick Madden,GWS,Hawthorn Hawks,Ruck,the-staircase-adoption-21-8,24,PLAYED,47.0,1150,1182,32,2.78,187,184,3,14,14,0
nick-murray,Nick Murray,Adelaide,Fremantle Dockers,Key Def,the-staircase-adoption-21-8,24,DNP,DNP,380,379,-1,-0.26,377,375,2,29,30,-1
nick-vlastuin,Nick Vlastuin,Richmond,St Kilda Saints,Def,the-staircase-adoption-21-8,24,PLAYED,62.0,113,96,-17,-15.04,596,618,-22,128,132,-4
nick-watson,Nick Watson,Hawthorn,West Coast Eagles,Fwd,the-staircase-adoption-21-8,24,PLAYED,91.0,3595,3624,29,0.81,42,40,2,10,9,1
nikolas-cox,Nikolas Cox,Essendon,Essendon Bombers,Mid,the-staircase-adoption-21-8,24,DNP,DNP,190,187,-3,-1.58,518,520,-2,111,110,1
noah-anderson,Noah Anderson,Gold Coast,Richmond Tigers,Mid,the-staircase-adoption-21-8,24,PLAYED,118.0,4960,5286,326,6.57,17,16,1,9,9,0
noah-answerth,Noah Answerth,Brisbane,St Kilda Saints,Def,the-staircase-adoption-21-8,24,PLAYED,33.0,19,12,-7,-36.84,764,775,-11,169,171,-2
noah-balta,Noah Balta,Richmond,Carlton Blues,Key Fwd,the-staircase-adoption-21-8,24,DNP,DNP,466,465,-1,-0.21,335,338,-3,52,52,0
noah-chamberlain,Noah Chamberlain,Sydney,St Kilda Saints,Key Fwd,the-staircase-adoption-21-8,24,DNP,DNP,38,37,-1,-2.63,717,719,-2,117,117,0
noah-howes,Noah Howes,Collingwood,Essendon Bombers,Key Fwd,the-staircase-adoption-21-8,24,DNP,DNP,309,304,-5,-1.62,420,421,-1,62,61,1
noah-long,Noah Long,West Coast,Free agents,Fwd,the-staircase-adoption-21-8,24,DNP,DNP,80,75,-5,-6.25,647,655,-8,168,173,-5
noah-mraz,Noah Mraz,Hawthorn,Melbourne Demons,Key Def,the-staircase-adoption-21-8,24,DNP,DNP,1034,1030,-4,-0.39,206,207,-1,13,14,-1
noah-roberts-thomson,Noah Roberts-Thomson,Richmond,Carlton Blues,Mid,the-staircase-adoption-21-8,24,DNP,DNP,264,263,-1,-0.38,444,450,-6,102,101,1
oisin-mullin,Oisin Mullin,Geelong,Adelaide Crows,Def,the-staircase-adoption-21-8,24,PLAYED,81.0,21,22,1,4.76,760,758,2,167,166,1
oliver-florent,Oliver Florent,Carlton,Sydney Swans,Def,the-staircase-adoption-21-8,24,PLAYED,98.0,992,1010,18,1.81,213,210,3,54,51,3
oliver-francou,Oliver Francou,West Coast,Fremantle Dockers,Mid,the-staircase-adoption-21-8,24,DNP,DNP,545,538,-7,-1.28,309,313,-4,74,73,1
oliver-griffin,Oliver Griffin,North Melbourne,Essendon Bombers,Fwd,the-staircase-adoption-21-8,24,DNP,DNP,92,88,-4,-4.35,628,630,-2,161,163,-2
oliver-hannaford,Oliver Hannaford,GWS,Melbourne Demons,Mid,the-staircase-adoption-21-8,24,DNP,DNP,203,200,-3,-1.48,504,505,-1,109,109,0
oliver-hayes-brown,Oliver Hayes-Brown,Richmond,Brisbane Lions,Ruck,the-staircase-adoption-21-8,24,DNP,DNP,211,207,-4,-1.9,500,500,0,39,39,0
oliver-henry,Oliver Henry,Geelong,Brisbane Lions,Key Fwd,the-staircase-adoption-21-8,24,PLAYED,78.0,263,267,4,1.52,445,447,-2,69,69,0
oliver-hollands,Oliver Hollands,Carlton,Western Bulldogs,Def,the-staircase-adoption-21-8,24,PLAYED,51.0,1601,1585,-16,-1.0,135,139,-4,30,31,-1
oliver-wiltshire,Oliver Wiltshire,Geelong,Port Adelaide Power,Fwd,the-staircase-adoption-21-8,24,DNP,DNP,26,26,0,0.0,745,743,2,201,200,1
oliver-wines,Oliver Wines,Port Adelaide,West Coast Eagles,Mid,the-staircase-adoption-21-8,24,PLAYED,94.0,370,391,21,5.68,384,371,13,90,85,5
ollie-dempsey,Ollie Dempsey,Geelong,Geelong Cats,Mid,the-staircase-adoption-21-8,24,PLAYED,126.0,2364,2427,63,2.66,82,81,1,30,29,1
ollie-greeves,Ollie Greeves,Hawthorn,Hawthorn Hawks,Mid,the-staircase-adoption-21-8,24,DNP,DNP,486,484,-2,-0.41,331,331,0,77,75,2
ollie-lord,Ollie Lord,Port Adelaide,West Coast Eagles,Key Fwd,the-staircase-adoption-21-8,24,DNP,DNP,127,124,-3,-2.36,579,581,-2,96,95,1
ollie-murphy,Ollie Murphy,Fremantle,St Kilda Saints,Key Def,the-staircase-adoption-21-8,24,DNP,DNP,200,200,0,0.0,506,506,0,45,44,1
oscar-adams,Oscar Adams,Gold Coast,Melbourne Demons,Key Def,the-staircase-adoption-21-8,24,DNP,DNP,142,142,0,0.0,563,562,1,54,55,-1
oscar-allen,Oscar Allen,West Coast,Carlton Blues,Key Fwd,the-staircase-adoption-21-8,24,PLAYED,55.0,155,156,1,0.65,547,545,2,88,87,1
oscar-berry,Oscar Berry,Melbourne,Free agents,Key Def,the-staircase-adoption-21-8,24,DNP,DNP,55,54,-1,-1.82,691,690,1,68,67,1
oscar-mcdonald,Oscar McDonald,Fremantle,Free agents,Key Def,the-staircase-adoption-21-8,24,PLAYED,44.0,127,73,-54,-42.52,580,658,-78,57,61,-4
oscar-ryan,Oscar Ryan,Adelaide,Adelaide Crows,Def,the-staircase-adoption-21-8,24,DNP,DNP,184,185,1,0.54,524,521,3,114,111,3
oscar-steene,Oscar Steene,Collingwood,Adelaide Crows,Key Fwd,the-staircase-adoption-21-8,24,DNP,DNP,544,537,-7,-1.29,311,314,-3,45,45,0
oskar-baker,Oskar Baker,Western Bulldogs,Brisbane Lions,Fwd,the-staircase-adoption-21-8,24,DNP,DNP,19,18,-1,-5.26,765,765,0,211,212,-1
oskar-taylor,Oskar Taylor,GWS,Hawthorn Hawks,Def,the-staircase-adoption-21-8,24,DNP,DNP,585,575,-10,-1.71,294,298,-4,72,74,-2
paddy-cross,Paddy Cross,Melbourne,Richmond Tigers,Fwd,the-staircase-adoption-21-8,24,DNP,DNP,95,95,0,0.0,622,620,2,157,157,0
paddy-dow,Paddy Dow,St Kilda,Brisbane Lions,Mid,the-staircase-adoption-21-8,24,DNP,DNP,28,28,0,0.0,741,740,1,142,142,0
patrick-carr,Patrick Carr,Richmond,Free agents,Ruck,the-staircase-adoption-21-8,24,DNP,DNP,46,45,-1,-2.17,704,705,-1,46,47,-1
patrick-cripps,Patrick Cripps,Carlton,Geelong Cats,Mid,the-staircase-adoption-21-8,24,PLAYED,113.0,1486,1527,41,2.76,150,146,4,41,41,0
patrick-dangerfield,Patrick Dangerfield,Geelong,Port Adelaide Power,Fwd,the-staircase-adoption-21-8,24,PLAYED,118.0,42,84,42,100.0,708,639,69,190,168,22
patrick-lipinski,Patrick Lipinski,Collingwood,Collingwood Magpies,Fwd,the-staircase-adoption-21-8,24,DNP,DNP,753,745,-8,-1.06,258,260,-2,64,63,1
patrick-retschko,Patrick Retschko,Geelong,Collingwood Magpies,Mid,the-staircase-adoption-21-8,24,PLAYED,52.0,1162,1119,-43,-3.7,185,195,-10,44,49,-5
patrick-said,Patrick Said,St Kilda,Free agents,Fwd,the-staircase-adoption-21-8,24,DNP,DNP,27,25,-2,-7.41,743,747,-4,200,201,-1
patrick-snell,Patrick Snell,Sydney,Hawthorn Hawks,Key Fwd,the-staircase-adoption-21-8,24,DNP,DNP,165,167,2,1.21,538,536,2,84,85,-1
patrick-voss,Patrick Voss,Fremantle,Fremantle Dockers,Key Fwd,the-staircase-adoption-21-8,24,PLAYED,26.0,1369,1247,-122,-8.91,159,172,-13,19,20,-1
paul-curtis,Paul Curtis,North Melbourne,Richmond Tigers,Fwd,the-staircase-adoption-21-8,24,PLAYED,41.0,1479,1345,-134,-9.06,151,158,-7,40,42,-2
peter-ladhams,Peter Ladhams,Sydney,St Kilda Saints,Key Fwd,the-staircase-adoption-21-8,24,DNP,DNP,568,558,-10,-1.76,300,305,-5,42,42,0
peter-wright,Peter Wright,Essendon,Port Adelaide Power,Key Fwd,the-staircase-adoption-21-8,24,PLAYED,52.0,1388,1269,-119,-8.57,156,167,-11,18,19,-1
phoenix-gothard,Phoenix Gothard,GWS,Hawthorn Hawks,Fwd,the-staircase-adoption-21-8,24,DNP,DNP,1668,1665,-3,-0.18,132,130,2,35,36,-1
reece-torrent,Reece Torrent,Brisbane,Free agents,Mid,the-staircase-adoption-21-8,24,DNP,DNP,26,26,0,0.0,746,744,2,143,143,0
reef-mcinnes,Reef McInnes,Collingwood,North Melbourne Kangaroos,Key Def,the-staircase-adoption-21-8,24,DNP,DNP,91,89,-2,-2.2,629,628,1,59,58,1
reilly-o-brien,Reilly O'Brien,Adelaide,Geelong Cats,Ruck,the-staircase-adoption-21-8,24,DNP,DNP,1029,1018,-11,-1.07,207,209,-2,16,16,0
reuben-ginbey,Reuben Ginbey,West Coast,Melbourne Demons,Def,the-staircase-adoption-21-8,24,DNP,DNP,2181,2211,30,1.38,92,90,2,20,19,1
rhett-bazzo,Rhett Bazzo,West Coast,Carlton Blues,Key Def,the-staircase-adoption-21-8,24,PLAYED,51.0,545,491,-54,-9.91,310,328,-18,25,25,0
rhyan-mansell,Rhyan Mansell,Richmond,St Kilda Saints,Fwd,the-staircase-adoption-21-8,24,DNP,DNP,72,71,-1,-1.39,662,662,0,176,177,-1
rhylee-west,Rhylee West,Western Bulldogs,North Melbourne Kangaroos,Fwd,the-staircase-adoption-21-8,24,PLAYED,88.0,151,158,7,4.64,555,542,13,137,136,1
rhys-stanley,Rhys Stanley,Geelong,Geelong Cats,Ruck,the-staircase-adoption-21-8,24,DNP,DNP,7,7,0,0.0,788,789,-1,49,49,0
rhys-unwin,Rhys Unwin,Essendon,Free agents,Fwd,the-staircase-adoption-21-8,24,PLAYED,48.0,110,122,12,10.91,602,583,19,150,146,4
riak-andrew,Riak Andrew,Sydney,Carlton Blues,Key Def,the-staircase-adoption-21-8,24,DNP,DNP,121,118,-3,-2.48,584,589,-5,58,57,1
ricky-mentha,Ricky Mentha,Melbourne,Western Bulldogs,Fwd,the-staircase-adoption-21-8,24,DNP,DNP,23,23,0,0.0,755,753,2,206,205,1
riley-bice,Riley Bice,Sydney,Collingwood Magpies,Def,the-staircase-adoption-21-8,24,DNP,DNP,343,342,-1,-0.29,400,395,5,99,96,3
riley-garcia,Riley Garcia,Western Bulldogs,Essendon Bombers,Fwd,the-staircase-adoption-21-8,24,DNP,DNP,93,89,-4,-4.3,627,629,-2,160,162,-2
riley-hamilton,Riley Hamilton,GWS,Free agents,Fwd,the-staircase-adoption-21-8,24,PLAYED,36.0,255,260,5,1.96,454,453,1,104,109,-5
riley-hardeman,Riley Hardeman,North Melbourne,Sydney Swans,Def,the-staircase-adoption-21-8,24,PLAYED,75.0,365,380,15,4.11,390,374,16,95,92,3
riley-onley,Riley Onley,Melbourne,Western Bulldogs,Mid,the-staircase-adoption-21-8,24,DNP,DNP,94,91,-3,-3.19,625,625,0,127,128,-1
riley-thilthorpe,Riley Thilthorpe,Adelaide,Melbourne Demons,Key Fwd,the-staircase-adoption-21-8,24,PLAYED,114.0,4077,4274,197,4.83,27,24,3,3,3,0
river-stevens,River Stevens,North Melbourne,Free agents,Fwd,the-staircase-adoption-21-8,24,DNP,DNP,44,44,0,0.0,707,707,0,189,190,-1
roan-steele,Roan Steele,Collingwood,North Melbourne Kangaroos,Mid,the-staircase-adoption-21-8,24,PLAYED,99.0,79,95,16,20.25,649,621,28,132,127,5
rob-monahan,Rob Monahan,Carlton,Free agents,Def,the-staircase-adoption-21-8,24,DNP,DNP,37,37,0,0.0,725,720,5,156,155,1
robert-hansen,Robert Hansen,North Melbourne,West Coast Eagles,Fwd,the-staircase-adoption-21-8,24,DNP,DNP,72,69,-3,-4.17,663,664,-1,177,179,-2
rory-laird,Rory Laird,Adelaide,Port Adelaide Power,Def,the-staircase-adoption-21-8,24,PLAYED,83.0,733,724,-9,-1.23,263,264,-1,65,65,0
rory-lobb,Rory Lobb,Western Bulldogs,Port Adelaide Power,Key Def,the-staircase-adoption-21-8,24,PLAYED,83.0,280,297,17,6.07,433,425,8,34,33,1
rowan-marshall,Rowan Marshall,St Kilda,Western Bulldogs,Key Fwd,the-staircase-adoption-21-8,24,PLAYED,88.0,2105,2081,-24,-1.14,100,98,2,8,8,0
ryan-angwin,Ryan Angwin,GWS,Hawthorn Hawks,Mid,the-staircase-adoption-21-8,24,PLAYED,80.0,459,477,18,3.92,341,334,7,81,78,3
ryan-byrnes,Ryan Byrnes,St Kilda,Adelaide Crows,Def,the-staircase-adoption-21-8,24,PLAYED,88.0,126,128,2,1.59,581,575,6,122,123,-1
ryan-gardner,Ryan Gardner,Western Bulldogs,Free agents,Key Def,the-staircase-adoption-21-8,24,PLAYED,39.0,7,7,0,0.0,789,790,-1,81,81,0
ryan-lester,Ryan Lester,Brisbane,Sydney Swans,Def,the-staircase-adoption-21-8,24,PLAYED,41.0,41,27,-14,-34.15,710,741,-31,149,162,-13
ryan-maric,Ryan Maric,West Coast,St Kilda Saints,Def,the-staircase-adoption-21-8,24,DNP,DNP,1389,1385,-4,-0.29,154,154,0,36,35,1
ryda-luke,Ryda Luke,Fremantle,Free agents,Fwd,the-staircase-adoption-21-8,24,DNP,DNP,24,23,-1,-4.17,752,754,-2,204,206,-2
ryley-sanders,Ryley Sanders,Western Bulldogs,Sydney Swans,Fwd,the-staircase-adoption-21-8,24,PLAYED,60.0,3666,3645,-21,-0.57,38,39,-1,8,8,0
saad-el-hawli,Saad El-Hawli,Essendon,North Melbourne Kangaroos,Def,the-staircase-adoption-21-8,24,DNP,DNP,59,58,-1,-1.69,686,682,4,145,145,0
sam-allen,Sam Allen,West Coast,Sydney Swans,Fwd,the-staircase-adoption-21-8,24,DNP,DNP,439,428,-11,-2.51,349,353,-4,80,81,-1
sam-banks,Sam Banks,Richmond,Carlton Blues,Def,the-staircase-adoption-21-8,24,DNP,DNP,849,847,-2,-0.24,238,240,-2,61,60,1
sam-berry,Sam Berry,Adelaide,Sydney Swans,Mid,the-staircase-adoption-21-8,24,PLAYED,98.0,3389,3402,13,0.38,46,44,2,20,19,1
sam-butler-1,Sam Butler,Hawthorn,Carlton Blues,Fwd,the-staircase-adoption-21-8,24,DNP,DNP,110,107,-3,-2.73,603,605,-2,151,152,-1
sam-clohesy,Sam Clohesy,Gold Coast,Sydney Swans,Mid,the-staircase-adoption-21-8,24,PLAYED,58.0,359,354,-5,-1.39,393,388,5,92,89,3
sam-cumming,Sam Cumming,Richmond,Carlton Blues,Mid,the-staircase-adoption-21-8,24,DNP,DNP,2198,2193,-5,-0.23,90,92,-2,33,33,0
sam-darcy,Sam Darcy,Western Bulldogs,Adelaide Crows,Key Fwd,the-staircase-adoption-21-8,24,DNP,DNP,5138,5109,-29,-0.56,16,17,-1,2,2,0
sam-davidson,Sam Davidson,Western Bulldogs,Brisbane Lions,Fwd,the-staircase-adoption-21-8,24,PLAYED,61.0,104,100,-4,-3.85,612,613,-1,155,156,-1
sam-de-koning,Sam De Koning,Geelong,Port Adelaide Power,Key Def,the-staircase-adoption-21-8,24,PLAYED,59.0,936,888,-48,-5.13,224,232,-8,16,16,0
sam-draper,Sam Draper,Brisbane,North Melbourne Kangaroos,Key Fwd,the-staircase-adoption-21-8,24,PLAYED,80.0,1092,1093,1,0.09,199,199,0,23,22,1
sam-durham,Sam Durham,Essendon,St Kilda Saints,Fwd,the-staircase-adoption-21-8,24,DNP,DNP,2554,2539,-15,-0.59,70,72,-2,18,20,-2
sam-flanders,Sam Flanders,St Kilda,Adelaide Crows,Fwd,the-staircase-adoption-21-8,24,DNP,DNP,2749,2732,-17,-0.62,65,67,-2,16,15,1
sam-lalor,Sam Lalor,Richmond,Carlton Blues,Fwd,the-staircase-adoption-21-8,24,DNP,DNP,3598,3590,-8,-0.22,41,41,0,9,10,-1
sam-marshall,Sam Marshall,Brisbane,Western Bulldogs,Mid,the-staircase-adoption-21-8,24,DNP,DNP,549,546,-3,-0.55,304,309,-5,72,72,0
sam-powell-pepper,Sam Powell-Pepper,Port Adelaide,Adelaide Crows,Fwd,the-staircase-adoption-21-8,24,DNP,DNP,220,205,-15,-6.82,488,503,-15,121,127,-6
sam-sturt,Sam Sturt,Fremantle,Free agents,Fwd,the-staircase-adoption-21-8,24,DNP,DNP,37,36,-1,-2.7,726,725,1,194,193,1
sam-switkowski,Sam Switkowski,Fremantle,Sydney Swans,Fwd,the-staircase-adoption-21-8,24,DNP,DNP,23,23,0,0.0,756,755,1,207,207,0
sam-taylor,Sam Taylor,GWS,Port Adelaide Power,Key Def,the-staircase-adoption-21-8,24,DNP,DNP,1166,1185,19,1.63,182,183,-1,10,11,-1
sam-walsh,Sam Walsh,Carlton,St Kilda Saints,Mid,the-staircase-adoption-21-8,24,PLAYED,122.0,3043,3185,142,4.67,60,55,5,24,21,3
sam-wicks,Sam Wicks,Sydney,Collingwood Magpies,Def,the-staircase-adoption-21-8,24,PLAYED,62.0,27,26,-1,-3.7,744,745,-1,163,163,0
samson-ryan,Samson Ryan,Richmond,West Coast Eagles,Ruck,the-staircase-adoption-21-8,24,PLAYED,40.0,377,347,-30,-7.96,380,392,-12,27,27,0
samuel-collins,Samuel Collins,Gold Coast,St Kilda Saints,Key Def,the-staircase-adoption-21-8,24,DNP,DNP,579,586,7,1.21,296,292,4,21,22,-1
samuel-grlj,Samuel Grlj,Richmond,Collingwood Magpies,Def,the-staircase-adoption-21-8,24,PLAYED,64.0,1592,1606,14,0.88,137,137,0,31,30,1
samuel-swadling,Samuel Swadling,Collingwood,Essendon Bombers,Mid,the-staircase-adoption-21-8,24,PLAYED,109.0,972,1204,232,23.87,216,180,36,54,44,10
sandy-brock,Sandy Brock,West Coast,Free agents,Key Def,the-staircase-adoption-21-8,24,DNP,DNP,172,169,-3,-1.74,532,532,0,50,50,0
scott-pendlebury,Scott Pendlebury,Collingwood,North Melbourne Kangaroos,Mid,the-staircase-adoption-21-8,24,DNP,DNP,341,339,-2,-0.59,401,400,1,94,92,2
sean-darcy,Sean Darcy,Fremantle,Collingwood Magpies,Ruck,the-staircase-adoption-21-8,24,DNP,DNP,921,913,-8,-0.87,227,228,-1,17,17,0
seth-campbell,Seth Campbell,Richmond,St Kilda Saints,Fwd,the-staircase-adoption-21-8,24,PLAYED,58.0,932,885,-47,-5.04,225,235,-10,54,57,-3
shadeau-brain,Shadeau Brain,Brisbane,Essendon Bombers,Def,the-staircase-adoption-21-8,24,DNP,DNP,78,73,-5,-6.41,651,659,-8,138,139,-1
shai-bolton,Shai Bolton,Fremantle,St Kilda Saints,Fwd,the-staircase-adoption-21-8,24,PLAYED,94.0,2141,2117,-24,-1.12,96,96,0,24,24,0
shannon-neale,Shannon Neale,Geelong,Geelong Cats,Key Fwd,the-staircase-adoption-21-8,24,PLAYED,72.0,2332,2333,1,0.04,84,84,0,6,6,0
shaun-mannagh,Shaun Mannagh,Geelong,Sydney Swans,Fwd,the-staircase-adoption-21-8,24,PLAYED,162.0,712,886,174,24.44,269,233,36,69,56,13
sid-draper,Sid Draper,Adelaide,Melbourne Demons,Fwd,the-staircase-adoption-21-8,24,DNP,DNP,953,951,-2,-0.21,222,221,1,53,53,0
steele-sidebottom,Steele Sidebottom,Collingwood,Free agents,Mid,the-staircase-adoption-21-8,24,PLAYED,78.0,8,8,0,0.0,787,787,0,148,148,0
steely-green,Steely Green,Richmond,Sydney Swans,Fwd,the-staircase-adoption-21-8,24,PLAYED,42.0,90,90,0,0.0,631,626,5,162,160,2
stephen-coniglio,Stephen Coniglio,GWS,Port Adelaide Power,Fwd,the-staircase-adoption-21-8,24,PLAYED,66.0,243,231,-12,-4.94,468,474,-6,110,117,-7
sullivan-robey,Sullivan Robey,Essendon,Fremantle Dockers,Fwd,the-staircase-adoption-21-8,24,DNP,DNP,2872,2866,-6,-0.21,62,62,0,13,13,0
tai-hayes,Tai Hayes,Brisbane,Hawthorn Hawks,Fwd,the-staircase-adoption-21-8,24,DNP,DNP,147,143,-4,-2.72,559,560,-1,139,140,-1
taj-hotton,Taj Hotton,Richmond,Hawthorn Hawks,Fwd,the-staircase-adoption-21-8,24,PLAYED,79.0,1758,1940,182,10.35,127,108,19,34,29,5
talor-byrne,Talor Byrne,Carlton,Western Bulldogs,Fwd,the-staircase-adoption-21-8,24,PLAYED,45.0,759,717,-42,-5.53,255,267,-12,63,66,-3
tanner-bruhn,Tanner Bruhn,Geelong,Brisbane Lions,Def,the-staircase-adoption-21-8,24,PLAYED,85.0,2161,2157,-4,-0.19,93,95,-2,21,21,0
taylor-goad,Taylor Goad,North Melbourne,Richmond Tigers,Ruck,the-staircase-adoption-21-8,24,DNP,DNP,439,441,2,0.46,350,348,2,24,24,0
taylor-walker,Taylor Walker,Adelaide,Free agents,Key Fwd,the-staircase-adoption-21-8,24,PLAYED,121.0,128,218,90,70.31,578,485,93,95,76,19
tew-jiath,Tew Jiath,Collingwood,Hawthorn Hawks,Def,the-staircase-adoption-21-8,24,DNP,DNP,101,102,1,0.99,615,612,3,131,130,1
thomas-anastasopoulos,Tom Anastasopoulos,Port Adelaide,Free agents,Fwd,the-staircase-adoption-21-8,24,PLAYED,42.0,79,77,-2,-2.53,650,648,2,170,170,0
thomas-burton,Thomas Burton,Richmond,Carlton Blues,Mid,the-staircase-adoption-21-8,24,DNP,DNP,310,308,-2,-0.65,417,418,-1,98,98,0
thomas-liberatore,Thomas Liberatore,Western Bulldogs,West Coast Eagles,Mid,the-staircase-adoption-21-8,24,DNP,DNP,1110,1103,-7,-0.63,195,197,-2,49,51,-2
thomas-matthews,Thomas Matthews,Melbourne,Melbourne Demons,Fwd,the-staircase-adoption-21-8,24,DNP,DNP,232,226,-6,-2.59,477,480,-3,117,119,-2
thomas-sims,Thomas Sims,Richmond,Carlton Blues,Key Fwd,the-staircase-adoption-21-8,24,DNP,DNP,752,751,-1,-0.13,260,258,2,33,35,-2
thomas-stewart,Thomas Stewart,Geelong,North Melbourne Kangaroos,Def,the-staircase-adoption-21-8,24,PLAYED,67.0,976,902,-74,-7.58,215,230,-15,55,57,-2
tim-kelly,Tim Kelly,West Coast,West Coast Eagles,Fwd,the-staircase-adoption-21-8,24,PLAYED,88.0,1226,1210,-16,-1.31,173,178,-5,47,48,-1
tim-membrey,Tim Membrey,St Kilda,Port Adelaide Power,Key Fwd,the-staircase-adoption-21-8,24,PLAYED,56.0,108,96,-12,-11.11,609,619,-10,102,105,-3
tim-taranto,Tim Taranto,Richmond,West Coast Eagles,Mid,the-staircase-adoption-21-8,24,PLAYED,146.0,2361,2520,159,6.73,83,73,10,31,27,4
timothy-english,Timothy English,Western Bulldogs,Western Bulldogs,Ruck,the-staircase-adoption-21-8,24,DNP,DNP,3339,3340,1,0.03,48,47,1,4,5,-1
tobie-travaglia,Tobie Travaglia,St Kilda,Melbourne Demons,Def,the-staircase-adoption-21-8,24,PLAYED,65.0,445,491,46,10.34,347,329,18,85,82,3
toby-bedford,Toby Bedford,GWS,Western Bulldogs,Fwd,the-staircase-adoption-21-8,24,DNP,DNP,320,319,-1,-0.31,407,409,-2,92,94,-2
toby-conway,Toby Conway,Geelong,Essendon Bombers,Ruck,the-staircase-adoption-21-8,24,DNP,DNP,460,460,0,0.0,340,340,0,23,23,0
toby-greene,Toby Greene,GWS,North Melbourne Kangaroos,Fwd,the-staircase-adoption-21-8,24,PLAYED,39.0,874,744,-130,-14.87,235,262,-27,58,65,-7
toby-mcmullin,Toby McMullin,GWS,Melbourne Demons,Mid,the-staircase-adoption-21-8,24,PLAYED,41.0,81,69,-12,-14.81,644,665,-21,131,134,-3
toby-murray,Toby Murray,Adelaide,Adelaide Crows,Key Fwd,the-staircase-adoption-21-8,24,DNP,DNP,300,300,0,0.0,422,424,-2,63,63,0
toby-nankervis,Toby Nankervis,Richmond,West Coast Eagles,Ruck,the-staircase-adoption-21-8,24,PLAYED,144.0,1809,2038,229,12.66,121,100,21,9,7,2
toby-pink,Toby Pink,North Melbourne,Free agents,Key Def,the-staircase-adoption-21-8,24,DNP,DNP,71,67,-4,-5.63,667,668,-1,63,62,1
toby-whan,Toby Whan,Fremantle,Richmond Tigers,Mid,the-staircase-adoption-21-8,24,DNP,DNP,24,23,-1,-4.17,753,756,-3,144,144,0
tobyn-murray,Tobyn Murray,Fremantle,St Kilda Saints,Fwd,the-staircase-adoption-21-8,24,PLAYED,52.0,198,241,43,21.72,509,470,39,127,113,14
todd-marshall,Todd Marshall,Port Adelaide,Adelaide Crows,Key Fwd,the-staircase-adoption-21-8,24,PLAYED,30.0,103,104,1,0.97,613,609,4,103,102,1
tom-atkins,Tom Atkins,Geelong,Port Adelaide Power,Mid,the-staircase-adoption-21-8,24,PLAYED,44.0,389,320,-69,-17.74,370,407,-37,86,96,-10
tom-barrass,Tom Barrass,Hawthorn,Brisbane Lions,Key Def,the-staircase-adoption-21-8,24,PLAYED,62.0,38,39,1,2.63,718,709,9,70,69,1
tom-blamires,Tom Blamires,North Melbourne,Richmond Tigers,Def,the-staircase-adoption-21-8,24,DNP,DNP,189,189,0,0.0,520,516,4,113,109,4
tom-brown,Tom Brown,Richmond,Carlton Blues,Def,the-staircase-adoption-21-8,24,PLAYED,24.0,512,422,-90,-17.58,321,357,-36,78,87,-9
tom-cochrane,Tom Cochrane,Port Adelaide,Essendon Bombers,Fwd,the-staircase-adoption-21-8,24,DNP,DNP,154,150,-4,-2.6,549,554,-5,136,138,-2
tom-cole,Tom Cole,West Coast,Port Adelaide Power,Fwd,the-staircase-adoption-21-8,24,PLAYED,63.0,73,73,0,0.0,659,660,-1,174,175,-1
tom-de-koning,Tom De Koning,St Kilda,Essendon Bombers,Ruck,the-staircase-adoption-21-8,24,PLAYED,55.0,1847,1737,-110,-5.96,118,127,-9,8,11,-3
tom-doedee,Tom Doedee,Brisbane,Free agents,Def,the-staircase-adoption-21-8,24,DNP,DNP,33,30,-3,-9.09,734,735,-1,161,160,1
tom-edwards,Tom Edwards,Essendon,Free agents,Key Fwd,the-staircase-adoption-21-8,24,DNP,DNP,103,100,-3,-2.91,614,614,0,104,103,1
tom-green,Tom Green,GWS,Essendon Bombers,Mid,the-staircase-adoption-21-8,24,DNP,DNP,5594,5440,-154,-2.75,14,15,-1,7,8,-1
tom-gross,Tom Gross,West Coast,Melbourne Demons,Fwd,the-staircase-adoption-21-8,24,PLAYED,40.0,439,428,-11,-2.51,351,354,-3,81,82,-1
tom-hanily,Tom Hanily,Sydney,Richmond Tigers,Fwd,the-staircase-adoption-21-8,24,PLAYED,72.0,167,188,21,12.57,536,518,18,132,130,2
tom-lynch-1,Tom Lynch,Richmond,Adelaide Crows,Key Fwd,the-staircase-adoption-21-8,24,PLAYED,57.0,9,9,0,0.0,786,784,2,119,119,0
tom-mccarthy,Tom McCarthy,West Coast,Melbourne Demons,Def,the-staircase-adoption-21-8,24,PLAYED,73.0,1365,1329,-36,-2.64,161,159,2,39,37,2
tom-mccartin,Tom McCartin,Sydney,West Coast Eagles,Key Def,the-staircase-adoption-21-8,24,PLAYED,37.0,1635,1499,-136,-8.32,134,148,-14,6,7,-1
tom-mcdonald,Tom McDonald,Melbourne,Free agents,Key Def,the-staircase-adoption-21-8,24,PLAYED,61.0,72,58,-14,-19.44,664,683,-19,62,65,-3
tom-papley,Tom Papley,Sydney,Geelong Cats,Fwd,the-staircase-adoption-21-8,24,PLAYED,85.0,320,343,23,7.19,408,393,15,93,90,3
tom-powell,Tom Powell,North Melbourne,Carlton Blues,Fwd,the-staircase-adoption-21-8,24,DNP,DNP,2000,1964,-36,-1.8,107,105,2,28,28,0
tom-sparrow,Tom Sparrow,Melbourne,West Coast Eagles,Fwd,the-staircase-adoption-21-8,24,PLAYED,55.0,1547,1531,-16,-1.03,143,145,-2,38,39,-1
touk-miller,Touk Miller,Gold Coast,North Melbourne Kangaroos,Fwd,the-staircase-adoption-21-8,24,PLAYED,163.0,2111,2333,222,10.52,99,85,14,25,23,2
trent-rivers,Trent Rivers,Melbourne,Brisbane Lions,Def,the-staircase-adoption-21-8,24,PLAYED,38.0,1763,1660,-103,-5.84,126,133,-7,28,28,0
tristan-xerri,Tristan Xerri,North Melbourne,Sydney Swans,Ruck,the-staircase-adoption-21-8,24,PLAYED,112.0,7147,7199,52,0.73,7,6,1,2,2,0
ty-gallop,Ty Gallop,Brisbane,Adelaide Crows,Key Fwd,the-staircase-adoption-21-8,24,PLAYED,50.0,981,972,-9,-0.92,214,216,-2,25,26,-1
tyan-prindable,Tyan Prindable,Collingwood,Fremantle Dockers,Mid,the-staircase-adoption-21-8,24,DNP,DNP,366,356,-10,-2.73,388,385,3,91,86,5
tylah-williams,Tylah Williams,West Coast,Melbourne Demons,Fwd,the-staircase-adoption-21-8,24,DNP,DNP,211,205,-6,-2.84,501,504,-3,125,128,-3
tylar-young,Tylar Young,West Coast,Richmond Tigers,Key Def,the-staircase-adoption-21-8,24,PLAYED,106.0,314,396,82,26.11,413,368,45,32,27,5
tyler-brockman,Tyler Brockman,West Coast,Free Agents,Fwd,the-staircase-adoption-21-8,24,DNP,DNP,58,55,-3,-5.17,688,688,0,182,182,0
tyler-sonsie,Tyler Sonsie,Richmond,Essendon Bombers,Fwd,the-staircase-adoption-21-8,24,DNP,DNP,1012,1010,-2,-0.2,209,211,-2,52,52,0
tyler-welsh,Tyler Welsh,Adelaide,Melbourne Demons,Key Fwd,the-staircase-adoption-21-8,24,DNP,DNP,65,64,-1,-1.54,677,674,3,110,110,0
tyrell-dewar,Tyrell Dewar,West Coast,Melbourne Demons,Def,the-staircase-adoption-21-8,24,DNP,DNP,72,69,-3,-4.17,665,666,-1,140,140,0
tyson-stengle,Tyson Stengle,Richmond,Free agents,Fwd,the-staircase-adoption-21-8,24,DNP,DNP,222,216,-6,-2.7,485,487,-2,119,122,-3
vigo-visentini,Vigo Visentini,Essendon,Carlton Blues,Ruck,the-staircase-adoption-21-8,24,PLAYED,50.0,180,173,-7,-3.89,529,528,1,41,41,0
wade-derksen,Wade Derksen,Carlton,Port Adelaide Power,Key Def,the-staircase-adoption-21-8,24,PLAYED,62.0,231,230,-1,-0.43,478,477,1,41,42,-1
wayne-milera,Wayne Milera,Adelaide,Collingwood Magpies,Def,the-staircase-adoption-21-8,24,PLAYED,55.0,1757,1635,-122,-6.94,128,135,-7,29,29,0
wil-dawson,Wil Dawson,North Melbourne,Carlton Blues,Key Def,the-staircase-adoption-21-8,24,PLAYED,34.0,299,296,-3,-1.0,423,426,-3,33,34,-1
wil-parker,Wil Parker,Collingwood,Western Bulldogs,Def,the-staircase-adoption-21-8,24,DNP,DNP,38,29,-9,-23.68,719,736,-17,153,161,-8
wil-powell,Wil Powell,Gold Coast,Adelaide Crows,Def,the-staircase-adoption-21-8,24,DNP,DNP,875,886,11,1.26,234,234,0,58,59,-1
will-ashcroft,Will Ashcroft,Brisbane,Carlton Blues,Mid,the-staircase-adoption-21-8,24,PLAYED,86.0,6699,6709,10,0.15,8,8,0,4,4,0
will-brodie,Will Brodie,Port Adelaide,Brisbane Lions,Mid,the-staircase-adoption-21-8,24,PLAYED,77.0,147,117,-30,-20.41,560,593,-33,118,121,-3
will-darcy,Will Darcy,Western Bulldogs,Fremantle Dockers,Key Fwd,the-staircase-adoption-21-8,24,DNP,DNP,220,216,-4,-1.82,489,488,1,76,77,-1
will-day,Will Day,Hawthorn,Richmond Tigers,Mid,the-staircase-adoption-21-8,24,PLAYED,88.0,2074,2009,-65,-3.13,103,102,1,35,35,0
will-edwards,Will Edwards,Sydney,Essendon Bombers,Key Def,the-staircase-adoption-21-8,24,DNP,DNP,245,245,0,0.0,467,465,2,40,40,0
will-graham,Will Graham,Gold Coast,Hawthorn Hawks,Fwd,the-staircase-adoption-21-8,24,DNP,DNP,1536,1533,-3,-0.2,145,144,1,39,38,1
will-green,Will Green,Sydney,Essendon Bombers,Ruck,the-staircase-adoption-21-8,24,PLAYED,68.0,497,468,-29,-5.84,328,337,-9,22,22,0
will-hayes-b,Will Hayes,Collingwood,West Coast Eagles,Fwd,the-staircase-adoption-21-8,24,PLAYED,34.0,250,277,27,10.8,460,440,20,106,106,0
will-hayward,Will Hayward,Carlton,Adelaide Crows,Fwd,the-staircase-adoption-21-8,24,DNP,DNP,220,219,-1,-0.45,490,482,8,122,121,1
will-lewis,Will Lewis,Western Bulldogs,Sydney Swans,Key Fwd,the-staircase-adoption-21-8,24,DNP,DNP,100,100,0,0.0,618,615,3,105,104,1
will-lorenz,Will Lorenz,Port Adelaide,St Kilda Saints,Mid,the-staircase-adoption-21-8,24,DNP,DNP,213,207,-6,-2.82,497,501,-4,108,108,0
will-mclachlan,Will McLachlan,Brisbane,Free agents,Fwd,the-staircase-adoption-21-8,24,DNP,DNP,140,127,-13,-9.29,567,577,-10,141,143,-2
will-setterfield,Will Setterfield,Essendon,Sydney Swans,Mid,the-staircase-adoption-21-8,24,PLAYED,145.0,794,1051,257,32.37,246,206,40,58,54,4
willem-drew,Willem Drew,Port Adelaide,Sydney Swans,Mid,the-staircase-adoption-21-8,24,DNP,DNP,645,642,-3,-0.47,278,279,-1,66,68,-2
willem-duursma,Willem Duursma,West Coast,Fremantle Dockers,Mid,the-staircase-adoption-21-8,24,PLAYED,64.0,3769,3679,-90,-2.39,33,37,-4,15,18,-3
william-mccabe,William McCabe,Hawthorn,Hawthorn Hawks,Key Def,the-staircase-adoption-21-8,24,DNP,DNP,230,231,1,0.43,481,475,6,42,41,1
xavier-bamert,Xavier Bamert,Port Adelaide,Richmond Tigers,Mid,the-staircase-adoption-21-8,24,PLAYED,59.0,462,482,20,4.33,339,332,7,80,76,4
xavier-duursma,Xavier Duursma,Essendon,Port Adelaide Power,Mid,the-staircase-adoption-21-8,24,DNP,DNP,231,231,0,0.0,479,476,3,104,103,1
xavier-lindsay,Xavier Lindsay,Melbourne,Hawthorn Hawks,Def,the-staircase-adoption-21-8,24,PLAYED,14.0,1475,1251,-224,-15.19,152,171,-19,35,41,-6
xavier-o-halloran,Xavier O'Halloran,GWS,Sydney Swans,Fwd,the-staircase-adoption-21-8,24,PLAYED,41.0,87,79,-8,-9.2,635,646,-11,165,169,-4
xavier-taylor,Xavier Taylor,Melbourne,Richmond Tigers,Def,the-staircase-adoption-21-8,24,DNP,DNP,919,912,-7,-0.76,228,229,-1,57,56,1
xavier-walsh,Xavier Walsh,Port Adelaide,Free agents,Key Fwd,the-staircase-adoption-21-8,24,DNP,DNP,116,116,0,0.0,594,595,-1,99,99,0
zac-bailey,Zac Bailey,Brisbane,North Melbourne Kangaroos,Fwd,the-staircase-adoption-21-8,24,PLAYED,94.0,2840,2611,-229,-8.06,63,71,-8,14,19,-5
zac-banch,Zac Banch,North Melbourne,Free agents,Fwd,the-staircase-adoption-21-8,24,PLAYED,55.0,70,90,20,28.57,670,627,43,179,161,18
zac-fisher,Zac Fisher,North Melbourne,Free agents,Fwd,the-staircase-adoption-21-8,24,DNP,DNP,144,140,-4,-2.78,561,564,-3,140,141,-1
zac-mccarthy,Zac McCarthy,Collingwood,West Coast Eagles,Key Fwd,the-staircase-adoption-21-8,24,DNP,DNP,130,128,-2,-1.54,576,576,0,94,94,0
zac-taylor,Zac Taylor,Adelaide,Adelaide Crows,Fwd,the-staircase-adoption-21-8,24,DNP,DNP,249,248,-1,-0.4,462,463,-1,108,110,-2
zac-walker,Zac Walker,Western Bulldogs,Free agents,Key Def,the-staircase-adoption-21-8,24,DNP,DNP,153,153,0,0.0,552,547,5,53,52,1
zach-guthrie,Zach Guthrie,Geelong,Geelong Cats,Def,the-staircase-adoption-21-8,24,PLAYED,82.0,261,275,14,5.36,449,441,8,105,104,1
zach-reid,Zach Reid,Essendon,Hawthorn Hawks,Key Def,the-staircase-adoption-21-8,24,PLAYED,114.0,1073,1369,296,27.59,203,157,46,12,10,2
zachary-merrett,Zachary Merrett,Essendon,West Coast Eagles,Mid,the-staircase-adoption-21-8,24,PLAYED,120.0,2369,2406,37,1.56,80,82,-2,28,30,-2
zachary-williams,Zachary Williams,Carlton,St Kilda Saints,Fwd,the-staircase-adoption-21-8,24,DNP,DNP,350,342,-8,-2.29,397,396,1,90,92,-2
zak-butters,Zak Butters,Port Adelaide,Geelong Cats,Mid,the-staircase-adoption-21-8,24,DNP,DNP,6605,6565,-40,-0.61,9,9,0,5,5,0
zak-evans,Zak Evans,Gold Coast,Free agents,Mid,the-staircase-adoption-21-8,24,DNP,DNP,113,113,0,0.0,597,597,0,122,123,-1
zak-johnson,Zak Johnson,Essendon,Richmond Tigers,Def,the-staircase-adoption-21-8,24,DNP,DNP,416,414,-2,-0.48,361,361,0,88,88,0
zane-duursma,Zane Duursma,North Melbourne,Richmond Tigers,Fwd,the-staircase-adoption-21-8,24,DNP,DNP,331,331,0,0.0,405,403,2,91,93,-2
zane-peucker,Zane Peucker,Richmond,Carlton Blues,Fwd,the-staircase-adoption-21-8,24,DNP,DNP,404,401,-3,-0.74,363,367,-4,83,84,-1
zane-zakostelsky,Zane Zakostelsky,Brisbane,Fremantle Dockers,Key Def,the-staircase-adoption-21-8,24,DNP,DNP,142,143,1,0.7,564,561,3,55,54,1
zeke-uwland,Zeke Uwland,Gold Coast,Fremantle Dockers,Def,the-staircase-adoption-21-8,24,DNP,DNP,1809,1805,-4,-0.22,122,121,1,27,26,1
