key,name,club,affl_team,pos,previous_round,current_round,played,score,prev_value,cur_value,value_change,value_change_pct,prev_rank,cur_rank,rank_change,prev_pos_rank,cur_pos_rank,pos_rank_change
aaron-cadman,Aaron Cadman,GWS,Richmond Tigers,Key Fwd,the-sheet-recut-20-8,23,PLAYED,89.0,1839,2056,217,11.8,118,103,15,10,9,1
aaron-naughton,Aaron Naughton,Western Bulldogs,Brisbane Lions,Key Fwd,the-sheet-recut-20-8,23,PLAYED,57.0,1172,1170,-2,-0.17,182,183,-1,22,22,0
adam-cerra,Adam Cerra,Carlton,Adelaide Crows,Mid,the-sheet-recut-20-8,23,PLAYED,74.0,1133,1085,-48,-4.24,190,198,-8,47,51,-4
adam-saad,Adam Saad,Carlton,Geelong Cats,Def,the-sheet-recut-20-8,23,DNP,DNP,446,439,-7,-1.57,343,344,-1,84,85,-1
adam-sweid,Adam Sweid,Fremantle,Sydney Swans,Mid,the-sheet-recut-20-8,23,DNP,DNP,253,247,-6,-2.37,451,451,0,102,103,-1
adam-treloar,Adam Treloar,Western Bulldogs,West Coast Eagles,Fwd,the-sheet-recut-20-8,23,DNP,DNP,850,839,-11,-1.29,233,238,-5,56,59,-3
aidan-corr,Aidan Corr,North Melbourne,Geelong Cats,Key Def,the-sheet-recut-20-8,23,PLAYED,50.0,18,12,-6,-33.33,763,774,-11,75,77,-2
aidan-johnson,Aidan Johnson,Melbourne,Free agents,Key Fwd,the-sheet-recut-20-8,23,DNP,DNP,85,81,-4,-4.71,630,635,-5,106,106,0
aidan-schubert,Aidan Schubert,Hawthorn,Fremantle Dockers,Key Fwd,the-sheet-recut-20-8,23,DNP,DNP,560,556,-4,-0.71,299,298,1,41,41,0
aiden-riddle,Aiden Riddle,Fremantle,Fremantle Dockers,Ruck,the-sheet-recut-20-8,23,DNP,DNP,211,211,0,0.0,489,490,-1,37,37,0
alex-davies,Alex Davies,Gold Coast,Western Bulldogs,Mid,the-sheet-recut-20-8,23,DNP,DNP,436,426,-10,-2.29,345,349,-4,83,83,0
alex-dodson,Alex Dodson,St Kilda,Hawthorn Hawks,Key Fwd,the-sheet-recut-20-8,23,DNP,DNP,96,90,-6,-6.25,613,627,-14,103,105,-2
alex-neal-bullen,Alex Neal-Bullen,Adelaide,West Coast Eagles,Fwd,the-sheet-recut-20-8,23,DNP,DNP,370,368,-2,-0.54,374,378,-4,85,84,1
alex-pearce,Alex Pearce,Fremantle,Geelong Cats,Key Def,the-sheet-recut-20-8,23,PLAYED,3.0,14,12,-2,-14.29,773,775,-2,77,78,-1
alex-van-wyk,Alex Van Wyk,Port Adelaide,Adelaide Crows,Ruck,the-sheet-recut-20-8,23,PLAYED,28.0,345,311,-34,-9.86,392,410,-18,28,31,-3
aliir-aliir,Aliir Aliir,Port Adelaide,North Melbourne Kangaroos,Key Def,the-sheet-recut-20-8,23,DNP,DNP,758,754,-4,-0.53,251,256,-5,19,18,1
alix-tauru,Alix Tauru,St Kilda,Hawthorn Hawks,Key Fwd,the-sheet-recut-20-8,23,PLAYED,35.0,907,875,-32,-3.53,229,231,-2,29,28,1
andrew-brayshaw,Andrew Brayshaw,Fremantle,Geelong Cats,Mid,the-sheet-recut-20-8,23,PLAYED,116.0,3052,3071,19,0.62,58,58,0,23,22,1
andrew-mcgrath,Andrew McGrath,Essendon,Geelong Cats,Def,the-sheet-recut-20-8,23,PLAYED,78.0,1130,1071,-59,-5.22,191,201,-10,50,51,-1
andy-moniz-wakefield,Andy Moniz-Wakefield,Melbourne,West Coast Eagles,Def,the-sheet-recut-20-8,23,DNP,DNP,68,67,-1,-1.47,665,665,0,142,141,1
angus-anderson,Angus Anderson,Collingwood,St Kilda Saints,Fwd,the-sheet-recut-20-8,23,PLAYED,49.0,264,262,-2,-0.76,445,437,8,101,100,1
angus-clarke,Angus Clarke,Essendon,Carlton Blues,Def,the-sheet-recut-20-8,23,PLAYED,23.0,532,466,-66,-12.41,314,333,-19,78,82,-4
angus-hastie,Angus Hastie,St Kilda,Richmond Tigers,Def,the-sheet-recut-20-8,23,PLAYED,65.0,130,170,40,30.77,572,528,44,122,115,7
angus-sheldrick,Angus Sheldrick,Sydney,Western Bulldogs,Mid,the-sheet-recut-20-8,23,DNP,DNP,694,693,-1,-0.14,269,270,-1,62,64,-2
anthony-caminiti,Anthony Caminiti,St Kilda,Collingwood Magpies,Key Fwd,the-sheet-recut-20-8,23,DNP,DNP,963,961,-2,-0.21,216,214,2,27,25,2
archer-day-wicks,Archer Day-Wicks,Essendon,Adelaide Crows,Fwd,the-sheet-recut-20-8,23,PLAYED,50.0,330,342,12,3.64,399,392,7,91,89,2
archer-reid,Archer Reid,West Coast,Melbourne Demons,Key Fwd,the-sheet-recut-20-8,23,DNP,DNP,378,373,-5,-1.32,369,375,-6,56,58,-2
archie-ludowyke,Archie Ludowyke,Adelaide,Fremantle Dockers,Key Fwd,the-sheet-recut-20-8,23,DNP,DNP,295,293,-2,-0.68,413,419,-6,61,61,0
archie-may,Archie May,Essendon,Western Bulldogs,Key Fwd,the-sheet-recut-20-8,23,DNP,DNP,421,419,-2,-0.48,349,352,-3,53,53,0
archie-perkins,Archie Perkins,Essendon,Melbourne Demons,Fwd,the-sheet-recut-20-8,23,PLAYED,43.0,278,280,2,0.72,424,427,-3,98,98,0
archie-roberts,Archie Roberts,Essendon,St Kilda Saints,Def,the-sheet-recut-20-8,23,PLAYED,88.0,3596,3571,-25,-0.7,41,43,-2,7,7,0
arthur-jones,Arthur Jones,Western Bulldogs,Adelaide Crows,Fwd,the-sheet-recut-20-8,23,PLAYED,67.0,109,112,3,2.75,598,593,5,149,147,2
asher-eastham,Asher Eastham,Gold Coast,Free agents,Fwd,the-sheet-recut-20-8,23,DNP,DNP,86,86,0,0.0,628,631,-3,162,163,-1
ashton-moir,Ashton Moir,Carlton,St Kilda Saints,Fwd,the-sheet-recut-20-8,23,DNP,DNP,217,210,-7,-3.23,482,493,-11,111,120,-9
avery-thomas,Avery Thomas,Gold Coast,Melbourne Demons,Def,the-sheet-recut-20-8,23,DNP,DNP,266,260,-6,-2.26,441,441,0,106,106,0
bailey-banfield,Bailey Banfield,Fremantle,Free agents,Def,the-sheet-recut-20-8,23,DNP,DNP,14,14,0,0.0,774,772,2,171,171,0
bailey-dale,Bailey Dale,Western Bulldogs,Western Bulldogs,Def,the-sheet-recut-20-8,23,DNP,DNP,2155,2149,-6,-0.28,92,93,-1,20,21,-1
bailey-humphrey,Bailey Humphrey,Gold Coast,Western Bulldogs,Fwd,the-sheet-recut-20-8,23,PLAYED,68.0,2401,2364,-37,-1.54,77,79,-2,21,21,0
bailey-laurie,Bailey Laurie,Melbourne,Free agents,Fwd,the-sheet-recut-20-8,23,PLAYED,76.0,79,98,19,24.05,643,612,31,168,153,15
bailey-macdonald,Bailey Macdonald,Hawthorn,Western Bulldogs,Def,the-sheet-recut-20-8,23,PLAYED,45.0,108,106,-2,-1.85,601,605,-4,128,130,-2
bailey-scott,Bailey Scott,North Melbourne,Free agents,Mid,the-sheet-recut-20-8,23,DNP,DNP,17,16,-1,-5.88,766,767,-1,146,146,0
bailey-smith,Bailey Smith,Geelong,Geelong Cats,Mid,the-sheet-recut-20-8,23,PLAYED,98.0,6214,6171,-43,-0.69,10,11,-1,6,6,0
bailey-williams-wb,Bailey Williams,Western Bulldogs,Collingwood Magpies,Def,the-sheet-recut-20-8,23,PLAYED,69.0,641,579,-62,-9.67,279,288,-9,70,71,-1
bailey-williams-wc,Bailey J. Williams,West Coast,Sydney Swans,Key Fwd,the-sheet-recut-20-8,23,PLAYED,125.0,2316,2438,122,5.27,81,74,7,6,5,1
balyn-o-brien,Balyn O'Brien,Port Adelaide,Free agents,Def,the-sheet-recut-20-8,23,PLAYED,50.0,296,333,37,12.5,412,401,11,98,99,-1
bayley-fritsch,Bayley Fritsch,Melbourne,Geelong Cats,Fwd,the-sheet-recut-20-8,23,PLAYED,107.0,197,294,97,49.24,504,417,87,123,96,27
beau-addinsall,Beau Addinsall,Gold Coast,Fremantle Dockers,Mid,the-sheet-recut-20-8,23,PLAYED,28.0,1310,1172,-138,-10.53,167,182,-15,42,42,0
beau-mccreery,Beau McCreery,Collingwood,Sydney Swans,Fwd,the-sheet-recut-20-8,23,PLAYED,135.0,162,204,42,25.93,537,496,41,132,122,10
ben-ainsworth,Ben Ainsworth,Carlton,Brisbane Lions,Fwd,the-sheet-recut-20-8,23,PLAYED,42.0,267,182,-85,-31.84,439,517,-78,99,127,-28
ben-camporeale,Ben Camporeale,Carlton,Fremantle Dockers,Mid,the-sheet-recut-20-8,23,DNP,DNP,123,118,-5,-4.07,579,582,-3,118,121,-3
ben-jepson,Ben Jepson,Gold Coast,Free agents,Mid,the-sheet-recut-20-8,23,DNP,DNP,58,58,0,0.0,681,683,-2,138,138,0
ben-keays,Ben Keays,Adelaide,Western Bulldogs,Fwd,the-sheet-recut-20-8,23,PLAYED,57.0,221,188,-33,-14.93,474,511,-37,108,125,-17
ben-king,Ben King,Gold Coast,Brisbane Lions,Key Fwd,the-sheet-recut-20-8,23,PLAYED,48.0,256,226,-30,-11.72,449,475,-26,68,75,-7
ben-long,Ben Long,Gold Coast,Richmond Tigers,Fwd,the-sheet-recut-20-8,23,PLAYED,33.0,10,9,-1,-10.0,782,780,2,217,217,0
ben-mckay,Ben McKay,Essendon,West Coast Eagles,Key Def,the-sheet-recut-20-8,23,DNP,DNP,27,27,0,0.0,742,739,3,74,74,0
ben-miller,Ben Miller,Richmond,Sydney Swans,Key Def,the-sheet-recut-20-8,23,PLAYED,61.0,979,995,16,1.63,210,208,2,13,14,-1
ben-murphy,Ben Murphy,Brisbane,North Melbourne Kangaroos,Def,the-sheet-recut-20-8,23,DNP,DNP,40,38,-2,-5.0,708,709,-1,147,148,-1
benny-barrett,Benny Barrett,Port Adelaide,Free agents,Fwd,the-sheet-recut-20-8,23,DNP,DNP,23,23,0,0.0,750,749,1,204,203,1
billy-cootee,Billy Cootee,Sydney,Essendon Bombers,Mid,the-sheet-recut-20-8,23,PLAYED,29.0,174,144,-30,-17.24,524,556,-32,111,117,-6
billy-dowling,Billy Dowling,Adelaide,Essendon Bombers,Fwd,the-sheet-recut-20-8,23,DNP,DNP,166,166,0,0.0,531,531,0,129,131,-2
billy-frampton,Billy Frampton,Collingwood,Brisbane Lions,Key Def,the-sheet-recut-20-8,23,PLAYED,42.0,58,53,-5,-8.62,682,691,-9,66,68,-2
billy-wilson,Billy Wilson,Carlton,Western Bulldogs,Def,the-sheet-recut-20-8,23,PLAYED,94.0,793,842,49,6.18,242,236,6,61,60,1
blake-acres,Blake Acres,Carlton,Brisbane Lions,Mid,the-sheet-recut-20-8,23,PLAYED,125.0,102,182,80,78.43,604,518,86,124,111,13
blake-hardwick,Blake Hardwick,Hawthorn,Port Adelaide Power,Def,the-sheet-recut-20-8,23,PLAYED,65.0,562,530,-32,-5.69,297,308,-11,76,75,1
blake-howes,Blake Howes,Melbourne,Essendon Bombers,Def,the-sheet-recut-20-8,23,DNP,DNP,283,283,0,0.0,422,426,-4,102,103,-1
blake-thredgold,Blake Thredgold,North Melbourne,Fremantle Dockers,Key Def,the-sheet-recut-20-8,23,DNP,DNP,381,377,-4,-1.05,368,372,-4,28,28,0
bo-allan,Bo Allan,West Coast,Melbourne Demons,Def,the-sheet-recut-20-8,23,DNP,DNP,563,562,-1,-0.18,296,295,1,75,74,1
bobby-hill,Bobby Hill,Collingwood,Free agents,Fwd,the-sheet-recut-20-8,23,DNP,DNP,45,44,-1,-2.22,703,704,-1,188,188,0
bodhi-uwland,Bodhi Uwland,Gold Coast,Port Adelaide Power,Def,the-sheet-recut-20-8,23,PLAYED,90.0,3668,3660,-8,-0.22,37,38,-1,6,6,0
bodie-ryan,Bodie Ryan,Hawthorn,Collingwood Magpies,Def,the-sheet-recut-20-8,23,DNP,DNP,62,62,0,0.0,674,676,-2,143,143,0
bradley-close,Bradley Close,Geelong,Geelong Cats,Fwd,the-sheet-recut-20-8,23,PLAYED,66.0,26,27,1,3.85,743,740,3,200,198,2
bradley-hill,Bradley Hill,St Kilda,West Coast Eagles,Fwd,the-sheet-recut-20-8,23,PLAYED,139.0,1157,1281,124,10.72,184,166,18,48,42,6
brady-hough,Brady Hough,West Coast,Essendon Bombers,Def,the-sheet-recut-20-8,23,PLAYED,35.0,341,354,13,3.81,396,387,9,97,95,2
braeden-campbell,Braeden Campbell,Sydney,Essendon Bombers,Fwd,the-sheet-recut-20-8,23,PLAYED,62.0,405,428,23,5.68,357,348,9,80,79,1
brandon-starcevich,Brandon Starcevich,Brisbane,Melbourne Demons,Def,the-sheet-recut-20-8,23,PLAYED,61.0,11,11,0,0.0,779,778,1,172,172,0
brandon-walker,Brandon Walker,Fremantle,Port Adelaide Power,Def,the-sheet-recut-20-8,23,DNP,DNP,37,33,-4,-10.81,716,729,-13,151,158,-7
brandon-zerk-thatcher,Brandon Zerk-Thatcher,Essendon,Free agents,Key Def,the-sheet-recut-20-8,23,DNP,DNP,69,67,-2,-2.9,660,666,-6,62,63,-1
brayden-cook,Brayden Cook,Adelaide,Port Adelaide Power,Fwd,the-sheet-recut-20-8,23,PLAYED,73.0,740,737,-3,-0.41,259,260,-1,66,65,1
brayden-fiorini,Brayden Fiorini,Essendon,Brisbane Lions,Mid,the-sheet-recut-20-8,23,DNP,DNP,436,425,-11,-2.52,346,350,-4,84,84,0
brayden-george,Brayden George,North Melbourne,Richmond Tigers,Fwd,the-sheet-recut-20-8,23,DNP,DNP,169,169,0,0.0,526,529,-3,128,130,-2
brayden-maynard,Brayden Maynard,Collingwood,Port Adelaide Power,Def,the-sheet-recut-20-8,23,DNP,DNP,523,524,1,0.19,318,311,7,79,77,2
brennan-cox,Brennan Cox,Fremantle,West Coast Eagles,Key Def,the-sheet-recut-20-8,23,PLAYED,41.0,310,203,-107,-34.52,408,499,-91,33,44,-11
brent-daniels,Brent Daniels,GWS,Essendon Bombers,Fwd,the-sheet-recut-20-8,23,DNP,DNP,1206,1208,2,0.17,178,176,2,46,49,-3
brodie-grundy,Brodie Grundy,Sydney,North Melbourne Kangaroos,Ruck,the-sheet-recut-20-8,23,PLAYED,114.0,4232,4212,-20,-0.47,25,24,1,3,3,0
brodie-kemp,Brodie Kemp,Carlton,Geelong Cats,Key Fwd,the-sheet-recut-20-8,23,PLAYED,56.0,709,694,-15,-2.12,266,269,-3,34,34,0
brody-mihocek,Brody Mihocek,Melbourne,Brisbane Lions,Key Fwd,the-sheet-recut-20-8,23,DNP,DNP,43,43,0,0.0,706,706,0,116,116,0
bruce-reville,Bruce Reville,Brisbane,North Melbourne Kangaroos,Mid,the-sheet-recut-20-8,23,DNP,DNP,87,87,0,0.0,627,630,-3,128,128,0
buku-khamis,Buku Khamis,Western Bulldogs,Brisbane Lions,Key Fwd,the-sheet-recut-20-8,23,PLAYED,73.0,168,175,7,4.17,529,526,3,84,82,2
caiden-cleary,Caiden Cleary,Sydney,Richmond Tigers,Fwd,the-sheet-recut-20-8,23,DNP,DNP,292,287,-5,-1.71,417,422,-5,96,97,-1
caleb-daniel,Caleb Daniel,North Melbourne,Port Adelaide Power,Def,the-sheet-recut-20-8,23,PLAYED,83.0,1313,1283,-30,-2.28,166,165,1,42,41,1
caleb-graham,Caleb Graham,Gold Coast,Free agents,Key Def,the-sheet-recut-20-8,23,DNP,DNP,66,66,0,0.0,671,671,0,64,64,0
caleb-lewis,Caleb Lewis,Gold Coast,Free agents,Key Fwd,the-sheet-recut-20-8,23,DNP,DNP,167,163,-4,-2.4,530,535,-5,85,84,1
caleb-may,Caleb May,Western Bulldogs,Melbourne Demons,Ruck,the-sheet-recut-20-8,23,DNP,DNP,266,260,-6,-2.26,442,442,0,33,33,0
caleb-serong,Caleb Serong,Fremantle,Geelong Cats,Mid,the-sheet-recut-20-8,23,PLAYED,124.0,4742,4745,3,0.06,18,19,-1,10,10,0
caleb-windsor,Caleb Windsor,Melbourne,Brisbane Lions,Def,the-sheet-recut-20-8,23,PLAYED,66.0,1198,1224,26,2.17,180,174,6,46,44,2
callum-ah-chee,Callum Ah Chee,Adelaide,Geelong Cats,Fwd,the-sheet-recut-20-8,23,PLAYED,43.0,28,23,-5,-17.86,737,750,-13,196,204,-8
callum-brown-ire,Callum M. Brown,GWS,St Kilda Saints,Fwd,the-sheet-recut-20-8,23,PLAYED,90.0,43,60,17,39.53,707,678,29,190,180,10
callum-coleman-jones,Callum Coleman-Jones,North Melbourne,Free agents,Ruck,the-sheet-recut-20-8,23,DNP,DNP,25,24,-1,-4.0,745,745,0,48,48,0
callum-mills,Callum Mills,Sydney,Sydney Swans,Def,the-sheet-recut-20-8,23,PLAYED,69.0,1997,1885,-112,-5.61,109,111,-2,25,25,0
callum-wilkie,Callum Wilkie,St Kilda,North Melbourne Kangaroos,Key Def,the-sheet-recut-20-8,23,PLAYED,105.0,3498,3484,-14,-0.4,43,44,-1,2,2,0
calsher-dear,Calsher Dear,Hawthorn,Collingwood Magpies,Key Fwd,the-sheet-recut-20-8,23,DNP,DNP,647,631,-16,-2.47,278,279,-1,36,37,-1
cameron-mackenzie,Cameron Mackenzie,Hawthorn,Port Adelaide Power,Mid,the-sheet-recut-20-8,23,PLAYED,70.0,2063,2052,-11,-0.53,99,104,-5,36,36,0
cameron-nairn,Cameron Nairn,Hawthorn,Hawthorn Hawks,Fwd,the-sheet-recut-20-8,23,DNP,DNP,528,524,-4,-0.76,315,312,3,74,74,0
cameron-rayner,Cameron Rayner,Brisbane,Geelong Cats,Fwd,the-sheet-recut-20-8,23,PLAYED,59.0,523,496,-27,-5.16,319,322,-3,75,76,-1
cameron-zurhaar,Cameron Zurhaar,North Melbourne,Richmond Tigers,Fwd,the-sheet-recut-20-8,23,PLAYED,111.0,150,261,111,74.0,550,438,112,137,101,36
campbell-chesser,Campbell Chesser,Carlton,Essendon Bombers,Mid,the-sheet-recut-20-8,23,DNP,DNP,292,287,-5,-1.71,418,423,-5,97,99,-2
campbell-gray,Campbell Gray,Richmond,Carlton Blues,Key Def,the-sheet-recut-20-8,23,DNP,DNP,257,255,-2,-0.78,448,445,3,38,37,1
campbell-lake,Campbell Lake,St Kilda,Richmond Tigers,Fwd,the-sheet-recut-20-8,23,PLAYED,63.0,246,247,1,0.41,456,452,4,104,102,2
chad-warner,Chad Warner,Sydney,North Melbourne Kangaroos,Fwd,the-sheet-recut-20-8,23,PLAYED,131.0,4120,4093,-27,-0.66,27,26,1,6,5,1
changkuoth-jiath,Changkuoth Jiath,Melbourne,Western Bulldogs,Def,the-sheet-recut-20-8,23,PLAYED,68.0,32,33,1,3.12,734,730,4,161,159,2
charlie-ballard,Charlie Ballard,Gold Coast,Carlton Blues,Key Def,the-sheet-recut-20-8,23,PLAYED,55.0,74,75,1,1.35,653,648,5,61,60,1
charlie-banfield,Charlie Banfield,St Kilda,Melbourne Demons,Fwd,the-sheet-recut-20-8,23,DNP,DNP,620,614,-6,-0.97,283,285,-2,71,71,0
charlie-cameron,Charlie Cameron,Brisbane,Sydney Swans,Fwd,the-sheet-recut-20-8,23,PLAYED,93.0,212,238,26,12.26,488,464,24,116,109,7
charlie-comben,Charlie Comben,North Melbourne,St Kilda Saints,Key Def,the-sheet-recut-20-8,23,PLAYED,38.0,760,635,-125,-16.45,250,278,-28,18,20,-2
charlie-curnow,Charlie Curnow,Carlton,Geelong Cats,Key Fwd,the-sheet-recut-20-8,23,PLAYED,61.0,1358,1298,-60,-4.42,163,162,1,20,19,1
charlie-edwards,Charlie Edwards,Adelaide,Hawthorn Hawks,Def,the-sheet-recut-20-8,23,DNP,DNP,284,287,3,1.06,421,424,-3,101,102,-1
charlie-nicholls,Charlie Nicholls,Fremantle,Hawthorn Hawks,Key Fwd,the-sheet-recut-20-8,23,DNP,DNP,219,215,-4,-1.83,476,487,-11,77,78,-1
charlie-spargo,Charlie Spargo,Melbourne,Port Adelaide Power,Fwd,the-sheet-recut-20-8,23,PLAYED,52.0,4,4,0,0.0,795,794,1,223,222,1
charlie-west,Charlie West,Collingwood,West Coast Eagles,Key Fwd,the-sheet-recut-20-8,23,PLAYED,50.0,342,381,39,11.4,395,369,26,58,57,1
chayce-jones,Chayce Jones,Adelaide,Free agents,Def,the-sheet-recut-20-8,23,DNP,DNP,18,17,-1,-5.56,764,766,-2,168,170,-2
chris-scerri,Chris Scerri,Fremantle,Richmond Tigers,Fwd,the-sheet-recut-20-8,23,PLAYED,56.0,353,342,-11,-3.12,388,393,-5,89,90,-1
christian-moraes,Christian Moraes,Port Adelaide,St Kilda Saints,Fwd,the-sheet-recut-20-8,23,DNP,DNP,543,542,-1,-0.18,308,302,6,73,73,0
christian-petracca,Christian Petracca,Gold Coast,St Kilda Saints,Fwd,the-sheet-recut-20-8,23,PLAYED,34.0,2026,1796,-230,-11.35,103,121,-18,27,32,-5
christian-salem,Christian Salem,Melbourne,Port Adelaide Power,Def,the-sheet-recut-20-8,23,PLAYED,38.0,155,98,-57,-36.77,544,613,-69,117,132,-15
cillian-bourke,Cillian Bourke,Essendon,Free agents,Def,the-sheet-recut-20-8,23,DNP,DNP,40,38,-2,-5.0,709,710,-1,148,149,-1
cillian-burke,Cillian Burke,Geelong,Port Adelaide Power,Def,the-sheet-recut-20-8,23,DNP,DNP,37,37,0,0.0,717,714,3,152,151,1
clay-hall,Clay Hall,West Coast,Collingwood Magpies,Mid,the-sheet-recut-20-8,23,DNP,DNP,415,384,-31,-7.47,353,367,-14,85,87,-2
clayton-oliver,Clayton Oliver,GWS,Richmond Tigers,Mid,the-sheet-recut-20-8,23,PLAYED,100.0,2312,2324,12,0.52,83,85,-2,32,32,0
cody-anderson,Cody Anderson,Hawthorn,Free agents,Fwd,the-sheet-recut-20-8,23,DNP,DNP,17,16,-1,-5.88,767,768,-1,212,212,0
cody-angove,Cody Angove,GWS,Hawthorn Hawks,Fwd,the-sheet-recut-20-8,23,PLAYED,53.0,423,452,29,6.86,347,339,8,78,77,1
cody-curtin,Cody Curtin,Brisbane,St Kilda Saints,Key Fwd,the-sheet-recut-20-8,23,DNP,DNP,391,390,-1,-0.26,367,363,4,55,56,-1
cody-weightman,Cody Weightman,Western Bulldogs,Collingwood Magpies,Fwd,the-sheet-recut-20-8,23,PLAYED,55.0,189,190,1,0.53,510,507,3,124,124,0
colby-mckercher,Colby McKercher,North Melbourne,Richmond Tigers,Def,the-sheet-recut-20-8,23,PLAYED,85.0,4252,4263,11,0.26,24,23,1,3,3,0
connor-budarick,Connor Budarick,Western Bulldogs,Brisbane Lions,Fwd,the-sheet-recut-20-8,23,DNP,DNP,295,295,0,0.0,414,416,-2,95,95,0
connor-idun,Connor Idun,GWS,North Melbourne Kangaroos,Def,the-sheet-recut-20-8,23,PLAYED,134.0,2063,2256,193,9.36,100,86,14,22,16,6
connor-macdonald,Connor MacDonald,Hawthorn,Richmond Tigers,Fwd,the-sheet-recut-20-8,23,PLAYED,40.0,2585,2380,-205,-7.93,68,76,-8,17,20,-3
connor-o-sullivan,Connor O'Sullivan,Geelong,Western Bulldogs,Key Def,the-sheet-recut-20-8,23,PLAYED,71.0,2611,2669,58,2.22,67,67,0,4,4,0
connor-rozee,Connor Rozee,Port Adelaide,Western Bulldogs,Def,the-sheet-recut-20-8,23,DNP,DNP,3465,3357,-108,-3.12,44,47,-3,8,8,0
conor-mckenna,Conor McKenna,Brisbane,St Kilda Saints,Fwd,the-sheet-recut-20-8,23,PLAYED,30.0,5,4,-1,-20.0,793,795,-2,222,223,-1
conor-nash,Conor Nash,Hawthorn,Sydney Swans,Mid,the-sheet-recut-20-8,23,DNP,DNP,344,342,-2,-0.58,393,394,-1,92,93,-1
conor-stone,Conor Stone,GWS,Brisbane Lions,Def,the-sheet-recut-20-8,23,PLAYED,65.0,85,117,32,37.65,631,585,46,132,123,9
cooper-bell,Cooper Bell,Gold Coast,Free agents,Key Fwd,the-sheet-recut-20-8,23,DNP,DNP,135,132,-3,-2.22,568,570,-2,92,91,1
cooper-duff-tytler,Cooper Duff-Tytler,West Coast,Fremantle Dockers,Key Fwd,the-sheet-recut-20-8,23,PLAYED,48.0,1845,1809,-36,-1.95,117,118,-1,9,12,-3
cooper-harvey,Cooper Harvey,North Melbourne,Brisbane Lions,Fwd,the-sheet-recut-20-8,23,DNP,DNP,405,400,-5,-1.23,358,357,1,81,80,1
cooper-hynes,Cooper Hynes,Western Bulldogs,Fremantle Dockers,Fwd,the-sheet-recut-20-8,23,PLAYED,72.0,840,853,13,1.55,237,235,2,57,58,-1
cooper-lord,Cooper Lord,Carlton,Western Bulldogs,Mid,the-sheet-recut-20-8,23,PLAYED,68.0,1104,1081,-23,-2.08,196,200,-4,50,52,-2
cooper-sharman,Cooper Sharman,St Kilda,Adelaide Crows,Key Fwd,the-sheet-recut-20-8,23,PLAYED,86.0,451,534,83,18.4,341,307,34,52,44,8
cooper-simpson,Cooper Simpson,Fremantle,Richmond Tigers,Def,the-sheet-recut-20-8,23,DNP,DNP,84,85,1,1.19,633,633,0,133,134,-1
cooper-trembath,Cooper Trembath,North Melbourne,Richmond Tigers,Key Fwd,the-sheet-recut-20-8,23,PLAYED,82.0,1816,1878,62,3.41,121,114,7,11,10,1
corey-durdin,Corey Durdin,Carlton,Port Adelaide Power,Fwd,the-sheet-recut-20-8,23,PLAYED,48.0,54,49,-5,-9.26,690,696,-6,181,185,-4
corey-wagner,Corey Wagner,Fremantle,Sydney Swans,Def,the-sheet-recut-20-8,23,DNP,DNP,55,55,0,0.0,688,687,1,146,146,0
corey-warner,Corey Warner,Sydney,Melbourne Demons,Fwd,the-sheet-recut-20-8,23,DNP,DNP,60,59,-1,-1.67,677,682,-5,180,181,-1
dan-houston,Dan Houston,Collingwood,North Melbourne Kangaroos,Def,the-sheet-recut-20-8,23,PLAYED,58.0,1171,1084,-87,-7.43,183,199,-16,47,50,-3
dane-rampe,Dane Rampe,Sydney,Brisbane Lions,Def,the-sheet-recut-20-8,23,PLAYED,66.0,3,3,0,0.0,797,797,0,175,175,0
daniel-annable,Daniel Annable,Brisbane,Fremantle Dockers,Mid,the-sheet-recut-20-8,23,PLAYED,30.0,1218,1123,-95,-7.8,175,190,-15,44,47,-3
daniel-butler,Daniel Butler,St Kilda,Free agents,Fwd,the-sheet-recut-20-8,23,PLAYED,91.0,3,3,0,0.0,798,798,0,225,225,0
daniel-curtin,Daniel Curtin,Adelaide,Melbourne Demons,Mid,the-sheet-recut-20-8,23,PLAYED,89.0,2397,2419,22,0.92,78,75,3,29,27,2
daniel-mcstay,Daniel McStay,Collingwood,Sydney Swans,Key Fwd,the-sheet-recut-20-8,23,PLAYED,85.0,360,394,34,9.44,383,361,22,57,55,2
daniel-rioli,Daniel Rioli,Gold Coast,Collingwood Magpies,Def,the-sheet-recut-20-8,23,PLAYED,90.0,695,673,-22,-3.17,268,273,-5,68,68,0
daniel-turner,Daniel Turner,Melbourne,Sydney Swans,Key Def,the-sheet-recut-20-8,23,PLAYED,94.0,1395,1534,139,9.96,156,143,13,9,7,2
dante-visentini,Dante Visentini,Port Adelaide,Adelaide Crows,Key Fwd,the-sheet-recut-20-8,23,PLAYED,49.0,971,970,-1,-0.1,213,213,0,26,24,2
darcy-byrne-jones,Darcy Byrne-Jones,Port Adelaide,Port Adelaide Power,Fwd,the-sheet-recut-20-8,23,DNP,DNP,623,621,-2,-0.32,282,282,0,70,70,0
darcy-cameron,Darcy Cameron,Collingwood,West Coast Eagles,Ruck,the-sheet-recut-20-8,23,PLAYED,98.0,1572,1593,21,1.34,142,135,7,11,11,0
darcy-fogarty,Darcy Fogarty,Adelaide,Port Adelaide Power,Key Fwd,the-sheet-recut-20-8,23,PLAYED,50.0,842,783,-59,-7.01,234,246,-12,30,31,-1
darcy-fort,Darcy Fort,Geelong,Collingwood Magpies,Ruck,the-sheet-recut-20-8,23,PLAYED,66.0,120,118,-2,-1.67,582,583,-1,43,43,0
darcy-gardiner,Darcy Gardiner,Brisbane,Geelong Cats,Key Def,the-sheet-recut-20-8,23,PLAYED,26.0,11,9,-2,-18.18,780,781,-1,79,79,0
darcy-jones,Darcy Jones,GWS,Essendon Bombers,Fwd,the-sheet-recut-20-8,23,DNP,DNP,1303,1280,-23,-1.77,168,167,1,42,43,-1
darcy-moore,Darcy Moore,Collingwood,Essendon Bombers,Key Def,the-sheet-recut-20-8,23,DNP,DNP,190,186,-4,-2.11,508,513,-5,47,48,-1
darcy-parish,Darcy Parish,Essendon,Collingwood Magpies,Mid,the-sheet-recut-20-8,23,DNP,DNP,651,650,-1,-0.15,276,275,1,67,65,2
darcy-wilmot,Darcy Wilmot,Brisbane,Hawthorn Hawks,Def,the-sheet-recut-20-8,23,PLAYED,107.0,3077,3087,10,0.32,55,55,0,13,13,0
darcy-wilson,Darcy Wilson,St Kilda,Western Bulldogs,Fwd,the-sheet-recut-20-8,23,PLAYED,61.0,2869,2828,-41,-1.43,62,64,-2,13,15,-2
darragh-joyce,Darragh Joyce,Brisbane,Free agents,Key Def,the-sheet-recut-20-8,23,DNP,DNP,6,6,0,0.0,789,789,0,82,82,0
dayne-zorko,Dayne Zorko,Brisbane,North Melbourne Kangaroos,Def,the-sheet-recut-20-8,23,PLAYED,128.0,942,1011,69,7.32,220,207,13,56,52,4
deven-robertson,Deven Robertson,West Coast,Melbourne Demons,Fwd,the-sheet-recut-20-8,23,DNP,DNP,166,153,-13,-7.83,532,545,-13,130,135,-5
dion-prestia,Dion Prestia,Richmond,Free agents,Fwd,the-sheet-recut-20-8,23,PLAYED,69.0,250,239,-11,-4.4,454,461,-7,103,108,-5
dougal-howard,Dougal Howard,St Kilda,Free agents,Key Def,the-sheet-recut-20-8,23,DNP,DNP,59,60,1,1.69,679,679,0,65,65,0
dylan-moore,Dylan Moore,Hawthorn,Hawthorn Hawks,Fwd,the-sheet-recut-20-8,23,PLAYED,104.0,1191,1221,30,2.52,181,175,6,47,48,-1
dylan-patterson,Dylan Patterson,Gold Coast,Melbourne Demons,Def,the-sheet-recut-20-8,23,DNP,DNP,1217,1192,-25,-2.05,176,178,-2,45,45,0
dylan-stephens,Dylan Stephens,North Melbourne,Essendon Bombers,Mid,the-sheet-recut-20-8,23,PLAYED,47.0,664,638,-26,-3.92,275,277,-2,66,66,0
dyson-sharp,Dyson Sharp,Essendon,Fremantle Dockers,Fwd,the-sheet-recut-20-8,23,PLAYED,86.0,2879,3232,353,12.26,61,50,11,12,12,0
eamonn-armstrong,Eamonn Armstrong,St Kilda,Hawthorn Hawks,Def,the-sheet-recut-20-8,23,DNP,DNP,37,37,0,0.0,718,715,3,153,152,1
ed-langdon,Ed Langdon,Melbourne,Port Adelaide Power,Fwd,the-sheet-recut-20-8,23,PLAYED,63.0,743,717,-26,-3.5,257,266,-9,65,67,-2
ed-richards,Ed Richards,Western Bulldogs,West Coast Eagles,Mid,the-sheet-recut-20-8,23,PLAYED,134.0,3720,3732,12,0.32,35,33,2,16,15,1
edward-allan,Edward Allan,Collingwood,Richmond Tigers,Mid,the-sheet-recut-20-8,23,PLAYED,101.0,667,756,89,13.34,274,253,21,65,61,4
elijah-hewett,Elijah Hewett,West Coast,Melbourne Demons,Mid,the-sheet-recut-20-8,23,DNP,DNP,549,540,-9,-1.64,307,303,4,71,71,0
elijah-hollands,Elijah Hollands,Carlton,Essendon Bombers,Fwd,the-sheet-recut-20-8,23,DNP,DNP,725,710,-15,-2.07,264,268,-4,68,69,-1
elijah-tsatas,Elijah Tsatas,Essendon,Melbourne Demons,Mid,the-sheet-recut-20-8,23,DNP,DNP,945,925,-20,-2.12,219,225,-6,55,57,-2
elliot-himmelberg,Elliott Himmelberg,Adelaide,Free agents,Key Fwd,the-sheet-recut-20-8,23,DNP,DNP,58,56,-2,-3.45,683,686,-3,111,111,0
elliot-yeo,Elliot Yeo,West Coast,North Melbourne Kangaroos,Fwd,the-sheet-recut-20-8,23,PLAYED,74.0,318,317,-1,-0.31,404,406,-2,94,94,0
eric-hipwood,Eric Hipwood,Brisbane,Brisbane Lions,Key Fwd,the-sheet-recut-20-8,23,PLAYED,80.0,46,49,3,6.52,701,697,4,114,114,0
errol-gulden,Errol Gulden,Sydney,Carlton Blues,Mid,the-sheet-recut-20-8,23,PLAYED,151.0,6506,7075,569,8.75,9,6,3,5,3,2
esava-ratugolea,Esava Ratugolea,Port Adelaide,Adelaide Crows,Key Def,the-sheet-recut-20-8,23,DNP,DNP,169,166,-3,-1.78,527,532,-5,51,51,0
ethan-read,Ethan Read,Gold Coast,Carlton Blues,Key Fwd,the-sheet-recut-20-8,23,PLAYED,52.0,528,490,-38,-7.2,316,324,-8,45,50,-5
ewan-mackinlay,Ewan Mackinlay,Port Adelaide,Richmond Tigers,Fwd,the-sheet-recut-20-8,23,DNP,DNP,159,159,0,0.0,539,540,-1,133,133,0
finlay-macrae,Finlay Macrae,West Coast,Geelong Cats,Fwd,the-sheet-recut-20-8,23,DNP,DNP,53,52,-1,-1.89,692,693,-1,183,183,0
finn-callaghan,Finn Callaghan,GWS,Melbourne Demons,Mid,the-sheet-recut-20-8,23,DNP,DNP,5568,5555,-13,-0.23,14,15,-1,8,8,0
finn-maginness,Finn Maginness,Hawthorn,Free agents,Fwd,the-sheet-recut-20-8,23,DNP,DNP,16,16,0,0.0,770,769,1,214,213,1
finn-o-sullivan,Finn O'Sullivan,North Melbourne,Collingwood Magpies,Def,the-sheet-recut-20-8,23,PLAYED,76.0,3186,3222,36,1.13,52,51,1,11,10,1
finnbar-maley,Finnbar Maley,Adelaide,Geelong Cats,Key Fwd,the-sheet-recut-20-8,23,DNP,DNP,237,233,-4,-1.69,463,467,-4,71,71,0
finnegan-davis,Finnegan Davis,GWS,Free agents,Def,the-sheet-recut-20-8,23,DNP,DNP,84,81,-3,-3.57,634,636,-2,134,136,-2
flynn-perez,Flynn Perez,Hawthorn,Brisbane Lions,Def,the-sheet-recut-20-8,23,DNP,DNP,38,37,-1,-2.63,714,716,-2,150,153,-3
flynn-riley,Flynn Riley,Carlton,Adelaide Crows,Ruck,the-sheet-recut-20-8,23,DNP,DNP,359,350,-9,-2.51,384,388,-4,27,27,0
flynn-young,Flynn Young,Carlton,Free agents,Fwd,the-sheet-recut-20-8,23,DNP,DNP,34,33,-1,-2.94,732,731,1,194,194,0
francis-evans,Francis Evans,Carlton,St Kilda Saints,Fwd,the-sheet-recut-20-8,23,PLAYED,76.0,521,512,-9,-1.73,320,316,4,76,75,1
fred-rodriguez,Fred Rodriguez,West Coast,Carlton Blues,Fwd,the-sheet-recut-20-8,23,DNP,DNP,97,94,-3,-3.09,609,618,-9,152,155,-3
george-hewett,George Hewett,Carlton,Port Adelaide Power,Mid,the-sheet-recut-20-8,23,PLAYED,116.0,1932,1980,48,2.48,112,109,3,37,37,0
george-stevens,George Stevens,Geelong,St Kilda Saints,Mid,the-sheet-recut-20-8,23,DNP,DNP,69,67,-2,-2.9,661,667,-6,133,136,-3
george-wardlaw,George Wardlaw,North Melbourne,Richmond Tigers,Mid,the-sheet-recut-20-8,23,PLAYED,40.0,3072,2974,-98,-3.19,56,60,-4,22,24,-2
griffin-logue,Griffin Logue,North Melbourne,Richmond Tigers,Key Def,the-sheet-recut-20-8,23,PLAYED,48.0,120,125,5,4.17,583,575,8,56,55,1
gryan-miers,Gryan Miers,Geelong,Western Bulldogs,Fwd,the-sheet-recut-20-8,23,PLAYED,63.0,1602,1561,-41,-2.56,137,140,-3,38,37,1
hamish-davis,Hamish Davis,West Coast,Collingwood Magpies,Mid,the-sheet-recut-20-8,23,PLAYED,36.0,632,616,-16,-2.53,280,283,-3,68,68,0
harley-barker,Harley Barker,Geelong,Fremantle Dockers,Mid,the-sheet-recut-20-8,23,DNP,DNP,504,492,-12,-2.38,327,323,4,76,74,2
harley-reid,Harley Reid,West Coast,Melbourne Demons,Mid,the-sheet-recut-20-8,23,PLAYED,91.0,3850,3919,69,1.79,33,30,3,15,14,1
harris-andrews,Harris Andrews,Brisbane,Collingwood Magpies,Key Def,the-sheet-recut-20-8,23,PLAYED,80.0,1559,1528,-31,-1.99,144,144,0,7,8,-1
harrison-coe,Harrison Coe,Collingwood,Port Adelaide Power,Ruck,the-sheet-recut-20-8,23,DNP,DNP,266,260,-6,-2.26,443,443,0,34,34,0
harrison-himmelberg,Harrison Himmelberg,GWS,Sydney Swans,Def,the-sheet-recut-20-8,23,PLAYED,76.0,200,199,-1,-0.5,500,501,-1,110,110,0
harrison-jones,Harrison Jones,Essendon,Free agents,Key Fwd,the-sheet-recut-20-8,23,PLAYED,22.0,230,117,-113,-49.13,467,586,-119,73,97,-24
harrison-oliver,Harrison Oliver,GWS,Hawthorn Hawks,Def,the-sheet-recut-20-8,23,DNP,DNP,273,268,-5,-1.83,430,433,-3,103,104,-1
harrison-petty,Harrison Petty,Melbourne,Geelong Cats,Key Fwd,the-sheet-recut-20-8,23,PLAYED,66.0,246,239,-7,-2.85,457,462,-5,70,70,0
harrison-ramm,Harrison Ramm,Port Adelaide,Adelaide Crows,Key Def,the-sheet-recut-20-8,23,PLAYED,44.0,402,394,-8,-1.99,361,362,-1,26,27,-1
harry-armstrong,Harry Armstrong,Richmond,Hawthorn Hawks,Key Fwd,the-sheet-recut-20-8,23,PLAYED,6.0,518,503,-15,-2.9,321,319,2,46,48,-2
harry-barnett,Harry Barnett,West Coast,Free agents,Ruck,the-sheet-recut-20-8,23,DNP,DNP,422,422,0,0.0,348,351,-3,25,25,0
harry-charleson,Harry Charleson,Carlton,North Melbourne Kangaroos,Def,the-sheet-recut-20-8,23,DNP,DNP,109,109,0,0.0,599,599,0,127,128,-1
harry-cunningham,Harry Cunningham,Sydney,Free agents,Def,the-sheet-recut-20-8,23,DNP,DNP,2,2,0,0.0,800,801,-1,176,176,0
harry-dean,Harry Dean,Carlton,Hawthorn Hawks,Key Def,the-sheet-recut-20-8,23,PLAYED,62.0,3069,3072,3,0.1,57,57,0,3,3,0
harry-demattia,Harry DeMattia,Collingwood,Carlton Blues,Mid,the-sheet-recut-20-8,23,DNP,DNP,331,335,4,1.21,398,400,-2,93,96,-3
harry-edwards,Harry Edwards,West Coast,St Kilda Saints,Key Def,the-sheet-recut-20-8,23,DNP,DNP,149,145,-4,-2.68,552,554,-2,53,53,0
harry-kyle,Harry Kyle,Sydney,Fremantle Dockers,Def,the-sheet-recut-20-8,23,PLAYED,29.0,965,842,-123,-12.75,215,237,-22,55,61,-6
harry-mckay,Harry McKay,Carlton,St Kilda Saints,Key Fwd,the-sheet-recut-20-8,23,PLAYED,89.0,1696,1747,51,3.01,130,129,1,13,13,0
harry-morrison,Harry Morrison,Hawthorn,St Kilda Saints,Mid,the-sheet-recut-20-8,23,PLAYED,97.0,63,71,8,12.7,673,657,16,135,134,1
harry-o-farrell,Harry O'Farrell,Carlton,Sydney Swans,Key Def,the-sheet-recut-20-8,23,DNP,DNP,537,535,-2,-0.37,309,306,3,24,24,0
harry-perryman,Harry Perryman,Collingwood,Brisbane Lions,Def,the-sheet-recut-20-8,23,DNP,DNP,123,123,0,0.0,580,578,2,123,122,1
harry-rowston,Harry Rowston,GWS,Brisbane Lions,Mid,the-sheet-recut-20-8,23,PLAYED,52.0,527,524,-3,-0.57,317,313,4,74,73,1
harry-schoenberg,Harry Schoenberg,Adelaide,Adelaide Crows,Fwd,the-sheet-recut-20-8,23,DNP,DNP,33,32,-1,-3.03,733,734,-1,195,195,0
harry-sharp,Harry Sharp,Brisbane,Brisbane Lions,Fwd,the-sheet-recut-20-8,23,PLAYED,58.0,150,138,-12,-8.0,551,562,-11,138,139,-1
harry-sheezel,Harry Sheezel,North Melbourne,Carlton Blues,Fwd,the-sheet-recut-20-8,23,DNP,DNP,10453,10428,-25,-0.24,1,1,0,1,1,0
harvey-gallagher,Harvey Gallagher,Western Bulldogs,Richmond Tigers,Def,the-sheet-recut-20-8,23,DNP,DNP,35,33,-2,-5.71,728,732,-4,159,160,-1
harvey-harrison,Harvey Harrison,Collingwood,West Coast Eagles,Fwd,the-sheet-recut-20-8,23,PLAYED,46.0,73,69,-4,-5.48,656,660,-4,173,174,-1
harvey-johnston,Harvey Johnston,West Coast,Melbourne Demons,Def,the-sheet-recut-20-8,23,DNP,DNP,186,185,-1,-0.54,515,515,0,113,113,0
harvey-langford,Harvey Langford,Melbourne,Fremantle Dockers,Mid,the-sheet-recut-20-8,23,PLAYED,50.0,2470,2327,-143,-5.79,76,84,-8,28,31,-3
harvey-thomas,Harvey Thomas,GWS,Carlton Blues,Fwd,the-sheet-recut-20-8,23,PLAYED,94.0,2022,2163,141,6.97,104,92,12,28,23,5
hayden-mclean,Hayden McLean,Sydney,Richmond Tigers,Key Fwd,the-sheet-recut-20-8,23,DNP,DNP,248,247,-1,-0.4,455,453,2,69,69,0
hayden-young,Hayden Young,Fremantle,Essendon Bombers,Mid,the-sheet-recut-20-8,23,PLAYED,77.0,1761,1760,-1,-0.06,126,124,2,38,38,0
heath-chapman,Heath Chapman,Fremantle,Sydney Swans,Def,the-sheet-recut-20-8,23,PLAYED,84.0,489,487,-2,-0.41,328,326,2,81,78,3
henry-hustwaite,Henry Hustwaite,Hawthorn,Richmond Tigers,Mid,the-sheet-recut-20-8,23,DNP,DNP,62,61,-1,-1.61,675,677,-2,136,137,-1
henry-smith,Henry Smith,Brisbane,Hawthorn Hawks,Key Fwd,the-sheet-recut-20-8,23,DNP,DNP,126,125,-1,-0.79,575,576,-1,97,95,2
hudson-o-keeffe,Hudson O'Keeffe,Carlton,Western Bulldogs,Key Fwd,the-sheet-recut-20-8,23,DNP,DNP,46,46,0,0.0,702,700,2,115,115,0
hugh-bond,Hugh Bond,Adelaide,Fremantle Dockers,Def,the-sheet-recut-20-8,23,DNP,DNP,111,109,-2,-1.8,593,600,-7,125,129,-4
hugh-boxshall,Hugh Boxshall,St Kilda,Melbourne Demons,Mid,the-sheet-recut-20-8,23,PLAYED,100.0,670,755,85,12.69,273,255,18,64,62,2
hugh-davies,Hugh Davies,Fremantle,Hawthorn Hawks,Key Def,the-sheet-recut-20-8,23,DNP,DNP,187,187,0,0.0,513,512,1,49,47,2
hugh-mccluggage,Hugh McCluggage,Brisbane,Western Bulldogs,Mid,the-sheet-recut-20-8,23,DNP,DNP,1585,1581,-4,-0.25,139,138,1,40,40,0
hugo-garcia,Hugo Garcia,St Kilda,West Coast Eagles,Mid,the-sheet-recut-20-8,23,PLAYED,122.0,2510,2544,34,1.35,74,70,4,27,26,1
hugo-hall-kahan,Hugo Hall-Kahan,Adelaide,Collingwood Magpies,Def,the-sheet-recut-20-8,23,PLAYED,61.0,421,464,43,10.21,350,334,16,85,83,2
hugo-mikunda,Hugo Mikunda,North Melbourne,Richmond Tigers,Fwd,the-sheet-recut-20-8,23,DNP,DNP,139,135,-4,-2.88,563,566,-3,141,141,0
hugo-ralphsmith,Hugo Ralphsmith,Richmond,Port Adelaide Power,Mid,the-sheet-recut-20-8,23,PLAYED,82.0,88,99,11,12.5,625,611,14,127,125,2
hunter-clark,Hunter Clark,St Kilda,Hawthorn Hawks,Mid,the-sheet-recut-20-8,23,DNP,DNP,36,35,-1,-2.78,725,723,2,141,141,0
hunter-holmes,Hunter Holmes,Geelong,Fremantle Dockers,Mid,the-sheet-recut-20-8,23,DNP,DNP,357,347,-10,-2.8,385,390,-5,91,92,-1
hussien-el-achkar,Hussien El Achkar,Essendon,Western Bulldogs,Fwd,the-sheet-recut-20-8,23,DNP,DNP,364,364,0,0.0,380,384,-4,87,86,1
iliro-smit,Iliro Smit,Collingwood,Carlton Blues,Ruck,the-sheet-recut-20-8,23,DNP,DNP,254,254,0,0.0,450,447,3,36,36,0
indy-cotton,Indy Cotton,Adelaide,Hawthorn Hawks,Fwd,the-sheet-recut-20-8,23,DNP,DNP,49,47,-2,-4.08,697,699,-2,186,186,0
isaac-cumming,Isaac Cumming,Adelaide,Port Adelaide Power,Mid,the-sheet-recut-20-8,23,PLAYED,72.0,59,74,15,25.42,680,650,30,137,132,5
isaac-heeney,Isaac Heeney,Sydney,West Coast Eagles,Mid,the-sheet-recut-20-8,23,PLAYED,169.0,3436,3958,522,15.19,45,29,16,19,13,6
isaac-kako,Isaac Kako,Essendon,Hawthorn Hawks,Fwd,the-sheet-recut-20-8,23,PLAYED,58.0,754,735,-19,-2.52,252,262,-10,63,66,-3
isaac-keeler,Isaac Keeler,St Kilda,Hawthorn Hawks,Key Fwd,the-sheet-recut-20-8,23,DNP,DNP,183,177,-6,-3.28,518,523,-5,81,81,0
isaac-quaynor,Isaac Quaynor,Collingwood,Brisbane Lions,Def,the-sheet-recut-20-8,23,PLAYED,56.0,603,455,-148,-24.54,289,337,-48,72,84,-12
isaiah-dudley,Isaiah Dudley,Fremantle,Carlton Blues,Fwd,the-sheet-recut-20-8,23,PLAYED,55.0,243,246,3,1.23,459,455,4,105,104,1
izak-rankine,Izak Rankine,Adelaide,Geelong Cats,Fwd,the-sheet-recut-20-8,23,PLAYED,157.0,4405,4819,414,9.4,21,18,3,3,3,0
jack-bowes,Jack Bowes,Geelong,Brisbane Lions,Mid,the-sheet-recut-20-8,23,DNP,DNP,79,78,-1,-1.27,644,645,-1,130,131,-1
jack-buckley,Jack Buckley,GWS,Collingwood Magpies,Key Def,the-sheet-recut-20-8,23,DNP,DNP,561,558,-3,-0.53,298,297,1,23,23,0
jack-buller,Jack Buller,Collingwood,Fremantle Dockers,Key Fwd,the-sheet-recut-20-8,23,DNP,DNP,81,81,0,0.0,640,637,3,107,107,0
jack-carroll,Jack Carroll,St Kilda,Adelaide Crows,Def,the-sheet-recut-20-8,23,DNP,DNP,94,94,0,0.0,620,619,1,131,133,-2
jack-crisp,Jack Crisp,Collingwood,North Melbourne Kangaroos,Mid,the-sheet-recut-20-8,23,PLAYED,52.0,463,397,-66,-14.25,334,360,-26,80,85,-5
jack-dalton,Jack Dalton,Hawthorn,Fremantle Dockers,Mid,the-sheet-recut-20-8,23,DNP,DNP,460,457,-3,-0.65,336,336,0,81,78,3
jack-darling,Jack Darling,North Melbourne,North Melbourne Kangaroos,Key Fwd,the-sheet-recut-20-8,23,PLAYED,74.0,154,161,7,4.55,546,538,8,88,85,3
jack-ginnivan,Jack Ginnivan,Collingwood,St Kilda Saints,Fwd,the-sheet-recut-20-8,23,PLAYED,61.0,2151,2089,-62,-2.88,93,101,-8,24,26,-2
jack-graham,Jack Graham,West Coast,Port Adelaide Power,Fwd,the-sheet-recut-20-8,23,PLAYED,108.0,738,893,155,21.0,260,229,31,67,56,11
jack-gunston,Jack Gunston,Hawthorn,West Coast Eagles,Key Fwd,the-sheet-recut-20-8,23,PLAYED,55.0,718,643,-75,-10.45,265,276,-11,33,36,-3
jack-henderson,Jack Henderson,Melbourne,Free agents,Fwd,the-sheet-recut-20-8,23,DNP,DNP,28,28,0,0.0,738,736,2,197,196,1
jack-henry,Jack Henry,Geelong,Geelong Cats,Key Fwd,the-sheet-recut-20-8,23,PLAYED,41.0,333,250,-83,-24.92,397,449,-52,59,68,-9
jack-higgins,Jack Higgins,St Kilda,Geelong Cats,Fwd,the-sheet-recut-20-8,23,PLAYED,56.0,76,72,-4,-5.26,648,653,-5,170,170,0
jack-hutchinson,Jack Hutchinson,West Coast,Melbourne Demons,Mid,the-sheet-recut-20-8,23,DNP,DNP,71,69,-2,-2.82,658,661,-3,132,135,-3
jack-ison,Jack Ison,Carlton,Fremantle Dockers,Mid,the-sheet-recut-20-8,23,DNP,DNP,458,452,-6,-1.31,338,340,-2,82,79,3
jack-lukosius,Jack Lukosius,Port Adelaide,Essendon Bombers,Key Fwd,the-sheet-recut-20-8,23,DNP,DNP,517,513,-4,-0.77,323,315,8,47,45,2
jack-martin,Jack Martin,Geelong,Brisbane Lions,Fwd,the-sheet-recut-20-8,23,DNP,DNP,12,12,0,0.0,776,776,0,215,215,0
jack-ough,Jack Ough,GWS,Western Bulldogs,Mid,the-sheet-recut-20-8,23,DNP,DNP,288,285,-3,-1.04,420,425,-5,98,100,-2
jack-payne,Jack Payne,Brisbane,Brisbane Lions,Key Def,the-sheet-recut-20-8,23,DNP,DNP,209,204,-5,-2.39,493,497,-4,43,43,0
jack-ross,Jack Ross,Richmond,Sydney Swans,Fwd,the-sheet-recut-20-8,23,PLAYED,82.0,2559,2524,-35,-1.37,70,71,-1,19,19,0
jack-scrimshaw,Jack Scrimshaw,Hawthorn,Essendon Bombers,Def,the-sheet-recut-20-8,23,DNP,DNP,159,156,-3,-1.89,540,542,-2,116,117,-1
jack-silvagni,Jack Silvagni,St Kilda,Collingwood Magpies,Key Def,the-sheet-recut-20-8,23,PLAYED,105.0,630,721,91,14.44,281,265,16,20,19,1
jack-sinclair,Jack Sinclair,St Kilda,Western Bulldogs,Def,the-sheet-recut-20-8,23,DNP,DNP,3214,3205,-9,-0.28,50,52,-2,10,11,-1
jack-steele,Jack Steele,Melbourne,Port Adelaide Power,Mid,the-sheet-recut-20-8,23,PLAYED,98.0,1136,1145,9,0.79,188,187,1,45,45,0
jack-viney,Jack Viney,Melbourne,North Melbourne Kangaroos,Mid,the-sheet-recut-20-8,23,DNP,DNP,560,546,-14,-2.5,300,299,1,69,70,-1
jack-watkins,Jack Watkins,Port Adelaide,Adelaide Crows,Fwd,the-sheet-recut-20-8,23,DNP,DNP,67,67,0,0.0,667,668,-1,176,175,1
jack-whitlock,Jack Whitlock,Port Adelaide,Fremantle Dockers,Key Fwd,the-sheet-recut-20-8,23,PLAYED,20.0,994,823,-171,-17.2,206,241,-35,24,29,-5
jack-williams,Jack Williams,West Coast,Melbourne Demons,Key Fwd,the-sheet-recut-20-8,23,PLAYED,44.0,413,411,-2,-0.48,354,354,0,54,54,0
jackson-archer,Jackson Archer,North Melbourne,Free agents,Def,the-sheet-recut-20-8,23,DNP,DNP,22,21,-1,-4.55,754,756,-2,164,164,0
jackson-macrae,Jackson Macrae,St Kilda,St Kilda Saints,Mid,the-sheet-recut-20-8,23,PLAYED,140.0,112,191,79,70.54,591,506,85,122,109,13
jackson-mead,Jackson Mead,Port Adelaide,North Melbourne Kangaroos,Mid,the-sheet-recut-20-8,23,DNP,DNP,22,22,0,0.0,755,754,1,145,145,0
jacob-farrow,Jacob Farrow,Essendon,Fremantle Dockers,Def,the-sheet-recut-20-8,23,PLAYED,60.0,2515,2488,-27,-1.07,73,73,0,14,15,-1
jacob-hopper,Jacob Hopper,Richmond,Carlton Blues,Mid,the-sheet-recut-20-8,23,DNP,DNP,119,119,0,0.0,584,581,3,120,120,0
jacob-konstanty,Jacob Konstanty,North Melbourne,Collingwood Magpies,Fwd,the-sheet-recut-20-8,23,DNP,DNP,93,92,-1,-1.08,621,622,-1,158,157,1
jacob-molier,Jacob Molier,Geelong,St Kilda Saints,Ruck,the-sheet-recut-20-8,23,DNP,DNP,88,86,-2,-2.27,626,632,-6,44,44,0
jacob-moss,Jacob Moss,Port Adelaide,Fremantle Dockers,Key Def,the-sheet-recut-20-8,23,DNP,DNP,52,52,0,0.0,693,694,-1,69,69,0
jacob-newton,Jacob Newton,West Coast,Melbourne Demons,Fwd,the-sheet-recut-20-8,23,DNP,DNP,188,186,-2,-1.06,511,514,-3,125,126,-1
jacob-van-rooyen,Jacob Van Rooyen,Melbourne,Essendon Bombers,Key Fwd,the-sheet-recut-20-8,23,PLAYED,86.0,1806,1868,62,3.43,122,116,6,12,11,1
jacob-wehr,Jacob Wehr,Port Adelaide,Geelong Cats,Def,the-sheet-recut-20-8,23,PLAYED,44.0,5,5,0,0.0,794,793,1,174,174,0
jacob-weitering,Jacob Weitering,Carlton,St Kilda Saints,Key Def,the-sheet-recut-20-8,23,PLAYED,82.0,1104,1114,10,0.91,197,191,6,11,11,0
jade-gresham,Jade Gresham,Essendon,Geelong Cats,Fwd,the-sheet-recut-20-8,23,DNP,DNP,10,9,-1,-10.0,783,782,1,218,218,0
jaeger-o-meara,Jaeger O'Meara,Fremantle,Brisbane Lions,Mid,the-sheet-recut-20-8,23,DNP,DNP,12,12,0,0.0,777,777,0,147,147,0
jagga-smith,Jagga Smith,Carlton,Fremantle Dockers,Fwd,the-sheet-recut-20-8,23,PLAYED,75.0,4344,4314,-30,-0.69,22,22,0,4,4,0
jai-culley,Jai Culley,Melbourne,Western Bulldogs,Mid,the-sheet-recut-20-8,23,DNP,DNP,263,255,-8,-3.04,446,446,0,101,101,0
jai-murray,Jai Murray,Gold Coast,Fremantle Dockers,Mid,the-sheet-recut-20-8,23,DNP,DNP,949,948,-1,-0.11,218,219,-1,54,55,-1
jai-newcombe,Jai Newcombe,Hawthorn,Sydney Swans,Mid,the-sheet-recut-20-8,23,PLAYED,101.0,4710,4587,-123,-2.61,19,20,-1,11,11,0
jai-saxena,Jai Saxena,Collingwood,West Coast Eagles,Fwd,the-sheet-recut-20-8,23,DNP,DNP,25,24,-1,-4.0,746,746,0,202,201,1
jai-serong,Jai Serong,Sydney,North Melbourne Kangaroos,Key Def,the-sheet-recut-20-8,23,PLAYED,75.0,959,961,2,0.21,217,215,2,14,15,-1
jaime-uhr-henry,Jaime Uhr-Henry,Hawthorn,Free agents,Ruck,the-sheet-recut-20-8,23,DNP,DNP,45,45,0,0.0,704,702,2,47,47,0
jake-bowey,Jake Bowey,Melbourne,West Coast Eagles,Def,the-sheet-recut-20-8,23,PLAYED,93.0,3907,3896,-11,-0.28,32,31,1,5,5,0
jake-kolodjashnij,Jake Kolodjashnij,Geelong,Port Adelaide Power,Key Def,the-sheet-recut-20-8,23,DNP,DNP,13,13,0,0.0,775,773,2,78,76,2
jake-lever,Jake Lever,Melbourne,Collingwood Magpies,Def,the-sheet-recut-20-8,23,PLAYED,85.0,200,220,20,10.0,501,479,22,111,107,4
jake-lloyd,Jake Lloyd,Sydney,North Melbourne Kangaroos,Fwd,the-sheet-recut-20-8,23,PLAYED,87.0,213,235,22,10.33,487,465,22,115,110,5
jake-melksham,Jake Melksham,Melbourne,Free agents,Key Fwd,the-sheet-recut-20-8,23,DNP,DNP,2,2,0,0.0,801,802,-1,120,121,-1
jake-riccardi,Jake Riccardi,GWS,Western Bulldogs,Key Fwd,the-sheet-recut-20-8,23,DNP,DNP,278,273,-5,-1.8,425,430,-5,62,63,-1
jake-rogers,Jake Rogers,Gold Coast,Melbourne Demons,Fwd,the-sheet-recut-20-8,23,PLAYED,35.0,267,271,4,1.5,440,431,9,100,99,1
jake-soligo,Jake Soligo,Adelaide,Carlton Blues,Fwd,the-sheet-recut-20-8,23,PLAYED,70.0,2019,1997,-22,-1.09,105,108,-3,29,29,0
jake-stringer,Jake Stringer,GWS,Brisbane Lions,Fwd,the-sheet-recut-20-8,23,PLAYED,31.0,110,80,-30,-27.27,597,639,-42,148,164,-16
jake-waterman,Jake Waterman,West Coast,Western Bulldogs,Key Fwd,the-sheet-recut-20-8,23,PLAYED,72.0,1214,1194,-20,-1.65,177,177,0,21,21,0
jakob-ryan,Jakob Ryan,Collingwood,West Coast Eagles,Def,the-sheet-recut-20-8,23,DNP,DNP,149,149,0,0.0,553,548,5,119,118,1
jamarra-ugle-hagan,Jamarra Ugle-Hagan,Gold Coast,Carlton Blues,Key Fwd,the-sheet-recut-20-8,23,DNP,DNP,169,160,-9,-5.33,528,539,-11,83,86,-3
james-barrat,James Barrat,St Kilda,North Melbourne Kangaroos,Key Fwd,the-sheet-recut-20-8,23,DNP,DNP,220,216,-4,-1.82,475,484,-9,76,77,-1
james-blanck,James Blanck,Hawthorn,Free agents,Key Def,the-sheet-recut-20-8,23,DNP,DNP,15,15,0,0.0,772,771,1,76,75,1
james-borlase,James Borlase,Adelaide,Fremantle Dockers,Key Def,the-sheet-recut-20-8,23,PLAYED,57.0,363,374,11,3.03,381,373,8,30,29,1
james-jordon,James Jordon,Sydney,Adelaide Crows,Fwd,the-sheet-recut-20-8,23,PLAYED,63.0,219,233,14,6.39,477,468,9,109,112,-3
james-leake,James Leake,GWS,Hawthorn Hawks,Fwd,the-sheet-recut-20-8,23,DNP,DNP,178,173,-5,-2.81,522,527,-5,127,129,-2
james-o-donnell,James O'Donnell,Western Bulldogs,Richmond Tigers,Key Def,the-sheet-recut-20-8,23,PLAYED,38.0,573,564,-9,-1.57,292,293,-1,22,22,0
james-peatling,James Peatling,Adelaide,Collingwood Magpies,Mid,the-sheet-recut-20-8,23,PLAYED,26.0,1261,1142,-119,-9.44,171,188,-17,43,46,-3
james-rowbottom,James Rowbottom,Sydney,Collingwood Magpies,Fwd,the-sheet-recut-20-8,23,DNP,DNP,1252,1249,-3,-0.24,173,171,2,44,45,-1
james-sicily,James Sicily,Hawthorn,West Coast Eagles,Def,the-sheet-recut-20-8,23,PLAYED,68.0,1358,1264,-94,-6.92,164,169,-5,40,42,-2
james-trezise,James Trezise,Richmond,Western Bulldogs,Def,the-sheet-recut-20-8,23,DNP,DNP,163,163,0,0.0,535,536,-1,115,116,-1
james-tunstill,James Tunstill,Brisbane,Free agents,Mid,the-sheet-recut-20-8,23,DNP,DNP,144,144,0,0.0,560,557,3,116,118,-2
james-worpel,James Worpel,Geelong,Port Adelaide Power,Mid,the-sheet-recut-20-8,23,PLAYED,54.0,518,445,-73,-14.09,322,342,-20,75,81,-6
jamie-cripps,Jamie Cripps,West Coast,Free agents,Fwd,the-sheet-recut-20-8,23,DNP,DNP,10,9,-1,-10.0,784,783,1,219,219,0
jamie-elliott,Jamie Elliott,Collingwood,Brisbane Lions,Fwd,the-sheet-recut-20-8,23,DNP,DNP,21,21,0,0.0,757,757,0,207,208,-1
jaren-carr,Jaren Carr,Fremantle,Port Adelaide Power,Fwd,the-sheet-recut-20-8,23,DNP,DNP,17,16,-1,-5.88,768,770,-2,213,214,-1
jarman-impey,Jarman Impey,Hawthorn,Collingwood Magpies,Def,the-sheet-recut-20-8,23,PLAYED,104.0,817,856,39,4.77,239,233,6,60,59,1
jarrod-berry,Jarrod Berry,Brisbane,Sydney Swans,Mid,the-sheet-recut-20-8,23,PLAYED,124.0,275,380,105,38.18,427,370,57,99,88,11
jarrod-witts,Jarrod Witts,Gold Coast,Port Adelaide Power,Ruck,the-sheet-recut-20-8,23,DNP,DNP,274,274,0,0.0,429,429,0,32,32,0
jase-burgoyne,Jase Burgoyne,Port Adelaide,Essendon Bombers,Def,the-sheet-recut-20-8,23,PLAYED,70.0,2220,2230,10,0.45,87,87,0,16,17,-1
jason-horne-francis,Jason Horne-Francis,Port Adelaide,Geelong Cats,Fwd,the-sheet-recut-20-8,23,PLAYED,90.0,5629,5609,-20,-0.36,13,13,0,2,2,0
jaspa-fletcher,Jaspa Fletcher,Brisbane,Adelaide Crows,Def,the-sheet-recut-20-8,23,PLAYED,70.0,2501,2505,4,0.16,75,72,3,15,14,1
jasper-alger,Jasper Alger,Richmond,Carlton Blues,Fwd,the-sheet-recut-20-8,23,DNP,DNP,217,213,-4,-1.84,483,488,-5,112,118,-6
jaxon-artemis,Jaxon Artemis,Essendon,Hawthorn Hawks,Def,the-sheet-recut-20-8,23,PLAYED,44.0,420,390,-30,-7.14,351,364,-13,86,89,-3
jaxon-prior,Jaxon Prior,Brisbane,Fremantle Dockers,Def,the-sheet-recut-20-8,23,PLAYED,82.0,352,387,35,9.94,389,366,23,95,90,5
jay-polkinghorne,Jay Polkinghorne,Geelong,Fremantle Dockers,Key Fwd,the-sheet-recut-20-8,23,PLAYED,71.0,176,228,52,29.55,523,473,50,82,73,9
jayden-laverde,Jayden Laverde,Essendon,Sydney Swans,Key Def,the-sheet-recut-20-8,23,DNP,DNP,241,240,-1,-0.41,460,460,0,40,39,1
jayden-nguyen,Jayden Nguyen,GWS,Free agents,Def,the-sheet-recut-20-8,23,DNP,DNP,293,290,-3,-1.02,416,420,-4,99,101,-2
jayden-short,Jayden Short,Richmond,Port Adelaide Power,Def,the-sheet-recut-20-8,23,PLAYED,78.0,978,953,-25,-2.56,211,217,-6,53,55,-2
jed-adams,Jed Adams,Melbourne,Melbourne Demons,Key Def,the-sheet-recut-20-8,23,DNP,DNP,190,190,0,0.0,509,508,1,48,46,2
jed-bews,Jed Bews,Geelong,Free agents,Def,the-sheet-recut-20-8,23,DNP,DNP,1,1,0,0.0,803,803,0,177,177,0
jed-walter,Jed Walter,Gold Coast,Melbourne Demons,Key Fwd,the-sheet-recut-20-8,23,PLAYED,46.0,987,898,-89,-9.02,209,228,-19,25,27,-2
jedd-busslinger,Jedd Busslinger,Western Bulldogs,Essendon Bombers,Key Def,the-sheet-recut-20-8,23,DNP,DNP,858,854,-4,-0.47,232,234,-2,17,17,0
jeremy-cameron,Jeremy Cameron,Geelong,Richmond Tigers,Key Fwd,the-sheet-recut-20-8,23,DNP,DNP,796,796,0,0.0,241,244,-3,31,30,1
jeremy-howe,Jeremy Howe,Collingwood,West Coast Eagles,Def,the-sheet-recut-20-8,23,DNP,DNP,218,219,1,0.46,480,483,-3,108,108,0
jeremy-sharp,Jeremy Sharp,Fremantle,Collingwood Magpies,Mid,the-sheet-recut-20-8,23,DNP,DNP,83,79,-4,-4.82,638,642,-4,129,130,-1
jesse-dattoli,Jesse Dattoli,Sydney,Collingwood Magpies,Fwd,the-sheet-recut-20-8,23,PLAYED,61.0,347,357,10,2.88,390,386,4,90,87,3
jesse-hogan,Jesse Hogan,GWS,Port Adelaide Power,Key Fwd,the-sheet-recut-20-8,23,DNP,DNP,270,268,-2,-0.74,436,434,2,66,64,2
jesse-mellor,Jesse Mellor,Geelong,Geelong Cats,Fwd,the-sheet-recut-20-8,23,DNP,DNP,51,50,-1,-1.96,694,695,-1,184,184,0
jesse-motlop,Jesse Motlop,Carlton,Adelaide Crows,Fwd,the-sheet-recut-20-8,23,DNP,DNP,95,91,-4,-4.21,617,625,-8,155,160,-5
jevan-phillipou,Jevan Phillipou,Sydney,Fremantle Dockers,Mid,the-sheet-recut-20-8,23,DNP,DNP,226,220,-6,-2.65,469,480,-11,106,106,0
jhye-clark,Jhye Clark,Geelong,Port Adelaide Power,Fwd,the-sheet-recut-20-8,23,PLAYED,47.0,769,821,52,6.76,248,242,6,61,60,1
jobe-shanahan,Jobe Shanahan,West Coast,Adelaide Crows,Key Fwd,the-sheet-recut-20-8,23,PLAYED,28.0,1438,1298,-140,-9.74,152,163,-11,17,20,-3
joe-berry,Joe Berry,Port Adelaide,Adelaide Crows,Fwd,the-sheet-recut-20-8,23,PLAYED,46.0,1028,987,-41,-3.99,203,210,-7,50,51,-1
joe-pike,Joe Pike,Geelong,North Melbourne Kangaroos,Ruck,the-sheet-recut-20-8,23,DNP,DNP,211,211,0,0.0,490,491,-1,38,38,0
joe-richards,Joe Richards,Port Adelaide,Adelaide Crows,Fwd,the-sheet-recut-20-8,23,PLAYED,107.0,833,951,118,14.17,238,218,20,58,53,5
joel-amartey,Joel Amartey,Sydney,Collingwood Magpies,Key Fwd,the-sheet-recut-20-8,23,DNP,DNP,118,118,0,0.0,587,584,3,99,96,3
joel-cochran,Joel Cochran,Collingwood,Hawthorn Hawks,Def,the-sheet-recut-20-8,23,DNP,DNP,139,136,-3,-2.16,564,565,-1,121,121,0
joel-fitzgerald,Joel Fitzgerald,Melbourne,Sydney Swans,Mid,the-sheet-recut-20-8,23,PLAYED,69.0,310,303,-7,-2.26,409,412,-3,95,97,-2
joel-freijah,Joel Freijah,Western Bulldogs,Western Bulldogs,Fwd,the-sheet-recut-20-8,23,PLAYED,72.0,2580,2582,2,0.08,69,68,1,18,17,1
joel-hamling,Joel Hamling,Sydney,Free agents,Key Def,the-sheet-recut-20-8,23,PLAYED,78.0,8,9,1,12.5,785,784,1,80,80,0
joel-jeffrey,Joel Jeffrey,Gold Coast,St Kilda Saints,Def,the-sheet-recut-20-8,23,PLAYED,79.0,1454,1487,33,2.27,151,147,4,36,34,2
john-noble,John Noble,Gold Coast,Sydney Swans,Def,the-sheet-recut-20-8,23,PLAYED,91.0,2173,2199,26,1.2,91,88,3,19,18,1
jonty-faull,Jonty Faull,Richmond,Carlton Blues,Key Fwd,the-sheet-recut-20-8,23,DNP,DNP,580,578,-2,-0.34,291,289,2,38,39,-1
jordan-boyd,Jordan Boyd,Carlton,Free agents,Def,the-sheet-recut-20-8,23,DNP,DNP,22,21,-1,-4.55,756,758,-2,165,165,0
jordan-clark,Jordan Clark,Fremantle,West Coast Eagles,Def,the-sheet-recut-20-8,23,PLAYED,114.0,3082,3318,236,7.66,54,49,5,12,9,3
jordan-croft,Jordan Croft,Western Bulldogs,Hawthorn Hawks,Key Fwd,the-sheet-recut-20-8,23,PLAYED,11.0,511,512,1,0.2,324,317,7,48,46,2
jordan-dawson,Jordan Dawson,Adelaide,West Coast Eagles,Mid,the-sheet-recut-20-8,23,PLAYED,107.0,3189,3083,-106,-3.32,51,56,-5,21,21,0
jordan-de-goey,Jordan De Goey,Collingwood,North Melbourne Kangaroos,Fwd,the-sheet-recut-20-8,23,PLAYED,63.0,1377,1293,-84,-6.1,160,164,-4,41,41,0
jordan-ridley,Jordan Ridley,Essendon,Adelaide Crows,Def,the-sheet-recut-20-8,23,DNP,DNP,735,729,-6,-0.82,262,264,-2,66,66,0
jordon-butts,Jordon Butts,Adelaide,Fremantle Dockers,Key Def,the-sheet-recut-20-8,23,DNP,DNP,35,35,0,0.0,729,724,5,72,72,0
jordon-sweet,Jordon Sweet,Port Adelaide,St Kilda Saints,Ruck,the-sheet-recut-20-8,23,PLAYED,145.0,2093,2379,286,13.66,95,77,18,6,6,0
josaia-delana,Josaia Delana,GWS,St Kilda Saints,Fwd,the-sheet-recut-20-8,23,PLAYED,52.0,200,207,7,3.5,502,495,7,122,121,1
joseph-fonti,Joseph Fonti,GWS,Richmond Tigers,Def,the-sheet-recut-20-8,23,PLAYED,64.0,567,564,-3,-0.53,294,294,0,74,73,1
josh-battle,Josh Battle,St Kilda,West Coast Eagles,Key Def,the-sheet-recut-20-8,23,PLAYED,86.0,1957,2013,56,2.86,111,106,5,5,5,0
josh-daicos,Josh Daicos,Collingwood,Sydney Swans,Def,the-sheet-recut-20-8,23,PLAYED,123.0,2000,2118,118,5.9,108,98,10,24,23,1
josh-dolan,Josh Dolan,Western Bulldogs,Hawthorn Hawks,Fwd,the-sheet-recut-20-8,23,PLAYED,48.0,280,247,-33,-11.79,423,454,-31,97,103,-6
josh-draper,Josh Draper,Fremantle,Essendon Bombers,Key Def,the-sheet-recut-20-8,23,DNP,DNP,320,313,-7,-2.19,402,409,-7,31,31,0
josh-dunkley,Josh Dunkley,Brisbane,West Coast Eagles,Mid,the-sheet-recut-20-8,23,PLAYED,98.0,1135,1159,24,2.11,189,185,4,46,43,3
josh-gibcus,Josh Gibcus,Richmond,Carlton Blues,Key Def,the-sheet-recut-20-8,23,DNP,DNP,244,241,-3,-1.23,458,458,0,39,38,1
josh-goater,Josh Goater,North Melbourne,Hawthorn Hawks,Def,the-sheet-recut-20-8,23,DNP,DNP,75,72,-3,-4.0,650,654,-4,137,139,-2
josh-lai,Josh Lai,Port Adelaide,Fremantle Dockers,Def,the-sheet-recut-20-8,23,PLAYED,52.0,400,418,18,4.5,362,353,9,89,87,2
josh-lindsay,Josh Lindsay,West Coast,Richmond Tigers,Def,the-sheet-recut-20-8,23,PLAYED,38.0,2050,1919,-131,-6.39,101,110,-9,23,24,-1
josh-rachele,Josh Rachele,Adelaide,Fremantle Dockers,Fwd,the-sheet-recut-20-8,23,PLAYED,58.0,1930,1804,-126,-6.53,113,120,-7,32,31,1
josh-sinn,Josh Sinn,Port Adelaide,Essendon Bombers,Def,the-sheet-recut-20-8,23,DNP,DNP,217,210,-7,-3.23,484,494,-10,109,109,0
josh-smillie,Josh Smillie,Richmond,Carlton Blues,Mid,the-sheet-recut-20-8,23,DNP,DNP,772,759,-13,-1.68,247,251,-4,59,59,0
josh-treacy,Josh Treacy,Fremantle,West Coast Eagles,Key Fwd,the-sheet-recut-20-8,23,PLAYED,91.0,6176,6179,3,0.05,11,10,1,1,1,0
josh-ward,Josh Ward,Hawthorn,Essendon Bombers,Mid,the-sheet-recut-20-8,23,PLAYED,97.0,2677,2696,19,0.71,66,66,0,25,25,0
josh-worrell,Josh Worrell,Adelaide,St Kilda Saints,Def,the-sheet-recut-20-8,23,PLAYED,48.0,3240,3106,-134,-4.14,49,54,-5,9,12,-3
joshua-kelly,Joshua Kelly,GWS,Adelaide Crows,Mid,the-sheet-recut-20-8,23,DNP,DNP,779,759,-20,-2.57,244,252,-8,58,60,-2
joshua-weddle,Joshua Weddle,Hawthorn,Richmond Tigers,Def,the-sheet-recut-20-8,23,PLAYED,40.0,1501,1383,-118,-7.86,147,156,-9,34,37,-3
judd-mcvee,Judd McVee,Fremantle,Richmond Tigers,Def,the-sheet-recut-20-8,23,DNP,DNP,368,367,-1,-0.27,375,380,-5,91,92,-1
judson-clarke,Judson Clarke,Richmond,Collingwood Magpies,Fwd,the-sheet-recut-20-8,23,PLAYED,38.0,49,38,-11,-22.45,698,711,-13,187,191,-4
justin-mcinerney,Justin McInerney,Sydney,Brisbane Lions,Fwd,the-sheet-recut-20-8,23,DNP,DNP,2042,2036,-6,-0.29,102,105,-3,26,27,-1
jy-farrar,Jy Farrar,Gold Coast,Free agents,Key Fwd,the-sheet-recut-20-8,23,DNP,DNP,30,29,-1,-3.33,736,735,1,118,118,0
jy-simpkin,Jy Simpkin,North Melbourne,Collingwood Magpies,Fwd,the-sheet-recut-20-8,23,PLAYED,89.0,1232,1277,45,3.65,174,168,6,45,44,1
jye-amiss,Jye Amiss,Fremantle,Collingwood Magpies,Key Fwd,the-sheet-recut-20-8,23,PLAYED,90.0,1468,1488,20,1.36,149,146,3,16,15,1
jye-caldwell,Jye Caldwell,Essendon,Brisbane Lions,Mid,the-sheet-recut-20-8,23,PLAYED,92.0,1086,1093,7,0.64,199,194,5,52,49,3
kade-chandler,Kade Chandler,Melbourne,Western Bulldogs,Fwd,the-sheet-recut-20-8,23,PLAYED,136.0,863,1091,228,26.42,231,196,35,55,50,5
kai-lohmann,Kai Lohmann,Brisbane,Collingwood Magpies,Fwd,the-sheet-recut-20-8,23,PLAYED,28.0,908,802,-106,-11.67,228,243,-15,54,61,-7
kalani-white,Kalani White,Melbourne,Essendon Bombers,Key Fwd,the-sheet-recut-20-8,23,DNP,DNP,55,54,-1,-1.82,689,690,-1,113,113,0
kaleb-smith,Kaleb Smith,Richmond,Free agents,Def,the-sheet-recut-20-8,23,DNP,DNP,60,60,0,0.0,678,680,-2,144,144,0
kane-farrell,Kane Farrell,Port Adelaide,Essendon Bombers,Def,the-sheet-recut-20-8,23,DNP,DNP,1262,1258,-4,-0.32,170,170,0,43,43,0
kane-mcauliffe,Kane McAuliffe,Richmond,Carlton Blues,Mid,the-sheet-recut-20-8,23,DNP,DNP,1096,1086,-10,-0.91,198,197,1,51,50,1
karl-amon,Karl Amon,Hawthorn,St Kilda Saints,Def,the-sheet-recut-20-8,23,PLAYED,80.0,367,367,0,0.0,377,381,-4,92,93,-1
karl-worner,Karl Worner,Fremantle,North Melbourne Kangaroos,Def,the-sheet-recut-20-8,23,PLAYED,80.0,1153,1176,23,1.99,187,181,6,49,48,1
kayle-gerreyn,Kayle Gerreyn,Essendon,Fremantle Dockers,Ruck,the-sheet-recut-20-8,23,DNP,DNP,184,180,-4,-2.17,516,519,-3,40,39,1
keidean-coleman,Keidean Coleman,Brisbane,Melbourne Demons,Def,the-sheet-recut-20-8,23,DNP,DNP,777,775,-2,-0.26,245,247,-2,63,63,0
keighton-matofai-forbes,Keighton Matofai-Forbes,Geelong,Free agents,Fwd,the-sheet-recut-20-8,23,DNP,DNP,111,111,0,0.0,594,596,-2,147,148,-1
kieren-briggs,Kieren Briggs,GWS,Adelaide Crows,Ruck,the-sheet-recut-20-8,23,PLAYED,60.0,1880,1795,-85,-4.52,115,122,-7,8,10,-2
kobe-mcdonald,Kobe McDonald,St Kilda,Hawthorn Hawks,Def,the-sheet-recut-20-8,23,DNP,DNP,40,38,-2,-5.0,710,712,-2,149,150,-1
koby-coulson,Koby Coulson,Gold Coast,Carlton Blues,Mid,the-sheet-recut-20-8,23,DNP,DNP,232,225,-7,-3.02,465,476,-11,104,105,-1
koby-evans,Koby Evans,Brisbane,Free agents,Mid,the-sheet-recut-20-8,23,DNP,DNP,219,213,-6,-2.74,478,489,-11,107,107,0
koltyn-tholstrup,Koltyn Tholstrup,Melbourne,Collingwood Magpies,Fwd,the-sheet-recut-20-8,23,PLAYED,83.0,1772,1786,14,0.79,124,123,1,34,33,1
kye-annand,Kye Annand,Richmond,Sydney Swans,Key Def,the-sheet-recut-20-8,23,PLAYED,52.0,393,411,18,4.58,366,355,11,27,26,1
kye-fincher,Kye Fincher,St Kilda,Hawthorn Hawks,Def,the-sheet-recut-20-8,23,DNP,DNP,145,140,-5,-3.45,557,561,-4,120,120,0
kyle-langford,Kyle Langford,Essendon,St Kilda Saints,Key Fwd,the-sheet-recut-20-8,23,PLAYED,54.0,555,499,-56,-10.09,302,320,-18,42,49,-7
kysaiah-pickett,Kysaiah Pickett,Melbourne,Brisbane Lions,Fwd,the-sheet-recut-20-8,23,PLAYED,70.0,4017,3878,-139,-3.46,30,32,-2,7,7,0
lachie-jaques,Lachie Jaques,Western Bulldogs,Melbourne Demons,Def,the-sheet-recut-20-8,23,PLAYED,32.0,608,569,-39,-6.41,286,291,-5,71,72,-1
lachie-neale,Lachie Neale,Brisbane,West Coast Eagles,Mid,the-sheet-recut-20-8,23,PLAYED,65.0,2314,2125,-189,-8.17,82,97,-15,31,34,-3
lachie-sullivan,Lachie Sullivan,Collingwood,Free agents,Fwd,the-sheet-recut-20-8,23,DNP,DNP,18,18,0,0.0,765,764,1,211,211,0
lachie-whitfield,Lachie Whitfield,GWS,North Melbourne Kangaroos,Def,the-sheet-recut-20-8,23,PLAYED,109.0,2177,2196,19,0.87,90,89,1,18,19,-1
lachlan-ash,Lachlan Ash,GWS,Melbourne Demons,Def,the-sheet-recut-20-8,23,PLAYED,144.0,5456,5763,307,5.63,15,12,3,2,2,0
lachlan-blakiston,Lachlan Blakiston,Essendon,West Coast Eagles,Key Def,the-sheet-recut-20-8,23,DNP,DNP,57,57,0,0.0,684,684,0,67,66,1
lachlan-bramble,Lachlan Bramble,Western Bulldogs,Sydney Swans,Fwd,the-sheet-recut-20-8,23,PLAYED,51.0,131,109,-22,-16.79,570,601,-31,144,149,-5
lachlan-carmichael,Lachlan Carmichael,Western Bulldogs,Hawthorn Hawks,Def,the-sheet-recut-20-8,23,PLAYED,13.0,479,486,7,1.46,331,327,4,82,79,3
lachlan-cowan,Lachlan Cowan,Carlton,Essendon Bombers,Def,the-sheet-recut-20-8,23,PLAYED,44.0,698,685,-13,-1.86,267,272,-5,67,67,0
lachlan-fogarty,Lachlan Fogarty,Carlton,Free agents,Fwd,the-sheet-recut-20-8,23,DNP,DNP,79,75,-4,-5.06,645,649,-4,169,169,0
lachlan-gulbin,Lachlan Gulbin,Gold Coast,West Coast Eagles,Fwd,the-sheet-recut-20-8,23,PLAYED,53.0,211,234,23,10.9,491,466,25,117,111,6
lachlan-jones,Lachlan Jones,Port Adelaide,Adelaide Crows,Def,the-sheet-recut-20-8,23,PLAYED,64.0,153,146,-7,-4.58,547,553,-6,118,119,-1
lachlan-mcandrew,Lachlan McAndrew,Adelaide,Brisbane Lions,Ruck,the-sheet-recut-20-8,23,PLAYED,109.0,1027,1093,66,6.43,204,195,9,16,15,1
lachlan-mcneil,Lachlan McNeil,Western Bulldogs,Free agents,Fwd,the-sheet-recut-20-8,23,DNP,DNP,20,20,0,0.0,759,760,-1,208,209,-1
lachlan-schultz,Lachlan Schultz,Fremantle,Adelaide Crows,Fwd,the-sheet-recut-20-8,23,PLAYED,82.0,746,752,6,0.8,256,257,-1,64,64,0
lachlan-sholl,Lachlan Sholl,Adelaide,Free agents,Mid,the-sheet-recut-20-8,23,DNP,DNP,122,112,-10,-8.2,581,594,-13,119,123,-4
lachlan-smith,Lachlan Smith,Western Bulldogs,Collingwood Magpies,Ruck,the-sheet-recut-20-8,23,DNP,DNP,148,149,1,0.68,554,549,5,42,42,0
lachlan-weller,Lachlan Weller,Gold Coast,Brisbane Lions,Mid,the-sheet-recut-20-8,23,DNP,DNP,48,48,0,0.0,699,698,1,139,139,0
lachy-dovaston,Lachy Dovaston,North Melbourne,Fremantle Dockers,Fwd,the-sheet-recut-20-8,23,DNP,DNP,552,544,-8,-1.45,304,301,3,72,72,0
laitham-vandermeer,Laitham Vandermeer,Western Bulldogs,Free agents,Fwd,the-sheet-recut-20-8,23,DNP,DNP,6,6,0,0.0,790,790,0,220,220,0
lance-collard,Lance Collard,St Kilda,Hawthorn Hawks,Fwd,the-sheet-recut-20-8,23,DNP,DNP,138,132,-6,-4.35,565,571,-6,142,144,-2
latrelle-pickett,Latrelle Pickett,Melbourne,Collingwood Magpies,Fwd,the-sheet-recut-20-8,23,DNP,DNP,374,374,0,0.0,373,374,-1,84,83,1
lawson-humphries,Lawson Humphries,Geelong,Geelong Cats,Def,the-sheet-recut-20-8,23,PLAYED,102.0,1525,1535,10,0.66,145,142,3,33,33,0
leek-aleer,Leek Aleer,GWS,Port Adelaide Power,Key Def,the-sheet-recut-20-8,23,DNP,DNP,273,269,-4,-1.47,431,432,-1,35,35,0
lennox-hoffman,Lennox Hoffman,Geelong,St Kilda Saints,Def,the-sheet-recut-20-8,23,DNP,DNP,111,111,0,0.0,595,597,-2,126,126,0
leo-lombard,Leo Lombard,Gold Coast,Fremantle Dockers,Fwd,the-sheet-recut-20-8,23,PLAYED,55.0,1677,1637,-40,-2.39,131,132,-1,35,36,-1
leon-kickett,Leon Kickett,Fremantle,Free agents,Fwd,the-sheet-recut-20-8,23,DNP,DNP,92,89,-3,-3.26,622,629,-7,159,162,-3
levi-ashcroft,Levi Ashcroft,Brisbane,Essendon Bombers,Mid,the-sheet-recut-20-8,23,PLAYED,140.0,3394,3686,292,8.6,47,37,10,20,18,2
lewis-hayes,Lewis Hayes,Essendon,Western Bulldogs,Def,the-sheet-recut-20-8,23,DNP,DNP,347,346,-1,-0.29,391,391,0,96,96,0
lewis-melican,Lewis Melican,Sydney,Brisbane Lions,Key Def,the-sheet-recut-20-8,23,DNP,DNP,35,35,0,0.0,730,725,5,73,73,0
lewis-young,Lewis Young,Carlton,Port Adelaide Power,Key Fwd,the-sheet-recut-20-8,23,DNP,DNP,145,145,0,0.0,558,555,3,89,88,1
liam-baker,Liam Baker,West Coast,Carlton Blues,Def,the-sheet-recut-20-8,23,PLAYED,79.0,506,479,-27,-5.34,326,328,-2,80,80,0
liam-duggan,Liam Duggan,West Coast,Adelaide Crows,Def,the-sheet-recut-20-8,23,PLAYED,37.0,271,194,-77,-28.41,435,503,-68,104,111,-7
liam-fawcett,Liam Fawcett,Richmond,Carlton Blues,Key Fwd,the-sheet-recut-20-8,23,DNP,DNP,272,267,-5,-1.84,432,435,-3,64,65,-1
liam-henry,Liam Henry,St Kilda,Essendon Bombers,Fwd,the-sheet-recut-20-8,23,DNP,DNP,64,64,0,0.0,672,675,-3,178,179,-1
liam-hetherton,Liam Hetherton,Sydney,St Kilda Saints,Key Fwd,the-sheet-recut-20-8,23,DNP,DNP,70,68,-2,-2.86,659,663,-4,109,109,0
liam-mcmahon,Liam McMahon,Essendon,Free agents,Key Fwd,the-sheet-recut-20-8,23,DNP,DNP,194,194,0,0.0,505,504,1,79,79,0
liam-o-connell,Liam O'Connell,St Kilda,West Coast Eagles,Def,the-sheet-recut-20-8,23,PLAYED,49.0,74,74,0,0.0,654,651,3,139,138,1
liam-puncher,Liam Puncher,Collingwood,North Melbourne Kangaroos,Key Def,the-sheet-recut-20-8,23,PLAYED,12.0,208,179,-29,-13.94,494,522,-28,44,49,-5
liam-reidy,Liam Reidy,Carlton,Port Adelaide Power,Key Fwd,the-sheet-recut-20-8,23,DNP,DNP,76,76,0,0.0,649,646,3,108,108,0
liam-ryan,Liam Ryan,St Kilda,Melbourne Demons,Fwd,the-sheet-recut-20-8,23,DNP,DNP,6,6,0,0.0,791,791,0,221,221,0
liam-stocker,Liam Stocker,St Kilda,Free Agents,Def,the-sheet-recut-20-8,23,PLAYED,83.0,23,23,0,0.0,751,751,0,163,163,0
lincoln-mccarthy,Lincoln McCarthy,Brisbane,Essendon Bombers,Fwd,the-sheet-recut-20-8,23,DNP,DNP,11,11,0,0.0,781,779,2,216,216,0
lloyd-meek,Lloyd Meek,Hawthorn,West Coast Eagles,Ruck,the-sheet-recut-20-8,23,PLAYED,81.0,1485,1483,-2,-0.13,148,150,-2,12,13,-1
logan-evans,Logan Evans,Port Adelaide,Sydney Swans,Def,the-sheet-recut-20-8,23,DNP,DNP,1379,1376,-3,-0.22,159,157,2,38,38,0
logan-mcdonald,Logan McDonald,Sydney,Essendon Bombers,Key Fwd,the-sheet-recut-20-8,23,PLAYED,84.0,688,766,78,11.34,270,249,21,35,32,3
logan-morris,Logan Morris,Brisbane,Sydney Swans,Key Fwd,the-sheet-recut-20-8,23,PLAYED,85.0,2926,2945,19,0.65,60,61,-1,4,4,0
logan-smith,Logan Smith,GWS,Fremantle Dockers,Ruck,the-sheet-recut-20-8,23,DNP,DNP,321,321,0,0.0,401,403,-2,30,29,1
louis-emmett,Louis Emmett,Western Bulldogs,Adelaide Crows,Ruck,the-sheet-recut-20-8,23,PLAYED,11.0,560,568,8,1.43,301,292,9,21,20,1
lucas-camporeale,Lucas Camporeale,Carlton,Fremantle Dockers,Mid,the-sheet-recut-20-8,23,DNP,DNP,162,155,-7,-4.32,538,543,-5,113,115,-2
lucca-grego,Lucca Grego,West Coast,Melbourne Demons,Def,the-sheet-recut-20-8,23,DNP,DNP,75,69,-6,-8.0,651,662,-11,138,140,-2
lukas-cooke,Lukas Cooke,Melbourne,Adelaide Crows,Key Def,the-sheet-recut-20-8,23,DNP,DNP,269,261,-8,-2.97,437,439,-2,37,36,1
luke-beecken,Luke Beecken,Brisbane,Port Adelaide Power,Mid,the-sheet-recut-20-8,23,DNP,DNP,157,157,0,0.0,541,541,0,114,114,0
luke-cleary,Luke Cleary,Western Bulldogs,Sydney Swans,Def,the-sheet-recut-20-8,23,DNP,DNP,36,35,-1,-2.78,726,726,0,157,155,2
luke-davies-uniacke,Luke Davies-Uniacke,North Melbourne,Richmond Tigers,Mid,the-sheet-recut-20-8,23,PLAYED,64.0,3948,3615,-333,-8.43,31,40,-9,14,19,-5
luke-jackson,Luke Jackson,Fremantle,St Kilda Saints,Ruck,the-sheet-recut-20-8,23,PLAYED,111.0,9417,9265,-152,-1.61,3,3,0,1,1,0
luke-kennedy,Luke Kennedy,Western Bulldogs,North Melbourne Kangaroos,Mid,the-sheet-recut-20-8,23,PLAYED,44.0,124,137,13,10.48,576,563,13,117,119,-2
luke-lloyd,Luke Lloyd,Brisbane,Free agents,Key Fwd,the-sheet-recut-20-8,23,DNP,DNP,191,193,2,1.05,507,505,2,80,80,0
luke-mcdonald,Luke McDonald,North Melbourne,Geelong Cats,Def,the-sheet-recut-20-8,23,DNP,DNP,20,20,0,0.0,760,761,-1,167,167,0
luke-nankervis,Luke Nankervis,Adelaide,Western Bulldogs,Mid,the-sheet-recut-20-8,23,PLAYED,48.0,395,378,-17,-4.3,365,371,-6,87,89,-2
luke-parker,Luke Parker,North Melbourne,North Melbourne Kangaroos,Def,the-sheet-recut-20-8,23,PLAYED,72.0,1261,1187,-74,-5.87,172,180,-8,44,47,-3
luke-pedlar,Luke Pedlar,Adelaide,Essendon Bombers,Fwd,the-sheet-recut-20-8,23,DNP,DNP,90,90,0,0.0,624,628,-4,161,161,0
luke-ryan,Luke Ryan,Fremantle,Port Adelaide Power,Def,the-sheet-recut-20-8,23,PLAYED,85.0,1362,1347,-15,-1.1,162,161,1,39,40,-1
luke-trainor,Luke Trainor,Richmond,Carlton Blues,Def,the-sheet-recut-20-8,23,PLAYED,33.0,1008,932,-76,-7.54,205,221,-16,52,56,-4
luke-urquhart,Luke Urquhart,North Melbourne,Melbourne Demons,Mid,the-sheet-recut-20-8,23,DNP,DNP,39,37,-2,-5.13,712,717,-5,140,140,0
luker-kentfield,Luker Kentfield,Melbourne,Carlton Blues,Key Fwd,the-sheet-recut-20-8,23,DNP,DNP,156,150,-6,-3.85,543,547,-4,87,87,0
mabior-chol,Mabior Chol,Hawthorn,Collingwood Magpies,Key Fwd,the-sheet-recut-20-8,23,PLAYED,57.0,301,290,-11,-3.65,411,421,-10,60,62,-2
mac-andrew,Mac Andrew,Gold Coast,Western Bulldogs,Key Def,the-sheet-recut-20-8,23,PLAYED,60.0,3845,3715,-130,-3.38,34,35,-1,1,1,0
malakai-champion,Malakai Champion,West Coast,Melbourne Demons,Fwd,the-sheet-recut-20-8,23,DNP,DNP,166,165,-1,-0.6,533,533,0,131,132,-1
malcolm-rosas,Malcolm Rosas,Sydney,Melbourne Demons,Fwd,the-sheet-recut-20-8,23,DNP,DNP,28,28,0,0.0,739,737,2,198,197,1
mani-liddy,Mani Liddy,Port Adelaide,North Melbourne Kangaroos,Mid,the-sheet-recut-20-8,23,DNP,DNP,102,98,-4,-3.92,605,614,-9,125,126,-1
marc-pittonet,Marc Pittonet,Carlton,Sydney Swans,Ruck,the-sheet-recut-20-8,23,PLAYED,89.0,536,538,2,0.37,311,305,6,22,21,1
marcus-bontempelli,Marcus Bontempelli,Western Bulldogs,St Kilda Saints,Mid,the-sheet-recut-20-8,23,DNP,DNP,3712,3702,-10,-0.27,36,36,0,17,17,0
marcus-herbert,Marcus Herbert,West Coast,Essendon Bombers,Mid,the-sheet-recut-20-8,23,PLAYED,61.0,842,748,-94,-11.16,235,258,-23,57,63,-6
marcus-windhager,Marcus Windhager,St Kilda,Port Adelaide Power,Def,the-sheet-recut-20-8,23,PLAYED,90.0,1819,1884,65,3.57,120,113,7,26,26,0
mark-blicavs,Mark Blicavs,Geelong,Geelong Cats,Ruck,the-sheet-recut-20-8,23,PLAYED,119.0,50,60,10,20.0,695,681,14,45,45,0
mark-keane,Mark Keane,Adelaide,Adelaide Crows,Key Def,the-sheet-recut-20-8,23,PLAYED,73.0,1438,1365,-73,-5.08,153,158,-5,8,9,-1
mark-o-connor,Mark O'Connor,Geelong,Brisbane Lions,Def,the-sheet-recut-20-8,23,PLAYED,76.0,21,21,0,0.0,758,759,-1,166,166,0
mason-cox,Mason Cox,Fremantle,Geelong Cats,Key Fwd,the-sheet-recut-20-8,23,PLAYED,78.0,2,3,1,50.0,802,799,3,121,120,1
mason-redman,Mason Redman,Essendon,Collingwood Magpies,Def,the-sheet-recut-20-8,23,PLAYED,81.0,1155,1113,-42,-3.64,186,192,-6,48,49,-1
mason-wood,Mason Wood,St Kilda,Port Adelaide Power,Fwd,the-sheet-recut-20-8,23,DNP,DNP,365,365,0,0.0,379,383,-4,86,85,1
massimo-d-ambrosio,Massimo D'Ambrosio,Hawthorn,Geelong Cats,Mid,the-sheet-recut-20-8,23,PLAYED,76.0,1704,1700,-4,-0.23,129,130,-1,39,39,0
matt-carroll,Matt Carroll,Carlton,Western Bulldogs,Def,the-sheet-recut-20-8,23,DNP,DNP,741,739,-2,-0.27,258,259,-1,65,64,1
matt-cottrell,Matt Cottrell,Carlton,Adelaide Crows,Fwd,the-sheet-recut-20-8,23,PLAYED,71.0,119,134,15,12.61,585,567,18,146,142,4
matt-duffy,Matt Duffy,Carlton,Free agents,Key Def,the-sheet-recut-20-8,23,DNP,DNP,37,37,0,0.0,719,718,1,71,70,1
matt-guelfi,Matt Guelfi,Essendon,Free agents,Fwd,the-sheet-recut-20-8,23,DNP,DNP,4,4,0,0.0,796,796,0,224,224,0
matt-hill,Matt Hill,Hawthorn,Free agents,Def,the-sheet-recut-20-8,23,DNP,DNP,37,35,-2,-5.41,720,727,-7,154,156,-2
matt-johnson-1,Matt Johnson,Fremantle,Adelaide Crows,Mid,the-sheet-recut-20-8,23,PLAYED,60.0,1113,1037,-76,-6.83,195,203,-8,49,53,-4
matt-owies,Matt Owies,Carlton,Free agents,Fwd,the-sheet-recut-20-8,23,DNP,DNP,3,3,0,0.0,799,800,-1,226,226,0
matt-rowell,Matt Rowell,Gold Coast,Collingwood Magpies,Mid,the-sheet-recut-20-8,23,PLAYED,118.0,4510,4525,15,0.33,20,21,-1,12,12,0
matt-whitlock,Matt Whitlock,North Melbourne,Adelaide Crows,Key Fwd,the-sheet-recut-20-8,23,DNP,DNP,235,228,-7,-2.98,464,474,-10,72,74,-2
mattaes-phillipou,Mattaes Phillipou,St Kilda,Brisbane Lions,Fwd,the-sheet-recut-20-8,23,PLAYED,37.0,2019,1885,-134,-6.64,106,112,-6,30,30,0
matthew-flynn,Matthew Flynn,West Coast,Sydney Swans,Ruck,the-sheet-recut-20-8,23,DNP,DNP,617,616,-1,-0.16,285,284,1,20,19,1
matthew-jefferson,Matthew Jefferson,Melbourne,Adelaide Crows,Key Fwd,the-sheet-recut-20-8,23,PLAYED,73.0,272,314,42,15.44,433,408,25,65,59,6
matthew-kennedy-1,Matthew Kennedy,Western Bulldogs,St Kilda Saints,Mid,the-sheet-recut-20-8,23,PLAYED,113.0,536,599,63,11.75,312,286,26,73,69,4
matthew-leray,Matthew LeRay,Hawthorn,Hawthorn Hawks,Mid,the-sheet-recut-20-8,23,DNP,DNP,111,108,-3,-2.7,596,602,-6,123,124,-1
matthew-roberts,Matthew Roberts,Sydney,Carlton Blues,Def,the-sheet-recut-20-8,23,PLAYED,71.0,1644,1584,-60,-3.65,134,137,-3,30,31,-1
maurice-rioli-1,Maurice Rioli,Richmond,Free agents,Fwd,the-sheet-recut-20-8,23,DNP,DNP,23,23,0,0.0,752,752,0,205,205,0
max-beattie,Max Beattie,Hawthorn,Carlton Blues,Fwd,the-sheet-recut-20-8,23,PLAYED,55.0,95,113,18,18.95,618,590,28,156,146,10
max-gawn,Max Gawn,Melbourne,North Melbourne Kangaroos,Ruck,the-sheet-recut-20-8,23,PLAYED,139.0,3142,3194,52,1.65,53,53,0,5,5,0
max-gruzewski,Max Gruzewski,GWS,Essendon Bombers,Key Fwd,the-sheet-recut-20-8,23,PLAYED,60.0,457,474,17,3.72,339,331,8,50,51,-1
max-hall,Max Hall,St Kilda,Western Bulldogs,Fwd,the-sheet-recut-20-8,23,PLAYED,181.0,2184,2346,162,7.42,89,81,8,23,22,1
max-heath,Max Heath,Melbourne,Sydney Swans,Key Fwd,the-sheet-recut-20-8,23,DNP,DNP,550,539,-11,-2.0,306,304,2,44,43,1
max-holmes,Max Holmes,Geelong,Geelong Cats,Mid,the-sheet-recut-20-8,23,DNP,DNP,7608,7588,-20,-0.26,5,5,0,2,2,0
max-king-stk,Max King,St Kilda,Hawthorn Hawks,Key Fwd,the-sheet-recut-20-8,23,DNP,DNP,258,252,-6,-2.33,447,448,-1,67,67,0
max-king-syd,Maxwell King,Sydney,Richmond Tigers,Key Fwd,the-sheet-recut-20-8,23,DNP,DNP,138,133,-5,-3.62,566,568,-2,91,90,1
max-knobel,Max Knobel,Gold Coast,Fremantle Dockers,Ruck,the-sheet-recut-20-8,23,DNP,DNP,317,317,0,0.0,405,407,-2,31,30,1
max-kondogiannis,Max Kondogiannis,Essendon,Hawthorn Hawks,Def,the-sheet-recut-20-8,23,PLAYED,71.0,357,359,2,0.56,386,385,1,94,94,0
max-mapley,Max Mapley,Melbourne,Sydney Swans,Ruck,the-sheet-recut-20-8,23,DNP,DNP,266,260,-6,-2.26,444,444,0,35,35,0
max-michalanney,Max Michalanney,Adelaide,Carlton Blues,Def,the-sheet-recut-20-8,23,PLAYED,51.0,461,471,10,2.17,335,332,3,83,81,2
max-ramsden,Max Ramsden,Hawthorn,Hawthorn Hawks,Key Fwd,the-sheet-recut-20-8,23,DNP,DNP,57,55,-2,-3.51,685,688,-3,112,112,0
michael-frederick,Michael Frederick,Fremantle,Port Adelaide Power,Fwd,the-sheet-recut-20-8,23,PLAYED,64.0,74,70,-4,-5.41,655,658,-3,172,172,0
michael-sellwood,Michael Sellwood,Western Bulldogs,Carlton Blues,Def,the-sheet-recut-20-8,23,PLAYED,89.0,269,305,36,13.38,438,411,27,105,100,5
milan-murdock,Milan Murdock,West Coast,Richmond Tigers,Fwd,the-sheet-recut-20-8,23,PLAYED,84.0,219,242,23,10.5,479,457,22,110,106,4
miles-bergman,Miles Bergman,Port Adelaide,Richmond Tigers,Def,the-sheet-recut-20-8,23,PLAYED,118.0,977,1190,213,21.8,212,179,33,54,46,8
mitch-georgiades,Mitch Georgiades,Port Adelaide,North Melbourne Kangaroos,Key Fwd,the-sheet-recut-20-8,23,PLAYED,74.0,1366,1386,20,1.46,161,154,7,19,16,3
mitch-mcgovern,Mitch McGovern,Carlton,Geelong Cats,Fwd,the-sheet-recut-20-8,23,PLAYED,55.0,50,45,-5,-10.0,696,703,-7,185,187,-2
mitch-podhajski,Mitch Podhajski,Collingwood,Hawthorn Hawks,Key Fwd,the-sheet-recut-20-8,23,DNP,DNP,119,117,-2,-1.68,586,587,-1,98,98,0
mitch-zadow,Mitch Zadow,Port Adelaide,Port Adelaide Power,Fwd,the-sheet-recut-20-8,23,PLAYED,16.0,109,97,-12,-11.01,600,615,-15,150,154,-4
mitchell-edwards,Mitchell Edwards,Geelong,Port Adelaide Power,Ruck,the-sheet-recut-20-8,23,PLAYED,56.0,1405,1484,79,5.62,155,149,6,13,12,1
mitchell-hinge,Mitchell Hinge,Adelaide,Sydney Swans,Def,the-sheet-recut-20-8,23,DNP,DNP,396,382,-14,-3.54,364,368,-4,90,91,-1
mitchell-knevitt,Mitchell Knevitt,Geelong,Richmond Tigers,Mid,the-sheet-recut-20-8,23,DNP,DNP,180,177,-3,-1.67,520,524,-4,110,112,-2
mitchell-lewis,Mitchell Lewis,Hawthorn,North Melbourne Kangaroos,Key Fwd,the-sheet-recut-20-8,23,PLAYED,89.0,604,690,86,14.24,288,271,17,37,35,2
mitchell-marsh,Mitchell Marsh,Adelaide,Hawthorn Hawks,Key Fwd,the-sheet-recut-20-8,23,DNP,DNP,552,546,-6,-1.09,305,300,5,43,42,1
mitchito-owens,Mitchito Owens,St Kilda,St Kilda Saints,Key Fwd,the-sheet-recut-20-8,23,PLAYED,113.0,1973,2180,207,10.49,110,91,19,8,7,1
murphy-reid,Murphy Reid,Fremantle,Fremantle Dockers,Fwd,the-sheet-recut-20-8,23,DNP,DNP,3427,3427,0,0.0,46,45,1,11,11,0
mykelti-lefau,Mykelti Lefau,Richmond,Carlton Blues,Key Fwd,the-sheet-recut-20-8,23,PLAYED,54.0,102,104,2,1.96,606,606,0,101,101,0
nasiah-wanganeen-milera,Nasiah Wanganeen-Milera,St Kilda,Brisbane Lions,Def,the-sheet-recut-20-8,23,DNP,DNP,8681,8660,-21,-0.24,4,4,0,1,1,0
nate-caddy,Nate Caddy,Essendon,Essendon Bombers,Key Fwd,the-sheet-recut-20-8,23,PLAYED,47.0,1617,1612,-5,-0.31,135,134,1,14,14,0
nathan-broad,Nathan Broad,Richmond,Free agents,Def,the-sheet-recut-20-8,23,PLAYED,69.0,8,9,1,12.5,786,785,1,173,173,0
nathan-o-driscoll,Nathan O'Driscoll,Fremantle,Essendon Bombers,Mid,the-sheet-recut-20-8,23,PLAYED,40.0,555,476,-79,-14.23,303,329,-26,70,76,-6
nathan-wardius,Nathan Wardius,GWS,Western Bulldogs,Fwd,the-sheet-recut-20-8,23,DNP,DNP,37,37,0,0.0,721,719,2,192,192,0
ned-bowman,Ned Bowman,Sydney,Free agents,Fwd,the-sheet-recut-20-8,23,DNP,DNP,124,120,-4,-3.23,577,580,-3,145,145,0
ned-long,Ned Long,Collingwood,Brisbane Lions,Fwd,the-sheet-recut-20-8,23,PLAYED,58.0,1292,1243,-49,-3.79,169,172,-3,43,46,-3
ned-moyle,Ned Moyle,Gold Coast,St Kilda Saints,Ruck,the-sheet-recut-20-8,23,PLAYED,120.0,1794,1877,83,4.63,123,115,8,10,7,3
ned-reeves,Ned Reeves,Hawthorn,Richmond Tigers,Ruck,the-sheet-recut-20-8,23,DNP,DNP,343,342,-1,-0.29,394,395,-1,29,28,1
neil-erasmus,Neil Erasmus,Fremantle,Essendon Bombers,Mid,the-sheet-recut-20-8,23,PLAYED,87.0,942,931,-11,-1.17,221,223,-2,56,56,0
nic-newman,Nic Newman,Carlton,St Kilda Saints,Def,the-sheet-recut-20-8,23,DNP,DNP,674,673,-1,-0.15,272,274,-2,69,69,0
nicholas-coffield,Nicholas Coffield,Western Bulldogs,West Coast Eagles,Def,the-sheet-recut-20-8,23,DNP,DNP,82,82,0,0.0,639,634,5,135,135,0
nicholas-holman,Nicholas Holman,Gold Coast,Free agents,Fwd,the-sheet-recut-20-8,23,DNP,DNP,1,1,0,0.0,804,804,0,227,227,0
nicholas-martin,Nicholas Martin,Essendon,Melbourne Demons,Fwd,the-sheet-recut-20-8,23,DNP,DNP,4288,4061,-227,-5.29,23,27,-4,5,6,-1
nick-blakey,Nick Blakey,Sydney,Collingwood Magpies,Def,the-sheet-recut-20-8,23,PLAYED,91.0,4057,4152,95,2.34,29,25,4,4,4,0
nick-bryan,Nick Bryan,Essendon,Western Bulldogs,Ruck,the-sheet-recut-20-8,23,PLAYED,92.0,751,768,17,2.26,253,248,5,18,18,0
nick-daicos,Nick Daicos,Collingwood,North Melbourne Kangaroos,Mid,the-sheet-recut-20-8,23,PLAYED,110.0,9977,9892,-85,-0.85,2,2,0,1,1,0
nick-driscoll,Nick Driscoll,Geelong,Port Adelaide Power,Fwd,the-sheet-recut-20-8,23,DNP,DNP,97,94,-3,-3.09,610,620,-10,153,156,-3
nick-haynes,Nick Haynes,Carlton,West Coast Eagles,Def,the-sheet-recut-20-8,23,PLAYED,118.0,69,117,48,69.57,662,588,74,140,124,16
nick-larkey,Nick Larkey,North Melbourne,Brisbane Lions,Key Fwd,the-sheet-recut-20-8,23,PLAYED,94.0,566,631,65,11.48,295,280,15,40,38,2
nick-madden,Nick Madden,GWS,Hawthorn Hawks,Ruck,the-sheet-recut-20-8,23,PLAYED,63.0,1120,1125,5,0.45,192,189,3,14,14,0
nick-murray,Nick Murray,Adelaide,Fremantle Dockers,Key Def,the-sheet-recut-20-8,23,DNP,DNP,368,368,0,0.0,376,379,-3,29,30,-1
nick-vlastuin,Nick Vlastuin,Richmond,St Kilda Saints,Def,the-sheet-recut-20-8,23,PLAYED,67.0,118,113,-5,-4.24,588,591,-3,124,125,-1
nick-watson,Nick Watson,Hawthorn,West Coast Eagles,Fwd,the-sheet-recut-20-8,23,PLAYED,76.0,3570,3594,24,0.67,42,41,1,10,9,1
nikolas-cox,Nikolas Cox,Essendon,Essendon Bombers,Mid,the-sheet-recut-20-8,23,DNP,DNP,166,163,-3,-1.81,534,537,-3,112,113,-1
noah-anderson,Noah Anderson,Gold Coast,Richmond Tigers,Mid,the-sheet-recut-20-8,23,PLAYED,105.0,4989,4957,-32,-0.64,17,17,0,9,9,0
noah-answerth,Noah Answerth,Brisbane,St Kilda Saints,Def,the-sheet-recut-20-8,23,PLAYED,61.0,16,18,2,12.5,771,765,6,170,169,1
noah-balta,Noah Balta,Richmond,Carlton Blues,Key Fwd,the-sheet-recut-20-8,23,DNP,DNP,456,455,-1,-0.22,340,338,2,51,52,-1
noah-chamberlain,Noah Chamberlain,Sydney,St Kilda Saints,Key Fwd,the-sheet-recut-20-8,23,DNP,DNP,40,38,-2,-5.0,711,713,-2,117,117,0
noah-howes,Noah Howes,Collingwood,Essendon Bombers,Key Fwd,the-sheet-recut-20-8,23,PLAYED,43.0,225,302,77,34.22,471,414,57,74,60,14
noah-long,Noah Long,West Coast,Free agents,Fwd,the-sheet-recut-20-8,23,DNP,DNP,86,80,-6,-6.98,629,640,-11,163,165,-2
noah-mraz,Noah Mraz,Hawthorn,Melbourne Demons,Key Def,the-sheet-recut-20-8,23,DNP,DNP,1050,1034,-16,-1.52,200,204,-4,12,13,-1
noah-roberts-thomson,Noah Roberts-Thomson,Richmond,Carlton Blues,Mid,the-sheet-recut-20-8,23,DNP,DNP,252,250,-2,-0.79,452,450,2,103,102,1
oisin-mullin,Oisin Mullin,Geelong,Adelaide Crows,Def,the-sheet-recut-20-8,23,PLAYED,100.0,17,19,2,11.76,769,762,7,169,168,1
oliver-florent,Oliver Florent,Carlton,Sydney Swans,Def,the-sheet-recut-20-8,23,PLAYED,128.0,788,991,203,25.76,243,209,34,62,53,9
oliver-francou,Oliver Francou,West Coast,Fremantle Dockers,Mid,the-sheet-recut-20-8,23,DNP,DNP,537,530,-7,-1.3,310,309,1,72,72,0
oliver-griffin,Oliver Griffin,North Melbourne,Essendon Bombers,Fwd,the-sheet-recut-20-8,23,DNP,DNP,95,92,-3,-3.16,619,623,-4,157,158,-1
oliver-hannaford,Oliver Hannaford,GWS,Melbourne Demons,Mid,the-sheet-recut-20-8,23,DNP,DNP,193,190,-3,-1.55,506,509,-3,109,110,-1
oliver-hayes-brown,Oliver Hayes-Brown,Richmond,Brisbane Lions,Ruck,the-sheet-recut-20-8,23,DNP,DNP,180,177,-3,-1.67,521,525,-4,41,41,0
oliver-henry,Oliver Henry,Geelong,Brisbane Lions,Key Fwd,the-sheet-recut-20-8,23,PLAYED,55.0,218,233,15,6.88,481,469,12,78,72,6
oliver-hollands,Oliver Hollands,Carlton,Western Bulldogs,Def,the-sheet-recut-20-8,23,DNP,DNP,1589,1586,-3,-0.19,138,136,2,31,30,1
oliver-wiltshire,Oliver Wiltshire,Geelong,Port Adelaide Power,Fwd,the-sheet-recut-20-8,23,DNP,DNP,26,26,0,0.0,744,742,2,201,200,1
oliver-wines,Oliver Wines,Port Adelaide,West Coast Eagles,Mid,the-sheet-recut-20-8,23,PLAYED,122.0,275,369,94,34.18,428,377,51,100,90,10
ollie-dempsey,Ollie Dempsey,Geelong,Geelong Cats,Mid,the-sheet-recut-20-8,23,PLAYED,104.0,2286,2329,43,1.88,84,82,2,33,30,3
ollie-greeves,Ollie Greeves,Hawthorn,Hawthorn Hawks,Mid,the-sheet-recut-20-8,23,DNP,DNP,476,475,-1,-0.21,332,330,2,79,77,2
ollie-lord,Ollie Lord,Port Adelaide,West Coast Eagles,Key Fwd,the-sheet-recut-20-8,23,DNP,DNP,131,126,-5,-3.82,571,574,-3,94,94,0
ollie-murphy,Ollie Murphy,Fremantle,St Kilda Saints,Key Def,the-sheet-recut-20-8,23,DNP,DNP,200,200,0,0.0,503,500,3,46,45,1
oscar-adams,Oscar Adams,Gold Coast,Melbourne Demons,Key Def,the-sheet-recut-20-8,23,DNP,DNP,112,112,0,0.0,592,595,-3,57,58,-1
oscar-allen,Oscar Allen,West Coast,Carlton Blues,Key Fwd,the-sheet-recut-20-8,23,PLAYED,67.0,145,143,-2,-1.38,559,559,0,90,89,1
oscar-berry,Oscar Berry,Melbourne,Free agents,Key Def,the-sheet-recut-20-8,23,DNP,DNP,57,55,-2,-3.51,686,689,-3,68,67,1
oscar-mcdonald,Oscar McDonald,Fremantle,Free agents,Key Def,the-sheet-recut-20-8,23,PLAYED,73.0,84,124,40,47.62,635,577,58,59,56,3
oscar-ryan,Oscar Ryan,Adelaide,Adelaide Crows,Def,the-sheet-recut-20-8,23,DNP,DNP,182,184,2,1.1,519,516,3,114,114,0
oscar-steene,Oscar Steene,Collingwood,Adelaide Crows,Key Fwd,the-sheet-recut-20-8,23,DNP,DNP,510,505,-5,-0.98,325,318,7,49,47,2
oskar-baker,Oskar Baker,Western Bulldogs,Brisbane Lions,Fwd,the-sheet-recut-20-8,23,DNP,DNP,19,19,0,0.0,761,763,-2,209,210,-1
oskar-taylor,Oskar Taylor,GWS,Hawthorn Hawks,Def,the-sheet-recut-20-8,23,DNP,DNP,596,585,-11,-1.85,290,287,3,73,70,3
paddy-cross,Paddy Cross,Melbourne,Richmond Tigers,Fwd,the-sheet-recut-20-8,23,DNP,DNP,92,92,0,0.0,623,624,-1,160,159,1
paddy-dow,Paddy Dow,St Kilda,Brisbane Lions,Mid,the-sheet-recut-20-8,23,DNP,DNP,28,28,0,0.0,740,738,2,142,142,0
patrick-carr,Patrick Carr,Richmond,Free agents,Ruck,the-sheet-recut-20-8,23,DNP,DNP,47,46,-1,-2.13,700,701,-1,46,46,0
patrick-cripps,Patrick Cripps,Carlton,Geelong Cats,Mid,the-sheet-recut-20-8,23,PLAYED,115.0,1427,1485,58,4.06,154,148,6,41,41,0
patrick-dangerfield,Patrick Dangerfield,Geelong,Port Adelaide Power,Fwd,the-sheet-recut-20-8,23,PLAYED,70.0,38,42,4,10.53,715,707,8,191,190,1
patrick-lipinski,Patrick Lipinski,Collingwood,Collingwood Magpies,Fwd,the-sheet-recut-20-8,23,DNP,DNP,761,763,2,0.26,249,250,-1,62,62,0
patrick-retschko,Patrick Retschko,Geelong,Collingwood Magpies,Mid,the-sheet-recut-20-8,23,PLAYED,70.0,1116,1155,39,3.49,194,186,8,48,44,4
patrick-said,Patrick Said,St Kilda,Free agents,Fwd,the-sheet-recut-20-8,23,DNP,DNP,28,27,-1,-3.57,741,741,0,199,199,0
patrick-snell,Patrick Snell,Sydney,Hawthorn Hawks,Key Fwd,the-sheet-recut-20-8,23,DNP,DNP,163,165,2,1.23,536,534,2,86,83,3
patrick-voss,Patrick Voss,Fremantle,Fremantle Dockers,Key Fwd,the-sheet-recut-20-8,23,PLAYED,50.0,1384,1364,-20,-1.45,158,159,-1,18,18,0
paul-curtis,Paul Curtis,North Melbourne,Richmond Tigers,Fwd,the-sheet-recut-20-8,23,PLAYED,68.0,1570,1476,-94,-5.99,143,151,-8,39,40,-1
peter-ladhams,Peter Ladhams,Sydney,St Kilda Saints,Key Fwd,the-sheet-recut-20-8,23,DNP,DNP,570,561,-9,-1.58,293,296,-3,39,40,-1
peter-wright,Peter Wright,Essendon,Port Adelaide Power,Key Fwd,the-sheet-recut-20-8,23,PLAYED,39.0,1585,1386,-199,-12.56,140,155,-15,15,17,-2
phoenix-gothard,Phoenix Gothard,GWS,Hawthorn Hawks,Fwd,the-sheet-recut-20-8,23,DNP,DNP,1650,1647,-3,-0.18,133,131,2,36,35,1
reece-torrent,Reece Torrent,Brisbane,Free agents,Mid,the-sheet-recut-20-8,23,DNP,DNP,25,26,1,4.0,747,743,4,143,143,0
reef-mcinnes,Reef McInnes,Collingwood,North Melbourne Kangaroos,Key Def,the-sheet-recut-20-8,23,DNP,DNP,97,91,-6,-6.19,611,626,-15,58,59,-1
reilly-o-brien,Reilly O'Brien,Adelaide,Geelong Cats,Ruck,the-sheet-recut-20-8,23,DNP,DNP,1048,1034,-14,-1.34,201,205,-4,15,16,-1
reuben-ginbey,Reuben Ginbey,West Coast,Melbourne Demons,Def,the-sheet-recut-20-8,23,DNP,DNP,2188,2185,-3,-0.14,88,90,-2,17,20,-3
rhett-bazzo,Rhett Bazzo,West Coast,Carlton Blues,Key Def,the-sheet-recut-20-8,23,PLAYED,64.0,475,514,39,8.21,333,314,19,25,25,0
rhyan-mansell,Rhyan Mansell,Richmond,St Kilda Saints,Fwd,the-sheet-recut-20-8,23,DNP,DNP,67,66,-1,-1.49,668,672,-4,177,177,0
rhylee-west,Rhylee West,Western Bulldogs,North Melbourne Kangaroos,Fwd,the-sheet-recut-20-8,23,PLAYED,59.0,148,148,0,0.0,555,550,5,139,136,3
rhys-stanley,Rhys Stanley,Geelong,Geelong Cats,Ruck,the-sheet-recut-20-8,23,DNP,DNP,6,6,0,0.0,792,792,0,49,49,0
rhys-unwin,Rhys Unwin,Essendon,Free agents,Fwd,the-sheet-recut-20-8,23,PLAYED,76.0,85,107,22,25.88,632,603,29,164,150,14
riak-andrew,Riak Andrew,Sydney,Carlton Blues,Key Def,the-sheet-recut-20-8,23,DNP,DNP,124,121,-3,-2.42,578,579,-1,55,57,-2
ricky-mentha,Ricky Mentha,Melbourne,Western Bulldogs,Fwd,the-sheet-recut-20-8,23,DNP,DNP,23,23,0,0.0,753,753,0,206,206,0
riley-bice,Riley Bice,Sydney,Collingwood Magpies,Def,the-sheet-recut-20-8,23,PLAYED,55.0,362,342,-20,-5.52,382,396,-14,93,97,-4
riley-garcia,Riley Garcia,Western Bulldogs,Essendon Bombers,Fwd,the-sheet-recut-20-8,23,DNP,DNP,84,80,-4,-4.76,636,641,-5,165,166,-1
riley-hamilton,Riley Hamilton,GWS,Free agents,Fwd,the-sheet-recut-20-8,23,PLAYED,45.0,207,222,15,7.25,495,477,18,118,114,4
riley-hardeman,Riley Hardeman,North Melbourne,Sydney Swans,Def,the-sheet-recut-20-8,23,PLAYED,57.0,224,342,118,52.68,473,397,76,107,98,9
riley-onley,Riley Onley,Melbourne,Western Bulldogs,Mid,the-sheet-recut-20-8,23,DNP,DNP,97,94,-3,-3.09,612,621,-9,126,127,-1
riley-thilthorpe,Riley Thilthorpe,Adelaide,Melbourne Demons,Key Fwd,the-sheet-recut-20-8,23,PLAYED,70.0,4107,4048,-59,-1.44,28,28,0,3,3,0
river-stevens,River Stevens,North Melbourne,Free agents,Fwd,the-sheet-recut-20-8,23,DNP,DNP,44,44,0,0.0,705,705,0,189,189,0
roan-steele,Roan Steele,Collingwood,North Melbourne Kangaroos,Mid,the-sheet-recut-20-8,23,PLAYED,101.0,69,73,4,5.8,663,652,11,134,133,1
rob-monahan,Rob Monahan,Carlton,Free agents,Def,the-sheet-recut-20-8,23,DNP,DNP,37,37,0,0.0,722,720,2,155,154,1
robert-hansen,Robert Hansen,North Melbourne,West Coast Eagles,Fwd,the-sheet-recut-20-8,23,DNP,DNP,75,72,-3,-4.0,652,655,-3,171,171,0
rory-laird,Rory Laird,Adelaide,Port Adelaide Power,Def,the-sheet-recut-20-8,23,PLAYED,81.0,751,731,-20,-2.66,254,263,-9,64,65,-1
rory-lobb,Rory Lobb,Western Bulldogs,Port Adelaide Power,Key Def,the-sheet-recut-20-8,23,PLAYED,78.0,272,280,8,2.94,434,428,6,36,34,2
rowan-marshall,Rowan Marshall,St Kilda,Western Bulldogs,Key Fwd,the-sheet-recut-20-8,23,PLAYED,98.0,2066,2104,38,1.84,98,100,-2,7,8,-1
ryan-angwin,Ryan Angwin,GWS,Hawthorn Hawks,Mid,the-sheet-recut-20-8,23,PLAYED,49.0,480,449,-31,-6.46,330,341,-11,78,80,-2
ryan-byrnes,Ryan Byrnes,St Kilda,Adelaide Crows,Def,the-sheet-recut-20-8,23,PLAYED,65.0,106,111,5,4.72,602,598,4,129,127,2
ryan-gardner,Ryan Gardner,Western Bulldogs,Free agents,Key Def,the-sheet-recut-20-8,23,DNP,DNP,7,7,0,0.0,788,788,0,81,81,0
ryan-lester,Ryan Lester,Brisbane,Sydney Swans,Def,the-sheet-recut-20-8,23,PLAYED,82.0,37,41,4,10.81,723,708,15,156,147,9
ryan-maric,Ryan Maric,West Coast,St Kilda Saints,Def,the-sheet-recut-20-8,23,DNP,DNP,1392,1389,-3,-0.22,157,153,4,37,36,1
ryda-luke,Ryda Luke,Fremantle,Free agents,Fwd,the-sheet-recut-20-8,23,DNP,DNP,25,24,-1,-4.0,748,747,1,203,202,1
ryley-sanders,Ryley Sanders,Western Bulldogs,Sydney Swans,Fwd,the-sheet-recut-20-8,23,PLAYED,59.0,3603,3618,15,0.42,40,39,1,9,8,1
saad-el-hawli,Saad El-Hawli,Essendon,North Melbourne Kangaroos,Def,the-sheet-recut-20-8,23,DNP,DNP,56,57,1,1.79,687,685,2,145,145,0
sam-allen,Sam Allen,West Coast,Sydney Swans,Fwd,the-sheet-recut-20-8,23,DNP,DNP,450,439,-11,-2.44,342,345,-3,77,78,-1
sam-banks,Sam Banks,Richmond,Carlton Blues,Def,the-sheet-recut-20-8,23,PLAYED,60.0,918,834,-84,-9.15,225,240,-15,57,62,-5
sam-berry,Sam Berry,Adelaide,Sydney Swans,Mid,the-sheet-recut-20-8,23,PLAYED,38.0,3661,3387,-274,-7.48,38,46,-8,18,20,-2
sam-butler-1,Sam Butler,Hawthorn,Carlton Blues,Fwd,the-sheet-recut-20-8,23,DNP,DNP,105,103,-2,-1.9,603,607,-4,151,151,0
sam-clohesy,Sam Clohesy,Gold Coast,Sydney Swans,Mid,the-sheet-recut-20-8,23,PLAYED,77.0,316,339,23,7.28,406,399,7,94,95,-1
sam-cumming,Sam Cumming,Richmond,Carlton Blues,Mid,the-sheet-recut-20-8,23,DNP,DNP,2146,2142,-4,-0.19,94,94,0,35,33,2
sam-darcy,Sam Darcy,Western Bulldogs,Adelaide Crows,Key Fwd,the-sheet-recut-20-8,23,DNP,DNP,5122,5116,-6,-0.12,16,16,0,2,2,0
sam-davidson,Sam Davidson,Western Bulldogs,Brisbane Lions,Fwd,the-sheet-recut-20-8,23,PLAYED,76.0,96,100,4,4.17,614,609,5,154,152,2
sam-de-koning,Sam De Koning,Geelong,Port Adelaide Power,Key Def,the-sheet-recut-20-8,23,DNP,DNP,938,936,-2,-0.21,222,220,2,15,16,-1
sam-draper,Sam Draper,Brisbane,North Melbourne Kangaroos,Key Fwd,the-sheet-recut-20-8,23,PLAYED,24.0,1120,1012,-108,-9.64,193,206,-13,23,23,0
sam-durham,Sam Durham,Essendon,St Kilda Saints,Fwd,the-sheet-recut-20-8,23,DNP,DNP,2559,2553,-6,-0.23,71,69,2,20,18,2
sam-flanders,Sam Flanders,St Kilda,Adelaide Crows,Fwd,the-sheet-recut-20-8,23,DNP,DNP,2753,2747,-6,-0.22,65,65,0,16,16,0
sam-lalor,Sam Lalor,Richmond,Carlton Blues,Fwd,the-sheet-recut-20-8,23,PLAYED,59.0,3607,3584,-23,-0.64,39,42,-3,8,10,-2
sam-marshall,Sam Marshall,Brisbane,Western Bulldogs,Mid,the-sheet-recut-20-8,23,DNP,DNP,489,489,0,0.0,329,325,4,77,75,2
sam-powell-pepper,Sam Powell-Pepper,Port Adelaide,Adelaide Crows,Fwd,the-sheet-recut-20-8,23,DNP,DNP,216,216,0,0.0,486,485,1,114,117,-3
sam-sturt,Sam Sturt,Fremantle,Free agents,Fwd,the-sheet-recut-20-8,23,DNP,DNP,37,37,0,0.0,724,721,3,193,193,0
sam-switkowski,Sam Switkowski,Fremantle,Sydney Swans,Fwd,the-sheet-recut-20-8,23,PLAYED,86.0,19,22,3,15.79,762,755,7,210,207,3
sam-taylor,Sam Taylor,GWS,Port Adelaide Power,Key Def,the-sheet-recut-20-8,23,PLAYED,90.0,1205,1167,-38,-3.15,179,184,-5,10,10,0
sam-walsh,Sam Walsh,Carlton,St Kilda Saints,Mid,the-sheet-recut-20-8,23,PLAYED,112.0,2958,3011,53,1.79,59,59,0,24,23,1
sam-wicks,Sam Wicks,Sydney,Collingwood Magpies,Def,the-sheet-recut-20-8,23,PLAYED,42.0,31,25,-6,-19.35,735,744,-9,162,162,0
samson-ryan,Samson Ryan,Richmond,West Coast Eagles,Ruck,the-sheet-recut-20-8,23,DNP,DNP,376,370,-6,-1.6,370,376,-6,26,26,0
samuel-collins,Samuel Collins,Gold Coast,St Kilda Saints,Key Def,the-sheet-recut-20-8,23,PLAYED,58.0,607,576,-31,-5.11,287,290,-3,21,21,0
samuel-grlj,Samuel Grlj,Richmond,Collingwood Magpies,Def,the-sheet-recut-20-8,23,PLAYED,55.0,1584,1576,-8,-0.51,141,139,2,32,32,0
samuel-swadling,Samuel Swadling,Collingwood,Essendon Bombers,Mid,the-sheet-recut-20-8,23,PLAYED,114.0,749,954,205,27.37,255,216,39,60,54,6
sandy-brock,Sandy Brock,West Coast,Free agents,Key Def,the-sheet-recut-20-8,23,DNP,DNP,171,168,-3,-1.75,525,530,-5,50,50,0
scott-pendlebury,Scott Pendlebury,Collingwood,North Melbourne Kangaroos,Mid,the-sheet-recut-20-8,23,PLAYED,73.0,367,341,-26,-7.08,378,398,-20,90,94,-4
sean-darcy,Sean Darcy,Fremantle,Collingwood Magpies,Ruck,the-sheet-recut-20-8,23,DNP,DNP,841,837,-4,-0.48,236,239,-3,17,17,0
seth-campbell,Seth Campbell,Richmond,St Kilda Saints,Fwd,the-sheet-recut-20-8,23,PLAYED,40.0,993,930,-63,-6.34,207,224,-17,51,54,-3
shadeau-brain,Shadeau Brain,Brisbane,Essendon Bombers,Def,the-sheet-recut-20-8,23,DNP,DNP,81,76,-5,-6.17,641,647,-6,136,137,-1
shai-bolton,Shai Bolton,Fremantle,St Kilda Saints,Fwd,the-sheet-recut-20-8,23,PLAYED,109.0,2067,2140,73,3.53,97,95,2,25,24,1
shannon-neale,Shannon Neale,Geelong,Geelong Cats,Key Fwd,the-sheet-recut-20-8,23,PLAYED,77.0,2317,2329,12,0.52,80,83,-3,5,6,-1
shaun-mannagh,Shaun Mannagh,Geelong,Sydney Swans,Fwd,the-sheet-recut-20-8,23,PLAYED,98.0,650,712,62,9.54,277,267,10,69,68,1
sid-draper,Sid Draper,Adelaide,Melbourne Demons,Fwd,the-sheet-recut-20-8,23,DNP,DNP,914,906,-8,-0.88,226,226,0,53,55,-2
steele-sidebottom,Steele Sidebottom,Collingwood,Free agents,Mid,the-sheet-recut-20-8,23,DNP,DNP,8,8,0,0.0,787,787,0,148,148,0
steely-green,Steely Green,Richmond,Sydney Swans,Fwd,the-sheet-recut-20-8,23,PLAYED,24.0,73,67,-6,-8.22,657,669,-12,174,176,-2
stephen-coniglio,Stephen Coniglio,GWS,Port Adelaide Power,Fwd,the-sheet-recut-20-8,23,PLAYED,97.0,204,243,39,19.12,498,456,42,120,105,15
sullivan-robey,Sullivan Robey,Essendon,Fremantle Dockers,Fwd,the-sheet-recut-20-8,23,DNP,DNP,2864,2860,-4,-0.14,63,62,1,14,13,1
tai-hayes,Tai Hayes,Brisbane,Hawthorn Hawks,Fwd,the-sheet-recut-20-8,23,DNP,DNP,151,147,-4,-2.65,549,551,-2,136,137,-1
taj-hotton,Taj Hotton,Richmond,Hawthorn Hawks,Fwd,the-sheet-recut-20-8,23,PLAYED,40.0,1825,1750,-75,-4.11,119,126,-7,33,34,-1
talor-byrne,Talor Byrne,Carlton,Western Bulldogs,Fwd,the-sheet-recut-20-8,23,PLAYED,46.0,773,756,-17,-2.2,246,254,-8,60,63,-3
tanner-bruhn,Tanner Bruhn,Geelong,Brisbane Lions,Def,the-sheet-recut-20-8,23,PLAYED,97.0,2090,2131,41,1.96,96,96,0,21,22,-1
taylor-goad,Taylor Goad,North Melbourne,Richmond Tigers,Ruck,the-sheet-recut-20-8,23,DNP,DNP,437,439,2,0.46,344,346,-2,24,24,0
taylor-walker,Taylor Walker,Adelaide,Free agents,Key Fwd,the-sheet-recut-20-8,23,DNP,DNP,128,129,1,0.78,574,573,1,96,93,3
tew-jiath,Tew Jiath,Collingwood,Hawthorn Hawks,Def,the-sheet-recut-20-8,23,DNP,DNP,99,101,2,2.02,608,608,0,130,131,-1
thomas-anastasopoulos,Tom Anastasopoulos,Port Adelaide,Free agents,Fwd,the-sheet-recut-20-8,23,PLAYED,33.0,84,79,-5,-5.95,637,643,-6,166,167,-1
thomas-burton,Thomas Burton,Richmond,Carlton Blues,Mid,the-sheet-recut-20-8,23,DNP,DNP,305,303,-2,-0.66,410,413,-3,96,98,-2
thomas-liberatore,Thomas Liberatore,Western Bulldogs,West Coast Eagles,Mid,the-sheet-recut-20-8,23,PLAYED,135.0,971,1110,139,14.32,214,193,21,53,48,5
thomas-matthews,Thomas Matthews,Melbourne,Melbourne Demons,Fwd,the-sheet-recut-20-8,23,DNP,DNP,238,232,-6,-2.52,462,470,-8,106,113,-7
thomas-sims,Thomas Sims,Richmond,Carlton Blues,Key Fwd,the-sheet-recut-20-8,23,DNP,DNP,737,737,0,0.0,261,261,0,32,33,-1
thomas-stewart,Thomas Stewart,Geelong,North Melbourne Kangaroos,Def,the-sheet-recut-20-8,23,PLAYED,76.0,1034,974,-60,-5.8,202,212,-10,51,54,-3
tim-kelly,Tim Kelly,West Coast,West Coast Eagles,Fwd,the-sheet-recut-20-8,23,PLAYED,115.0,1157,1225,68,5.88,185,173,12,49,47,2
tim-membrey,Tim Membrey,St Kilda,Port Adelaide Power,Key Fwd,the-sheet-recut-20-8,23,PLAYED,46.0,130,107,-23,-17.69,573,604,-31,95,100,-5
tim-taranto,Tim Taranto,Richmond,West Coast Eagles,Mid,the-sheet-recut-20-8,23,PLAYED,94.0,2385,2359,-26,-1.09,79,80,-1,30,29,1
timothy-english,Timothy English,Western Bulldogs,Western Bulldogs,Ruck,the-sheet-recut-20-8,23,DNP,DNP,3334,3336,2,0.06,48,48,0,4,4,0
tobie-travaglia,Tobie Travaglia,St Kilda,Melbourne Demons,Def,the-sheet-recut-20-8,23,PLAYED,57.0,403,438,35,8.68,360,347,13,88,86,2
toby-bedford,Toby Bedford,GWS,Western Bulldogs,Fwd,the-sheet-recut-20-8,23,DNP,DNP,319,318,-1,-0.31,403,405,-2,93,93,0
toby-conway,Toby Conway,Geelong,Essendon Bombers,Ruck,the-sheet-recut-20-8,23,DNP,DNP,460,460,0,0.0,337,335,2,23,23,0
toby-greene,Toby Greene,GWS,North Melbourne Kangaroos,Fwd,the-sheet-recut-20-8,23,PLAYED,107.0,810,874,64,7.9,240,232,8,59,57,2
toby-mcmullin,Toby McMullin,GWS,Melbourne Demons,Mid,the-sheet-recut-20-8,23,PLAYED,51.0,79,81,2,2.53,646,638,8,131,129,2
toby-murray,Toby Murray,Adelaide,Adelaide Crows,Key Fwd,the-sheet-recut-20-8,23,PLAYED,19.0,276,265,-11,-3.99,426,436,-10,63,66,-3
toby-nankervis,Toby Nankervis,Richmond,West Coast Eagles,Ruck,the-sheet-recut-20-8,23,PLAYED,79.0,1930,1809,-121,-6.27,114,119,-5,7,9,-2
toby-pink,Toby Pink,North Melbourne,Free agents,Key Def,the-sheet-recut-20-8,23,DNP,DNP,67,68,1,1.49,669,664,5,63,62,1
toby-whan,Toby Whan,Fremantle,Richmond Tigers,Mid,the-sheet-recut-20-8,23,DNP,DNP,25,24,-1,-4.0,749,748,1,144,144,0
tobyn-murray,Tobyn Murray,Fremantle,St Kilda Saints,Fwd,the-sheet-recut-20-8,23,DNP,DNP,204,198,-6,-2.94,499,502,-3,121,123,-2
todd-marshall,Todd Marshall,Port Adelaide,Adelaide Crows,Key Fwd,the-sheet-recut-20-8,23,PLAYED,76.0,96,96,0,0.0,615,616,-1,104,103,1
tom-atkins,Tom Atkins,Geelong,Port Adelaide Power,Mid,the-sheet-recut-20-8,23,PLAYED,89.0,376,389,13,3.46,371,365,6,88,86,2
tom-barrass,Tom Barrass,Hawthorn,Brisbane Lions,Key Def,the-sheet-recut-20-8,23,PLAYED,51.0,39,36,-3,-7.69,713,722,-9,70,71,-1
tom-blamires,Tom Blamires,North Melbourne,Richmond Tigers,Def,the-sheet-recut-20-8,23,PLAYED,63.0,187,189,2,1.07,514,510,4,112,112,0
tom-brown,Tom Brown,Richmond,Carlton Blues,Def,the-sheet-recut-20-8,23,PLAYED,58.0,533,528,-5,-0.94,313,310,3,77,76,1
tom-cochrane,Tom Cochrane,Port Adelaide,Essendon Bombers,Fwd,the-sheet-recut-20-8,23,DNP,DNP,140,137,-3,-2.14,562,564,-2,140,140,0
tom-cole,Tom Cole,West Coast,Port Adelaide Power,Fwd,the-sheet-recut-20-8,23,PLAYED,81.0,68,70,2,2.94,666,659,7,175,173,2
tom-de-koning,Tom De Koning,St Kilda,Essendon Bombers,Ruck,the-sheet-recut-20-8,23,PLAYED,55.0,1874,1847,-27,-1.44,116,117,-1,9,8,1
tom-doedee,Tom Doedee,Brisbane,Free agents,Def,the-sheet-recut-20-8,23,DNP,DNP,36,33,-3,-8.33,727,733,-6,158,161,-3
tom-edwards,Tom Edwards,Essendon,Free agents,Key Fwd,the-sheet-recut-20-8,23,DNP,DNP,102,100,-2,-1.96,607,610,-3,102,102,0
tom-green,Tom Green,GWS,Essendon Bombers,Mid,the-sheet-recut-20-8,23,DNP,DNP,5637,5575,-62,-1.1,12,14,-2,7,7,0
tom-gross,Tom Gross,West Coast,Melbourne Demons,Fwd,the-sheet-recut-20-8,23,PLAYED,47.0,418,398,-20,-4.78,352,359,-7,79,82,-3
tom-hanily,Tom Hanily,Sydney,Richmond Tigers,Fwd,the-sheet-recut-20-8,23,DNP,DNP,157,155,-2,-1.27,542,544,-2,134,134,0
tom-lynch-1,Tom Lynch,Richmond,Adelaide Crows,Key Fwd,the-sheet-recut-20-8,23,PLAYED,34.0,12,9,-3,-25.0,778,786,-8,119,119,0
tom-mccarthy,Tom McCarthy,West Coast,Melbourne Demons,Def,the-sheet-recut-20-8,23,PLAYED,98.0,1333,1356,23,1.73,165,160,5,41,39,2
tom-mccartin,Tom McCartin,Sydney,West Coast Eagles,Key Def,the-sheet-recut-20-8,23,PLAYED,66.0,1668,1632,-36,-2.16,132,133,-1,6,6,0
tom-mcdonald,Tom McDonald,Melbourne,Free agents,Key Def,the-sheet-recut-20-8,23,PLAYED,72.0,77,72,-5,-6.49,647,656,-9,60,61,-1
tom-papley,Tom Papley,Sydney,Geelong Cats,Fwd,the-sheet-recut-20-8,23,PLAYED,42.0,399,320,-79,-19.8,363,404,-41,83,92,-9
tom-powell,Tom Powell,North Melbourne,Carlton Blues,Fwd,the-sheet-recut-20-8,23,DNP,DNP,2017,2000,-17,-0.84,107,107,0,31,28,3
tom-sparrow,Tom Sparrow,Melbourne,West Coast Eagles,Fwd,the-sheet-recut-20-8,23,PLAYED,80.0,1609,1539,-70,-4.35,136,141,-5,37,38,-1
touk-miller,Touk Miller,Gold Coast,North Melbourne Kangaroos,Fwd,the-sheet-recut-20-8,23,PLAYED,55.0,2271,2109,-162,-7.13,86,99,-13,22,25,-3
trent-rivers,Trent Rivers,Melbourne,Brisbane Lions,Def,the-sheet-recut-20-8,23,PLAYED,69.0,1764,1748,-16,-0.91,125,128,-3,27,29,-2
tristan-xerri,Tristan Xerri,North Melbourne,Sydney Swans,Ruck,the-sheet-recut-20-8,23,PLAYED,101.0,7031,7024,-7,-0.1,6,7,-1,2,2,0
ty-gallop,Ty Gallop,Brisbane,Adelaide Crows,Key Fwd,the-sheet-recut-20-8,23,DNP,DNP,933,932,-1,-0.11,223,222,1,28,26,2
tyan-prindable,Tyan Prindable,Collingwood,Fremantle Dockers,Mid,the-sheet-recut-20-8,23,DNP,DNP,375,366,-9,-2.4,372,382,-10,89,91,-2
tylah-williams,Tylah Williams,West Coast,Melbourne Demons,Fwd,the-sheet-recut-20-8,23,DNP,DNP,217,211,-6,-2.76,485,492,-7,113,119,-6
tylar-young,Tylar Young,West Coast,Richmond Tigers,Key Def,the-sheet-recut-20-8,23,PLAYED,78.0,311,294,-17,-5.47,407,418,-11,32,33,-1
tyler-brockman,Tyler Brockman,West Coast,Free Agents,Fwd,the-sheet-recut-20-8,23,DNP,DNP,54,53,-1,-1.85,691,692,-1,182,182,0
tyler-sonsie,Tyler Sonsie,Richmond,Essendon Bombers,Fwd,the-sheet-recut-20-8,23,DNP,DNP,988,985,-3,-0.3,208,211,-3,52,52,0
tyler-welsh,Tyler Welsh,Adelaide,Melbourne Demons,Key Fwd,the-sheet-recut-20-8,23,DNP,DNP,67,65,-2,-2.99,670,674,-4,110,110,0
tyrell-dewar,Tyrell Dewar,West Coast,Melbourne Demons,Def,the-sheet-recut-20-8,23,DNP,DNP,69,67,-2,-2.9,664,670,-6,141,142,-1
tyson-stengle,Tyson Stengle,Richmond,Free agents,Fwd,the-sheet-recut-20-8,23,DNP,DNP,226,222,-4,-1.77,470,478,-8,107,115,-8
vigo-visentini,Vigo Visentini,Essendon,Carlton Blues,Ruck,the-sheet-recut-20-8,23,PLAYED,90.0,188,180,-8,-4.26,512,520,-8,39,40,-1
wade-derksen,Wade Derksen,Carlton,Port Adelaide Power,Key Def,the-sheet-recut-20-8,23,PLAYED,55.0,205,216,11,5.37,496,486,10,45,42,3
wayne-milera,Wayne Milera,Adelaide,Collingwood Magpies,Def,the-sheet-recut-20-8,23,DNP,DNP,1754,1750,-4,-0.23,128,127,1,29,28,1
wil-dawson,Wil Dawson,North Melbourne,Carlton Blues,Key Def,the-sheet-recut-20-8,23,PLAYED,58.0,294,298,4,1.36,415,415,0,34,32,2
wil-parker,Wil Parker,Collingwood,Western Bulldogs,Def,the-sheet-recut-20-8,23,DNP,DNP,35,34,-1,-2.86,731,728,3,160,157,3
wil-powell,Wil Powell,Gold Coast,Adelaide Crows,Def,the-sheet-recut-20-8,23,PLAYED,70.0,885,886,1,0.11,230,230,0,59,58,1
will-ashcroft,Will Ashcroft,Brisbane,Carlton Blues,Mid,the-sheet-recut-20-8,23,PLAYED,120.0,6635,6589,-46,-0.69,7,8,-1,3,4,-1
will-brodie,Will Brodie,Port Adelaide,Brisbane Lions,Mid,the-sheet-recut-20-8,23,DNP,DNP,147,147,0,0.0,556,552,4,115,116,-1
will-darcy,Will Darcy,Western Bulldogs,Fremantle Dockers,Key Fwd,the-sheet-recut-20-8,23,DNP,DNP,225,220,-5,-2.22,472,481,-9,75,76,-1
will-day,Will Day,Hawthorn,Richmond Tigers,Mid,the-sheet-recut-20-8,23,PLAYED,58.0,2284,2071,-213,-9.33,85,102,-17,34,35,-1
will-edwards,Will Edwards,Sydney,Essendon Bombers,Key Def,the-sheet-recut-20-8,23,DNP,DNP,239,239,0,0.0,461,463,-2,41,40,1
will-graham,Will Graham,Gold Coast,Hawthorn Hawks,Fwd,the-sheet-recut-20-8,23,DNP,DNP,1504,1501,-3,-0.2,146,145,1,40,39,1
will-green,Will Green,Sydney,Essendon Bombers,Ruck,the-sheet-recut-20-8,23,PLAYED,44.0,619,497,-122,-19.71,284,321,-37,19,22,-3
will-hayes-b,Will Hayes,Collingwood,West Coast Eagles,Fwd,the-sheet-recut-20-8,23,PLAYED,48.0,184,180,-4,-2.17,517,521,-4,126,128,-2
will-hayward,Will Hayward,Carlton,Adelaide Crows,Fwd,the-sheet-recut-20-8,23,PLAYED,51.0,252,220,-32,-12.7,453,482,-29,102,116,-14
will-lewis,Will Lewis,Western Bulldogs,Sydney Swans,Key Fwd,the-sheet-recut-20-8,23,DNP,DNP,96,96,0,0.0,616,617,-1,105,104,1
will-lorenz,Will Lorenz,Port Adelaide,St Kilda Saints,Mid,the-sheet-recut-20-8,23,DNP,DNP,211,204,-7,-3.32,492,498,-6,108,108,0
will-mclachlan,Will McLachlan,Brisbane,Free agents,Fwd,the-sheet-recut-20-8,23,DNP,DNP,136,133,-3,-2.21,567,569,-2,143,143,0
will-setterfield,Will Setterfield,Essendon,Sydney Swans,Mid,the-sheet-recut-20-8,23,PLAYED,111.0,730,792,62,8.49,263,245,18,61,58,3
willem-drew,Willem Drew,Port Adelaide,Sydney Swans,Mid,the-sheet-recut-20-8,23,PLAYED,51.0,680,628,-52,-7.65,271,281,-10,63,67,-4
willem-duursma,Willem Duursma,West Coast,Fremantle Dockers,Mid,the-sheet-recut-20-8,23,PLAYED,20.0,4225,3720,-505,-11.95,26,34,-8,13,16,-3
william-mccabe,William McCabe,Hawthorn,Hawthorn Hawks,Key Def,the-sheet-recut-20-8,23,DNP,DNP,229,230,1,0.44,468,472,-4,42,41,1
xavier-bamert,Xavier Bamert,Port Adelaide,Richmond Tigers,Mid,the-sheet-recut-20-8,23,PLAYED,65.0,411,445,34,8.27,355,343,12,86,82,4
xavier-duursma,Xavier Duursma,Essendon,Port Adelaide Power,Mid,the-sheet-recut-20-8,23,DNP,DNP,232,231,-1,-0.43,466,471,-5,105,104,1
xavier-lindsay,Xavier Lindsay,Melbourne,Hawthorn Hawks,Def,the-sheet-recut-20-8,23,DNP,DNP,1465,1457,-8,-0.55,150,152,-2,35,35,0
xavier-o-halloran,Xavier O'Halloran,GWS,Sydney Swans,Fwd,the-sheet-recut-20-8,23,DNP,DNP,80,79,-1,-1.25,642,644,-2,167,168,-1
xavier-taylor,Xavier Taylor,Melbourne,Richmond Tigers,Def,the-sheet-recut-20-8,23,DNP,DNP,914,906,-8,-0.88,227,227,0,58,57,1
xavier-walsh,Xavier Walsh,Port Adelaide,Free agents,Key Fwd,the-sheet-recut-20-8,23,DNP,DNP,116,116,0,0.0,589,589,0,100,99,1
zac-bailey,Zac Bailey,Brisbane,North Melbourne Kangaroos,Fwd,the-sheet-recut-20-8,23,PLAYED,114.0,2774,2831,57,2.05,64,63,1,15,14,1
zac-banch,Zac Banch,North Melbourne,Free agents,Fwd,the-sheet-recut-20-8,23,PLAYED,85.0,62,66,4,6.45,676,673,3,179,178,1
zac-fisher,Zac Fisher,North Melbourne,Free agents,Fwd,the-sheet-recut-20-8,23,DNP,DNP,155,144,-11,-7.1,545,558,-13,135,138,-3
zac-mccarthy,Zac McCarthy,Collingwood,West Coast Eagles,Key Fwd,the-sheet-recut-20-8,23,DNP,DNP,133,130,-3,-2.26,569,572,-3,93,92,1
zac-taylor,Zac Taylor,Adelaide,Adelaide Crows,Fwd,the-sheet-recut-20-8,23,PLAYED,68.0,205,241,36,17.56,497,459,38,119,107,12
zac-walker,Zac Walker,Western Bulldogs,Free agents,Key Def,the-sheet-recut-20-8,23,DNP,DNP,153,153,0,0.0,548,546,2,52,52,0
zach-guthrie,Zach Guthrie,Geelong,Geelong Cats,Def,the-sheet-recut-20-8,23,PLAYED,67.0,291,261,-30,-10.31,419,440,-21,100,105,-5
zach-reid,Zach Reid,Essendon,Hawthorn Hawks,Key Def,the-sheet-recut-20-8,23,PLAYED,106.0,921,1067,146,15.85,224,202,22,16,12,4
zachary-merrett,Zachary Merrett,Essendon,West Coast Eagles,Mid,the-sheet-recut-20-8,23,PLAYED,72.0,2547,2368,-179,-7.03,72,78,-6,26,28,-2
zachary-williams,Zachary Williams,Carlton,St Kilda Saints,Fwd,the-sheet-recut-20-8,23,DNP,DNP,355,350,-5,-1.41,387,389,-2,88,88,0
zak-butters,Zak Butters,Port Adelaide,Geelong Cats,Mid,the-sheet-recut-20-8,23,DNP,DNP,6596,6580,-16,-0.24,8,9,-1,4,5,-1
zak-evans,Zak Evans,Gold Coast,Free agents,Mid,the-sheet-recut-20-8,23,DNP,DNP,113,113,0,0.0,590,592,-2,121,122,-1
zak-johnson,Zak Johnson,Essendon,Richmond Tigers,Def,the-sheet-recut-20-8,23,DNP,DNP,409,408,-1,-0.24,356,356,0,87,88,-1
zane-duursma,Zane Duursma,North Melbourne,Richmond Tigers,Fwd,the-sheet-recut-20-8,23,DNP,DNP,323,322,-1,-0.31,400,402,-2,92,91,1
zane-peucker,Zane Peucker,Richmond,Carlton Blues,Fwd,the-sheet-recut-20-8,23,DNP,DNP,404,400,-4,-0.99,359,358,1,82,81,1
zane-zakostelsky,Zane Zakostelsky,Brisbane,Fremantle Dockers,Key Def,the-sheet-recut-20-8,23,DNP,DNP,141,142,1,0.71,561,560,1,54,54,0
zeke-uwland,Zeke Uwland,Gold Coast,Fremantle Dockers,Def,the-sheet-recut-20-8,23,DNP,DNP,1758,1755,-3,-0.17,127,125,2,28,27,1
