{
"grid": [
0.0,
0.05,
0.1,
0.15,
0.2,
0.25,
0.3,
0.35,
0.4,
0.45,
0.5,
0.55,
0.6,
0.65,
0.7,
0.75,
0.8,
0.85,
0.9,
0.95,
1.0,
1.05,
1.1,
1.15,
1.2,
1.25,
1.3,
1.35,
1.4,
1.45,
1.5,
1.55,
1.6
],
"R1": [
0.36428,
0.36428,
0.36428,
0.36428,
0.36428,
0.36428,
0.36428,
0.36428,
0.36428,
0.36428,
0.36428,
0.39407,
0.42547,
0.46064,
0.50293,
0.5485,
0.563,
0.563,
0.563,
0.563,
0.563,
0.563,
0.563,
0.563,
0.563,
0.563,
0.563,
0.563,
0.563,
0.563,
0.563,
0.563,
0.563
],
"R2": [
0.21204,
0.21204,
0.21204,
0.21204,
0.21204,
0.21204,
0.21204,
0.21204,
0.21204,
0.21367,
0.21367,
0.23754,
0.26385,
0.29095,
0.31849,
0.33069,
0.33252,
0.33252,
0.33252,
0.33252,
0.33252,
0.33252,
0.33252,
0.33252,
0.33252,
0.33252,
0.33252,
0.33252,
0.33252,
0.33252,
0.33252,
0.33252,
0.33252
],
"R0": [
0.64133,
0.64133,
0.64133,
0.64133,
0.64133,
0.64133,
0.64133,
0.64133,
0.64133,
0.64133,
0.64133,
0.64133,
0.65597,
0.65597,
0.67805,
0.71579,
0.74056,
0.7585,
0.78447,
0.79656,
0.80237,
0.80237,
0.80237,
0.80237,
0.80237,
0.80237,
0.80237,
0.80237,
0.80237,
0.80237,
0.80237,
0.80237,
0.80237
],
"Rg": 0.21204365776153983,
"Rtop": 0.8023668649887993,
"gFIX1": [
0.25789,
0.25789,
0.25789,
0.25789,
0.25789,
0.25789,
0.25789,
0.25789,
0.25789,
0.25789,
0.25789,
0.30834,
0.36155,
0.42112,
0.49276,
0.56996,
0.59452,
0.59452,
0.59452,
0.59452,
0.59452,
0.59452,
0.59452,
0.59452,
0.59452,
0.59452,
0.59452,
0.59452,
0.59452,
0.59452,
0.59452,
0.59452,
0.59452
],
"gFIX2": [
0.0,
0.0,
0.0,
0.0,
0.0,
0.0,
0.0,
0.0,
0.0,
0.00275,
0.00275,
0.04319,
0.08776,
0.13367,
0.18032,
0.20098,
0.20408,
0.20408,
0.20408,
0.20408,
0.20408,
0.20408,
0.20408,
0.20408,
0.20408,
0.20408,
0.20408,
0.20408,
0.20408,
0.20408,
0.20408,
0.20408,
0.20408
],
"gQM1": [
0.35463,
0.35463,
0.35463,
0.35463,
0.35463,
0.35463,
0.35463,
0.35463,
0.35463,
0.35463,
0.35463,
0.42401,
0.48077,
0.55999,
0.62421,
0.66791,
0.66404,
0.64224,
0.6131,
0.60042,
0.59452,
0.59452,
0.59452,
0.59452,
0.59452,
0.59452,
0.59452,
0.59452,
0.59452,
0.59452,
0.59452,
0.59452,
0.59452
],
"gQM2": [
0.0,
0.0,
0.0,
0.0,
0.0,
0.0,
0.0,
0.0,
0.0,
0.00379,
0.00379,
0.05939,
0.11671,
0.17775,
0.22842,
0.23552,
0.22794,
0.22046,
0.21046,
0.2061,
0.20408,
0.20408,
0.20408,
0.20408,
0.20408,
0.20408,
0.20408,
0.20408,
0.20408,
0.20408,
0.20408,
0.20408,
0.20408
],
"raw1": [
0.3971,
0.39988,
0.391,
0.38013,
0.36637,
0.36915,
0.34957,
0.32244,
0.33696,
0.33153,
0.36295,
0.39407,
0.42547,
0.46064,
0.50293,
0.5485,
0.58724,
0.58485,
0.6098,
0.59532,
0.57882,
0.5921,
0.57453,
0.5603,
0.56814,
0.5554,
0.54515,
0.55041,
0.54131,
0.53384,
0.5376,
0.5309,
0.52529
],
"raw2": [
0.22665,
0.2224,
0.21754,
0.21199,
0.2057,
0.21382,
0.20863,
0.20337,
0.19829,
0.21418,
0.21316,
0.23754,
0.26385,
0.29095,
0.31849,
0.33069,
0.35283,
0.35176,
0.34769,
0.34275,
0.3526,
0.34569,
0.3397,
0.33452,
0.33004,
0.32615,
0.32275,
0.31977,
0.32261,
0.31963,
0.317,
0.31468,
0.3126
],
"raw0": [
0.66862,
0.65855,
0.663,
0.65088,
0.65663,
0.64205,
0.64973,
0.63261,
0.60952,
0.62539,
0.60629,
0.63266,
0.65645,
0.65549,
0.67805,
0.71579,
0.74056,
0.7585,
0.78447,
0.79656,
0.80242,
0.80877,
0.82411,
0.81514,
0.82691,
0.81087,
0.79713,
0.80355,
0.7911,
0.79606,
0.78533,
0.78925,
0.78013
],
"bw1": [
0.39999999999999997,
0.39999999999999997,
0.35,
0.3,
0.25,
0.25,
0.2,
0.15000000000000002,
0.15000000000000002,
0.1,
0.1,
0.1,
0.1,
0.1,
0.1,
0.1,
0.1,
0.15000000000000002,
0.15000000000000002,
0.2,
0.25,
0.25,
0.3,
0.35,
0.35,
0.39999999999999997,
0.44999999999999996,
0.44999999999999996,
0.49999999999999994,
0.5499999999999999,
0.5499999999999999,
0.6,
0.65
],
"eff1": [
37.1,
42.9,
40.8,
38.4,
35.6,
42.9,
39.7,
35.4,
43.2,
36.2,
42.1,
46.0,
46.8,
44.7,
41.4,
38.2,
35.4,
45.0,
38.3,
42.0,
45.0,
37.6,
40.4,
42.8,
36.5,
38.9,
41.1,
35.8,
37.9,
39.9,
35.4,
37.3,
39.0
],
"bw2": [
0.5499999999999999,
0.49999999999999994,
0.44999999999999996,
0.39999999999999997,
0.35,
0.35,
0.3,
0.25,
0.2,
0.2,
0.15000000000000002,
0.15000000000000002,
0.15000000000000002,
0.15000000000000002,
0.15000000000000002,
0.2,
0.2,
0.25,
0.3,
0.35,
0.35,
0.39999999999999997,
0.44999999999999996,
0.49999999999999994,
0.5499999999999999,
0.6,
0.65,
0.7000000000000001,
0.7000000000000001,
0.7500000000000001,
0.8000000000000002,
0.8500000000000002,
0.9000000000000002
],
"eff2": [
37.3,
37.0,
36.7,
36.2,
35.6,
39.8,
39.2,
38.1,
36.0,
40.3,
35.9,
38.9,
40.5,
40.3,
38.1,
41.2,
36.8,
38.3,
39.1,
39.6,
35.4,
36.0,
36.4,
36.8,
37.1,
37.4,
37.6,
37.8,
35.1,
35.5,
35.8,
36.0,
36.2
],
"adj26": 1.0
}