{
"grid": [
0.0,
0.25,
0.5,
0.75,
1.0,
1.25,
1.5,
1.75,
2.0,
2.25,
2.5,
2.75,
3.0,
3.25,
3.5,
3.75,
4.0,
4.25,
4.5,
4.75,
5.0,
5.25,
5.5,
5.75,
6.0,
6.5,
7.0,
7.5,
8.0,
8.5,
9.0,
9.5,
10.0,
10.5,
11.0,
11.5,
12.0,
12.5,
13.0,
13.5,
14.0,
14.5,
15.0,
15.5,
16.0
],
"raw": [
0.55789,
0.47272,
0.35099,
0.35383,
0.34473,
0.34101,
0.35383,
0.39505,
0.45149,
0.4971,
0.51137,
0.4963,
0.47402,
0.46526,
0.47255,
0.48241,
0.47918,
0.46355,
0.4593,
0.4877,
0.54193,
0.59916,
0.64331,
0.66871,
0.67433,
0.66516,
0.67126,
0.67084,
0.67088,
0.68719,
0.72386,
0.77451,
0.82275,
0.84157,
0.81565,
0.80187,
0.79786,
0.79771,
0.81224,
0.82423,
0.83764,
0.85154,
0.86571,
0.87946,
0.89011
],
"iso": [
0.39626,
0.39626,
0.39626,
0.39626,
0.39626,
0.39626,
0.39626,
0.39626,
0.45149,
0.4801,
0.4801,
0.4801,
0.4801,
0.4801,
0.4801,
0.4801,
0.4801,
0.4801,
0.4801,
0.4877,
0.54193,
0.59916,
0.64331,
0.66871,
0.66975,
0.66975,
0.671,
0.671,
0.671,
0.68719,
0.72386,
0.77451,
0.81281,
0.81281,
0.81281,
0.81281,
0.81281,
0.81281,
0.81281,
0.82423,
0.83764,
0.85154,
0.86571,
0.87946,
0.89011
],
"grade": [
0.0,
0.0,
0.0,
0.0,
0.0,
0.0,
0.0,
0.0,
0.11185,
0.16978,
0.16978,
0.16978,
0.16978,
0.16978,
0.16978,
0.16978,
0.16978,
0.16978,
0.16978,
0.18517,
0.29497,
0.41085,
0.50026,
0.55168,
0.55378,
0.55378,
0.55632,
0.55632,
0.55632,
0.5891,
0.66335,
0.76592,
0.84347,
0.84347,
0.84347,
0.84347,
0.84347,
0.84347,
0.84347,
0.86659,
0.89375,
0.92189,
0.95059,
0.97843,
1.0
],
"R0": 0.39625583203986703,
"Rtop": 0.8901129232889861,
"bw": [
0.25,
0.25,
0.25,
0.25,
0.25,
0.5,
0.5,
0.5,
0.5,
0.5,
0.5,
0.5,
0.5,
0.5,
0.5,
0.5,
0.5,
0.5,
0.5,
0.5,
0.5,
0.5,
0.5,
0.5,
0.5,
0.75,
0.75,
0.75,
0.75,
0.75,
0.75,
0.75,
0.75,
0.75,
1.0,
1.0,
1.25,
1.25,
1.5,
1.5,
1.75,
1.75,
1.75,
1.75,
2.0
],
"eff": [
81.1,
69.0,
47.4,
41.9,
39.5,
68.4,
59.9,
53.6,
49.9,
48.5,
49.1,
51.2,
54.0,
55.9,
55.4,
52.2,
47.7,
44.0,
42.3,
42.7,
44.4,
45.8,
45.2,
42.2,
37.9,
50.1,
46.0,
44.7,
44.9,
44.9,
43.8,
40.8,
37.5,
35.0,
42.5,
38.1,
42.7,
37.9,
41.6,
37.6,
41.8,
39.1,
37.1,
35.8,
40.3
]
}