{
 "R_FINAL": {
  "nonKPP": [
   0.206,
   0.279,
   0.371,
   0.419,
   0.484,
   0.448
  ],
  "KPP": [
   0.219,
   0.217,
   0.319,
   0.249,
   0.265,
   0.331
  ],
  "RUC": [
   0.225,
   0.275,
   0.479,
   0.45,
   0.463,
   0.492
  ]
 },
 "LAMBDA": [
  0.0,
  0.16,
  0.4932,
  0.5468,
  0.5468,
  0.8162,
  1.0
 ],
 "ruc_scale": 1.0655,
 "m_raw": {
  "0": [
   0.20455653382761818,
   1079
  ],
  "1": [
   0.39875465116279074,
   86
  ],
  "2": [
   0.45401595744680845,
   94
  ],
  "3": [
   0.48627105263157905,
   76
  ],
  "4": [
   0.4191557692307692,
   52
  ],
  "5": [
   0.6245785714285714,
   56
  ],
  "6": [
   0.7040744186046513,
   43
  ],
  "7": [
   0.7804232558139534,
   43
  ],
  "8": [
   0.7847142857142857,
   42
  ],
  "9": [
   0.9568371428571428,
   35
  ]
 }
}