{
 "nonKPP": {
  "mean": 0.36045049423388037,
  "n": 1428
 },
 "KPP": {
  "mean": 0.31083101756569187,
  "n": 447
 },
 "RUC": {
  "mean": 0.14974792323754063,
  "n": 147
 }
}