key,Y,type,pos,age,games,tenure,peak_fwd,dv_fwd,pred_raw,b4,b2,b5_raw,b5_tap,asc,in_trainpool,pickless
jed-anderson,2012,ND,MID,18.0,0,0,91.1,666.2,115.46,102.76,79.14,115.46,115.46,1.0,1,0
jed-anderson,2013,ND,MID,19.0,5,1,91.1,759.5,114.0,100.7,74.38,114.0,114.0,1.0,1,0
jed-anderson,2014,ND,MID,20.0,5,2,91.1,865.8,108.53,95.87,71.7,108.53,108.53,1.0,1,0
jed-anderson,2015,ND,MID,21.0,9,3,91.1,987.0,105.16,92.3,65.02,105.16,100.34,0.88,1,0
jed-anderson,2016,ND,MID,22.0,18,4,91.1,1125.2,95.29,81.88,50.7,95.29,84.59,0.76,1,0
jed-anderson,2017,ND,MID,23.0,23,5,91.1,1279.9,91.92,82.0,51.27,91.92,78.51,0.67,1,0
jed-anderson,2018,ND,MID,24.0,44,6,91.1,1129.7,107.62,100.12,81.79,107.62,96.77,0.58,1,0
jed-anderson,2019,ND,MID,25.0,61,7,91.1,1016.1,106.17,102.49,88.09,106.17,97.6,0.526,1,0
matt-rowell,2019,ND,MID,18.0,0,0,107.54,2351.8,116.37,113.28,101.48,116.37,116.37,1.0,1,0
noah-anderson,2019,ND,MID,18.0,0,0,108.33,2368.2,119.95,118.28,101.21,119.95,119.95,1.0,1,0
luke-jackson,2019,ND,RUCK,18.0,0,0,109.6,2821.3,119.6,111.54,95.5,119.6,119.6,1.0,1,0
lachlan-ash,2019,ND,SD,18.0,0,0,97.93,1002.7,113.79,113.92,95.01,113.92,113.92,1.0,1,0
dylan-stephens,2019,ND,MID,18.0,0,0,68.3,27.5,118.89,109.43,88.04,118.89,118.89,1.0,1,0
fischer-mcasey,2019,ND,KPD,18.0,0,0,37.1,0.0,94.96,89.6,69.34,94.96,94.96,1.0,1,0
hayden-young,2019,ND,MID,18.0,0,0,96.47,1202.6,114.98,107.99,84.99,114.98,114.98,1.0,1,0
caleb-serong,2019,ND,MID,18.0,0,0,111.47,2490.8,115.51,108.17,82.98,115.51,115.51,1.0,1,0
liam-henry,2019,ND,SF,18.0,0,0,59.43,84.4,104.69,94.55,72.13,104.69,104.69,1.0,1,0
tom-green,2019,ND,MID,18.0,0,0,109.43,1938.7,115.75,104.8,82.61,115.75,115.75,1.0,1,0
sam-flanders,2019,ND,MID,18.0,0,0,101.03,1452.0,115.75,104.8,82.61,115.75,115.75,1.0,1,0
kysaiah-pickett,2019,ND,SF,18.0,0,0,87.93,824.6,102.77,94.89,70.09,102.77,102.77,1.0,1,0
will-day,2019,ND,MID,18.0,0,0,95.87,1022.1,115.75,103.08,83.3,115.75,115.75,1.0,1,0
miles-bergman,2019,ND,SD,18.0,0,0,77.37,156.5,106.85,98.19,77.14,106.85,106.85,1.0,1,0
cody-weightman,2019,ND,SF,18.0,0,0,64.67,49.6,93.63,89.89,67.52,93.63,93.63,1.0,1,0
cooper-stephens,2019,ND,MID,18.0,0,0,38.3,0.0,115.46,102.76,79.14,115.46,115.46,1.0,1,0
brodie-kemp,2019,ND,KPF,18.0,0,0,68.0,211.9,88.79,77.37,49.44,88.79,88.79,1.0,1,0
mitch-georgiades,2019,ND,KPF,18.0,0,0,71.59,340.1,88.79,78.63,49.51,88.79,88.79,1.0,1,0
sam-de-koning,2019,ND,KPD,18.0,0,0,67.67,205.7,95.11,89.05,69.89,95.11,95.11,1.0,1,0
sam-philp,2019,ND,MID,18.0,0,0,45.5,0.0,114.29,100.4,69.86,114.29,114.29,1.0,1,0
thomson-dow,2019,ND,MID,18.0,0,0,62.8,5.5,114.56,100.71,68.41,114.56,114.56,1.0,1,0
deven-robertson,2019,ND,MID,18.0,0,0,54.6,62.9,116.67,100.34,67.36,116.67,116.67,1.0,1,0
dylan-williams,2019,ND,SD,18.0,0,0,65.6,19.1,102.59,91.28,66.0,102.59,102.59,1.0,1,0
harry-schoenberg,2019,ND,MID,18.0,0,0,63.03,99.0,111.2,97.68,64.73,111.2,111.2,1.0,1,0
jackson-mead,2019,ND,SF,18.0,0,0,53.27,1.8,90.07,83.68,57.9,90.07,90.07,1.0,1,0
will-gould,2019,ND,SD,18.0,0,0,35.8,0.0,101.24,87.96,64.48,101.24,101.24,1.0,1,0
jeremy-sharp,2019,ND,MID,18.0,0,0,61.87,5.2,108.54,94.56,62.89,108.54,108.54,1.0,1,0
josh-worrell,2019,ND,SD,18.0,0,0,90.66,900.3,101.88,91.23,65.68,101.88,101.88,1.0,1,0
finn-maginness,2019,ND,SF,18.0,0,0,50.81,0.6,91.37,86.51,57.86,91.37,91.37,1.0,1,0
harrison-jones,2019,ND,KPF,18.0,0,0,51.57,5.5,86.77,78.67,46.66,86.77,86.77,1.0,1,0
charlie-comben,2019,ND,KPD,18.0,0,0,68.02,223.3,93.51,88.68,67.06,93.51,93.51,1.0,1,0
trent-rivers,2019,ND,SD,18.0,0,0,83.76,469.9,100.51,89.46,64.83,100.51,100.51,1.0,1,0
brock-smith,2019,ND,SD,18.0,0,0,0.0,0.0,100.51,89.46,64.83,100.51,100.51,1.0,1,0
jack-mahony,2019,ND,SF,18.0,0,0,48.37,1.1,88.87,82.23,57.29,88.87,88.87,1.0,1,0
elijah-taylor,2019,ND,SF,18.0,0,0,37.8,0.0,88.87,81.87,55.76,88.87,88.87,1.0,1,0
keidean-coleman,2019,ND,SD,19.0,0,0,80.37,456.2,100.43,86.65,63.21,100.43,100.43,1.0,1,0
nick-bryan,2019,ND,RUCK,18.0,0,0,66.25,62.1,109.76,93.81,51.07,109.76,109.76,1.0,1,0
chad-warner,2019,ND,MID,18.0,0,0,100.04,1727.8,105.87,92.62,57.24,105.87,105.87,1.0,1,0
jay-rantall,2019,ND,MID,18.0,0,0,15.0,0.0,106.04,92.54,57.91,106.04,106.04,1.0,1,0
francis-evans,2019,ND,SF,18.0,0,0,60.22,74.5,90.31,84.64,55.51,90.31,90.31,1.0,1,0
ronin-o-connor,2019,ND,MID,18.0,0,0,20.7,0.0,106.91,92.54,57.99,106.91,106.91,1.0,1,0
noah-cumberland,2019,ND,SF,18.0,0,0,42.7,6.5,89.78,83.53,53.85,89.78,89.78,1.0,1,0
will-martyn,2019,ND,MID,18.0,0,0,24.7,0.0,106.38,91.38,58.57,106.38,106.38,1.0,1,0
trent-bianco,2019,ND,MID,18.0,0,0,45.45,0.0,106.38,91.38,58.38,106.38,106.38,1.0,1,0
hugo-ralphsmith,2019,ND,MID,18.0,0,0,61.83,6.1,106.38,90.9,55.73,106.38,106.38,1.0,1,0
sam-ramsay,2019,ND,MID,18.0,0,0,0.0,0.0,106.38,88.96,55.73,106.38,106.38,1.0,1,0
lachlan-gollant,2019,ND,SF,18.0,0,0,42.0,3.9,90.02,77.64,51.67,90.02,90.02,1.0,1,0
callum-jamieson,2019,ND,RUCK,19.0,0,0,45.7,5.1,109.43,98.17,65.66,109.43,109.43,1.0,1,0
cameron-taheny,2019,ND,SF,18.0,0,0,0.0,0.0,90.25,78.35,51.27,90.25,90.25,1.0,1,0
jake-riccardi,2019,ND,KPF,20.0,0,0,63.0,216.4,89.4,76.79,50.62,89.4,89.4,1.0,1,0
ryan-byrnes,2019,ND,SD,18.0,0,0,62.59,8.1,99.43,83.45,58.04,99.43,99.43,1.0,1,0
louis-butler,2019,ND,SD,18.0,0,0,51.0,0.0,99.29,82.11,52.29,99.29,99.29,1.0,1,0
bigoa-nyuon,2019,ND,KPD,18.0,0,0,60.3,6.5,95.01,83.61,57.65,95.01,95.01,1.0,1,0
trey-ruscoe,2019,ND,SD,18.0,0,0,47.8,77.9,99.11,82.12,48.95,99.11,99.11,1.0,1,0
ned-cahill,2019,ND,SF,18.0,0,0,32.7,0.0,93.3,81.07,50.47,93.3,93.3,1.0,1,0
josh-morris,2019,ND,SF,18.0,0,0,27.0,0.0,91.8,79.27,48.75,91.8,91.8,1.0,1,0
jaxon-prior,2019,ND,SD,18.0,0,0,63.27,8.4,98.96,81.88,45.24,98.96,98.96,1.0,1,0
jy-farrar,2019,ND,KPF,23.0,0,0,60.37,22.7,77.44,63.13,42.75,77.44,65.99,0.67,1,0
michael-frederick,2019,ND,SF,19.0,0,0,61.03,16.6,88.29,76.97,53.6,88.29,88.29,1.0,1,0
riley-garcia,2019,ND,SF,18.0,0,0,58.0,11.2,88.29,73.6,43.64,88.29,88.29,1.0,1,0
lachlan-johnson,2019,ND,SD,18.0,0,0,0.0,0.0,96.11,81.65,38.33,96.11,96.11,1.0,1,0
leo-connolly,2019,ND,SD,18.0,0,0,42.0,0.0,96.11,81.65,38.33,96.11,96.11,1.0,1,0
thomas-hutchesson,2019,ND,MID,24.0,0,0,36.0,0.0,79.54,70.83,36.83,79.54,61.6,0.58,1,0
josh-honey,2019,RD,SF,18.0,0,0,32.8,0.0,97.91,83.99,50.25,97.91,97.91,1.0,1,0
brady-rowles,2019,RD,MID,18.0,0,0,0.0,0.0,112.82,94.9,52.22,112.82,112.82,1.0,1,0
jack-bell,2019,RD,SF,18.0,0,0,0.0,0.0,97.91,83.99,50.25,97.91,97.91,1.0,1,0
jarvis-pina,2019,RD,SD,19.0,0,0,0.0,0.0,108.91,97.97,76.77,108.91,108.91,1.0,1,0
jake-pasini,2019,RD,KPD,18.0,0,0,0.0,0.0,103.09,97.89,65.17,103.09,103.09,1.0,1,0
emerson-jeka,2019,RD,KPF,18.0,0,0,48.0,0.2,105.48,97.39,61.85,105.48,105.48,1.0,1,0
anthony-treacy,2019,RD,SF,22.0,0,0,0.0,0.0,80.77,69.9,53.82,80.77,74.3,0.76,1,0
bradley-close,2019,RD,SF,21.0,0,0,70.8,279.6,89.88,75.0,55.43,89.88,85.74,0.88,1,0
connor-budarick,2019,RD,SD,18.0,0,0,67.97,105.5,108.91,98.01,61.68,108.91,108.91,1.0,1,0
fraser-phillips,2019,RD,KPF,18.0,0,0,0.0,0.0,105.48,97.39,61.85,105.48,105.48,1.0,1,0
trent-burgoyne,2019,RD,MID,18.0,0,0,0.0,0.0,112.82,94.9,52.22,112.82,112.82,1.0,1,0
mitch-o-neill,2019,RD,KPD,18.0,0,0,0.0,0.0,103.09,97.89,65.17,103.09,103.09,1.0,1,0
matt-conroy,2019,RD,SD,19.0,0,0,0.0,0.0,108.91,97.97,76.77,108.91,108.91,1.0,1,0
malcolm-rosas,2019,RD,SF,18.0,0,0,51.28,0.6,97.91,83.99,50.25,97.91,97.91,1.0,1,0
cian-mcbride,2019,IRE,KPD,18.0,0,0,0.0,0.0,103.09,97.89,65.17,103.09,103.09,1.0,0,1
ross-mcquillan,2019,IRE,SD,20.0,0,0,0.0,0.0,102.54,91.23,71.23,102.54,102.54,1.0,0,1
barry-o-connor,2019,IRE,SD,21.0,0,0,0.0,0.0,100.4,85.93,66.31,100.4,96.31,0.88,0,1
luke-towey,2019,IRE,KPD,20.0,0,0,0.0,0.0,97.65,90.86,74.34,97.65,97.65,1.0,0,1
patrick-murtagh,2019,PDA,KPF,19.0,0,0,0.0,0.0,105.48,97.35,76.94,105.48,105.48,1.0,0,1
isaiah-butters,2019,PDN,SF,18.0,0,0,0.0,0.0,97.91,83.99,50.25,97.91,97.91,1.0,0,1
leno-thomas,2019,PDN,SF,18.0,0,0,0.0,0.0,97.91,83.99,50.25,97.91,97.91,1.0,0,1
harrison-pepper,2019,PDN,SF,18.0,0,0,0.0,0.0,97.91,83.99,50.25,97.91,97.91,1.0,0,1
matt-mcguinness,2019,PDN,SD,19.0,0,0,0.0,0.0,108.91,97.97,76.77,108.91,108.91,1.0,0,1
henry-crauford,2019,SSP,RUCK,22.0,0,0,0.0,0.0,106.93,90.76,67.78,106.93,97.54,0.76,0,1
tom-hird,2019,SSP,MID,18.0,0,0,0.0,0.0,112.82,94.9,52.22,112.82,112.82,1.0,0,1
nic-reid,2019,SSP,KPF,24.0,0,0,0.0,0.0,79.91,74.24,60.45,79.91,71.73,0.58,0,1
ayce-taylor,2019,SSP,KPD,19.0,0,0,0.0,0.0,103.09,97.58,79.88,103.09,103.09,1.0,0,1
sam-walsh,2018,ND,MID,18.0,0,0,111.77,3580.6,116.37,113.28,101.48,116.37,116.37,1.0,1,0
sam-walsh,2019,ND,MID,19.0,22,1,111.77,3802.0,118.46,117.97,107.11,118.46,118.46,1.0,1,0
jack-lukosius,2018,ND,SF,18.0,0,0,78.9,652.2,106.21,109.23,92.89,109.23,109.23,1.0,1,0
jack-lukosius,2019,ND,SF,19.0,21,1,78.9,742.5,105.7,99.95,77.53,105.7,105.7,1.0,1,0
izak-rankine,2018,ND,SF,18.0,0,0,99.26,1395.2,100.39,101.8,84.15,101.8,101.8,1.0,1,0
izak-rankine,2019,ND,SF,19.0,0,1,99.26,1590.5,100.39,100.72,82.13,100.72,100.72,1.0,1,0
max-king-stk,2018,ND,KPF,18.0,0,0,64.03,157.7,94.31,88.52,51.97,94.31,94.31,1.0,1,0
max-king-stk,2019,ND,KPF,19.0,0,1,64.03,179.8,94.31,88.41,62.78,94.31,94.31,1.0,1,0
connor-rozee,2018,ND,MID,18.0,0,0,102.6,2023.5,118.89,109.43,88.04,118.89,118.89,1.0,1,0
connor-rozee,2019,ND,MID,19.0,22,1,102.6,2026.9,126.36,122.22,102.73,126.36,126.36,1.0,1,0
ben-king,2018,ND,KPF,18.0,0,0,60.91,51.3,88.05,77.97,50.11,88.05,88.05,1.0,1,0
ben-king,2019,ND,KPF,19.0,14,1,60.91,58.4,90.63,85.71,65.83,90.63,90.63,1.0,1,0
bailey-smith,2018,ND,MID,18.0,0,0,111.44,2636.2,114.98,107.99,84.99,114.98,114.98,1.0,1,0
bailey-smith,2019,ND,MID,19.0,23,1,111.44,2965.1,122.55,117.3,100.5,122.55,122.55,1.0,1,0
tarryn-thomas,2018,ND,SF,18.0,0,0,79.07,643.4,101.87,94.55,74.26,101.87,101.87,1.0,1,0
tarryn-thomas,2019,ND,SF,19.0,20,1,79.07,732.8,102.78,97.8,82.89,102.78,102.78,1.0,1,0
chayce-jones,2018,ND,SD,18.0,0,0,61.13,20.0,105.33,97.67,80.23,105.33,105.33,1.0,1,0
chayce-jones,2019,ND,SD,19.0,8,1,61.13,22.8,102.71,94.71,76.75,102.71,102.71,1.0,1,0
nick-blakey,2018,ND,SD,18.0,0,0,98.68,1161.8,106.85,98.21,82.21,106.85,106.85,1.0,1,0
nick-blakey,2019,ND,SD,19.0,21,1,98.68,1320.7,105.76,98.59,82.17,105.76,105.76,1.0,1,0
jye-caldwell,2018,ND,MID,18.0,0,0,91.73,865.2,115.75,104.8,82.61,115.75,115.75,1.0,1,0
jye-caldwell,2019,ND,MID,19.0,2,1,91.73,986.3,114.3,103.43,73.34,114.3,114.3,1.0,1,0
zak-butters,2018,ND,MID,18.0,0,0,118.31,3448.9,115.75,104.79,83.3,115.75,115.75,1.0,1,0
zak-butters,2019,ND,MID,19.0,19,1,118.31,3931.4,117.8,108.67,91.69,117.8,117.8,1.0,1,0
isaac-quaynor,2018,ND,SD,18.0,0,0,75.84,128.7,106.85,98.38,83.31,106.85,106.85,1.0,1,0
isaac-quaynor,2019,ND,SD,19.0,4,1,75.84,146.3,106.85,97.59,84.93,106.85,106.85,1.0,1,0
jackson-hately,2018,ND,MID,18.0,0,0,65.47,6.3,115.75,103.06,78.05,115.75,115.75,1.0,1,0
jackson-hately,2019,ND,MID,19.0,7,1,65.47,6.8,117.0,107.88,82.58,117.0,117.0,1.0,1,0
jordan-clark,2018,ND,SD,18.0,0,0,100.15,1174.6,106.85,98.19,78.73,106.85,106.85,1.0,1,0
jordan-clark,2019,ND,SD,19.0,18,1,100.15,1338.4,108.83,103.36,87.21,108.83,108.83,1.0,1,0
edward-mchenry,2018,ND,SF,18.0,0,0,51.1,2.1,91.68,85.97,60.92,91.68,91.68,1.0,1,0
edward-mchenry,2019,ND,SF,19.0,0,1,51.1,2.4,91.68,85.56,61.25,91.68,91.68,1.0,1,0
sam-sturt,2018,ND,SF,18.0,0,0,48.85,4.5,91.5,83.16,63.19,91.5,91.5,1.0,1,0
sam-sturt,2019,ND,SF,19.0,0,1,48.85,5.2,91.5,82.74,63.52,91.5,91.5,1.0,1,0
xavier-duursma,2018,ND,MID,18.0,0,0,77.53,154.0,114.29,101.05,70.13,114.29,114.29,1.0,1,0
xavier-duursma,2019,ND,MID,19.0,20,1,77.53,133.2,123.71,115.25,93.42,123.71,123.71,1.0,1,0
liam-stocker,2018,ND,SD,18.0,0,0,59.5,2.4,106.97,92.84,77.7,106.97,106.97,1.0,1,0
liam-stocker,2019,ND,SD,19.0,5,1,59.5,2.7,105.72,91.37,74.04,105.72,105.72,1.0,1,0
riley-collier-dawkins,2018,ND,MID,18.0,0,0,56.8,0.1,114.29,100.4,69.86,114.29,114.29,1.0,1,0
riley-collier-dawkins,2019,ND,MID,19.0,0,1,56.8,0.1,114.29,99.02,67.83,114.29,114.29,1.0,1,0
ely-smith,2018,ND,MID,18.0,0,0,0.0,0.0,114.56,100.71,68.41,114.56,114.56,1.0,1,0
xavier-o-halloran,2018,ND,SF,18.0,0,0,58.48,3.4,92.0,84.46,62.54,92.0,92.0,1.0,1,0
xavier-o-halloran,2019,ND,SF,19.0,0,1,58.48,3.9,92.0,84.05,62.68,92.0,92.0,1.0,1,0
jez-mclennan,2018,ND,SD,18.0,0,0,0.0,0.0,102.59,91.28,66.0,102.59,102.59,1.0,1,0
bobby-hill,2018,ND,SF,18.0,0,0,58.73,12.2,91.34,83.57,57.62,91.34,91.34,1.0,1,0
bobby-hill,2019,ND,SF,19.0,7,1,58.73,12.4,91.77,85.51,63.74,91.77,91.77,1.0,1,0
james-rowbottom,2018,ND,MID,18.0,0,0,88.1,799.2,110.31,97.02,64.3,110.31,110.31,1.0,1,0
james-rowbottom,2019,ND,MID,19.0,12,1,88.1,910.5,115.51,102.84,77.15,115.51,115.51,1.0,1,0
rhylee-west,2018,ND,SF,18.0,0,0,66.34,70.6,90.07,83.03,58.02,90.07,90.07,1.0,1,0
rhylee-west,2019,ND,SF,19.0,3,1,66.34,80.4,90.97,82.85,61.94,90.97,90.97,1.0,1,0
tom-sparrow,2018,ND,MID,18.0,0,0,75.03,212.3,108.54,94.56,62.89,108.54,108.54,1.0,1,0
tom-sparrow,2019,ND,MID,19.0,2,1,75.03,242.0,108.54,93.68,64.59,108.54,108.54,1.0,1,0
xavier-o-neill,2018,ND,MID,18.0,0,0,49.4,4.3,109.18,99.39,62.45,109.18,109.18,1.0,1,0
xavier-o-neill,2019,ND,MID,19.0,0,1,49.4,4.9,109.18,98.59,64.5,109.18,109.18,1.0,1,0
will-kelly,2018,ND,KPD,18.0,0,0,36.0,0.0,95.79,91.06,63.49,95.79,95.79,1.0,1,0
will-kelly,2019,ND,KPD,19.0,0,1,36.0,0.0,95.79,90.37,64.13,95.79,95.79,1.0,1,0
will-hamill,2018,ND,SD,18.0,0,0,48.2,0.0,100.32,89.46,65.96,100.32,100.32,1.0,1,0
will-hamill,2019,ND,SD,19.0,0,1,48.2,0.0,100.32,89.2,66.76,100.32,100.32,1.0,1,0
luke-foley,2018,ND,MID,19.0,0,0,53.67,0.1,107.23,95.22,64.53,107.23,107.23,1.0,1,0
luke-foley,2019,ND,MID,20.0,0,1,53.67,0.2,99.58,88.92,59.2,99.58,99.58,1.0,1,0
luke-valente,2018,ND,MID,18.0,0,0,0.0,0.0,107.41,95.4,61.6,107.41,107.41,1.0,1,0
james-jordon,2018,ND,MID,18.0,0,0,68.36,44.1,107.41,95.27,61.76,107.41,107.41,1.0,1,0
james-jordon,2019,ND,MID,19.0,0,1,68.36,50.2,107.41,94.99,64.35,107.41,107.41,1.0,1,0
kieren-briggs,2018,ND,RUCK,19.0,0,0,95.14,961.9,109.76,94.46,77.71,109.76,109.76,1.0,1,0
kieren-briggs,2019,ND,RUCK,20.0,0,1,95.14,1096.6,107.97,92.36,76.93,107.97,107.97,1.0,1,0
bailey-williams-wc,2018,ND,RUCK,18.0,0,0,78.63,312.4,109.76,93.81,64.81,109.76,109.76,1.0,1,0
bailey-williams-wc,2019,ND,RUCK,19.0,0,1,78.63,356.1,109.76,94.1,76.29,109.76,109.76,1.0,1,0
thomas-berry,2018,ND,SF,18.0,0,0,42.5,0.2,88.87,81.87,53.8,88.87,88.87,1.0,1,0
thomas-berry,2019,ND,SF,19.0,0,1,42.5,0.2,88.87,81.85,56.29,88.87,88.87,1.0,1,0
laitham-vandermeer,2018,ND,SF,19.0,0,0,50.97,0.7,88.87,81.85,56.29,88.87,88.87,1.0,1,0
laitham-vandermeer,2019,ND,SF,20.0,0,1,50.97,0.8,84.86,71.06,53.65,84.86,84.86,1.0,1,0
irving-mosquito,2018,ND,SF,18.0,0,0,54.8,0.5,89.32,83.51,53.36,89.32,89.32,1.0,1,0
irving-mosquito,2019,ND,SF,19.0,0,1,54.8,0.6,89.32,83.49,55.85,89.32,89.32,1.0,1,0
jarrod-cameron,2018,ND,SF,18.0,0,0,57.0,1.6,89.32,84.64,55.02,89.32,89.32,1.0,1,0
jarrod-cameron,2019,ND,SF,19.0,7,1,57.0,0.0,90.68,87.11,61.05,90.68,90.68,1.0,1,0
tom-joyce,2018,ND,MID,18.0,0,0,0.0,0.0,106.91,92.54,57.99,106.91,106.91,1.0,1,0
jack-bytel,2018,ND,MID,18.0,0,0,37.0,0.1,106.91,92.54,57.99,106.91,106.91,1.0,1,0
jack-bytel,2019,ND,MID,19.0,0,1,37.0,0.1,106.91,92.64,61.19,106.91,106.91,1.0,1,0
connor-mcfadyen,2018,ND,MID,18.0,0,0,0.0,0.0,106.38,92.13,58.42,106.38,106.38,1.0,1,0
jack-ross,2018,ND,MID,18.0,0,0,84.47,459.5,106.38,91.38,58.57,106.38,106.38,1.0,1,0
jack-ross,2019,ND,MID,19.0,7,1,84.47,523.2,106.89,95.39,69.78,106.89,106.89,1.0,1,0
justin-mcinerney,2018,ND,MID,18.0,0,0,85.83,628.1,106.38,91.38,58.38,106.38,106.38,1.0,1,0
justin-mcinerney,2019,ND,MID,19.0,1,1,85.83,716.0,101.26,84.99,56.85,101.26,101.26,1.0,1,0
ben-cavarra,2018,ND,SF,22.0,0,0,45.3,0.0,76.98,61.87,49.08,76.98,70.29,0.76,1,0
ben-cavarra,2019,ND,SF,23.0,0,1,45.3,0.0,74.68,60.09,47.7,74.68,65.77,0.67,1,0
curtis-taylor,2018,ND,SF,18.0,0,0,59.3,9.6,89.78,80.2,51.27,89.78,89.78,1.0,1,0
curtis-taylor,2019,ND,SF,19.0,2,1,59.3,10.9,87.17,75.31,51.78,87.17,87.17,1.0,1,0
matthew-parker,2018,ND,SF,22.0,0,0,57.85,6.9,76.8,60.48,49.48,76.8,70.24,0.76,1,0
matthew-parker,2019,ND,SF,23.0,17,1,57.85,7.2,75.56,62.43,54.08,75.56,68.47,0.67,1,0
ben-jarvis,2018,ND,SF,18.0,0,0,37.0,0.0,90.25,78.35,50.4,90.25,90.25,1.0,1,0
ben-jarvis,2019,ND,SF,19.0,0,1,37.0,0.0,90.25,80.86,55.05,90.25,90.25,1.0,1,0
bailey-scott,2018,ND,MID,18.0,0,0,73.17,115.9,106.32,87.24,55.48,106.32,106.32,1.0,1,0
bailey-scott,2019,ND,MID,19.0,4,1,73.17,132.1,106.27,89.97,61.95,106.27,106.27,1.0,1,0
jacob-kennerly,2018,ND,SD,18.0,0,0,0.0,0.0,101.28,83.94,57.71,101.28,101.28,1.0,1,0
zac-foot,2018,ND,SF,18.0,0,0,45.5,0.0,90.25,78.35,50.68,90.25,90.25,1.0,1,0
zac-foot,2019,ND,SF,19.0,0,1,45.5,0.0,90.25,80.86,55.32,90.25,90.25,1.0,1,0
jacob-koschitzke,2018,ND,KPF,18.0,0,0,54.3,8.6,92.46,75.89,36.45,92.46,92.46,1.0,1,0
jacob-koschitzke,2019,ND,KPF,19.0,0,1,54.3,9.8,92.46,78.71,52.53,92.46,92.46,1.0,1,0
aaron-nietschke,2018,ND,SD,18.0,0,0,0.0,0.0,99.29,82.11,52.29,99.29,99.29,1.0,1,0
nick-hind,2018,ND,SD,24.0,0,0,84.03,725.9,77.09,67.04,45.77,77.09,63.94,0.58,1,0
nick-hind,2019,ND,SD,25.0,11,1,84.03,827.4,78.63,68.04,49.85,78.63,64.81,0.52,1,0
noah-answerth,2018,ND,SD,19.0,0,0,62.07,6.1,99.62,85.82,57.48,99.62,99.62,1.0,1,0
noah-answerth,2019,ND,SD,20.0,19,1,62.07,6.4,101.84,94.11,68.56,101.84,101.84,1.0,1,0
marty-hore,2018,ND,SD,22.0,0,0,61.05,14.1,85.07,69.82,48.54,85.07,76.3,0.76,1,0
marty-hore,2019,ND,SD,23.0,14,1,61.05,0.0,89.3,77.97,60.94,89.3,79.94,0.67,1,0
lachlan-schultz,2018,ND,SF,21.0,0,0,78.75,462.9,84.1,69.12,50.72,84.1,80.09,0.88,1,0
lachlan-schultz,2019,ND,SF,22.0,7,1,78.75,527.7,72.61,61.55,40.45,72.61,64.89,0.76,1,0
fraser-turner,2018,ND,MID,18.0,0,0,0.0,0.0,106.18,81.7,46.47,106.18,106.18,1.0,1,0
brett-bewley,2018,ND,SF,23.0,0,0,58.2,107.5,73.15,56.12,47.22,73.15,64.6,0.67,1,0
brett-bewley,2019,ND,SF,24.0,7,1,58.2,122.6,68.64,57.0,45.22,68.64,58.81,0.58,1,0
noah-gown,2018,ND,KPF,18.0,0,0,0.0,0.0,90.2,71.74,27.21,90.2,90.2,1.0,1,0
connor-idun,2018,ND,SD,18.0,0,0,86.98,479.6,96.11,81.65,40.67,96.11,96.11,1.0,1,0
connor-idun,2019,ND,SD,19.0,1,1,86.98,546.7,96.59,84.31,57.4,96.59,96.59,1.0,1,0
luke-english,2018,ND,MID,18.0,0,0,0.0,0.0,103.33,83.59,39.84,103.33,103.33,1.0,1,0
matthew-walker,2018,ND,SF,18.0,0,0,0.0,0.0,87.81,69.17,40.25,87.81,87.81,1.0,1,0
lachlan-sholl,2018,ND,MID,18.0,0,0,72.13,109.6,106.36,90.56,40.39,106.36,106.36,1.0,1,0
lachlan-sholl,2019,ND,MID,19.0,0,1,72.13,125.0,106.36,91.35,57.85,106.36,106.36,1.0,1,0
darcy-fort,2018,ND,RUCK,25.0,0,0,72.52,419.9,94.82,87.24,60.88,94.82,78.53,0.52,1,0
darcy-fort,2019,ND,RUCK,26.0,3,1,72.52,472.4,90.86,86.09,57.59,90.86,72.89,0.46,1,0
finbar-o-dwyer,2018,ND,SD,18.0,0,0,0.0,0.0,108.91,98.01,61.68,108.91,108.91,1.0,1,0
robert-young,2018,ND,SF,23.0,0,0,39.7,0.0,76.67,66.8,52.97,76.67,68.85,0.67,1,0
robert-young,2019,ND,SF,24.0,3,1,39.7,0.0,72.5,64.34,48.55,72.5,62.44,0.58,1,0
jake-tarca,2018,ND,SF,18.0,0,0,0.0,0.0,97.91,83.99,50.25,97.91,97.91,1.0,1,0
joel-crocker,2018,ND,SF,18.0,0,0,0.0,0.0,97.91,83.99,50.25,97.91,97.91,1.0,1,0
ben-silvagni,2018,ND,KPD,18.0,0,0,0.0,0.0,103.09,97.89,65.17,103.09,103.09,1.0,1,0
caleb-graham,2018,ND,KPD,18.0,0,0,51.73,6.7,103.09,97.89,65.17,103.09,103.09,1.0,1,0
caleb-graham,2019,ND,KPD,19.0,3,1,51.73,6.3,101.83,96.27,77.89,101.83,101.83,1.0,1,0
brayden-ham,2018,ND,SF,19.0,0,0,39.47,0.4,97.91,85.19,61.5,97.91,97.91,1.0,1,0
brayden-ham,2019,ND,SF,20.0,5,1,39.47,0.3,92.73,80.69,55.81,92.73,92.73,1.0,1,0
riley-grundy,2018,ND,KPD,18.0,0,0,0.0,0.0,103.09,97.89,65.17,103.09,103.09,1.0,1,0
oscar-brownless,2018,ND,SF,18.0,0,0,0.0,0.0,97.91,83.99,50.25,97.91,97.91,1.0,1,0
toby-bedford,2018,ND,SF,18.0,0,0,64.72,49.3,97.91,83.99,50.25,97.91,97.91,1.0,1,0
toby-bedford,2019,ND,SF,19.0,0,1,64.72,56.2,97.91,85.19,61.5,97.91,97.91,1.0,1,0
boyd-woodcock,2018,ND,SF,18.0,0,0,43.7,0.5,97.91,83.99,50.25,97.91,97.91,1.0,1,0
boyd-woodcock,2019,ND,SF,19.0,0,1,43.7,0.5,97.91,85.19,61.5,97.91,97.91,1.0,1,0
atu-bosenavulagi,2018,ND,MID,18.0,0,0,42.2,0.1,112.82,94.9,52.22,112.82,112.82,1.0,1,0
atu-bosenavulagi,2019,ND,MID,19.0,0,1,42.2,0.1,112.82,94.86,66.85,112.82,112.82,1.0,1,0
will-hayes-a,2018,ND,SF,23.0,0,0,0.0,0.0,76.67,66.8,52.97,76.67,68.85,0.67,1,0
callum-wilkie,2018,RD,KPD,22.0,0,0,96.56,2195.1,91.29,79.48,65.74,91.29,85.16,0.76,1,0
callum-wilkie,2019,RD,KPD,23.0,22,1,96.56,2339.4,92.8,89.88,72.58,92.8,86.13,0.67,1,0
lachie-young,2018,RD,SD,19.0,0,0,53.97,8.0,108.91,97.97,76.77,108.91,108.91,1.0,1,0
lachie-young,2019,RD,SD,20.0,6,1,53.97,9.1,100.3,89.51,62.43,100.3,100.3,1.0,1,0
kieran-strachan,2018,RD,RUCK,23.0,0,0,100.5,316.5,106.38,88.74,64.08,106.38,92.42,0.67,1,0
kieran-strachan,2019,RD,RUCK,24.0,0,1,100.5,360.8,100.49,88.22,61.3,100.49,84.03,0.58,1,0
tom-jok,2018,RD,SD,21.0,0,0,49.0,0.0,100.4,85.93,66.31,100.4,96.31,0.88,1,0
tom-jok,2019,RD,SD,22.0,1,1,49.0,0.0,91.26,80.39,61.57,91.26,84.13,0.76,1,0
tobin-cox,2018,RD,MID,19.0,0,0,0.0,0.0,112.82,94.86,66.85,112.82,112.82,1.0,1,0
tom-mckenzie,2018,RD,MID,18.0,0,0,0.0,0.0,112.82,94.9,52.22,112.82,112.82,1.0,1,0
tom-atkins,2018,RD,MID,23.0,0,0,90.13,796.7,86.27,74.81,47.39,86.27,73.44,0.67,1,0
tom-atkins,2019,RD,MID,24.0,23,1,90.13,907.9,85.19,79.01,58.53,85.19,73.99,0.58,1,0
durak-tucker,2018,RD,SD,18.0,0,0,0.0,0.0,108.91,98.01,61.68,108.91,108.91,1.0,1,0
damon-greaves,2018,RD,SD,18.0,0,0,39.4,183.5,108.91,98.01,61.68,108.91,108.91,1.0,1,0
damon-greaves,2019,RD,SD,19.0,0,1,39.4,209.2,108.91,97.97,76.77,108.91,108.91,1.0,1,0
kade-chandler,2018,RD,SF,18.0,0,0,71.18,174.2,97.91,83.99,50.25,97.91,97.91,1.0,1,0
kade-chandler,2019,RD,SF,19.0,1,1,71.18,198.5,97.91,85.19,61.43,97.91,97.91,1.0,1,0
jake-aarts,2018,RD,SF,23.0,0,0,47.43,5.9,76.67,66.8,52.97,76.67,68.85,0.67,1,0
jake-aarts,2019,RD,SF,24.0,0,1,47.43,6.7,71.57,64.65,52.37,71.57,63.51,0.58,1,0
harry-edwards,2018,RD,KPD,18.0,0,0,61.67,78.0,103.09,97.89,65.17,103.09,103.09,1.0,1,0
harry-edwards,2019,RD,KPD,19.0,0,1,61.67,88.9,103.09,97.58,79.88,103.09,103.09,1.0,1,0
tobe-watson,2018,RD,KPD,20.0,0,0,47.6,68.9,97.65,90.86,74.34,97.65,97.65,1.0,1,0
tobe-watson,2019,RD,KPD,21.0,0,1,47.6,78.5,98.07,84.5,69.42,98.07,94.64,0.88,1,0
jordon-sweet,2018,RD,RUCK,20.0,0,0,91.34,536.2,110.94,99.7,72.41,110.94,110.94,1.0,1,0
jordon-sweet,2019,RD,RUCK,21.0,0,1,91.34,611.3,111.34,94.0,71.64,111.34,106.57,0.88,1,0
harry-reynolds,2018,RD,MID,18.0,0,0,0.0,0.0,112.82,94.9,52.22,112.82,112.82,1.0,1,0
william-golds,2018,RD,SF,18.0,0,0,0.0,0.0,97.91,83.99,50.25,97.91,97.91,1.0,1,0
jordon-butts,2018,RD,KPD,19.0,0,0,54.73,5.1,103.09,97.58,79.88,103.09,103.09,1.0,1,0
jordon-butts,2019,RD,KPD,20.0,0,1,54.73,5.8,97.65,90.86,74.34,97.65,97.65,1.0,1,0
tom-wilkinson,2018,RD,KPF,22.0,0,0,0.0,0.0,88.86,79.0,62.92,88.86,82.64,0.76,1,0
tim-mohr,2011,ND,KPD,23.0,0,0,69.27,286.7,88.06,77.58,62.99,88.06,79.79,0.67,1,0
tim-mohr,2012,ND,KPD,24.0,13,1,69.27,260.7,85.45,77.8,65.09,85.45,76.9,0.58,1,0
tim-mohr,2013,ND,KPD,25.0,35,2,70.95,162.2,86.46,80.39,69.92,86.46,78.52,0.52,1,0
tim-mohr,2014,ND,KPD,26.0,43,3,72.4,1.1,82.98,80.46,70.84,82.98,76.43,0.46,1,0
tim-mohr,2015,ND,KPD,27.0,43,4,56.0,1.2,81.54,75.25,66.72,81.54,72.65,0.4,1,0
tim-mohr,2016,ND,KPD,28.0,45,5,56.0,1.4,71.01,64.81,56.04,71.01,62.03,0.4,1,0
tim-mohr,2017,ND,KPD,29.0,46,6,56.0,1.4,70.09,61.31,51.23,70.09,58.78,0.4,1,0
tim-mohr,2018,ND,KPD,30.0,48,7,56.0,0.0,67.83,60.29,46.98,67.83,55.32,0.4,1,0
callum-brown-ire,2018,IRE,SF,18.0,0,0,59.99,21.9,97.91,83.99,50.25,97.91,97.91,1.0,0,1
callum-brown-ire,2019,IRE,SF,19.0,0,1,59.99,24.9,97.91,85.19,61.5,97.91,97.91,1.0,0,1
james-madden,2018,IRE,SD,18.0,0,0,57.0,1.4,108.91,98.01,61.68,108.91,108.91,1.0,0,1
james-madden,2019,IRE,SD,19.0,0,1,57.0,1.6,108.91,97.97,76.77,108.91,108.91,1.0,0,1
red-og-murphy,2018,IRE,SD,18.0,0,0,0.0,0.0,108.91,98.01,61.68,108.91,108.91,1.0,0,1
stefan-okunbor,2018,IRE,SD,20.0,0,0,0.0,0.0,102.54,91.23,71.23,102.54,102.54,1.0,0,1
anton-tohill,2018,IRE,KPD,19.0,0,0,39.0,0.0,103.09,97.58,79.88,103.09,103.09,1.0,0,1
anton-tohill,2019,IRE,KPD,20.0,0,1,39.0,0.0,97.65,90.86,74.34,97.65,97.65,1.0,0,1
sam-alabakis,2018,UNR,RUCK,21.0,0,0,0.0,0.0,111.34,94.0,71.64,111.34,106.57,0.88,0,1
patrick-bines,2018,UNR,RUCK,19.0,0,0,0.0,0.0,115.06,104.01,74.36,115.06,115.06,1.0,0,1
austin-bradtke,2018,UNR,RUCK,18.0,0,0,0.0,0.0,115.06,103.63,54.35,115.06,115.06,1.0,0,1
tom-fullarton,2018,UNR,KPF,19.0,0,0,48.0,0.3,105.48,97.35,76.94,105.48,105.48,1.0,0,1
tom-fullarton,2019,UNR,KPF,20.0,0,1,48.0,0.4,99.57,90.39,71.26,99.57,99.57,1.0,0,1
matt-owies,2018,UNR,SF,21.0,0,0,55.0,2.6,89.88,75.0,55.43,89.88,85.74,0.88,0,1
matt-owies,2019,UNR,SF,22.0,0,1,55.0,3.0,80.77,69.9,53.82,80.77,74.3,0.76,0,1
brodie-riach,2018,UNR,RUCK,20.0,0,0,0.0,0.0,110.94,99.7,72.41,110.94,110.94,1.0,0,1
guy-walker,2018,UNR,MID,22.0,0,0,0.0,0.0,91.67,78.06,49.36,91.67,81.51,0.76,0,1
tom-wilson,2018,UNR,MID,21.0,0,0,40.8,0.0,101.41,83.1,53.03,101.41,95.61,0.88,0,1
tom-wilson,2019,UNR,MID,22.0,0,1,40.8,0.0,91.67,78.06,49.36,91.67,81.51,0.76,0,1
sam-wicks,2018,PDA,SD,19.0,0,0,60.15,5.3,108.91,97.97,76.77,108.91,108.91,1.0,0,1
sam-wicks,2019,PDA,SD,20.0,0,1,60.15,6.1,102.54,91.23,71.23,102.54,102.54,1.0,0,1
jason-carter,2018,PDN,SD,18.0,0,0,32.5,0.0,108.91,98.01,61.68,108.91,108.91,1.0,0,1
jason-carter,2019,PDN,SD,19.0,2,1,32.5,0.0,104.61,93.98,68.36,104.61,104.61,1.0,0,1
blake-schlensog,2018,PDN,RUCK,18.0,0,0,0.0,0.0,115.06,103.63,54.35,115.06,115.06,1.0,0,1
martin-frederick,2018,PDN,MID,18.0,0,0,31.5,0.0,112.82,94.9,52.22,112.82,112.82,1.0,0,1
martin-frederick,2019,PDN,MID,19.0,0,1,31.5,0.0,112.82,94.86,66.85,112.82,112.82,1.0,0,1
kai-pudney,2018,PDN,MID,18.0,0,0,0.0,0.0,112.82,94.9,52.22,112.82,112.82,1.0,0,1
buku-khamis,2018,PDN,KPD,18.0,0,0,53.91,5.8,103.09,97.89,65.17,103.09,103.09,1.0,0,1
buku-khamis,2019,PDN,KPD,19.0,0,1,53.91,6.6,103.09,97.58,79.88,103.09,103.09,1.0,0,1
matt-cottrell,2018,SSP,MID,18.0,0,0,66.07,69.8,112.82,94.9,52.22,112.82,112.82,1.0,0,1
matt-cottrell,2019,SSP,MID,19.0,0,1,66.07,79.5,112.82,94.86,66.85,112.82,112.82,1.0,0,1
sam-fletcher,2018,SSP,SF,19.0,0,0,0.0,0.0,97.91,85.19,61.5,97.91,97.91,1.0,0,1
michael-gibbons,2018,SSP,SD,23.0,0,0,66.13,170.4,87.52,77.72,60.57,87.52,78.62,0.67,0,1
michael-gibbons,2019,SSP,SD,24.0,21,1,66.13,194.0,85.67,78.22,62.74,85.67,76.04,0.58,0,1
jay-lockhart,2018,SSP,SF,23.0,0,0,53.05,0.6,76.67,66.8,52.97,76.67,68.85,0.67,0,1
jay-lockhart,2019,SSP,SF,24.0,12,1,53.05,0.7,72.53,66.7,51.79,72.53,63.82,0.58,0,1
hayden-mclean,2018,SSP,KPF,19.0,0,0,68.17,263.6,105.48,97.35,76.94,105.48,105.48,1.0,0,1
hayden-mclean,2019,SSP,KPF,20.0,4,1,68.17,282.8,101.04,91.19,69.5,101.04,101.04,1.0,0,1
ned-reeves,2018,SSP,RUCK,20.0,0,0,66.28,102.8,110.94,99.7,72.41,110.94,110.94,1.0,0,1
ned-reeves,2019,SSP,RUCK,21.0,0,1,66.28,117.2,111.34,94.0,71.64,111.34,106.57,0.88,0,1
sydney-stack,2018,SSP,SD,18.0,0,0,69.03,219.5,108.91,98.01,61.68,108.91,108.91,1.0,0,1
sydney-stack,2019,SSP,SD,19.0,17,1,69.03,139.0,114.39,110.66,92.34,114.39,114.39,1.0,0,1
mitch-riordan,2018,MSD,MID,19.0,0,0,0.0,0.0,112.82,94.86,66.85,112.82,112.82,1.0,0,0
kyle-dunkley,2018,MSD,MID,18.0,0,0,47.8,0.0,112.82,94.9,52.22,112.82,112.82,1.0,0,0
kyle-dunkley,2019,MSD,MID,19.0,5,1,47.8,0.0,109.29,94.53,62.95,109.29,109.29,1.0,0,0
michael-knoll,2018,MSD,RUCK,26.0,0,0,0.0,0.0,89.8,84.79,58.39,89.8,72.84,0.46,0,0
lachie-hosie,2018,MSD,SF,22.0,0,0,41.8,0.0,80.77,69.9,53.82,80.77,74.3,0.76,0,0
lachie-hosie,2019,MSD,SF,23.0,0,1,41.8,0.0,76.67,66.8,52.97,76.67,68.85,0.67,0,0
jack-mayo,2018,MSD,KPF,19.0,0,0,0.0,0.0,105.48,97.35,76.94,105.48,105.48,1.0,0,0
dillon-o-rielly,2018,MSD,KPF,18.0,0,0,0.0,0.0,105.48,97.39,61.85,105.48,105.48,1.0,0,0
marlion-pickett,2018,MSD,SF,27.0,0,0,68.63,162.3,66.33,61.59,48.88,66.33,55.86,0.4,0,0
marlion-pickett,2019,MSD,SF,28.0,1,1,68.63,16.2,65.93,60.35,47.58,65.93,54.92,0.4,0,0
john-noble,2018,MSD,SD,21.0,0,0,92.1,655.8,100.4,85.93,66.31,100.4,96.31,0.88,0,0
john-noble,2019,MSD,SD,22.0,5,1,92.1,747.6,88.68,77.83,57.12,88.68,81.11,0.76,0,0
cody-hirst,2018,MSD,MID,19.0,0,0,0.0,0.0,112.82,94.86,66.85,112.82,112.82,1.0,0,0
cameron-rayner,2017,ND,SF,18.0,0,0,73.6,348.2,102.97,103.28,89.25,103.28,103.28,1.0,1,0
cameron-rayner,2018,ND,SF,19.0,22,1,73.6,390.2,99.22,96.9,84.5,99.22,99.22,1.0,1,0
cameron-rayner,2019,ND,SF,20.0,46,2,73.6,444.8,91.81,87.26,73.98,91.81,91.81,1.0,1,0
andrew-brayshaw,2017,ND,MID,18.0,0,0,111.6,3074.6,119.95,118.28,101.21,119.95,119.95,1.0,1,0
andrew-brayshaw,2018,ND,MID,19.0,17,1,111.6,3504.7,116.9,112.91,98.5,116.9,116.9,1.0,1,0
andrew-brayshaw,2019,ND,MID,20.0,39,2,111.6,3986.5,115.24,116.12,104.56,116.12,116.12,1.0,1,0
paddy-dow,2017,ND,MID,18.0,0,0,58.43,1.4,115.02,110.27,90.57,115.02,115.02,1.0,1,0
paddy-dow,2018,ND,MID,19.0,20,1,58.43,1.3,116.36,113.32,93.22,116.36,116.36,1.0,1,0
paddy-dow,2019,ND,MID,20.0,39,2,56.7,0.6,109.1,105.36,86.09,109.1,109.1,1.0,1,0
luke-davies-uniacke,2017,ND,MID,18.0,0,0,110.65,2102.0,119.56,113.34,89.43,119.56,119.56,1.0,1,0
luke-davies-uniacke,2018,ND,MID,19.0,7,1,110.65,2396.2,114.92,107.47,79.19,114.92,114.92,1.0,1,0
luke-davies-uniacke,2019,ND,MID,20.0,21,2,110.65,2730.9,114.31,111.11,90.15,114.31,114.31,1.0,1,0
adam-cerra,2017,ND,MID,18.0,0,0,98.83,1430.4,118.89,109.43,88.04,118.89,118.89,1.0,1,0
adam-cerra,2018,ND,MID,19.0,21,1,98.83,1630.3,120.89,113.5,92.51,120.89,120.89,1.0,1,0
adam-cerra,2019,ND,MID,20.0,41,2,98.83,1846.0,113.96,108.38,92.09,113.96,113.96,1.0,1,0
jaidyn-stephenson,2017,ND,SF,18.0,0,0,75.57,493.5,100.63,92.93,74.92,100.63,100.63,1.0,1,0
jaidyn-stephenson,2018,ND,SF,19.0,26,1,75.57,548.8,101.56,96.67,84.42,101.56,101.56,1.0,1,0
jaidyn-stephenson,2019,ND,SF,20.0,40,2,75.57,274.1,103.25,95.91,87.37,103.25,103.25,1.0,1,0
hunter-clark,2017,ND,SD,18.0,0,0,77.3,199.6,104.8,96.12,77.94,104.8,104.8,1.0,1,0
hunter-clark,2018,ND,SD,19.0,15,1,77.3,227.5,102.67,95.24,78.29,102.67,102.67,1.0,1,0
hunter-clark,2019,ND,SD,20.0,29,2,77.3,215.9,107.29,100.22,90.15,107.29,107.29,1.0,1,0
nicholas-coffield,2017,ND,SD,18.0,0,0,68.01,100.1,105.33,97.12,78.12,105.33,105.33,1.0,1,0
nicholas-coffield,2018,ND,SD,19.0,10,1,68.01,114.1,103.25,93.79,74.99,103.25,103.25,1.0,1,0
nicholas-coffield,2019,ND,SD,20.0,18,2,68.01,129.9,100.92,91.44,74.19,100.92,100.92,1.0,1,0
aaron-naughton,2017,ND,KPF,18.0,0,0,77.77,833.7,88.33,79.89,50.42,88.33,88.33,1.0,1,0
aaron-naughton,2018,ND,KPF,19.0,18,1,77.77,944.9,98.87,93.64,75.73,98.87,98.87,1.0,1,0
aaron-naughton,2019,ND,KPF,20.0,41,2,77.77,994.6,101.15,96.84,85.44,101.15,101.15,1.0,1,0
lochie-o-brien,2017,ND,MID,18.0,0,0,52.17,1.2,115.75,104.8,82.61,115.75,115.75,1.0,1,0
lochie-o-brien,2018,ND,MID,19.0,18,1,52.17,1.3,110.89,103.7,76.42,110.89,110.89,1.0,1,0
lochie-o-brien,2019,ND,MID,20.0,35,2,45.3,1.5,100.44,93.07,69.66,100.44,100.44,1.0,1,0
aiden-bonar,2017,ND,SD,18.0,0,0,45.27,1.6,106.85,98.21,82.21,106.85,106.85,1.0,1,0
aiden-bonar,2018,ND,SD,19.0,4,1,45.27,0.2,106.75,93.98,84.38,106.75,106.75,1.0,1,0
aiden-bonar,2019,ND,SD,20.0,6,2,45.27,0.2,101.47,87.28,69.82,101.47,101.47,1.0,1,0
darcy-fogarty,2017,ND,KPF,18.0,0,0,69.79,319.5,88.69,80.28,52.12,88.69,88.69,1.0,1,0
darcy-fogarty,2018,ND,KPF,19.0,10,1,69.79,364.1,93.73,91.21,66.55,93.73,93.73,1.0,1,0
darcy-fogarty,2019,ND,KPF,20.0,14,2,69.79,364.0,94.16,83.74,71.63,94.16,94.16,1.0,1,0
jarrod-brander,2017,ND,KPF,18.0,0,0,57.15,12.8,88.69,80.28,52.12,88.69,88.69,1.0,1,0
jarrod-brander,2018,ND,KPF,19.0,1,1,57.15,14.6,92.25,85.02,62.98,92.25,92.25,1.0,1,0
jarrod-brander,2019,ND,KPF,20.0,3,2,57.15,16.6,92.83,80.68,62.5,92.83,92.83,1.0,1,0
matthew-ling,2017,ND,MID,18.0,0,0,30.3,0.0,115.75,103.06,78.05,115.75,115.75,1.0,1,0
matthew-ling,2018,ND,MID,19.0,0,1,30.3,0.0,115.75,101.68,75.31,115.75,115.75,1.0,1,0
matthew-ling,2019,ND,MID,20.0,0,2,30.3,0.0,110.19,98.96,72.26,110.19,110.19,1.0,1,0
zac-bailey,2017,ND,SF,18.0,0,0,89.84,1093.5,93.63,89.89,67.52,93.63,93.63,1.0,1,0
zac-bailey,2018,ND,SF,19.0,12,1,89.84,1246.6,92.97,92.8,66.76,92.97,92.97,1.0,1,0
zac-bailey,2019,ND,SF,20.0,27,2,89.84,1421.0,88.42,84.47,67.13,88.42,88.42,1.0,1,0
ed-richards,2017,ND,MID,18.0,0,0,105.74,1136.5,115.46,102.76,79.14,115.46,115.46,1.0,1,0
ed-richards,2018,ND,MID,19.0,21,1,105.74,1295.3,116.33,106.87,83.27,116.33,116.33,1.0,1,0
ed-richards,2019,ND,MID,20.0,41,2,105.74,1476.6,105.19,97.18,70.99,105.19,105.19,1.0,1,0
jack-higgins,2017,ND,SF,18.0,0,0,76.0,603.4,91.5,83.16,63.19,91.5,91.5,1.0,1,0
jack-higgins,2018,ND,SF,19.0,20,1,76.0,484.9,105.96,96.69,82.82,105.96,105.96,1.0,1,0
jack-higgins,2019,ND,SF,20.0,33,2,74.67,515.7,100.81,93.27,81.7,100.81,100.81,1.0,1,0
brandon-starcevich,2017,ND,SD,18.0,0,0,61.37,2.5,107.06,96.0,76.76,107.06,107.06,1.0,1,0
brandon-starcevich,2018,ND,SD,19.0,4,1,61.37,2.8,105.45,90.1,72.76,105.45,105.45,1.0,1,0
brandon-starcevich,2019,ND,SD,20.0,5,2,61.37,3.2,100.57,86.41,63.94,100.57,100.57,1.0,1,0
wil-powell,2017,ND,SD,18.0,0,0,87.5,599.7,106.97,92.84,77.7,106.97,106.97,1.0,1,0
wil-powell,2018,ND,SD,19.0,7,1,87.5,683.6,100.1,89.71,72.23,100.1,100.1,1.0,1,0
wil-powell,2019,ND,SD,20.0,20,2,87.5,778.1,99.94,90.57,74.85,99.94,99.94,1.0,1,0
callum-coleman-jones,2017,ND,KPF,18.0,0,0,56.0,63.9,88.79,78.63,50.22,88.79,88.79,1.0,1,0
callum-coleman-jones,2018,ND,KPF,19.0,0,1,56.0,72.8,88.79,78.52,60.55,88.79,88.79,1.0,1,0
callum-coleman-jones,2019,ND,KPF,20.0,1,2,56.0,76.4,92.48,80.72,62.79,92.48,92.48,1.0,1,0
oscar-allen,2017,ND,KPF,18.0,0,0,71.03,437.0,88.79,78.94,49.01,88.79,88.79,1.0,1,0
oscar-allen,2018,ND,KPF,19.0,2,1,71.03,496.6,88.79,79.15,60.49,88.79,88.79,1.0,1,0
oscar-allen,2019,ND,KPF,20.0,23,2,71.03,500.0,102.12,95.89,78.81,102.12,102.12,1.0,1,0
lachlan-fogarty,2017,ND,SF,18.0,0,0,64.93,28.8,92.0,84.46,62.54,92.0,92.0,1.0,1,0
lachlan-fogarty,2018,ND,SF,19.0,15,1,64.93,32.6,99.25,90.55,72.57,99.25,99.25,1.0,1,0
lachlan-fogarty,2019,ND,SF,20.0,17,2,64.93,37.0,94.61,85.49,66.43,94.61,94.61,1.0,1,0
will-walker,2017,ND,SF,18.0,0,0,65.0,8.2,91.34,83.81,62.28,91.34,91.34,1.0,1,0
will-walker,2018,ND,SF,19.0,4,1,65.0,9.4,90.82,78.5,61.61,90.82,90.82,1.0,1,0
will-walker,2019,ND,SF,20.0,4,2,65.0,10.7,92.48,79.88,57.81,92.48,92.48,1.0,1,0
tim-kelly,2017,ND,MID,23.0,0,0,100.87,2585.2,87.65,72.5,40.16,87.65,71.98,0.67,1,0
tim-kelly,2018,ND,MID,24.0,23,1,100.87,2534.1,106.87,98.11,77.92,106.87,95.78,0.617,1,0
tim-kelly,2019,ND,MID,25.0,48,2,100.87,1863.8,115.88,108.39,94.6,115.88,109.91,0.719,1,0
noah-balta,2017,ND,KPF,18.0,0,0,69.27,330.3,88.47,77.68,46.7,88.47,88.47,1.0,1,0
noah-balta,2018,ND,KPF,19.0,0,1,69.27,376.6,88.47,77.57,57.54,88.47,88.47,1.0,1,0
noah-balta,2019,ND,KPF,20.0,13,2,69.27,428.9,91.84,83.56,64.82,91.84,91.84,1.0,1,0
liam-ryan,2017,ND,SF,21.0,0,0,68.0,290.2,84.24,66.28,52.62,84.24,80.45,0.88,1,0
liam-ryan,2018,ND,SF,22.0,13,1,68.0,313.8,85.32,73.29,59.65,85.32,79.16,0.76,1,0
liam-ryan,2019,ND,SF,23.0,37,2,67.63,345.6,83.45,76.48,64.6,83.45,77.23,0.67,1,0
brent-daniels,2017,ND,SF,18.0,0,0,81.49,483.4,90.07,83.03,59.16,90.07,90.07,1.0,1,0
brent-daniels,2018,ND,SF,19.0,7,1,81.49,550.9,92.37,84.57,64.71,92.37,92.37,1.0,1,0
brent-daniels,2019,ND,SF,20.0,33,2,81.49,596.6,96.44,89.94,73.9,96.44,96.44,1.0,1,0
sam-taylor,2017,ND,KPD,18.0,0,0,86.33,1211.0,95.07,90.73,63.49,95.07,95.07,1.0,1,0
sam-taylor,2018,ND,KPD,19.0,8,1,86.33,1380.1,93.39,88.59,68.53,93.39,93.39,1.0,1,0
sam-taylor,2019,ND,KPD,20.0,30,2,86.33,1553.5,95.45,93.12,76.09,95.45,95.45,1.0,1,0
charlie-spargo,2017,ND,SF,18.0,0,0,57.33,6.2,91.37,86.51,57.86,91.37,91.37,1.0,1,0
charlie-spargo,2018,ND,SF,19.0,18,1,57.33,5.0,95.76,91.63,70.72,95.76,95.76,1.0,1,0
charlie-spargo,2019,ND,SF,20.0,26,2,56.9,5.7,90.11,81.98,61.38,90.11,90.11,1.0,1,0
tom-de-koning,2017,ND,RUCK,18.0,0,0,91.07,696.4,115.62,107.56,62.57,115.62,115.62,1.0,1,0
tom-de-koning,2018,ND,RUCK,19.0,2,1,91.07,793.9,115.62,106.67,73.47,115.62,115.62,1.0,1,0
tom-de-koning,2019,ND,RUCK,20.0,2,2,91.07,905.1,113.83,106.72,73.06,113.83,113.83,1.0,1,0
bayley-fritsch,2017,ND,SF,21.0,0,0,74.23,420.0,83.25,67.89,54.39,83.25,79.79,0.88,1,0
bayley-fritsch,2018,ND,SF,22.0,23,1,74.23,286.0,92.47,84.85,70.83,92.47,87.28,0.76,1,0
bayley-fritsch,2019,ND,SF,23.0,45,2,73.2,279.1,90.89,85.65,71.94,90.89,84.75,0.676,1,0
brayden-ainsworth,2017,ND,MID,19.0,0,0,45.4,0.0,107.41,95.13,64.19,107.41,107.41,1.0,1,0
brayden-ainsworth,2018,ND,MID,20.0,3,1,45.4,0.0,102.45,90.06,59.29,102.45,102.45,1.0,1,0
brayden-ainsworth,2019,ND,MID,21.0,3,2,45.4,0.0,100.99,86.4,55.12,100.99,95.49,0.88,1,0
tom-mccartin,2017,ND,KPD,18.0,0,0,76.25,481.5,93.69,88.68,67.16,93.69,93.69,1.0,1,0
tom-mccartin,2018,ND,KPD,19.0,15,1,76.25,548.4,92.4,87.64,75.16,92.4,92.4,1.0,1,0
tom-mccartin,2019,ND,KPD,20.0,34,2,76.25,624.5,89.93,88.07,74.23,89.93,89.93,1.0,1,0
patrick-naish,2017,ND,MID,18.0,0,0,45.4,10.5,106.66,90.51,61.55,106.66,106.66,1.0,1,0
patrick-naish,2018,ND,MID,19.0,0,1,45.4,12.0,106.66,90.25,64.14,106.66,106.66,1.0,1,0
patrick-naish,2019,ND,MID,20.0,2,2,45.4,1.1,105.63,92.35,62.85,105.63,105.63,1.0,1,0
oscar-clavarino,2017,ND,KPD,18.0,0,0,37.6,0.0,93.62,87.08,64.97,93.62,93.62,1.0,1,0
oscar-clavarino,2018,ND,KPD,19.0,0,1,37.6,0.0,93.62,86.53,65.77,93.62,93.62,1.0,1,0
oscar-clavarino,2019,ND,KPD,20.0,0,2,37.6,0.0,91.86,82.96,63.78,91.86,91.86,1.0,1,0
charlie-constable,2017,ND,MID,18.0,0,0,80.0,70.6,105.42,91.3,59.01,105.42,105.42,1.0,1,0
charlie-constable,2018,ND,MID,19.0,0,1,80.0,80.5,105.42,91.22,61.87,105.42,105.42,1.0,1,0
charlie-constable,2019,ND,MID,20.0,7,2,80.0,0.4,110.23,99.19,75.28,110.23,110.23,1.0,1,0
harrison-petty,2017,ND,KPD,18.0,0,0,64.29,82.8,93.62,87.28,63.71,93.62,93.62,1.0,1,0
harrison-petty,2018,ND,KPD,19.0,1,1,64.29,94.3,93.31,83.74,64.69,93.31,93.31,1.0,1,0
harrison-petty,2019,ND,KPD,20.0,11,2,64.29,106.2,91.91,83.9,66.32,91.91,91.91,1.0,1,0
jack-petruccelle,2017,ND,SF,18.0,0,0,53.77,1.8,89.32,83.51,53.36,89.32,89.32,1.0,1,0
jack-petruccelle,2018,ND,SF,19.0,3,1,53.77,2.1,82.74,74.65,51.02,82.74,82.74,1.0,1,0
jack-petruccelle,2019,ND,SF,20.0,23,2,53.77,2.1,87.37,79.57,60.05,87.37,87.37,1.0,1,0
nathan-murphy,2017,ND,KPD,18.0,0,0,50.57,3.3,94.07,88.55,62.81,94.07,94.07,1.0,1,0
nathan-murphy,2018,ND,KPD,19.0,2,1,50.57,3.7,92.02,83.89,67.39,92.02,92.02,1.0,1,0
nathan-murphy,2019,ND,KPD,20.0,2,2,50.57,4.3,91.4,83.6,59.64,91.4,91.4,1.0,1,0
andrew-mcpherson,2017,ND,SD,18.0,0,0,59.45,5.5,101.87,89.29,61.21,101.87,101.87,1.0,1,0
andrew-mcpherson,2018,ND,SD,19.0,0,1,59.45,6.3,101.87,89.05,63.0,101.87,101.87,1.0,1,0
andrew-mcpherson,2019,ND,SD,20.0,0,2,59.45,7.2,98.08,84.04,59.11,98.08,98.08,1.0,1,0
toby-wooller,2017,ND,KPF,18.0,0,0,0.0,0.0,92.72,83.84,41.92,92.72,92.72,1.0,1,0
charlie-ballard,2017,ND,KPD,18.0,0,0,68.8,226.1,94.53,88.15,62.81,94.53,94.53,1.0,1,0
charlie-ballard,2018,ND,KPD,19.0,11,1,68.8,257.7,90.13,82.05,66.73,90.13,90.13,1.0,1,0
charlie-ballard,2019,ND,KPD,20.0,32,2,68.8,280.8,94.64,89.61,73.62,94.64,94.64,1.0,1,0
connor-ballenden,2017,ND,KPF,18.0,0,0,34.0,0.0,92.18,82.66,41.92,92.18,92.18,1.0,1,0
connor-ballenden,2018,ND,KPF,19.0,0,1,34.0,0.0,92.18,83.08,55.04,92.18,92.18,1.0,1,0
connor-ballenden,2019,ND,KPF,20.0,0,2,34.0,0.0,91.71,78.95,57.47,91.71,91.71,1.0,1,0
hugh-dixon,2017,ND,KPF,18.0,0,0,48.7,0.3,92.18,82.66,42.14,92.18,92.18,1.0,1,0
hugh-dixon,2018,ND,KPF,19.0,0,1,48.7,0.4,92.18,83.08,55.26,92.18,92.18,1.0,1,0
hugh-dixon,2019,ND,KPF,20.0,1,2,48.7,0.4,91.32,79.54,56.45,91.32,91.32,1.0,1,0
james-worpel,2017,ND,MID,18.0,0,0,91.77,1165.5,106.38,90.9,55.73,106.38,106.38,1.0,1,0
james-worpel,2018,ND,MID,19.0,11,1,91.77,1324.8,115.14,100.47,77.86,115.14,115.14,1.0,1,0
james-worpel,2019,ND,MID,20.0,33,2,91.77,688.5,120.01,117.38,99.54,120.01,120.01,1.0,1,0
ben-paton,2017,ND,SF,19.0,0,0,60.77,1.5,89.78,80.56,55.91,89.78,89.78,1.0,1,0
ben-paton,2018,ND,SF,20.0,3,1,60.77,1.7,87.88,70.68,53.06,87.88,87.88,1.0,1,0
ben-paton,2019,ND,SF,21.0,16,2,60.77,1.7,91.7,77.1,61.88,91.7,88.12,0.88,1,0
sam-hayes,2017,ND,RUCK,18.0,0,0,72.6,11.9,109.43,94.71,50.45,109.43,109.43,1.0,1,0
sam-hayes,2018,ND,RUCK,19.0,0,1,72.6,13.6,109.43,97.24,66.73,109.43,109.43,1.0,1,0
sam-hayes,2019,ND,RUCK,20.0,0,2,72.6,15.5,107.12,95.52,65.78,107.12,107.12,1.0,1,0
oskar-baker,2017,ND,SF,19.0,0,0,56.27,0.4,90.25,80.86,55.05,90.25,90.25,1.0,1,0
oskar-baker,2018,ND,SF,20.0,0,1,56.27,0.5,85.6,70.7,52.67,85.6,85.6,1.0,1,0
oskar-baker,2019,ND,SF,21.0,9,2,56.27,0.6,85.42,67.11,50.27,85.42,81.21,0.88,1,0
jordan-houlahan,2017,ND,MID,18.0,0,0,0.0,0.0,106.32,87.24,55.48,106.32,106.32,1.0,1,0
tyler-brown,2017,ND,MID,18.0,0,0,44.1,0.1,106.32,85.29,54.49,106.32,106.32,1.0,1,0
tyler-brown,2018,ND,MID,19.0,0,1,44.1,0.1,106.32,87.93,59.5,106.32,106.32,1.0,1,0
tyler-brown,2019,ND,MID,20.0,0,2,44.1,0.1,105.38,88.56,56.23,105.38,105.38,1.0,1,0
kane-farrell,2017,ND,SD,18.0,0,0,85.69,425.1,99.43,83.45,58.04,99.43,99.43,1.0,1,0
kane-farrell,2018,ND,SD,19.0,5,1,85.69,484.6,99.58,84.37,61.46,99.58,99.58,1.0,1,0
kane-farrell,2019,ND,SD,20.0,12,2,85.69,552.4,96.17,83.55,61.22,96.17,96.17,1.0,1,0
brayden-crossley,2017,ND,RUCK,18.0,0,0,49.9,0.0,109.43,90.13,42.36,109.43,109.43,1.0,1,0
brayden-crossley,2018,ND,RUCK,19.0,10,1,49.9,0.0,105.61,93.38,64.54,105.61,105.61,1.0,1,0
ryley-stoddart,2017,ND,SD,18.0,0,0,42.0,0.0,99.29,82.11,52.29,99.29,99.29,1.0,1,0
ryley-stoddart,2018,ND,SD,19.0,2,1,42.0,0.0,99.58,85.21,59.37,99.58,99.58,1.0,1,0
ryley-stoddart,2019,ND,SD,20.0,4,2,42.0,0.0,94.44,76.11,54.39,94.44,94.44,1.0,1,0
jack-payne,2017,ND,KPD,18.0,0,0,63.8,69.5,95.01,83.61,56.08,95.01,95.01,1.0,1,0
jack-payne,2018,ND,KPD,19.0,0,1,63.8,79.2,95.01,85.6,62.63,95.01,95.01,1.0,1,0
jack-payne,2019,ND,KPD,20.0,0,2,63.8,90.3,93.09,82.89,61.22,93.09,93.09,1.0,1,0
connor-nutting,2017,ND,SF,18.0,0,0,0.0,0.0,93.3,81.07,50.47,93.3,93.3,1.0,1,0
zac-giles-langdon,2017,ND,SF,22.0,0,0,52.23,1.7,78.48,62.9,49.07,78.48,71.42,0.76,1,0
zac-giles-langdon,2018,ND,SF,23.0,21,1,52.23,0.8,77.76,67.63,53.88,77.76,69.88,0.67,1,0
zac-giles-langdon,2019,ND,SF,24.0,24,2,47.87,0.9,74.06,64.16,51.88,74.06,64.75,0.58,1,0
gryan-miers,2017,ND,SF,18.0,0,0,86.73,833.2,90.25,80.39,48.75,90.25,90.25,1.0,1,0
gryan-miers,2018,ND,SF,19.0,0,1,86.73,949.8,90.25,83.22,54.32,90.25,90.25,1.0,1,0
gryan-miers,2019,ND,SF,20.0,25,2,86.73,1035.8,96.54,93.51,72.44,96.54,96.54,1.0,1,0
jake-patmore,2017,ND,SF,18.0,0,0,0.0,0.0,89.98,75.45,48.75,89.98,89.98,1.0,1,0
mitchell-crowden,2017,ND,SF,18.0,0,0,47.47,8.5,89.71,73.86,46.77,89.71,89.71,1.0,1,0
mitchell-crowden,2018,ND,SF,19.0,9,1,47.47,9.7,82.82,70.66,48.31,82.82,82.82,1.0,1,0
mitchell-crowden,2019,ND,SF,20.0,14,2,49.65,1.0,86.92,71.65,57.25,86.92,86.92,1.0,1,0
joel-garner,2017,ND,SF,18.0,0,0,50.5,0.0,88.29,73.6,42.62,88.29,88.29,1.0,1,0
joel-garner,2018,ND,SF,19.0,0,1,50.5,0.0,88.29,76.97,53.6,88.29,88.29,1.0,1,0
joel-garner,2019,ND,SF,20.0,4,2,50.5,0.0,86.7,72.97,55.42,86.7,86.7,1.0,1,0
dom-barry,2012,ND,MID,18.0,0,0,46.4,0.0,107.41,95.27,61.76,107.41,107.41,1.0,1,0
dom-barry,2013,ND,MID,19.0,0,1,46.4,0.0,107.41,94.99,64.35,107.41,107.41,1.0,1,0
dom-barry,2014,ND,MID,20.0,5,2,46.4,0.0,101.53,88.64,59.03,101.53,101.53,1.0,1,0
dom-barry,2015,ND,MID,21.0,5,3,46.4,0.0,102.76,85.2,55.88,102.76,97.13,0.88,1,0
dom-barry,2016,ND,MID,22.0,5,4,46.4,0.0,94.45,83.84,53.76,94.45,84.68,0.76,1,0
dom-barry,2017,ND,MID,23.0,5,5,46.4,0.0,95.7,85.39,58.86,95.7,83.54,0.67,1,0
dom-barry,2018,ND,MID,24.0,10,6,46.4,0.0,84.83,76.94,52.14,84.83,71.1,0.58,1,0
kyron-hayden,2017,ND,MID,18.0,0,0,52.4,0.0,103.33,80.72,42.18,103.33,103.33,1.0,1,0
kyron-hayden,2018,ND,MID,19.0,0,1,52.4,0.0,103.33,84.26,57.22,103.33,103.33,1.0,1,0
kyron-hayden,2019,ND,MID,20.0,1,2,52.4,0.0,100.78,85.93,54.58,100.78,100.78,1.0,1,0
ben-miller,2017,ND,KPD,18.0,0,0,72.95,262.0,89.66,75.72,43.59,89.66,89.66,1.0,1,0
ben-miller,2018,ND,KPD,19.0,0,1,72.95,298.7,89.66,78.83,60.18,89.66,89.66,1.0,1,0
ben-miller,2019,ND,KPD,20.0,0,2,72.95,340.5,88.34,78.3,60.43,88.34,88.34,1.0,1,0
nicholas-shipley,2017,ND,MID,18.0,0,0,24.0,0.0,103.33,83.59,39.84,103.33,103.33,1.0,1,0
nicholas-shipley,2018,ND,MID,19.0,2,1,24.0,0.0,94.66,79.87,50.5,94.66,94.66,1.0,1,0
nicholas-shipley,2019,ND,MID,20.0,2,2,10.8,0.0,99.97,84.34,53.83,99.97,99.97,1.0,1,0
tom-north,2017,ND,MID,18.0,0,0,0.0,0.0,106.36,90.56,40.39,106.36,106.36,1.0,1,0
brandon-zerk-thatcher,2017,ND,KPD,19.0,0,0,66.57,130.1,103.09,97.58,79.88,103.09,103.09,1.0,1,0
brandon-zerk-thatcher,2018,ND,KPD,20.0,0,1,66.57,148.3,97.65,90.86,74.34,97.65,97.65,1.0,1,0
brandon-zerk-thatcher,2019,ND,KPD,21.0,1,2,66.57,166.9,95.09,85.25,68.45,95.09,91.89,0.88,1,0
dylan-moore,2017,ND,SF,18.0,0,0,94.03,1421.7,97.91,83.99,50.25,97.91,97.91,1.0,1,0
dylan-moore,2018,ND,SF,19.0,0,1,94.03,1620.8,97.91,85.19,61.5,97.91,97.91,1.0,1,0
dylan-moore,2019,ND,SF,20.0,7,2,94.03,1846.3,93.19,83.16,61.45,93.19,93.19,1.0,1,0
hamish-brayshaw,2017,ND,MID,19.0,0,0,25.0,0.0,112.82,94.86,66.85,112.82,112.82,1.0,1,0
hamish-brayshaw,2018,ND,MID,20.0,0,1,25.0,0.0,103.87,89.07,57.78,103.87,103.87,1.0,1,0
hamish-brayshaw,2019,ND,MID,21.0,0,2,25.0,0.0,101.44,85.95,55.8,101.44,95.96,0.88,1,0
lloyd-meek,2017,ND,RUCK,19.0,0,0,97.83,780.5,115.06,104.01,74.36,115.06,115.06,1.0,1,0
lloyd-meek,2018,ND,RUCK,20.0,0,1,97.83,889.8,110.94,99.7,72.41,110.94,110.94,1.0,1,0
lloyd-meek,2019,ND,RUCK,21.0,0,2,97.83,1014.3,111.34,94.0,71.64,111.34,106.57,0.88,1,0
angus-schumacher,2017,ND,SD,18.0,0,0,39.0,0.0,108.91,98.01,61.68,108.91,108.91,1.0,1,0
angus-schumacher,2018,ND,SD,19.0,0,1,39.0,0.0,108.91,97.97,76.77,108.91,108.91,1.0,1,0
angus-schumacher,2019,ND,SD,20.0,1,2,39.0,0.0,102.22,92.07,70.19,102.22,102.22,1.0,1,0
jackson-ross,2017,ND,MID,18.0,0,0,0.0,0.0,112.82,94.9,52.22,112.82,112.82,1.0,1,0
tristan-xerri,2017,ND,RUCK,18.0,0,0,119.5,1761.1,115.06,103.63,54.35,115.06,115.06,1.0,1,0
tristan-xerri,2018,ND,RUCK,19.0,0,1,119.5,2007.7,115.06,104.01,74.36,115.06,115.06,1.0,1,0
tristan-xerri,2019,ND,RUCK,20.0,0,2,119.5,2288.7,110.94,99.7,72.41,110.94,110.94,1.0,1,0
sam-switkowski,2017,ND,SF,21.0,0,0,73.67,392.4,89.88,75.0,55.43,89.88,85.74,0.88,1,0
sam-switkowski,2018,ND,SF,22.0,2,1,73.67,360.0,80.98,71.94,53.42,80.98,74.37,0.76,1,0
sam-switkowski,2019,ND,SF,23.0,20,2,73.67,383.1,83.26,77.04,63.68,83.26,76.8,0.67,1,0
callum-porter,2017,ND,MID,18.0,0,0,39.0,0.0,112.82,94.9,52.22,112.82,112.82,1.0,1,0
callum-porter,2018,ND,MID,19.0,0,1,39.0,0.0,112.82,94.86,66.85,112.82,112.82,1.0,1,0
callum-porter,2019,ND,MID,20.0,0,2,39.0,0.0,103.9,91.12,61.06,103.9,103.9,1.0,1,0
scott-jones,2017,ND,KPF,22.0,0,0,80.0,111.5,88.86,79.0,62.92,88.86,82.64,0.76,1,0
scott-jones,2018,ND,KPF,23.0,5,1,80.0,127.0,82.62,73.29,55.62,82.62,73.71,0.67,1,0
scott-jones,2019,ND,KPF,24.0,6,2,80.0,0.0,79.57,72.62,55.74,79.57,69.56,0.58,1,0
matt-guelfi,2017,ND,SF,20.0,0,0,64.4,59.1,91.52,80.26,57.28,91.52,91.52,1.0,1,0
matt-guelfi,2018,ND,SF,21.0,15,1,64.4,58.2,94.91,83.28,63.83,94.91,91.18,0.88,1,0
matt-guelfi,2019,ND,SF,22.0,32,2,63.3,66.3,84.09,80.07,61.64,84.09,78.7,0.76,1,0
joshua-jaska,2017,RD,MID,19.0,0,0,0.0,0.0,112.82,94.86,66.85,112.82,112.82,1.0,1,0
thomas-murphy-1,2017,RD,SD,19.0,0,0,47.8,0.0,108.91,97.97,76.77,108.91,108.91,1.0,1,0
thomas-murphy-1,2018,RD,SD,20.0,4,1,47.8,0.0,99.95,87.5,62.28,99.95,99.95,1.0,1,0
thomas-murphy-1,2019,RD,SD,21.0,4,2,47.8,0.0,98.24,83.9,59.59,98.24,93.6,0.88,1,0
bailey-banfield,2017,RD,SF,19.0,0,0,61.73,11.5,97.91,85.19,61.5,97.91,97.91,1.0,1,0
bailey-banfield,2018,RD,SF,20.0,20,1,61.73,12.3,96.9,90.08,69.59,96.9,96.9,1.0,1,0
bailey-banfield,2019,RD,SF,21.0,27,2,59.37,13.2,95.14,86.27,65.13,95.14,91.54,0.88,1,0
flynn-appleby,2017,RD,SD,18.0,0,0,51.9,0.1,108.91,98.01,61.68,108.91,108.91,1.0,1,0
flynn-appleby,2018,RD,SD,19.0,9,1,51.9,0.0,106.55,96.89,71.36,106.55,106.55,1.0,1,0
flynn-appleby,2019,RD,SD,20.0,10,2,57.0,0.1,101.76,89.85,63.17,101.76,101.76,1.0,1,0
harrison-jones-haw,2017,RD,KPF,18.0,0,0,54.0,0.0,105.48,97.39,61.85,105.48,105.48,1.0,1,0
harrison-jones-haw,2018,RD,KPF,19.0,0,1,54.0,0.0,105.48,97.35,76.94,105.48,105.48,1.0,1,0
harrison-jones-haw,2019,RD,KPF,20.0,0,2,54.0,0.0,99.57,90.39,71.26,99.57,99.57,1.0,1,0
doulton-langlands,2017,RD,MID,18.0,0,0,53.3,0.3,112.82,94.9,52.22,112.82,112.82,1.0,1,0
doulton-langlands,2018,RD,MID,19.0,0,1,53.3,0.3,112.82,94.86,66.85,112.82,112.82,1.0,1,0
doulton-langlands,2019,RD,MID,20.0,3,2,53.3,0.0,105.71,91.97,60.58,105.71,105.71,1.0,1,0
trent-myknott,2017,RD,MID,18.0,0,0,0.0,0.0,112.82,94.9,52.22,112.82,112.82,1.0,1,0
ryan-burrows,2017,RD,SD,19.0,0,0,0.0,0.0,108.91,97.97,76.77,108.91,108.91,1.0,1,0
angus-styles,2017,RD,SD,18.0,0,0,0.0,0.0,108.91,98.01,61.68,108.91,108.91,1.0,1,0
patrick-wilson,2017,RD,MID,22.0,0,0,50.0,0.0,91.67,78.06,49.36,91.67,81.51,0.76,1,0
patrick-wilson,2018,RD,MID,23.0,1,1,50.0,0.0,85.13,74.14,43.38,85.13,71.35,0.67,1,0
patrick-wilson,2019,RD,MID,24.0,2,2,50.0,0.0,79.51,72.08,45.39,79.51,65.18,0.58,1,0
liam-baker,2017,RD,SD,19.0,0,0,85.5,1050.6,108.91,97.97,76.77,108.91,108.91,1.0,1,0
liam-baker,2018,RD,SD,20.0,3,1,85.5,1197.7,99.88,87.31,62.43,99.88,99.88,1.0,1,0
liam-baker,2019,RD,SD,21.0,22,2,85.5,1277.5,107.42,97.59,77.28,107.42,103.8,0.88,1,0
gordon-narrier,2017,RD,SD,19.0,0,0,0.0,0.0,108.91,97.97,76.77,108.91,108.91,1.0,1,0
stefan-giro,2017,RD,MID,18.0,0,0,49.7,0.0,112.82,94.9,52.22,112.82,112.82,1.0,1,0
stefan-giro,2018,RD,MID,19.0,10,1,49.7,0.0,106.99,94.94,61.33,106.99,106.99,1.0,1,0
stefan-giro,2019,RD,MID,20.0,10,2,44.2,0.0,105.57,91.69,58.35,105.57,105.57,1.0,1,0
brody-mihocek,2017,RD,KPF,24.0,0,0,68.47,410.3,79.91,74.24,60.45,79.91,71.73,0.58,1,0
brody-mihocek,2018,RD,KPF,25.0,16,1,68.47,398.5,83.77,76.3,63.79,83.77,74.18,0.52,1,0
brody-mihocek,2019,RD,KPF,26.0,40,2,68.43,293.7,85.13,81.04,69.27,85.13,76.56,0.46,1,0
david-mirra,2017,RD,SD,26.0,0,0,68.6,18.2,76.88,70.67,58.06,76.88,66.72,0.46,1,0
david-mirra,2018,RD,SD,27.0,7,1,68.6,13.5,79.69,72.31,56.1,79.69,65.54,0.4,1,0
david-mirra,2019,RD,SD,28.0,11,2,72.0,0.0,78.92,69.14,56.13,78.92,65.25,0.4,1,0
tony-olango,2017,RD,RUCK,19.0,0,0,0.0,0.0,115.06,104.01,74.36,115.06,115.06,1.0,1,0
joel-amartey,2017,RD,KPF,18.0,0,0,57.5,19.1,105.48,97.39,61.85,105.48,105.48,1.0,1,0
joel-amartey,2018,RD,KPF,19.0,0,1,57.5,21.8,105.48,97.35,76.94,105.48,105.48,1.0,1,0
joel-amartey,2019,RD,KPF,20.0,0,2,57.5,24.8,99.57,90.39,71.26,99.57,99.57,1.0,1,0
callan-england,2017,RD,MID,18.0,0,0,0.0,0.0,112.82,94.9,52.22,112.82,112.82,1.0,1,0
lachlan-murphy,2017,RD,SF,18.0,0,0,61.93,37.5,97.91,83.99,50.25,97.91,97.91,1.0,1,0
lachlan-murphy,2018,RD,SF,19.0,11,1,61.93,42.7,91.13,85.35,58.65,91.13,91.13,1.0,1,0
lachlan-murphy,2019,RD,SF,20.0,32,2,61.93,47.7,90.96,84.32,65.16,90.96,90.96,1.0,1,0
jackson-edwards,2017,RD,MID,18.0,0,0,0.0,0.0,112.82,94.9,52.22,112.82,112.82,1.0,1,0
cillian-mcdaid,2017,IRE,SD,20.0,0,0,0.0,0.0,102.54,91.23,71.23,102.54,102.54,1.0,0,1
tom-jeffries,2017,UNR,KPD,18.0,0,0,0.0,0.0,103.09,97.89,65.17,103.09,103.09,1.0,0,1
luke-lavender,2017,UNR,RUCK,21.0,0,0,0.0,0.0,111.34,94.0,71.64,111.34,106.57,0.88,0,1
jack-madgen,2017,UNR,KPD,24.0,0,0,59.7,92.6,83.36,75.21,62.47,83.36,74.58,0.58,0,1
jack-madgen,2018,UNR,KPD,25.0,4,1,59.7,105.5,75.32,67.09,55.66,75.32,65.88,0.52,0,1
jack-madgen,2019,UNR,KPD,26.0,8,2,59.7,119.0,68.75,66.93,52.56,68.75,60.01,0.46,0,1
jacob-dawson,2017,PDA,MID,18.0,0,0,65.2,1.0,112.82,94.9,52.22,112.82,112.82,1.0,0,1
jacob-dawson,2018,PDA,MID,19.0,3,1,65.2,1.1,112.71,94.86,64.01,112.71,112.71,1.0,0,1
jacob-dawson,2019,PDA,MID,20.0,9,2,65.2,0.0,107.27,94.32,63.59,107.27,107.27,1.0,0,1
jacob-heron,2017,PDA,SF,18.0,0,0,43.9,0.0,97.91,83.99,50.25,97.91,97.91,1.0,0,1
jacob-heron,2018,PDA,SF,19.0,8,1,43.9,0.0,89.16,84.62,57.43,89.16,89.16,1.0,0,1
jacob-heron,2019,PDA,SF,20.0,13,2,36.8,0.0,86.41,76.73,57.3,86.41,86.41,1.0,0,1
james-bell,2017,PDA,SF,18.0,0,0,42.57,0.2,97.91,83.99,50.25,97.91,97.91,1.0,0,1
james-bell,2018,PDA,SF,19.0,0,1,42.57,0.2,97.91,85.19,61.5,97.91,97.91,1.0,0,1
james-bell,2019,PDA,SF,20.0,2,2,42.57,0.2,90.86,81.01,54.59,90.86,90.86,1.0,0,1
jake-brown,2017,PDA,SF,19.0,0,0,0.0,0.0,97.91,85.19,61.5,97.91,97.91,1.0,0,1
changkuoth-jiath,2017,PDN,SD,18.0,0,0,75.82,208.8,108.91,98.01,61.68,108.91,108.91,1.0,0,1
changkuoth-jiath,2018,PDN,SD,19.0,0,1,75.82,238.0,108.91,97.97,76.77,108.91,108.91,1.0,0,1
changkuoth-jiath,2019,PDN,SD,20.0,2,2,75.82,268.6,102.54,91.98,70.73,102.54,102.54,1.0,0,1
derek-eggmolesse-smith,2017,PDN,SD,19.0,0,0,60.5,0.7,108.91,97.97,76.77,108.91,108.91,1.0,0,1
derek-eggmolesse-smith,2018,PDN,SD,20.0,0,1,60.5,0.8,102.54,91.23,71.23,102.54,102.54,1.0,0,1
derek-eggmolesse-smith,2019,PDN,SD,21.0,2,2,60.5,0.4,100.09,87.86,64.92,100.09,95.87,0.88,0,1
jack-buckley,2017,PDN,KPD,20.0,0,0,76.67,421.6,97.65,90.86,74.34,97.65,97.65,1.0,0,1
jack-buckley,2018,PDN,KPD,21.0,0,1,76.67,480.6,98.07,84.5,69.42,98.07,94.64,0.88,0,1
jack-buckley,2019,PDN,KPD,22.0,0,2,76.67,547.9,91.29,79.48,65.74,91.29,85.16,0.76,0,1
andrew-mcgrath,2016,ND,SD,18.0,0,0,92.4,1057.9,111.3,112.52,99.92,112.52,112.52,1.0,1,0
andrew-mcgrath,2017,ND,SD,19.0,21,1,92.4,1191.4,111.92,113.78,100.06,113.78,113.78,1.0,1,0
andrew-mcgrath,2018,ND,SD,20.0,41,2,92.4,1341.1,108.16,109.11,98.33,109.11,109.11,1.0,1,0
andrew-mcgrath,2019,ND,SD,21.0,64,3,92.4,1474.2,108.84,107.68,97.56,108.84,107.48,0.88,1,0
tim-taranto,2016,ND,MID,18.0,0,0,105.08,2686.6,119.95,118.28,101.21,119.95,119.95,1.0,1,0
tim-taranto,2017,ND,MID,19.0,14,1,105.08,3008.1,121.9,121.62,107.35,121.9,121.9,1.0,1,0
tim-taranto,2018,ND,MID,20.0,37,2,105.08,2889.7,120.04,119.34,108.68,120.04,120.04,1.0,1,0
tim-taranto,2019,ND,MID,21.0,63,3,105.08,2543.0,120.23,120.72,116.58,120.72,120.41,0.925,1,0
hugh-mccluggage,2016,ND,MID,18.0,0,0,107.9,2521.7,115.02,110.27,90.57,115.02,115.02,1.0,1,0
hugh-mccluggage,2017,ND,MID,19.0,18,1,107.9,2873.8,115.14,109.84,84.95,115.14,115.14,1.0,1,0
hugh-mccluggage,2018,ND,MID,20.0,40,2,107.9,3020.5,115.47,117.22,103.37,117.22,117.22,1.0,1,0
hugh-mccluggage,2019,ND,MID,21.0,63,3,107.9,2968.6,118.7,116.61,111.52,118.7,117.95,0.896,1,0
ben-ainsworth,2016,ND,SF,18.0,0,0,75.83,386.2,104.1,103.24,82.72,104.1,104.1,1.0,1,0
ben-ainsworth,2017,ND,SF,19.0,13,1,75.83,432.4,105.87,105.82,86.61,105.87,105.87,1.0,1,0
ben-ainsworth,2018,ND,SF,20.0,29,2,75.83,483.8,102.37,99.61,83.39,102.37,102.37,1.0,1,0
ben-ainsworth,2019,ND,SF,21.0,41,3,75.83,544.4,99.9,95.44,77.28,99.9,97.18,0.88,1,0
will-setterfield,2016,ND,MID,18.0,0,0,88.3,644.9,118.89,109.43,88.04,118.89,118.89,1.0,1,0
will-setterfield,2017,ND,MID,19.0,2,1,88.3,735.2,118.67,108.22,81.17,118.67,118.67,1.0,1,0
will-setterfield,2018,ND,MID,20.0,2,2,88.3,838.2,114.78,106.56,83.08,114.78,114.78,1.0,1,0
will-setterfield,2019,ND,MID,21.0,20,3,88.3,948.1,113.8,104.51,78.76,113.8,109.59,0.88,1,0
sam-petrevski-seton,2016,ND,MID,18.0,0,0,74.67,346.2,114.98,107.37,85.19,114.98,114.98,1.0,1,0
sam-petrevski-seton,2017,ND,MID,19.0,20,1,74.67,391.0,121.82,114.48,95.64,121.82,121.82,1.0,1,0
sam-petrevski-seton,2018,ND,MID,20.0,42,2,74.5,396.4,115.44,108.6,95.56,115.44,115.44,1.0,1,0
sam-petrevski-seton,2019,ND,MID,21.0,64,3,73.97,64.1,119.0,110.29,98.37,119.0,116.53,0.88,1,0
jack-scrimshaw,2016,ND,SD,18.0,0,0,83.97,410.5,104.8,96.12,77.94,104.8,104.8,1.0,1,0
jack-scrimshaw,2017,ND,SD,19.0,4,1,83.97,468.0,104.14,91.09,73.39,104.14,104.14,1.0,1,0
jack-scrimshaw,2018,ND,SD,20.0,4,2,83.97,533.5,100.45,85.13,65.87,100.45,100.45,1.0,1,0
jack-scrimshaw,2019,ND,SD,21.0,14,3,83.97,605.9,99.75,86.21,71.35,99.75,96.34,0.88,1,0
griffin-logue,2016,ND,KPD,18.0,0,0,66.77,226.1,95.49,91.23,69.42,95.49,95.49,1.0,1,0
griffin-logue,2017,ND,KPD,19.0,13,1,66.77,257.7,88.06,81.79,69.68,88.06,88.06,1.0,1,0
griffin-logue,2018,ND,KPD,20.0,13,2,66.77,293.7,90.88,78.75,65.93,90.88,90.88,1.0,1,0
griffin-logue,2019,ND,KPD,21.0,23,3,66.77,306.8,92.78,82.61,72.24,92.78,90.31,0.88,1,0
will-brodie,2016,ND,MID,18.0,0,0,82.67,483.8,115.31,107.69,81.9,115.31,115.31,1.0,1,0
will-brodie,2017,ND,MID,19.0,3,1,82.67,551.5,113.76,102.02,76.64,113.76,113.76,1.0,1,0
will-brodie,2018,ND,MID,20.0,11,2,82.67,625.1,112.49,101.48,80.88,112.49,112.49,1.0,1,0
will-brodie,2019,ND,MID,21.0,19,3,89.95,611.2,114.05,103.32,86.37,114.05,110.73,0.88,1,0
jack-bowes,2016,ND,MID,18.0,0,0,83.17,341.6,115.75,104.8,82.61,115.75,115.75,1.0,1,0
jack-bowes,2017,ND,MID,19.0,11,1,83.17,389.3,109.35,102.12,77.23,109.35,109.35,1.0,1,0
jack-bowes,2018,ND,MID,20.0,27,2,83.17,441.8,111.06,105.81,90.41,111.06,111.06,1.0,1,0
jack-bowes,2019,ND,MID,21.0,42,3,83.17,462.5,113.39,107.32,89.57,113.39,110.53,0.88,1,0
oliver-florent,2016,ND,SD,18.0,0,0,80.57,214.0,106.85,98.21,82.21,106.85,106.85,1.0,1,0
oliver-florent,2017,ND,SD,19.0,9,1,80.57,243.9,99.88,91.76,75.06,99.88,99.88,1.0,1,0
oliver-florent,2018,ND,SD,20.0,32,2,80.57,247.4,104.76,98.88,89.53,104.76,104.76,1.0,1,0
oliver-florent,2019,ND,SD,21.0,53,3,80.57,276.9,105.86,98.15,89.97,105.86,103.95,0.88,1,0
jy-simpkin,2016,ND,MID,18.0,0,0,93.7,1418.2,115.75,104.79,83.3,115.75,115.75,1.0,1,0
jy-simpkin,2017,ND,MID,19.0,13,1,93.7,1616.6,112.13,101.3,75.9,112.13,112.13,1.0,1,0
jy-simpkin,2018,ND,MID,20.0,35,2,93.7,1806.9,111.65,106.7,91.79,111.65,111.65,1.0,1,0
jy-simpkin,2019,ND,MID,21.0,56,3,93.7,1956.7,112.96,106.8,90.09,112.96,110.21,0.88,1,0
daniel-venables,2016,ND,SF,18.0,0,0,48.4,0.2,101.48,94.16,68.42,101.48,101.48,1.0,1,0
daniel-venables,2017,ND,SF,19.0,0,1,48.4,0.2,101.48,93.27,67.32,101.48,101.48,1.0,1,0
daniel-venables,2018,ND,SF,20.0,15,2,48.4,0.1,91.48,83.83,64.3,91.48,91.48,1.0,1,0
daniel-venables,2019,ND,SF,21.0,21,3,47.8,0.0,89.7,77.68,59.12,89.7,86.03,0.88,1,0
harry-perryman,2016,ND,SD,18.0,0,0,93.3,869.3,106.85,98.19,77.14,106.85,106.85,1.0,1,0
harry-perryman,2017,ND,SD,19.0,8,1,93.3,991.0,102.84,95.43,73.19,102.84,102.84,1.0,1,0
harry-perryman,2018,ND,SD,20.0,17,2,93.3,1129.5,101.49,92.75,70.99,101.49,101.49,1.0,1,0
harry-perryman,2019,ND,SD,21.0,36,3,93.3,1172.2,107.69,99.32,85.42,107.69,105.02,0.88,1,0
jordan-gallucci,2016,ND,MID,18.0,0,0,52.25,1.6,115.53,103.06,79.63,115.53,115.53,1.0,1,0
jordan-gallucci,2017,ND,MID,19.0,1,1,52.25,1.1,115.53,101.68,76.82,115.53,115.53,1.0,1,0
jordan-gallucci,2018,ND,MID,20.0,17,2,52.25,0.2,108.77,100.57,78.87,108.77,108.77,1.0,1,0
jordan-gallucci,2019,ND,MID,21.0,27,3,49.7,0.0,105.74,95.54,68.08,105.74,101.22,0.88,1,0
todd-marshall,2016,ND,KPF,18.0,0,0,68.9,268.6,88.79,80.1,49.47,88.79,88.79,1.0,1,0
todd-marshall,2017,ND,KPF,19.0,3,1,68.9,306.0,88.79,79.99,62.0,88.79,88.79,1.0,1,0
todd-marshall,2018,ND,KPF,20.0,10,2,68.9,340.3,93.98,81.71,68.49,93.98,93.98,1.0,1,0
todd-marshall,2019,ND,KPF,21.0,20,3,68.9,385.9,95.64,83.57,69.42,95.64,92.49,0.88,1,0
jarrod-berry,2016,ND,MID,18.0,0,0,87.77,689.3,115.46,99.99,77.34,115.46,115.46,1.0,1,0
jarrod-berry,2017,ND,MID,19.0,16,1,87.77,784.8,118.37,106.67,86.1,118.37,118.37,1.0,1,0
jarrod-berry,2018,ND,MID,20.0,37,2,87.77,785.5,118.37,111.68,93.88,118.37,118.37,1.0,1,0
jarrod-berry,2019,ND,MID,21.0,57,3,87.77,639.9,119.85,110.3,99.26,119.85,117.38,0.88,1,0
sam-powell-pepper,2016,ND,SF,18.0,0,0,75.93,336.6,91.79,84.41,64.3,91.79,91.79,1.0,1,0
sam-powell-pepper,2017,ND,SF,19.0,22,1,75.93,382.0,100.26,94.44,78.83,100.26,100.26,1.0,1,0
sam-powell-pepper,2018,ND,SF,20.0,38,2,75.93,356.5,101.95,96.81,82.84,101.95,101.95,1.0,1,0
sam-powell-pepper,2019,ND,SF,21.0,57,3,74.53,378.3,101.74,94.09,82.38,101.74,99.41,0.88,1,0
timothy-english,2016,ND,RUCK,19.0,0,0,115.37,2956.7,110.14,105.53,78.51,110.14,110.14,1.0,1,0
timothy-english,2017,ND,RUCK,20.0,2,1,115.37,3370.6,110.48,108.79,75.42,110.48,110.48,1.0,1,0
timothy-english,2018,ND,RUCK,21.0,9,2,115.37,3795.7,118.68,106.32,79.0,118.68,113.92,0.88,1,0
timothy-english,2019,ND,RUCK,22.0,29,3,115.37,4116.4,119.31,115.53,100.56,119.31,114.81,0.76,1,0
isaac-cumming,2016,ND,SD,18.0,0,0,85.67,479.3,106.86,92.84,72.3,106.86,106.86,1.0,1,0
isaac-cumming,2017,ND,SD,19.0,0,1,85.67,546.4,106.86,92.05,71.64,106.86,106.86,1.0,1,0
isaac-cumming,2018,ND,SD,20.0,2,2,85.67,622.8,99.48,86.5,62.51,99.48,99.48,1.0,1,0
isaac-cumming,2019,ND,SD,21.0,7,3,85.67,709.9,101.13,83.99,64.7,101.13,96.75,0.88,1,0
will-hayward,2016,ND,SF,18.0,0,0,68.93,122.4,92.0,84.41,63.59,92.0,92.0,1.0,1,0
will-hayward,2017,ND,SF,19.0,17,1,68.93,139.5,88.02,83.33,67.54,88.02,88.02,1.0,1,0
will-hayward,2018,ND,SF,20.0,40,2,68.93,152.7,95.34,87.89,71.07,95.34,95.34,1.0,1,0
will-hayward,2019,ND,SF,21.0,53,3,68.93,170.5,95.27,83.54,68.29,95.27,92.03,0.88,1,0
jordan-ridley,2016,ND,SD,18.0,0,0,101.6,1941.8,106.69,91.93,67.42,106.69,106.69,1.0,1,0
jordan-ridley,2017,ND,SD,19.0,0,1,101.6,2213.6,106.69,91.13,66.66,106.69,106.69,1.0,1,0
jordan-ridley,2018,ND,SD,20.0,3,2,101.6,2523.5,101.67,86.57,61.46,101.67,101.67,1.0,1,0
jordan-ridley,2019,ND,SD,21.0,9,3,101.6,2873.9,100.67,84.04,61.86,100.67,96.01,0.88,1,0
alex-witherden,2016,ND,SD,18.0,0,0,91.33,1221.9,102.59,91.28,66.0,102.59,102.59,1.0,1,0
alex-witherden,2017,ND,SD,19.0,9,1,91.33,1075.2,111.46,103.68,88.24,111.46,111.46,1.0,1,0
alex-witherden,2018,ND,SD,20.0,30,2,91.2,980.9,111.52,106.59,92.76,111.52,111.52,1.0,1,0
alex-witherden,2019,ND,SD,21.0,53,3,91.2,1092.4,108.27,100.85,89.43,108.27,106.01,0.88,1,0
cedric-cox,2016,ND,MID,19.0,0,0,45.9,0.0,111.2,96.3,62.54,111.2,111.2,1.0,1,0
cedric-cox,2017,ND,MID,20.0,8,1,45.9,0.0,103.19,88.66,58.27,103.19,103.19,1.0,1,0
cedric-cox,2018,ND,MID,21.0,12,2,44.0,0.0,101.33,81.46,49.33,101.33,95.09,0.88,1,0
cedric-cox,2019,ND,MID,22.0,13,3,44.0,0.0,93.39,80.84,46.08,93.39,82.04,0.76,1,0
ben-long,2016,ND,SF,19.0,0,0,65.2,65.4,90.07,83.26,58.74,90.07,90.07,1.0,1,0
ben-long,2017,ND,SF,20.0,4,1,65.2,74.5,86.51,72.91,56.84,86.51,86.51,1.0,1,0
ben-long,2018,ND,SF,21.0,14,2,65.2,84.1,85.79,68.71,57.69,85.79,82.42,0.88,1,0
ben-long,2019,ND,SF,22.0,30,3,65.2,95.5,80.6,68.71,59.01,80.6,75.42,0.76,1,0
brandan-parfitt,2016,ND,MID,18.0,0,0,80.57,759.3,108.44,94.55,62.22,108.44,108.44,1.0,1,0
brandan-parfitt,2017,ND,MID,19.0,15,1,80.57,864.9,108.82,98.49,71.17,108.82,108.82,1.0,1,0
brandan-parfitt,2018,ND,MID,20.0,34,2,80.57,684.2,115.67,110.35,91.71,115.67,115.67,1.0,1,0
brandan-parfitt,2019,ND,MID,21.0,54,3,80.4,491.8,117.3,106.59,93.69,117.3,114.47,0.88,1,0
zac-fisher,2016,ND,SF,18.0,0,0,77.3,503.6,90.07,83.03,59.16,90.07,90.07,1.0,1,0
zac-fisher,2017,ND,SF,19.0,17,1,77.3,574.1,87.2,78.51,62.22,87.2,87.2,1.0,1,0
zac-fisher,2018,ND,SF,20.0,34,2,77.3,512.6,97.05,90.74,77.06,97.05,97.05,1.0,1,0
zac-fisher,2019,ND,SF,21.0,55,3,77.3,552.0,97.79,89.18,77.09,97.79,95.31,0.88,1,0
patrick-lipinski,2016,ND,SF,18.0,0,0,81.91,883.9,90.65,86.06,57.86,90.65,90.65,1.0,1,0
patrick-lipinski,2017,ND,SF,19.0,1,1,81.91,1007.4,90.65,85.75,59.47,90.65,90.65,1.0,1,0
patrick-lipinski,2018,ND,SF,20.0,18,2,81.91,1143.6,95.21,89.94,68.48,95.21,95.21,1.0,1,0
patrick-lipinski,2019,ND,SF,21.0,32,3,81.91,938.3,99.91,95.44,78.44,99.91,97.33,0.88,1,0
shai-bolton,2016,ND,SF,18.0,0,0,92.24,1530.0,91.37,86.51,57.86,91.37,91.37,1.0,1,0
shai-bolton,2017,ND,SF,19.0,6,1,92.24,1744.1,92.97,87.44,62.77,92.97,92.97,1.0,1,0
shai-bolton,2018,ND,SF,20.0,9,2,92.24,1988.3,88.05,76.23,58.1,88.05,88.05,1.0,1,0
shai-bolton,2019,ND,SF,21.0,28,3,92.24,2216.0,98.73,92.47,74.29,98.73,95.8,0.88,1,0
sam-mclarty,2016,ND,KPD,18.0,0,0,0.0,0.0,93.51,88.98,63.8,93.51,93.51,1.0,1,0
joshua-begley,2016,ND,SD,18.0,0,0,53.2,0.5,100.32,89.46,64.72,100.32,100.32,1.0,1,0
joshua-begley,2017,ND,SD,19.0,3,1,53.2,0.4,98.45,87.54,66.69,98.45,98.45,1.0,1,0
joshua-begley,2018,ND,SD,20.0,8,2,53.2,0.5,95.07,84.18,63.32,95.07,95.07,1.0,1,0
joshua-begley,2019,ND,SD,21.0,16,3,53.2,0.0,95.04,79.24,61.16,95.04,90.98,0.88,1,0
joe-atley,2016,ND,SD,18.0,0,0,66.0,0.4,100.51,89.46,64.83,100.51,100.51,1.0,1,0
joe-atley,2017,ND,SD,19.0,3,1,66.0,0.5,98.45,87.36,65.88,98.45,98.45,1.0,1,0
joe-atley,2018,ND,SD,20.0,3,2,66.0,0.6,94.02,83.01,61.57,94.02,94.02,1.0,1,0
joe-atley,2019,ND,SD,21.0,4,3,66.0,0.0,97.44,82.96,57.94,97.44,92.7,0.88,1,0
willem-drew,2016,ND,MID,18.0,0,0,86.93,604.4,107.41,95.27,61.76,107.41,107.41,1.0,1,0
willem-drew,2017,ND,MID,19.0,0,1,86.93,689.0,107.41,94.99,64.35,107.41,107.41,1.0,1,0
willem-drew,2018,ND,MID,20.0,0,2,86.93,785.5,103.89,92.17,61.51,103.89,103.89,1.0,1,0
willem-drew,2019,ND,MID,21.0,10,3,86.93,753.6,109.16,93.77,70.47,109.16,104.52,0.88,1,0
declan-watson,2016,ND,KPD,18.0,0,0,0.0,0.0,93.62,87.08,67.16,93.62,93.62,1.0,1,0
callum-brown,2016,ND,MID,18.0,0,0,64.27,63.8,106.66,91.5,60.13,106.66,106.66,1.0,1,0
callum-brown,2017,ND,MID,19.0,5,1,64.27,72.5,105.42,90.47,65.57,105.42,105.42,1.0,1,0
callum-brown,2018,ND,MID,20.0,13,2,64.27,78.3,105.83,92.2,66.4,105.83,105.83,1.0,1,0
callum-brown,2019,ND,MID,21.0,33,3,59.93,24.7,109.31,100.43,80.14,109.31,105.81,0.88,1,0
josh-williams,2016,ND,MID,18.0,0,0,43.0,0.0,105.42,91.3,59.01,105.42,105.42,1.0,1,0
josh-williams,2017,ND,MID,19.0,2,1,43.0,0.0,105.47,90.81,61.06,105.47,105.47,1.0,1,0
josh-rotham,2016,ND,SD,18.0,0,0,61.73,23.2,100.43,86.9,61.77,100.43,100.43,1.0,1,0
josh-rotham,2017,ND,SD,19.0,0,1,61.73,26.4,100.43,86.65,63.21,100.43,100.43,1.0,1,0
josh-rotham,2018,ND,SD,20.0,0,2,61.73,30.1,96.81,81.76,59.32,96.81,96.81,1.0,1,0
josh-rotham,2019,ND,SD,21.0,4,3,61.73,33.4,97.81,80.75,60.54,97.81,93.34,0.88,1,0
sean-darcy,2016,ND,RUCK,18.0,0,0,108.27,1882.6,110.21,95.65,50.64,110.21,110.21,1.0,1,0
sean-darcy,2017,ND,RUCK,19.0,8,1,108.27,2041.1,122.62,113.35,82.41,122.62,122.62,1.0,1,0
sean-darcy,2018,ND,RUCK,20.0,15,2,108.27,2293.2,121.61,112.46,85.79,121.61,121.61,1.0,1,0
sean-darcy,2019,ND,RUCK,21.0,26,3,108.27,2571.9,123.22,108.94,89.63,123.22,119.19,0.88,1,0
josh-battle,2016,ND,KPD,18.0,0,0,83.71,812.9,94.07,88.55,62.81,94.07,94.07,1.0,1,0
josh-battle,2017,ND,KPD,19.0,1,1,83.71,926.7,92.02,83.76,64.13,92.02,92.02,1.0,1,0
josh-battle,2018,ND,KPD,20.0,7,2,83.71,1056.2,89.47,80.75,64.64,89.47,89.47,1.0,1,0
josh-battle,2019,ND,KPD,21.0,26,3,83.71,972.4,98.59,93.09,82.1,98.59,96.61,0.88,1,0
thomas-stewart,2016,ND,SD,23.0,0,0,109.1,2923.0,83.55,69.45,50.86,83.55,72.76,0.67,1,0
thomas-stewart,2017,ND,SD,24.0,21,1,109.1,3327.6,84.87,78.16,62.97,84.87,75.67,0.58,1,0
thomas-stewart,2018,ND,SD,25.0,43,2,109.1,3545.9,94.28,88.06,75.79,94.28,85.4,0.52,1,0
thomas-stewart,2019,ND,SD,26.0,68,3,109.1,3392.8,104.86,102.51,93.49,104.86,100.24,0.593,1,0
brennan-cox,2016,ND,KPD,18.0,0,0,83.27,916.5,95.06,88.55,62.81,95.06,95.06,1.0,1,0
brennan-cox,2017,ND,KPD,19.0,10,1,83.27,1043.3,93.25,86.94,68.56,93.25,93.25,1.0,1,0
brennan-cox,2018,ND,KPD,20.0,26,2,83.27,1121.7,96.99,93.46,77.82,96.99,96.99,1.0,1,0
brennan-cox,2019,ND,KPD,21.0,34,3,83.27,1273.0,95.17,89.14,73.6,95.17,92.59,0.88,1,0
kobe-mutch,2016,ND,MID,18.0,0,0,54.7,0.0,106.38,92.13,58.42,106.38,106.38,1.0,1,0
kobe-mutch,2017,ND,MID,19.0,0,1,54.7,0.0,106.38,92.42,61.63,106.38,106.38,1.0,1,0
kobe-mutch,2018,ND,MID,20.0,3,2,54.7,0.0,106.78,90.81,57.14,106.78,106.78,1.0,1,0
kobe-mutch,2019,ND,MID,21.0,3,3,42.0,0.0,101.68,87.28,56.42,101.68,96.25,0.88,1,0
esava-ratugolea,2016,ND,KPD,18.0,0,0,68.03,182.6,94.53,87.93,62.97,94.53,94.53,1.0,1,0
esava-ratugolea,2017,ND,KPD,19.0,0,1,68.03,208.2,94.53,87.51,64.38,94.53,94.53,1.0,1,0
esava-ratugolea,2018,ND,KPD,20.0,8,2,68.03,234.1,93.2,83.65,64.0,93.2,93.2,1.0,1,0
esava-ratugolea,2019,ND,KPD,21.0,28,3,68.03,237.2,95.52,89.48,73.75,95.52,92.91,0.88,1,0
myles-poholke,2016,ND,MID,18.0,0,0,43.2,0.4,106.38,91.38,58.38,106.38,106.38,1.0,1,0
myles-poholke,2017,ND,MID,19.0,0,1,43.2,0.4,106.38,91.62,61.59,106.38,106.38,1.0,1,0
myles-poholke,2018,ND,MID,20.0,9,2,43.2,0.4,102.44,87.71,59.11,102.44,102.44,1.0,1,0
myles-poholke,2019,ND,MID,21.0,11,3,53.0,0.4,100.53,81.73,51.02,100.53,94.59,0.88,1,0
jack-maibaum,2016,ND,KPD,18.0,0,0,0.0,0.0,94.53,87.04,60.43,94.53,94.53,1.0,1,0
mitchell-hannan,2016,ND,SF,22.0,0,0,56.0,4.5,76.8,60.19,49.08,76.8,70.15,0.76,1,0
mitchell-hannan,2017,ND,SF,23.0,20,1,56.0,4.0,77.82,64.31,53.03,77.82,69.64,0.67,1,0
mitchell-hannan,2018,ND,SF,24.0,35,2,55.2,1.1,74.72,70.23,59.54,74.72,68.35,0.58,1,0
mitchell-hannan,2019,ND,SF,25.0,41,3,51.87,1.3,70.76,61.28,55.26,70.76,63.32,0.52,1,0
harrison-macreadie,2016,ND,KPD,18.0,0,0,38.6,0.0,94.47,82.65,60.43,94.47,94.47,1.0,1,0
harrison-macreadie,2017,ND,KPD,19.0,8,1,38.6,0.0,88.84,77.23,64.05,88.84,88.84,1.0,1,0
harrison-macreadie,2018,ND,KPD,20.0,8,2,14.0,0.0,89.39,75.98,58.9,89.39,89.39,1.0,1,0
harrison-macreadie,2019,ND,KPD,21.0,9,3,14.0,0.0,88.58,72.46,58.07,88.58,84.92,0.88,1,0
darcy-cameron,2016,ND,RUCK,21.0,0,0,102.75,1545.9,108.45,93.99,65.16,108.45,103.25,0.88,1,0
darcy-cameron,2017,ND,RUCK,22.0,0,1,102.75,1762.3,102.29,90.54,59.34,102.29,91.98,0.76,1,0
darcy-cameron,2018,ND,RUCK,23.0,1,2,102.75,2009.0,103.85,91.31,56.26,103.85,88.14,0.67,1,0
darcy-cameron,2019,ND,RUCK,24.0,1,3,102.75,2290.3,99.85,89.84,58.85,99.85,82.63,0.58,1,0
lewis-young,2016,ND,KPD,18.0,0,0,71.17,285.6,94.47,83.36,60.07,94.47,94.47,1.0,1,0
lewis-young,2017,ND,KPD,19.0,7,1,71.17,325.2,92.66,84.16,69.06,92.66,92.66,1.0,1,0
lewis-young,2018,ND,KPD,20.0,9,2,71.17,343.8,92.98,82.25,63.71,92.98,92.98,1.0,1,0
lewis-young,2019,ND,KPD,21.0,14,3,71.17,388.4,91.07,74.97,58.95,91.07,87.21,0.88,1,0
kale-kirby,2016,ND,SF,18.0,0,0,0.0,0.0,90.25,78.35,50.68,90.25,90.25,1.0,1,0
elliot-himmelberg,2016,ND,KPF,18.0,0,0,61.67,135.9,92.45,75.65,38.7,92.45,92.45,1.0,1,0
elliot-himmelberg,2017,ND,KPF,19.0,0,1,61.67,154.9,92.45,78.48,52.67,92.45,92.45,1.0,1,0
elliot-himmelberg,2018,ND,KPF,20.0,1,2,61.67,110.0,91.26,77.94,56.0,91.26,91.26,1.0,1,0
elliot-himmelberg,2019,ND,KPF,21.0,8,3,61.67,118.6,94.94,76.34,56.68,94.94,90.34,0.88,1,0
willie-rioli,2016,ND,SF,21.0,0,0,67.1,112.9,84.11,67.0,51.08,84.11,80.14,0.88,1,0
willie-rioli,2017,ND,SF,22.0,0,1,67.1,128.7,76.8,61.92,49.15,76.8,70.17,0.76,1,0
willie-rioli,2018,ND,SF,23.0,24,2,67.1,141.4,80.14,75.41,60.39,80.14,73.62,0.67,1,0
willie-rioli,2019,ND,SF,24.0,38,3,67.1,54.0,82.04,78.22,68.83,82.04,76.49,0.58,1,0
jack-graham,2016,ND,MID,18.0,0,0,84.7,688.9,106.33,86.26,52.06,106.33,106.33,1.0,1,0
jack-graham,2017,ND,MID,19.0,5,1,84.7,689.8,112.27,94.34,65.94,112.27,112.27,1.0,1,0
jack-graham,2018,ND,MID,20.0,23,2,84.7,785.4,109.55,101.41,74.49,109.55,109.55,1.0,1,0
jack-graham,2019,ND,MID,21.0,39,3,84.7,871.0,111.63,105.52,85.41,111.63,108.49,0.88,1,0
lachlan-tiziani,2016,ND,SD,19.0,0,0,0.0,0.0,99.11,84.58,57.48,99.11,99.11,1.0,1,0
jacob-allison,2016,ND,KPF,18.0,0,0,60.6,4.4,92.97,77.54,33.12,92.97,92.97,1.0,1,0
jacob-allison,2017,ND,KPF,19.0,5,1,60.6,0.0,88.28,75.17,53.71,88.28,88.28,1.0,1,0
jacob-allison,2018,ND,KPF,20.0,8,2,46.5,0.0,93.14,82.4,57.64,93.14,93.14,1.0,1,0
jacob-allison,2019,ND,KPF,21.0,10,3,46.5,0.0,93.82,77.42,54.3,93.82,89.08,0.88,1,0
edward-phillips,2016,ND,MID,18.0,0,0,60.3,1.0,106.18,84.72,47.62,106.18,106.18,1.0,1,0
edward-phillips,2017,ND,MID,19.0,0,1,60.3,1.2,106.18,87.68,57.37,106.18,106.18,1.0,1,0
edward-phillips,2018,ND,MID,20.0,7,2,60.3,1.1,105.73,91.76,61.29,105.73,105.73,1.0,1,0
edward-phillips,2019,ND,MID,21.0,11,3,64.5,0.7,104.46,86.63,58.06,104.46,98.89,0.88,1,0
josh-daicos,2016,ND,SD,18.0,0,0,95.17,751.8,98.96,82.84,46.4,98.96,98.96,1.0,1,0
josh-daicos,2017,ND,SD,19.0,2,1,95.17,857.0,98.96,85.43,58.32,98.96,98.96,1.0,1,0
josh-daicos,2018,ND,SD,20.0,12,2,95.17,972.6,99.14,88.79,64.99,99.14,99.14,1.0,1,0
josh-daicos,2019,ND,SD,21.0,17,3,95.17,1108.3,98.38,82.96,61.74,98.38,93.99,0.88,1,0
cameron-polson,2016,ND,MID,18.0,0,0,35.3,0.0,106.18,81.7,46.47,106.18,106.18,1.0,1,0
cameron-polson,2017,ND,MID,19.0,1,1,35.3,0.0,102.86,81.77,53.24,102.86,102.86,1.0,1,0
cameron-polson,2018,ND,MID,20.0,13,2,35.3,0.0,96.7,83.33,49.99,96.7,96.7,1.0,1,0
cameron-polson,2019,ND,MID,21.0,16,3,31.3,0.0,94.17,80.47,43.43,94.17,88.08,0.88,1,0
quinton-narkle,2016,ND,SF,18.0,0,0,59.37,179.9,89.71,73.86,46.77,89.71,89.71,1.0,1,0
quinton-narkle,2017,ND,SF,19.0,0,1,59.37,205.1,89.71,77.17,53.99,89.71,89.71,1.0,1,0
quinton-narkle,2018,ND,SF,20.0,6,2,59.37,233.8,87.79,69.94,52.47,87.79,87.79,1.0,1,0
quinton-narkle,2019,ND,SF,21.0,12,3,53.87,0.7,96.42,79.07,63.32,96.42,92.45,0.88,1,0
tom-williamson,2016,ND,SD,18.0,0,0,51.0,0.2,96.11,81.65,40.42,96.11,96.11,1.0,1,0
tom-williamson,2017,ND,SD,19.0,15,1,51.0,0.2,97.15,87.77,63.73,97.15,97.15,1.0,1,0
tom-williamson,2018,ND,SD,20.0,15,2,51.55,0.2,93.45,85.91,60.65,93.45,93.45,1.0,1,0
tom-williamson,2019,ND,SD,21.0,17,3,51.55,0.3,92.51,74.32,51.46,92.51,87.58,0.88,1,0
matthew-signorello,2016,ND,SD,18.0,0,0,0.0,0.0,96.11,81.65,40.67,96.11,96.11,1.0,1,0
dylan-clarke,2016,ND,MID,18.0,0,0,64.85,3.5,103.33,83.59,39.84,103.33,103.33,1.0,1,0
dylan-clarke,2017,ND,MID,19.0,0,1,64.85,4.0,103.33,87.13,57.3,103.33,103.33,1.0,1,0
dylan-clarke,2018,ND,MID,20.0,1,2,64.85,4.6,100.78,85.93,54.58,100.78,100.78,1.0,1,0
dylan-clarke,2019,ND,MID,21.0,12,3,64.85,3.8,102.55,89.33,65.76,102.55,98.14,0.88,1,0
dion-johnstone,2016,ND,SF,18.0,0,0,0.0,0.0,87.81,69.17,40.25,87.81,87.81,1.0,1,0
pat-kerr,2016,ND,KPF,18.0,0,0,47.2,0.2,93.01,84.0,21.11,93.01,93.01,1.0,1,0
pat-kerr,2017,ND,KPF,19.0,0,1,47.2,0.2,93.01,84.98,53.35,93.01,93.01,1.0,1,0
pat-kerr,2018,ND,KPF,20.0,4,2,47.2,0.0,92.91,81.13,56.12,92.91,92.91,1.0,1,0
luke-ryan,2016,ND,SD,20.0,0,0,111.13,3136.1,102.54,91.23,71.23,102.54,102.54,1.0,1,0
luke-ryan,2017,ND,SD,21.0,11,1,111.13,3492.6,105.98,94.57,78.36,105.98,102.67,0.88,1,0
luke-ryan,2018,ND,SD,22.0,31,2,111.13,3560.2,113.55,106.78,92.33,113.55,109.16,0.793,1,0
luke-ryan,2019,ND,SD,23.0,49,3,111.13,3479.6,116.31,112.56,99.43,116.31,112.17,0.755,1,0
bradley-scheer,2016,ND,MID,18.0,0,0,60.3,3.9,112.82,94.9,52.22,112.82,112.82,1.0,1,0
bradley-scheer,2017,ND,MID,19.0,4,1,60.3,4.4,107.45,90.42,60.11,107.45,107.45,1.0,1,0
bradley-scheer,2018,ND,MID,20.0,10,2,60.3,0.0,106.78,91.78,58.64,106.78,106.78,1.0,1,0
bradley-scheer,2019,ND,MID,21.0,13,3,34.3,0.0,103.02,83.22,51.0,103.02,96.78,0.88,1,0
timm-house,2016,ND,KPF,21.0,0,0,0.0,0.0,97.44,85.05,66.34,97.44,93.71,0.88,1,0
ryan-abbott,2016,ND,RUCK,25.0,0,0,76.0,32.9,94.82,87.24,60.88,94.82,78.53,0.52,1,0
ryan-abbott,2017,ND,RUCK,26.0,0,1,76.0,37.5,89.8,84.79,58.39,89.8,72.84,0.46,1,0
ryan-abbott,2018,ND,RUCK,27.0,4,2,76.0,1.0,89.31,82.39,55.64,89.31,69.11,0.4,1,0
ryan-abbott,2019,ND,RUCK,28.0,5,3,66.0,0.0,88.77,79.69,53.75,88.77,67.76,0.4,1,0
fergus-greene,2016,ND,SF,18.0,0,0,48.9,0.1,97.91,83.99,50.25,97.91,97.91,1.0,1,0
fergus-greene,2017,ND,SF,19.0,0,1,48.9,0.1,97.91,85.19,61.5,97.91,97.91,1.0,1,0
fergus-greene,2018,ND,SF,20.0,5,2,48.9,0.1,92.73,80.69,55.6,92.73,92.73,1.0,1,0
fergus-greene,2019,ND,SF,21.0,5,3,48.9,0.1,92.48,78.67,55.99,92.48,88.1,0.88,1,0
corey-lyons,2016,ND,MID,18.0,0,0,0.0,0.0,112.82,94.9,52.22,112.82,112.82,1.0,1,0
ryan-garthwaite,2016,ND,KPD,18.0,0,0,50.0,7.0,103.09,97.89,65.17,103.09,103.09,1.0,1,0
ryan-garthwaite,2017,ND,KPD,19.0,0,1,50.0,8.0,103.09,97.58,79.88,103.09,103.09,1.0,1,0
ryan-garthwaite,2018,ND,KPD,20.0,2,2,50.0,1.3,97.22,91.61,72.42,97.22,97.22,1.0,1,0
ryan-garthwaite,2019,ND,KPD,21.0,9,3,50.0,1.0,92.6,80.54,58.94,92.6,88.56,0.88,1,0
nick-larkey,2016,ND,KPF,18.0,0,0,68.92,205.1,105.48,97.39,61.85,105.48,105.48,1.0,1,0
nick-larkey,2017,ND,KPF,19.0,2,1,68.92,233.8,101.0,92.66,66.76,101.0,101.0,1.0,1,0
nick-larkey,2018,ND,KPF,20.0,2,2,68.92,266.5,95.83,86.33,61.67,95.83,95.83,1.0,1,0
nick-larkey,2019,ND,KPF,21.0,19,3,68.92,278.8,98.74,89.39,68.15,98.74,95.07,0.88,1,0
harry-morrison,2016,ND,MID,18.0,0,0,71.3,169.7,112.82,94.9,52.22,112.82,112.82,1.0,1,0
harry-morrison,2017,ND,MID,19.0,1,1,71.3,153.6,113.97,98.74,66.33,113.97,113.97,1.0,1,0
harry-morrison,2018,ND,MID,20.0,22,2,71.3,172.6,110.05,101.7,76.1,110.05,110.05,1.0,1,0
harry-morrison,2019,ND,MID,21.0,31,3,71.3,196.2,107.16,97.25,69.68,107.16,102.66,0.88,1,0
ben-davis,2016,ND,MID,19.0,0,0,51.0,0.1,112.82,94.86,66.85,112.82,112.82,1.0,1,0
ben-davis,2017,ND,MID,20.0,0,1,51.0,0.1,103.87,89.07,57.78,103.87,103.87,1.0,1,0
ben-davis,2018,ND,MID,21.0,0,2,51.0,0.1,101.44,85.95,55.8,101.44,95.96,0.88,1,0
ben-davis,2019,ND,MID,22.0,1,3,51.0,0.1,94.06,83.92,54.67,94.06,84.61,0.76,1,0
mitchell-lewis,2016,ND,KPF,18.0,0,0,71.51,400.4,105.48,97.39,61.85,105.48,105.48,1.0,1,0
mitchell-lewis,2017,ND,KPF,19.0,0,1,71.51,456.5,105.48,97.35,76.94,105.48,105.48,1.0,1,0
mitchell-lewis,2018,ND,KPF,20.0,2,2,71.51,520.4,95.83,86.33,62.55,95.83,95.83,1.0,1,0
mitchell-lewis,2019,ND,KPF,21.0,14,3,71.51,464.9,101.5,91.23,73.85,101.5,98.18,0.88,1,0
jake-waterman,2016,ND,KPF,18.0,0,0,73.72,336.7,105.48,97.39,61.85,105.48,105.48,1.0,1,0
jake-waterman,2017,ND,KPF,19.0,0,1,73.72,383.8,105.48,97.35,76.94,105.48,105.48,1.0,1,0
jake-waterman,2018,ND,KPF,20.0,16,2,73.72,431.3,100.23,94.21,71.08,100.23,100.23,1.0,1,0
jake-waterman,2019,ND,KPF,21.0,29,3,73.72,483.8,98.3,88.98,69.15,98.3,94.8,0.88,1,0
sam-draper,2016,RD,RUCK,18.0,0,0,75.97,447.1,115.06,103.63,54.35,115.06,115.06,1.0,1,0
sam-draper,2017,RD,RUCK,19.0,0,1,75.97,509.7,115.06,104.01,74.36,115.06,115.06,1.0,1,0
sam-draper,2018,RD,RUCK,20.0,0,2,75.97,581.0,110.94,99.7,72.41,110.94,110.94,1.0,1,0
sam-draper,2019,RD,RUCK,21.0,0,3,75.97,662.4,111.34,94.91,71.64,111.34,106.57,0.88,1,0
taylin-duman,2016,RD,SD,18.0,0,0,66.03,14.2,108.91,98.01,61.68,108.91,108.91,1.0,1,0
taylin-duman,2017,RD,SD,19.0,0,1,66.03,16.1,108.91,97.97,76.77,108.91,108.91,1.0,1,0
taylin-duman,2018,RD,SD,20.0,10,2,66.03,4.2,106.66,95.85,76.25,106.66,106.66,1.0,1,0
taylin-duman,2019,RD,SD,21.0,24,3,63.2,3.8,103.63,93.45,72.96,103.63,99.95,0.88,1,0
kym-lebois,2016,RD,SF,18.0,0,0,0.0,0.0,97.91,83.99,50.25,97.91,97.91,1.0,1,0
tyson-stengle,2016,RD,SF,18.0,0,0,71.97,187.8,97.91,83.99,50.25,97.91,97.91,1.0,1,0
tyson-stengle,2017,RD,SF,19.0,2,1,71.97,214.1,96.2,83.66,57.72,96.2,96.2,1.0,1,0
tyson-stengle,2018,RD,SF,20.0,2,2,71.97,244.0,92.65,83.06,56.9,92.65,92.65,1.0,1,0
tyson-stengle,2019,RD,SF,21.0,4,3,71.97,273.2,91.94,78.54,56.3,91.94,87.67,0.88,1,0
mitch-mccarthy,2016,RD,SD,19.0,0,0,0.0,0.0,108.91,97.97,76.77,108.91,108.91,1.0,1,0
lachlan-filipovic,2016,RD,KPD,18.0,0,0,0.0,0.0,103.09,97.89,65.17,103.09,103.09,1.0,1,0
peter-ladhams,2016,RD,RUCK,18.0,0,0,78.33,711.7,115.06,103.63,54.35,115.06,115.06,1.0,1,0
peter-ladhams,2017,RD,RUCK,19.0,0,1,78.33,811.4,115.06,104.01,74.36,115.06,115.06,1.0,1,0
peter-ladhams,2018,RD,RUCK,20.0,0,2,78.33,925.0,110.94,99.7,72.41,110.94,110.94,1.0,1,0
peter-ladhams,2019,RD,RUCK,21.0,5,3,78.33,1015.9,112.57,96.73,70.66,112.57,107.54,0.88,1,0
rowan-marshall,2016,RD,RUCK,21.0,0,0,112.8,3581.6,111.34,94.0,71.64,111.34,106.57,0.88,1,0
rowan-marshall,2017,RD,RUCK,22.0,1,1,112.8,4083.0,106.84,92.02,66.69,106.84,97.2,0.76,1,0
rowan-marshall,2018,RD,RUCK,23.0,13,2,112.8,4608.8,112.88,93.49,66.21,112.88,97.48,0.67,1,0
rowan-marshall,2019,RD,RUCK,24.0,33,3,112.8,3901.0,121.87,116.26,104.31,121.87,118.36,0.8,1,0
cameron-zurhaar,2016,RD,SF,18.0,0,0,68.66,129.8,97.91,83.99,50.25,97.91,97.91,1.0,1,0
cameron-zurhaar,2017,RD,SF,19.0,4,1,68.66,147.9,98.34,84.53,59.27,98.34,98.34,1.0,1,0
cameron-zurhaar,2018,RD,SF,20.0,9,2,68.66,168.3,92.58,82.54,58.17,92.58,92.58,1.0,1,0
cameron-zurhaar,2019,RD,SF,21.0,28,3,68.66,163.0,94.96,88.34,70.51,94.96,92.02,0.88,1,0
tom-gorter,2016,RD,MID,20.0,0,0,0.0,0.0,103.87,89.07,57.78,103.87,103.87,1.0,1,0
ollie-hanrahan,2016,RD,SF,18.0,0,0,45.87,0.3,97.91,83.99,50.25,97.91,97.91,1.0,1,0
ollie-hanrahan,2017,RD,SF,19.0,0,1,45.87,0.4,97.91,85.19,61.5,97.91,97.91,1.0,1,0
ollie-hanrahan,2018,RD,SF,20.0,0,2,45.87,0.4,92.12,82.31,59.64,92.12,92.12,1.0,1,0
ollie-hanrahan,2019,RD,SF,21.0,9,3,45.87,0.0,90.33,76.06,54.73,90.33,86.06,0.88,1,0
tendai-mzungu,2010,ND,MID,24.0,0,0,80.43,342.7,79.95,70.81,45.76,79.95,65.59,0.58,1,0
tendai-mzungu,2011,ND,MID,25.0,14,1,80.43,251.1,95.02,85.05,61.39,95.02,78.88,0.52,1,0
tendai-mzungu,2012,ND,MID,26.0,36,2,79.93,179.1,100.59,89.24,73.64,100.59,86.04,0.46,1,0
tendai-mzungu,2013,ND,MID,27.0,58,3,75.03,97.0,100.49,91.51,74.26,100.49,84.75,0.4,1,0
tendai-mzungu,2014,ND,MID,28.0,79,4,72.6,1.3,105.21,94.07,81.41,105.21,90.93,0.4,1,0
tendai-mzungu,2015,ND,MID,29.0,88,5,65.2,0.0,90.87,83.47,69.07,90.87,77.79,0.4,1,0
tendai-mzungu,2016,ND,MID,30.0,93,6,50.2,0.0,79.46,69.35,57.76,79.46,66.44,0.4,1,0
tendai-mzungu,2017,ND,MID,31.0,97,7,33.8,0.0,73.66,63.24,39.15,73.66,52.96,0.4,1,0
jack-henry,2016,RD,KPD,18.0,0,0,71.73,375.5,103.09,97.89,65.17,103.09,103.09,1.0,1,0
jack-henry,2017,RD,KPD,19.0,0,1,71.73,428.0,103.09,97.58,79.88,103.09,103.09,1.0,1,0
jack-henry,2018,RD,KPD,20.0,22,2,71.73,457.4,96.57,94.02,75.76,96.57,96.57,1.0,1,0
jack-henry,2019,RD,KPD,21.0,45,3,71.73,517.1,95.63,89.71,72.25,95.63,92.83,0.88,1,0
ben-ronke,2016,RD,SF,18.0,0,0,51.37,10.1,97.91,83.99,50.25,97.91,97.91,1.0,1,0
ben-ronke,2017,RD,SF,19.0,0,1,51.37,11.6,97.91,85.19,61.5,97.91,97.91,1.0,1,0
ben-ronke,2018,RD,SF,20.0,18,2,51.37,1.0,95.81,90.55,68.79,95.81,95.81,1.0,1,0
ben-ronke,2019,RD,SF,21.0,31,3,45.9,1.1,89.85,80.46,62.83,89.85,86.61,0.88,1,0
nathan-mullenger-mchugh,2016,RD,KPD,19.0,0,0,0.0,0.0,103.09,97.58,79.88,103.09,103.09,1.0,1,0
mitchell-hinge,2016,RD,SD,18.0,0,0,83.57,433.2,108.91,98.01,61.68,108.91,108.91,1.0,1,0
mitchell-hinge,2017,RD,SD,19.0,0,1,83.57,493.9,108.91,97.97,76.77,108.91,108.91,1.0,1,0
mitchell-hinge,2018,RD,SD,20.0,0,2,83.57,563.0,102.54,91.23,71.23,102.54,102.54,1.0,1,0
mitchell-hinge,2019,RD,SD,21.0,2,3,83.57,640.8,100.4,86.68,65.81,100.4,96.25,0.88,1,0
luke-strnadica,2016,RD,RUCK,18.0,0,0,66.0,0.7,115.06,103.63,54.35,115.06,115.06,1.0,1,0
luke-strnadica,2017,RD,RUCK,19.0,0,1,66.0,0.8,115.06,104.01,74.36,115.06,115.06,1.0,1,0
luke-strnadica,2018,RD,RUCK,20.0,0,2,66.0,0.9,110.94,99.7,72.41,110.94,110.94,1.0,1,0
luke-strnadica,2019,RD,RUCK,21.0,0,3,66.0,1.1,111.34,94.91,71.64,111.34,106.57,0.88,1,0
tim-smith,2016,RD,KPF,25.0,0,0,57.7,114.8,77.34,70.83,58.25,77.34,68.18,0.52,1,0
tim-smith,2017,RD,KPF,26.0,2,1,57.7,130.8,70.12,64.72,49.97,70.12,59.24,0.46,1,0
tim-smith,2018,RD,KPF,27.0,6,2,57.7,7.6,72.52,66.46,49.48,72.52,58.7,0.4,1,0
tim-smith,2019,RD,KPF,28.0,13,3,57.7,0.0,72.96,64.16,51.26,72.96,59.94,0.4,1,0
brett-eddy,2016,RD,KPF,27.0,0,0,49.3,0.3,73.64,67.9,57.37,73.64,63.88,0.4,1,0
brett-eddy,2017,RD,KPF,28.0,3,1,49.3,0.0,69.21,62.31,48.06,69.21,56.52,0.4,1,0
oscar-junker,2016,RD,SF,18.0,0,0,0.0,0.0,97.91,83.99,50.25,97.91,97.91,1.0,1,0
drew-petrie,2016,RD,KPF,34.0,0,0,79.0,377.0,71.08,61.26,49.4,71.08,58.07,0.4,1,0
drew-petrie,2017,RD,KPF,35.0,14,1,79.0,0.0,82.7,73.08,54.68,82.7,67.48,0.457,1,0
zach-guthrie,2016,RD,SD,18.0,0,0,80.2,183.3,108.91,98.01,61.68,108.91,108.91,1.0,1,0
zach-guthrie,2017,RD,SD,19.0,9,1,80.2,208.9,104.46,93.08,65.75,104.46,104.46,1.0,1,0
zach-guthrie,2018,RD,SD,20.0,16,2,80.2,238.2,97.32,86.33,59.72,97.32,97.32,1.0,1,0
zach-guthrie,2019,RD,SD,21.0,17,3,80.2,271.5,95.73,78.6,53.9,95.73,90.71,0.88,1,0
robbie-fox,2016,RD,SD,23.0,0,0,69.67,91.6,87.52,77.72,60.57,87.52,78.62,0.67,1,0
robbie-fox,2017,RD,SD,24.0,3,1,69.67,104.2,83.4,74.42,57.7,83.4,72.61,0.58,1,0
robbie-fox,2018,RD,SD,25.0,13,2,69.67,118.8,79.57,70.16,57.03,79.57,68.75,0.52,1,0
robbie-fox,2019,RD,SD,26.0,24,3,69.67,134.3,74.22,70.21,55.19,74.22,63.95,0.46,1,0
oscar-mcinerney,2016,RD,RUCK,22.0,0,0,94.2,1216.4,106.93,90.76,67.78,106.93,97.54,0.76,1,0
oscar-mcinerney,2017,RD,RUCK,23.0,0,1,94.2,1386.6,106.38,88.74,64.08,106.38,92.42,0.67,1,0
oscar-mcinerney,2018,RD,RUCK,24.0,16,2,94.2,1580.5,105.78,92.35,66.66,105.78,89.35,0.58,1,0
oscar-mcinerney,2019,RD,RUCK,25.0,37,3,94.2,1675.6,106.12,96.74,72.98,106.12,90.21,0.52,1,0
liam-mackie,2016,RD,SD,18.0,0,0,37.5,0.0,108.91,98.01,61.68,108.91,108.91,1.0,1,0
liam-mackie,2017,RD,SD,19.0,0,1,37.5,0.0,108.91,97.97,76.77,108.91,108.91,1.0,1,0
liam-mackie,2018,RD,SD,20.0,0,2,37.5,0.0,102.54,91.23,71.23,102.54,102.54,1.0,1,0
liam-mackie,2019,RD,SD,21.0,2,3,37.5,0.0,100.55,86.46,61.9,100.55,95.91,0.88,1,0
declan-keilty,2016,RD,KPF,21.0,0,0,37.5,0.0,97.44,85.05,66.34,97.44,93.71,0.88,1,0
declan-keilty,2017,RD,KPF,22.0,0,1,37.5,0.0,88.86,79.0,62.92,88.86,82.64,0.76,1,0
declan-keilty,2018,RD,KPF,23.0,0,2,37.5,0.0,84.57,75.82,61.27,84.57,76.88,0.67,1,0
declan-keilty,2019,RD,KPF,24.0,2,3,37.5,0.0,75.44,69.25,54.03,75.44,66.45,0.58,1,0
jarrod-lienert,2016,RD,SD,22.0,0,0,71.93,160.9,92.12,80.19,62.89,92.12,85.1,0.76,1,0
jarrod-lienert,2017,RD,SD,23.0,0,1,71.93,183.5,87.52,77.72,60.57,87.52,78.62,0.67,1,0
jarrod-lienert,2018,RD,SD,24.0,6,2,71.93,164.7,86.94,79.47,60.58,86.94,75.87,0.58,1,0
jarrod-lienert,2019,RD,SD,25.0,13,3,70.3,20.1,96.3,84.59,70.97,96.3,84.14,0.52,1,0
matthew-taylor,2016,RD,KPD,19.0,0,0,0.0,0.0,103.09,97.58,79.88,103.09,103.09,1.0,1,0
ben-jarman,2016,RD,SF,18.0,0,0,0.0,0.0,97.91,83.99,50.25,97.91,97.91,1.0,1,0
james-cousins,2016,RD,MID,18.0,0,0,74.8,116.5,112.82,94.9,52.22,112.82,112.82,1.0,1,0
james-cousins,2017,RD,MID,19.0,3,1,74.8,132.8,112.06,94.86,64.01,112.06,112.06,1.0,1,0
james-cousins,2018,RD,MID,20.0,7,2,74.8,151.3,106.52,91.93,57.36,106.52,106.52,1.0,1,0
james-cousins,2019,RD,MID,21.0,19,3,74.8,166.5,109.5,97.92,74.39,109.5,105.29,0.88,1,0
jamaine-jones,2016,RD,SF,18.0,0,0,59.87,13.0,97.91,83.99,50.25,97.91,97.91,1.0,1,0
jamaine-jones,2017,RD,SF,19.0,0,1,59.87,14.8,97.91,85.19,61.5,97.91,97.91,1.0,1,0
jamaine-jones,2018,RD,SF,20.0,7,2,59.87,16.9,90.05,80.06,58.0,90.05,90.05,1.0,1,0
jamaine-jones,2019,RD,SF,21.0,7,3,59.87,19.3,90.37,76.21,54.42,90.37,86.05,0.88,1,0
max-lynch,2016,RD,RUCK,18.0,0,0,58.7,1.0,115.06,103.63,54.35,115.06,115.06,1.0,1,0
max-lynch,2017,RD,RUCK,19.0,0,1,58.7,1.1,115.06,104.01,74.36,115.06,115.06,1.0,1,0
max-lynch,2018,RD,RUCK,20.0,0,2,58.7,1.3,110.94,99.7,72.41,110.94,110.94,1.0,1,0
max-lynch,2019,RD,RUCK,21.0,0,3,58.7,1.5,111.34,94.91,71.64,111.34,106.57,0.88,1,0
sam-simpson,2016,RD,MID,18.0,0,0,61.35,16.0,112.82,94.9,52.22,112.82,112.82,1.0,1,0
sam-simpson,2017,RD,MID,19.0,5,1,61.35,18.3,106.83,90.17,60.44,106.83,106.83,1.0,1,0
sam-simpson,2018,RD,MID,20.0,6,2,61.35,20.8,105.17,89.53,55.32,105.17,105.17,1.0,1,0
sam-simpson,2019,RD,MID,21.0,6,3,61.35,23.7,103.32,86.61,56.6,103.32,97.71,0.88,1,0
toby-pink,2016,RD,KPD,18.0,0,0,48.5,5.3,103.09,97.89,65.17,103.09,103.09,1.0,1,0
toby-pink,2017,RD,KPD,19.0,0,1,48.5,6.1,103.09,97.58,79.88,103.09,103.09,1.0,1,0
toby-pink,2018,RD,KPD,20.0,0,2,48.5,6.9,97.65,90.86,74.34,97.65,97.65,1.0,1,0
toby-pink,2019,RD,KPD,21.0,0,3,48.5,7.9,98.07,84.5,69.42,98.07,94.64,0.88,1,0
ray-connellan,2016,IRE,SD,22.0,0,0,0.0,0.0,92.12,80.19,62.89,92.12,85.1,0.76,0,1
darragh-joyce,2016,IRE,KPD,19.0,0,0,51.0,1.5,103.09,97.58,79.88,103.09,103.09,1.0,0,1
darragh-joyce,2017,IRE,KPD,20.0,0,1,51.0,1.7,97.65,90.86,74.34,97.65,97.65,1.0,0,1
darragh-joyce,2018,IRE,KPD,21.0,2,2,51.0,1.9,89.45,80.96,59.86,89.45,85.9,0.88,0,1
darragh-joyce,2019,IRE,KPD,22.0,5,3,51.0,0.8,81.77,73.31,57.91,81.77,76.04,0.76,0,1
conor-nash,2016,IRE,MID,18.0,0,0,80.5,170.2,112.82,94.9,52.22,112.82,112.82,1.0,0,1
conor-nash,2017,IRE,MID,19.0,0,1,80.5,194.0,112.82,94.86,66.85,112.82,112.82,1.0,0,1
conor-nash,2018,IRE,MID,20.0,5,2,80.5,221.1,105.64,90.11,58.37,105.64,105.64,1.0,0,1
conor-nash,2019,IRE,MID,21.0,19,3,80.5,251.9,101.61,84.56,55.46,101.61,96.07,0.88,0,1
mark-o-connor,2016,IRE,SD,19.0,0,0,68.07,14.8,108.91,97.97,76.77,108.91,108.91,1.0,0,1
mark-o-connor,2017,IRE,SD,20.0,2,1,68.07,16.9,98.97,88.0,62.74,98.97,98.97,1.0,0,1
mark-o-connor,2018,IRE,SD,21.0,7,2,68.07,18.9,98.66,84.05,59.75,98.66,93.99,0.88,0,1
mark-o-connor,2019,IRE,SD,22.0,30,3,68.07,19.7,95.4,87.68,70.34,95.4,89.39,0.76,0,1
matt-eagles,2016,UNR,RUCK,26.0,0,0,41.0,0.0,89.8,84.79,58.39,89.8,72.84,0.46,0,1
matt-eagles,2017,UNR,RUCK,27.0,0,1,41.0,0.0,88.54,82.56,57.56,88.54,69.95,0.4,0,1
matt-eagles,2018,UNR,RUCK,28.0,4,2,41.0,0.0,88.71,77.99,44.69,88.71,62.3,0.4,0,1
matt-eagles,2019,UNR,RUCK,29.0,4,3,17.5,0.0,88.46,74.64,49.48,88.46,65.07,0.4,0,1
corey-maynard,2016,UNR,MID,24.0,0,0,72.0,37.5,79.95,70.81,45.76,79.95,65.59,0.58,0,1
corey-maynard,2017,UNR,MID,25.0,1,1,72.0,0.0,77.02,69.26,43.23,77.02,60.8,0.52,0,1
corey-maynard,2018,UNR,MID,26.0,2,2,55.0,0.0,73.44,67.35,44.64,73.44,57.89,0.46,0,1
jake-stein,2016,UNR,KPD,22.0,0,0,39.6,0.7,91.29,79.48,65.74,91.29,85.16,0.76,0,1
jake-stein,2017,UNR,KPD,23.0,0,1,39.6,0.8,88.06,77.58,62.99,88.06,79.79,0.67,0,1
jake-stein,2018,UNR,KPD,24.0,0,2,39.6,0.9,83.36,75.21,62.47,83.36,74.58,0.58,0,1
jake-stein,2019,UNR,KPD,25.0,5,3,39.6,0.0,74.38,66.95,53.52,74.38,64.36,0.52,0,1
ben-mcniece,2016,PDN,SD,24.0,0,0,54.9,0.1,82.81,75.68,59.75,82.81,73.12,0.58,0,1
ben-mcniece,2017,PDN,SD,25.0,2,1,54.9,0.1,78.71,70.79,55.09,78.71,67.37,0.52,0,1
ben-mcniece,2018,PDN,SD,26.0,10,2,54.9,0.0,73.24,66.91,50.95,73.24,61.21,0.46,0,1
ben-mcniece,2019,PDN,SD,27.0,15,3,41.8,0.0,72.54,63.67,47.22,72.54,57.35,0.4,0,1
tristan-tweedie,2016,PDN,MID,18.0,0,0,0.0,0.0,112.82,94.9,52.22,112.82,112.82,1.0,0,1
emmanuel-irra,2016,PDN,SD,22.0,0,0,0.0,0.0,92.12,80.19,62.89,92.12,85.1,0.76,0,1
tarir-bayok,2016,PDN,SF,18.0,0,0,0.0,0.0,97.91,83.99,50.25,97.91,97.91,1.0,0,1
francis-watson,2016,PDN,SD,21.0,0,0,67.0,1.6,100.4,85.93,66.31,100.4,96.31,0.88,0,1
francis-watson,2017,PDN,SD,22.0,0,1,67.0,1.8,92.12,80.19,62.89,92.12,85.1,0.76,0,1
francis-watson,2018,PDN,SD,23.0,0,2,67.0,2.0,87.52,77.72,60.57,87.52,78.62,0.67,0,1
francis-watson,2019,PDN,SD,24.0,2,3,67.0,0.0,82.48,75.4,57.69,82.48,72.07,0.58,0,1
blake-grewar,2016,PDA,SD,23.0,0,0,0.0,0.0,87.52,77.72,60.57,87.52,78.62,0.67,0,1
max-spencer,2016,PDA,SF,19.0,0,0,60.8,0.4,97.91,85.19,61.5,97.91,97.91,1.0,0,1
max-spencer,2017,PDA,SF,20.0,5,1,60.8,0.0,94.47,83.36,58.08,94.47,94.47,1.0,0,1
max-spencer,2018,PDA,SF,21.0,8,2,44.3,0.0,91.5,77.43,57.14,91.5,87.37,0.88,0,1
sam-fisher,2016,PDA,RUCK,18.0,0,0,0.0,0.0,115.06,103.63,54.35,115.06,115.06,1.0,0,1
zachary-sproule,2016,PDA,KPF,18.0,0,0,43.1,0.9,105.48,97.39,61.85,105.48,105.48,1.0,0,1
zachary-sproule,2017,PDA,KPF,19.0,0,1,43.1,1.0,105.48,97.35,76.94,105.48,105.48,1.0,0,1
zachary-sproule,2018,PDA,KPF,20.0,0,2,43.1,1.1,99.57,90.39,71.26,99.57,99.57,1.0,0,1
zachary-sproule,2019,PDA,KPF,21.0,1,3,43.1,1.3,94.19,82.82,60.28,94.19,90.12,0.88,0,1
jacob-weitering,2015,ND,KPD,18.0,0,0,86.27,1290.7,95.05,95.61,84.3,95.61,95.61,1.0,1,0
jacob-weitering,2016,ND,KPD,19.0,20,1,86.27,1374.1,101.88,101.95,96.16,101.95,101.95,1.0,1,0
jacob-weitering,2017,ND,KPD,20.0,42,2,86.27,1520.7,97.62,98.6,92.33,98.6,98.6,1.0,1,0
jacob-weitering,2018,ND,KPD,21.0,56,3,86.27,1676.2,95.89,94.86,87.74,95.89,94.92,0.88,1,0
jacob-weitering,2019,ND,KPD,22.0,76,4,86.27,1747.8,92.94,93.8,82.75,93.8,91.15,0.76,1,0
josh-schache,2015,ND,KPF,18.0,0,0,54.27,8.5,95.31,86.22,53.2,95.31,95.31,1.0,1,0
josh-schache,2016,ND,KPF,19.0,17,1,54.27,8.3,96.92,95.7,75.28,96.92,96.92,1.0,1,0
josh-schache,2017,ND,KPF,20.0,27,2,54.27,9.4,90.92,90.5,67.43,90.92,90.92,1.0,1,0
josh-schache,2018,ND,KPF,21.0,40,3,54.27,8.8,97.03,90.66,67.69,97.03,93.51,0.88,1,0
josh-schache,2019,ND,KPF,22.0,54,4,51.4,2.0,89.86,84.68,65.56,89.86,84.03,0.76,1,0
callum-mills,2015,ND,SD,18.0,0,0,109.63,2085.9,109.69,113.25,97.42,113.25,113.25,1.0,1,0
callum-mills,2016,ND,SD,19.0,22,1,109.63,2346.5,112.07,117.87,102.0,117.87,117.87,1.0,1,0
callum-mills,2017,ND,SD,20.0,46,2,109.63,2639.9,108.62,113.94,102.28,113.94,113.94,1.0,1,0
callum-mills,2018,ND,SD,21.0,55,3,109.63,2889.8,110.89,109.25,97.24,110.89,109.25,0.88,1,0
callum-mills,2019,ND,SD,22.0,77,4,109.63,3101.7,113.21,112.14,96.29,113.21,109.15,0.76,1,0
clayton-oliver,2015,ND,MID,18.0,0,0,125.87,5562.3,119.56,113.34,89.43,119.56,119.56,1.0,1,0
clayton-oliver,2016,ND,MID,19.0,13,1,125.87,6332.7,126.27,121.33,103.33,126.27,126.27,1.0,1,0
clayton-oliver,2017,ND,MID,20.0,35,2,125.87,6180.4,131.06,128.87,118.86,131.06,131.06,1.0,1,0
clayton-oliver,2018,ND,MID,21.0,60,3,125.87,5908.8,131.27,131.28,123.28,131.28,130.9,0.952,1,0
clayton-oliver,2019,ND,MID,22.0,82,4,125.87,5793.4,128.93,130.26,120.68,130.26,129.34,0.904,1,0
darcy-parish,2015,ND,MID,18.0,0,0,111.83,2358.5,118.89,109.43,88.04,118.89,118.89,1.0,1,0
darcy-parish,2016,ND,MID,19.0,20,1,111.83,2673.5,126.9,121.3,102.89,126.9,126.9,1.0,1,0
darcy-parish,2017,ND,MID,20.0,40,2,111.83,3000.9,120.97,117.05,103.17,120.97,120.97,1.0,1,0
darcy-parish,2018,ND,MID,21.0,55,3,111.83,3069.5,121.64,113.03,100.45,121.64,119.1,0.88,1,0
darcy-parish,2019,ND,MID,22.0,76,4,111.83,3021.6,119.11,110.12,100.72,119.11,114.7,0.76,1,0
aaron-francis,2015,ND,KPD,18.0,0,0,60.57,286.2,94.96,89.6,69.34,94.96,94.96,1.0,1,0
aaron-francis,2016,ND,KPD,19.0,3,1,60.57,319.8,100.08,88.3,71.67,100.08,100.08,1.0,1,0
aaron-francis,2017,ND,KPD,20.0,5,2,60.57,364.2,93.35,82.04,68.83,93.35,93.35,1.0,1,0
aaron-francis,2018,ND,KPD,21.0,10,3,60.57,75.5,92.38,80.98,61.31,92.38,88.65,0.88,1,0
aaron-francis,2019,ND,KPD,22.0,27,4,60.57,12.1,91.34,87.48,72.63,91.34,86.85,0.76,1,0
jacob-hopper,2015,ND,MID,18.0,0,0,94.8,1036.8,114.98,107.99,84.99,114.98,114.98,1.0,1,0
jacob-hopper,2016,ND,MID,19.0,10,1,94.8,1180.5,115.84,108.02,89.52,115.84,115.84,1.0,1,0
jacob-hopper,2017,ND,MID,20.0,23,2,94.8,1307.7,115.79,109.22,92.18,115.79,115.79,1.0,1,0
jacob-hopper,2018,ND,MID,21.0,44,3,94.8,1406.4,119.0,109.38,95.07,119.0,116.13,0.88,1,0
jacob-hopper,2019,ND,MID,22.0,67,4,94.8,1069.4,123.3,117.78,106.96,123.3,120.14,0.806,1,0
callum-ah-chee,2015,ND,SF,18.0,0,0,65.93,105.1,101.87,94.55,74.26,101.87,101.87,1.0,1,0
callum-ah-chee,2016,ND,SF,19.0,16,1,65.93,114.5,102.56,94.07,81.83,102.56,102.56,1.0,1,0
callum-ah-chee,2017,ND,SF,20.0,30,2,65.93,129.8,97.31,90.55,74.02,97.31,97.31,1.0,1,0
callum-ah-chee,2018,ND,SF,21.0,44,3,65.93,146.7,95.11,85.67,70.29,95.11,92.13,0.88,1,0
callum-ah-chee,2019,ND,SF,22.0,45,4,65.93,41.1,87.19,81.84,63.61,87.19,81.53,0.76,1,0
sam-weideman,2015,ND,KPF,18.0,0,0,57.47,20.0,88.33,79.89,50.42,88.33,88.33,1.0,1,0
sam-weideman,2016,ND,KPF,19.0,3,1,57.47,22.8,91.89,84.64,64.21,91.89,91.89,1.0,1,0
sam-weideman,2017,ND,KPF,20.0,10,2,57.47,25.9,90.73,83.73,60.97,90.73,90.73,1.0,1,0
sam-weideman,2018,ND,KPF,21.0,20,3,57.47,20.9,93.02,79.41,64.51,93.02,89.6,0.88,1,0
sam-weideman,2019,ND,KPF,22.0,31,4,56.6,9.2,88.48,83.26,66.5,88.48,83.21,0.76,1,0
harry-mckay,2015,ND,KPF,18.0,0,0,83.33,955.6,88.69,80.29,51.56,88.69,88.69,1.0,1,0
harry-mckay,2016,ND,KPF,19.0,0,1,83.33,1089.4,88.69,80.18,62.19,88.69,88.69,1.0,1,0
harry-mckay,2017,ND,KPF,20.0,2,2,83.33,1240.5,91.79,80.61,63.58,91.79,91.79,1.0,1,0
harry-mckay,2018,ND,KPF,21.0,15,3,83.33,1309.0,98.3,89.84,74.53,98.3,95.45,0.88,1,0
harry-mckay,2019,ND,KPF,22.0,35,4,83.33,1459.1,92.03,86.16,75.41,92.03,88.04,0.76,1,0
wayne-milera,2015,ND,SD,18.0,0,0,87.48,628.8,106.85,98.21,82.21,106.85,106.85,1.0,1,0
wayne-milera,2016,ND,SD,19.0,8,1,87.48,716.5,105.75,95.43,79.88,105.75,105.75,1.0,1,0
wayne-milera,2017,ND,SD,20.0,24,2,87.48,813.1,104.23,95.61,81.73,104.23,104.23,1.0,1,0
wayne-milera,2018,ND,SD,21.0,43,3,87.48,589.3,107.31,99.65,94.02,107.31,105.72,0.88,1,0
wayne-milera,2019,ND,SD,22.0,60,4,86.72,628.3,104.34,99.11,92.73,104.34,101.56,0.76,1,0
charlie-curnow,2015,ND,KPF,18.0,0,0,87.13,1394.2,88.69,80.28,52.12,88.69,88.69,1.0,1,0
charlie-curnow,2016,ND,KPF,19.0,6,1,87.13,1588.9,88.69,80.93,66.87,88.69,88.69,1.0,1,0
charlie-curnow,2017,ND,KPF,20.0,27,2,87.13,1515.0,105.29,100.7,92.2,105.29,105.29,1.0,1,0
charlie-curnow,2018,ND,KPF,21.0,47,3,87.13,1339.3,105.7,98.06,92.97,105.7,104.35,0.894,1,0
charlie-curnow,2019,ND,KPF,22.0,58,4,87.13,1378.0,99.57,93.23,84.49,99.57,96.1,0.77,1,0
matthew-kennedy-1,2015,ND,MID,18.0,0,0,91.48,817.7,115.75,103.08,83.3,115.75,115.75,1.0,1,0
matthew-kennedy-1,2016,ND,MID,19.0,3,1,91.48,932.2,114.3,100.84,77.64,114.3,114.3,1.0,1,0
matthew-kennedy-1,2017,ND,MID,20.0,19,2,91.48,1036.9,114.49,108.21,91.08,114.49,114.49,1.0,1,0
matthew-kennedy-1,2018,ND,MID,21.0,31,3,91.48,1180.8,111.39,103.9,85.49,111.39,108.29,0.88,1,0
matthew-kennedy-1,2019,ND,MID,22.0,41,4,91.48,1346.0,100.31,93.94,75.32,100.31,94.31,0.76,1,0
eric-hipwood,2015,ND,KPF,18.0,0,0,64.57,131.2,88.69,80.25,48.38,88.69,88.69,1.0,1,0
eric-hipwood,2016,ND,KPF,19.0,10,1,64.57,149.2,91.35,89.67,64.32,91.35,91.35,1.0,1,0
eric-hipwood,2017,ND,KPF,20.0,30,2,64.57,169.5,90.87,86.45,67.92,90.87,90.87,1.0,1,0
eric-hipwood,2018,ND,KPF,21.0,52,3,64.57,191.6,94.61,83.55,67.26,94.61,91.33,0.88,1,0
eric-hipwood,2019,ND,KPF,22.0,75,4,64.57,215.7,85.72,77.9,63.19,85.72,80.31,0.76,1,0
daniel-rioli,2015,ND,SD,18.0,0,0,90.57,682.2,106.85,98.19,78.73,106.85,106.85,1.0,1,0
daniel-rioli,2016,ND,SD,19.0,18,1,90.57,777.4,101.85,95.52,72.87,101.85,101.85,1.0,1,0
daniel-rioli,2017,ND,SD,20.0,43,2,90.57,870.2,104.59,97.84,84.1,104.59,104.59,1.0,1,0
daniel-rioli,2018,ND,SD,21.0,55,3,90.57,972.8,102.79,93.94,81.34,102.79,100.21,0.88,1,0
daniel-rioli,2019,ND,SD,22.0,77,4,90.57,1102.5,94.65,89.26,76.31,94.65,90.25,0.76,1,0
harrison-himmelberg,2015,ND,SD,19.0,0,0,89.77,930.4,106.77,96.91,76.73,106.77,106.77,1.0,1,0
harrison-himmelberg,2016,ND,SD,20.0,4,1,89.77,1056.5,100.75,86.95,69.19,100.75,100.75,1.0,1,0
harrison-himmelberg,2017,ND,SD,21.0,16,2,89.77,1201.6,99.17,84.55,67.7,99.17,95.39,0.88,1,0
harrison-himmelberg,2018,ND,SD,22.0,40,3,89.77,1146.1,101.69,94.69,78.57,101.69,96.14,0.76,1,0
harrison-himmelberg,2019,ND,SD,23.0,65,4,89.77,1042.8,97.48,93.13,78.84,97.48,91.33,0.67,1,0
tom-doedee,2015,ND,SD,18.0,0,0,84.27,442.4,106.77,94.94,76.93,106.77,106.77,1.0,1,0
tom-doedee,2016,ND,SD,19.0,0,1,84.27,504.4,106.77,94.14,75.43,106.77,106.77,1.0,1,0
tom-doedee,2017,ND,SD,20.0,0,2,84.27,575.0,101.1,86.91,67.21,101.1,101.1,1.0,1,0
tom-doedee,2018,ND,SD,21.0,20,3,84.27,452.5,113.29,102.28,88.38,113.29,110.3,0.88,1,0
tom-doedee,2019,ND,SD,22.0,21,4,82.43,515.8,108.81,97.98,84.84,108.81,103.06,0.76,1,0
jade-gresham,2015,ND,SF,18.0,0,0,84.33,958.1,91.79,84.41,64.3,91.79,91.79,1.0,1,0
jade-gresham,2016,ND,SF,19.0,18,1,84.33,1091.8,100.22,91.81,76.1,100.22,100.22,1.0,1,0
jade-gresham,2017,ND,SF,20.0,40,2,84.33,1205.5,97.71,91.87,78.21,97.71,97.71,1.0,1,0
jade-gresham,2018,ND,SF,21.0,62,3,84.33,1056.0,101.75,93.01,82.46,101.75,99.43,0.88,1,0
jade-gresham,2019,ND,SF,22.0,81,4,84.33,748.7,107.0,98.65,86.69,107.0,102.76,0.791,1,0
ryan-burton,2015,ND,SD,18.0,0,0,80.5,521.3,106.97,92.84,77.7,106.97,106.97,1.0,1,0
ryan-burton,2016,ND,SD,19.0,4,1,80.5,594.2,103.78,90.8,72.71,103.78,103.78,1.0,1,0
ryan-burton,2017,ND,SD,20.0,24,2,80.5,230.8,111.49,106.36,91.47,111.49,111.49,1.0,1,0
ryan-burton,2018,ND,SD,21.0,47,3,77.43,259.2,107.34,98.79,87.67,107.34,104.98,0.88,1,0
ryan-burton,2019,ND,SD,22.0,63,4,77.43,253.2,102.01,97.03,84.21,102.01,97.74,0.76,1,0
brayden-fiorini,2015,ND,MID,18.0,0,0,90.1,675.9,114.29,100.4,69.86,114.29,114.29,1.0,1,0
brayden-fiorini,2016,ND,MID,19.0,2,1,90.1,662.2,116.8,103.32,74.65,116.8,116.8,1.0,1,0
brayden-fiorini,2017,ND,MID,20.0,15,2,90.1,746.0,115.72,108.51,85.1,115.72,115.72,1.0,1,0
brayden-fiorini,2018,ND,MID,21.0,26,3,90.1,708.6,119.36,108.43,88.67,119.36,115.67,0.88,1,0
brayden-fiorini,2019,ND,MID,22.0,47,4,90.1,500.5,118.61,112.6,95.83,118.61,113.5,0.776,1,0
ben-mckay,2015,ND,KPD,18.0,0,0,64.33,58.1,95.11,89.37,67.66,95.11,95.11,1.0,1,0
ben-mckay,2016,ND,KPD,19.0,0,1,64.33,66.3,95.11,88.42,66.94,95.11,95.11,1.0,1,0
ben-mckay,2017,ND,KPD,20.0,1,2,64.33,75.3,92.33,83.65,63.72,92.33,92.33,1.0,1,0
ben-mckay,2018,ND,KPD,21.0,1,3,64.33,85.8,90.24,75.39,60.5,90.24,86.67,0.88,1,0
ben-mckay,2019,ND,KPD,22.0,4,4,64.33,97.8,80.68,70.91,53.74,80.68,74.21,0.76,1,0
kieran-lovell,2015,ND,MID,18.0,0,0,53.0,0.0,116.67,100.34,67.36,116.67,116.67,1.0,1,0
kieran-lovell,2016,ND,MID,19.0,2,1,53.0,0.0,112.31,99.5,63.57,112.31,112.31,1.0,1,0
david-cuningham,2015,ND,MID,18.0,0,0,63.47,14.5,111.65,100.23,65.94,111.65,111.65,1.0,1,0
david-cuningham,2016,ND,MID,19.0,3,1,63.47,16.6,108.46,94.29,68.75,108.46,108.46,1.0,1,0
david-cuningham,2017,ND,MID,20.0,11,2,63.47,18.6,108.8,95.46,65.53,108.8,108.8,1.0,1,0
david-cuningham,2018,ND,MID,21.0,16,3,62.9,20.9,106.67,91.85,62.85,106.67,101.41,0.88,1,0
david-cuningham,2019,ND,MID,22.0,25,4,62.9,19.8,102.11,92.4,66.5,102.11,93.57,0.76,1,0
ben-keays,2015,ND,SF,18.0,0,0,94.6,1194.6,91.34,83.57,57.62,91.34,91.34,1.0,1,0
ben-keays,2016,ND,SF,19.0,16,1,94.6,1361.8,92.94,87.01,63.65,92.94,92.94,1.0,1,0
ben-keays,2017,ND,SF,20.0,26,2,94.6,1480.0,97.05,90.38,71.84,97.05,97.05,1.0,1,0
ben-keays,2018,ND,SF,21.0,28,3,94.6,1684.6,94.37,84.9,67.08,94.37,91.1,0.88,1,0
ben-keays,2019,ND,SF,22.0,30,4,94.6,1917.1,87.31,78.8,61.06,87.31,81.01,0.76,1,0
josh-dunkley,2015,ND,MID,18.0,0,0,114.0,3886.8,110.31,97.02,64.3,110.31,110.31,1.0,1,0
josh-dunkley,2016,ND,MID,19.0,17,1,114.0,4402.9,121.04,112.49,90.74,121.04,121.04,1.0,1,0
josh-dunkley,2017,ND,MID,20.0,24,2,114.0,5014.4,113.68,107.33,82.29,113.68,113.68,1.0,1,0
josh-dunkley,2018,ND,MID,21.0,43,3,114.0,4948.2,121.58,115.39,105.08,121.58,119.98,0.903,1,0
josh-dunkley,2019,ND,MID,22.0,66,4,114.0,4101.8,124.99,123.49,117.25,124.99,124.25,0.904,1,0
kieran-collins,2015,ND,KPD,18.0,0,0,17.0,0.0,94.46,87.7,64.24,94.46,94.46,1.0,1,0
kieran-collins,2016,ND,KPD,19.0,1,1,17.0,0.0,92.53,82.48,63.32,92.53,92.53,1.0,1,0
darcy-tucker,2015,ND,SD,18.0,0,0,68.07,34.7,101.24,87.96,65.68,101.24,101.24,1.0,1,0
darcy-tucker,2016,ND,SD,19.0,12,1,68.07,39.3,102.73,93.25,74.98,102.73,102.73,1.0,1,0
darcy-tucker,2017,ND,SD,20.0,31,2,68.07,44.8,97.8,88.41,70.49,97.8,97.8,1.0,1,0
darcy-tucker,2018,ND,SD,21.0,48,3,68.07,44.4,100.68,88.71,71.98,100.68,97.24,0.88,1,0
darcy-tucker,2019,ND,SD,22.0,70,4,68.07,28.9,101.29,92.75,79.08,101.29,95.96,0.76,1,0
luke-partington,2015,ND,MID,18.0,0,0,46.7,0.0,109.18,99.39,62.45,109.18,109.18,1.0,1,0
luke-partington,2016,ND,MID,19.0,0,1,46.7,0.0,109.18,98.59,64.5,109.18,109.18,1.0,1,0
luke-partington,2017,ND,MID,20.0,6,2,46.7,0.0,107.74,98.65,61.42,107.74,107.74,1.0,1,0
alex-morgan,2015,ND,SD,19.0,0,0,46.5,0.0,102.61,90.96,66.31,102.61,102.61,1.0,1,0
alex-morgan,2016,ND,SD,20.0,0,1,46.5,0.0,97.75,85.46,61.46,97.75,97.75,1.0,1,0
alex-morgan,2017,ND,SD,21.0,0,2,46.5,0.0,96.47,79.11,58.39,96.47,91.9,0.88,1,0
alex-morgan,2018,ND,SD,22.0,2,3,46.5,0.0,86.64,74.86,55.66,86.64,79.21,0.76,1,0
mason-redman,2015,ND,SD,18.0,0,0,92.9,786.8,100.32,89.46,65.96,100.32,100.32,1.0,1,0
mason-redman,2016,ND,SD,19.0,3,1,92.9,897.0,99.29,87.0,66.94,99.29,99.29,1.0,1,0
mason-redman,2017,ND,SD,20.0,3,2,92.9,1022.5,93.65,82.6,62.83,93.65,93.65,1.0,1,0
mason-redman,2018,ND,SD,21.0,5,3,92.9,1082.9,97.7,82.84,61.12,97.7,93.31,0.88,1,0
mason-redman,2019,ND,SD,22.0,25,4,92.9,1223.7,101.67,92.78,74.64,101.67,95.19,0.76,1,0
ryan-clarke,2015,ND,MID,18.0,0,0,69.5,62.0,107.23,95.74,61.94,107.23,107.23,1.0,1,0
ryan-clarke,2016,ND,MID,19.0,6,1,69.5,70.6,106.2,97.35,67.29,106.2,106.2,1.0,1,0
ryan-clarke,2017,ND,MID,20.0,21,2,69.5,32.3,109.04,104.4,79.37,109.04,109.04,1.0,1,0
ryan-clarke,2018,ND,MID,21.0,40,3,66.1,33.6,108.8,103.28,78.6,108.8,105.18,0.88,1,0
ryan-clarke,2019,ND,MID,22.0,54,4,58.8,38.1,101.03,92.86,71.09,101.03,93.85,0.76,1,0
brayden-sier,2015,ND,MID,18.0,0,0,57.1,44.2,107.41,95.4,61.6,107.41,107.41,1.0,1,0
brayden-sier,2016,ND,MID,19.0,0,1,57.1,50.4,107.41,95.13,64.19,107.41,107.41,1.0,1,0
brayden-sier,2017,ND,MID,20.0,0,2,57.1,57.4,103.89,93.48,61.49,103.89,103.89,1.0,1,0
brayden-sier,2018,ND,MID,21.0,12,3,57.1,8.1,110.79,101.25,79.07,110.79,106.98,0.88,1,0
brayden-sier,2019,ND,MID,22.0,18,4,47.15,9.2,98.64,90.38,62.38,98.64,89.94,0.76,1,0
mitchell-hibberd,2015,ND,MID,19.0,0,0,60.8,0.1,107.41,94.99,64.35,107.41,107.41,1.0,1,0
mitchell-hibberd,2016,ND,MID,20.0,0,1,60.8,0.2,99.76,88.7,59.03,99.76,99.76,1.0,1,0
mitchell-hibberd,2017,ND,MID,21.0,4,2,60.8,0.2,100.94,83.37,54.13,100.94,95.32,0.88,1,0
mitchell-hibberd,2018,ND,MID,22.0,4,3,60.8,0.2,93.22,80.4,54.03,93.22,83.82,0.76,1,0
mitchell-hibberd,2019,ND,MID,23.0,4,4,60.8,0.2,90.54,80.67,55.6,90.54,79.01,0.67,1,0
joshua-schoenfeld,2015,ND,MID,18.0,0,0,52.8,0.1,106.66,90.51,61.55,106.66,106.66,1.0,1,0
joshua-schoenfeld,2016,ND,MID,19.0,4,1,52.8,0.0,106.66,91.72,66.6,106.66,106.66,1.0,1,0
joshua-schoenfeld,2017,ND,MID,20.0,8,2,52.8,0.0,105.32,91.59,62.84,105.32,105.32,1.0,1,0
joshua-schoenfeld,2018,ND,MID,21.0,14,3,52.8,0.0,102.59,84.57,58.21,102.59,97.26,0.88,1,0
joshua-schoenfeld,2019,ND,MID,22.0,15,4,47.0,0.0,96.14,80.17,52.71,96.14,85.72,0.76,1,0
marcus-adams,2015,ND,KPD,22.0,0,0,77.87,955.2,83.66,69.05,54.76,83.66,76.72,0.76,1,0
marcus-adams,2016,ND,KPD,23.0,11,1,77.87,614.1,92.46,81.0,68.86,92.46,85.41,0.701,1,0
marcus-adams,2017,ND,KPD,24.0,21,2,74.27,312.3,88.77,81.44,71.12,88.77,82.58,0.649,1,0
marcus-adams,2018,ND,KPD,25.0,27,3,71.07,251.4,85.44,78.13,68.09,85.44,77.61,0.549,1,0
marcus-adams,2019,ND,KPD,26.0,37,4,66.17,284.2,78.93,74.55,67.19,78.93,72.59,0.46,1,0
tom-cole,2015,ND,SD,18.0,0,0,70.1,28.5,100.43,86.9,61.77,100.43,100.43,1.0,1,0
tom-cole,2016,ND,SD,19.0,2,1,70.1,32.5,98.25,85.0,59.7,98.25,98.25,1.0,1,0
tom-cole,2017,ND,SD,20.0,6,2,70.1,37.1,95.39,81.13,58.42,95.39,95.39,1.0,1,0
tom-cole,2018,ND,SD,21.0,27,3,70.1,41.6,100.46,87.74,72.26,100.46,97.08,0.88,1,0
tom-cole,2019,ND,SD,22.0,41,4,70.1,47.2,92.03,82.94,66.67,92.03,85.94,0.76,1,0
riley-bonner,2015,ND,SD,18.0,0,0,72.77,96.8,100.43,86.9,61.77,100.43,100.43,1.0,1,0
riley-bonner,2016,ND,SD,19.0,1,1,72.77,88.5,101.78,88.97,63.14,101.78,101.78,1.0,1,0
riley-bonner,2017,ND,SD,20.0,4,2,72.77,56.6,99.76,85.13,62.27,99.76,99.76,1.0,1,0
riley-bonner,2018,ND,SD,21.0,23,3,72.77,62.8,101.99,90.12,71.29,101.99,98.3,0.88,1,0
riley-bonner,2019,ND,SD,22.0,42,4,72.77,61.2,99.42,89.73,76.47,99.42,93.91,0.76,1,0
harley-balic,2015,ND,SF,18.0,0,0,57.5,1.3,89.32,83.51,53.36,89.32,89.32,1.0,1,0
harley-balic,2016,ND,SF,19.0,0,1,57.5,1.4,89.32,83.49,55.85,89.32,89.32,1.0,1,0
harley-balic,2017,ND,SF,20.0,4,2,57.5,0.0,93.04,82.24,56.97,93.04,93.04,1.0,1,0
rhys-mathieson,2015,ND,MID,18.0,0,0,70.23,194.3,106.04,92.54,57.91,106.04,106.04,1.0,1,0
rhys-mathieson,2016,ND,MID,19.0,11,1,70.23,212.0,114.39,105.24,79.5,114.39,114.39,1.0,1,0
rhys-mathieson,2017,ND,MID,20.0,24,2,68.13,223.6,115.19,109.57,86.52,115.19,115.19,1.0,1,0
rhys-mathieson,2018,ND,MID,21.0,37,3,63.83,205.5,110.9,103.31,81.41,110.9,107.36,0.88,1,0
rhys-mathieson,2019,ND,MID,22.0,46,4,56.17,228.8,99.17,92.62,70.96,99.17,92.4,0.76,1,0
brandon-white,2015,ND,SD,18.0,0,0,53.5,0.9,101.87,89.29,61.21,101.87,101.87,1.0,1,0
brandon-white,2016,ND,SD,19.0,1,1,53.5,1.0,99.88,87.05,61.74,99.88,99.88,1.0,1,0
brandon-white,2017,ND,SD,20.0,4,2,53.5,0.9,98.55,84.15,59.51,98.55,98.55,1.0,1,0
brandon-white,2018,ND,SD,21.0,10,3,53.5,1.0,98.7,79.4,57.68,98.7,93.78,0.88,1,0
brandon-white,2019,ND,SD,22.0,11,4,66.0,0.0,88.84,78.88,56.51,88.84,81.08,0.76,1,0
matthew-flynn,2015,ND,RUCK,18.0,0,0,86.43,429.9,108.1,99.5,51.81,108.1,108.1,1.0,1,0
matthew-flynn,2016,ND,RUCK,19.0,0,1,86.43,490.1,108.1,99.78,65.99,108.1,108.1,1.0,1,0
matthew-flynn,2017,ND,RUCK,20.0,0,2,86.43,558.7,106.14,98.04,65.04,106.14,106.14,1.0,1,0
matthew-flynn,2018,ND,RUCK,21.0,0,3,86.43,636.9,111.52,96.98,73.61,111.52,106.97,0.88,1,0
matthew-flynn,2019,ND,RUCK,22.0,0,4,86.43,726.1,108.73,94.46,70.71,108.73,99.6,0.76,1,0
mitch-king,2015,ND,KPF,18.0,0,0,0.0,0.0,92.18,83.44,41.92,92.18,92.18,1.0,1,0
corey-wagner,2015,ND,SD,18.0,0,0,71.14,19.7,101.34,88.43,61.36,101.34,101.34,1.0,1,0
corey-wagner,2016,ND,SD,19.0,4,1,71.14,22.4,99.64,86.95,63.3,99.64,99.64,1.0,1,0
corey-wagner,2017,ND,SD,20.0,8,2,71.14,25.6,91.1,79.07,57.21,91.1,91.1,1.0,1,0
corey-wagner,2018,ND,SD,21.0,8,3,71.14,29.1,95.09,76.67,56.53,95.09,90.47,0.88,1,0
corey-wagner,2019,ND,SD,22.0,19,4,71.14,33.1,90.17,80.2,59.4,90.17,82.78,0.76,1,0
blake-hardwick,2015,ND,SD,18.0,0,0,86.96,635.3,101.34,88.43,61.17,101.34,101.34,1.0,1,0
blake-hardwick,2016,ND,SD,19.0,1,1,86.96,724.2,99.16,86.32,59.73,99.16,99.16,1.0,1,0
blake-hardwick,2017,ND,SD,20.0,20,2,86.96,808.0,104.64,97.19,74.13,104.64,104.64,1.0,1,0
blake-hardwick,2018,ND,SD,21.0,44,3,86.96,882.0,108.11,98.38,82.61,108.11,105.05,0.88,1,0
blake-hardwick,2019,ND,SD,22.0,66,4,86.96,879.4,108.02,100.6,90.05,108.02,103.71,0.76,1,0
aidyn-johnson,2015,ND,SF,18.0,0,0,54.0,0.2,89.78,82.33,51.27,89.78,89.78,1.0,1,0
aidyn-johnson,2016,ND,SF,19.0,0,1,54.0,0.2,89.78,82.69,55.91,89.78,89.78,1.0,1,0
aidyn-johnson,2017,ND,SF,20.0,5,2,54.0,0.2,88.06,72.54,52.39,88.06,88.06,1.0,1,0
aidyn-johnson,2018,ND,SF,21.0,10,3,54.0,0.2,87.18,68.87,52.93,87.18,83.07,0.88,1,0
aidyn-johnson,2019,ND,SF,22.0,11,4,54.0,0.0,81.24,73.07,52.65,81.24,74.38,0.76,1,0
liam-hulett,2015,ND,KPF,18.0,0,0,0.0,0.0,92.51,80.74,40.99,92.51,92.51,1.0,1,0
sam-skinner,2015,ND,KPD,18.0,0,0,62.0,5.8,94.47,82.65,60.43,94.47,94.47,1.0,1,0
sam-skinner,2016,ND,KPD,19.0,0,1,62.0,6.6,94.47,84.1,63.64,94.47,94.47,1.0,1,0
sam-skinner,2017,ND,KPD,20.0,1,2,62.0,0.1,92.75,82.18,61.53,92.75,92.75,1.0,1,0
sam-skinner,2018,ND,KPD,21.0,1,3,46.5,0.1,90.66,76.49,59.09,90.66,86.87,0.88,1,0
sam-skinner,2019,ND,KPD,22.0,1,4,46.5,0.1,80.0,70.62,58.32,80.0,74.8,0.76,1,0
bailey-williams-wb,2015,ND,SD,18.0,0,0,84.22,423.3,101.28,83.94,57.25,101.28,101.28,1.0,1,0
bailey-williams-wb,2016,ND,SD,19.0,6,1,84.22,482.6,99.1,86.93,65.52,99.1,99.1,1.0,1,0
bailey-williams-wb,2017,ND,SD,20.0,18,2,84.22,549.9,100.07,90.95,67.79,100.07,100.07,1.0,1,0
bailey-williams-wb,2018,ND,SD,21.0,32,3,84.22,444.2,107.05,99.76,84.62,107.05,104.36,0.88,1,0
bailey-williams-wb,2019,ND,SD,22.0,41,4,83.69,506.2,97.18,90.52,72.8,97.18,91.33,0.76,1,0
bailey-rice,2015,ND,SD,18.0,0,0,54.8,0.1,101.28,83.94,58.16,101.28,101.28,1.0,1,0
bailey-rice,2016,ND,SD,19.0,0,1,54.8,0.1,101.28,86.23,61.93,101.28,101.28,1.0,1,0
bailey-rice,2017,ND,SD,20.0,0,2,54.8,0.1,97.49,81.89,58.3,97.49,97.49,1.0,1,0
bailey-rice,2018,ND,SD,21.0,11,3,54.8,0.0,98.8,80.97,61.71,98.8,94.35,0.88,1,0
oleg-markov,2015,ND,SD,19.0,0,0,69.33,46.7,101.28,86.23,61.3,101.28,101.28,1.0,1,0
oleg-markov,2016,ND,SD,20.0,8,1,69.33,37.6,101.8,87.2,61.9,101.8,101.8,1.0,1,0
oleg-markov,2017,ND,SD,21.0,15,2,69.33,42.8,95.72,78.01,57.71,95.72,91.16,0.88,1,0
oleg-markov,2018,ND,SD,22.0,15,3,69.33,48.8,86.82,75.03,51.55,86.82,78.35,0.76,1,0
oleg-markov,2019,ND,SD,23.0,17,4,69.33,55.6,82.22,70.0,49.87,82.22,71.55,0.67,1,0
tyrone-leonardis,2015,ND,SD,18.0,0,0,0.0,0.0,99.43,83.45,58.04,99.43,99.43,1.0,1,0
mackenzie-willis,2015,ND,SD,20.0,0,0,39.3,0.0,94.5,79.32,56.46,94.5,94.5,1.0,1,0
mackenzie-willis,2016,ND,SD,21.0,3,1,39.3,0.0,95.78,76.0,54.03,95.78,90.77,0.88,1,0
mackenzie-willis,2017,ND,SD,22.0,5,2,37.5,0.0,85.29,69.91,50.56,85.29,76.96,0.76,1,0
jack-silvagni,2015,ND,KPD,18.0,0,0,75.23,397.7,95.01,83.61,57.65,95.01,95.01,1.0,1,0
jack-silvagni,2016,ND,KPD,19.0,8,1,75.23,452.2,92.67,85.21,66.09,92.67,92.67,1.0,1,0
jack-silvagni,2017,ND,KPD,20.0,28,2,75.23,513.7,91.88,85.13,69.76,91.88,91.88,1.0,1,0
jack-silvagni,2018,ND,KPD,21.0,43,3,75.23,585.3,89.79,79.43,67.72,89.79,87.14,0.88,1,0
jack-silvagni,2019,ND,KPD,22.0,60,4,75.23,646.8,83.11,78.07,66.93,83.11,79.23,0.76,1,0
samuel-collins,2015,ND,KPD,21.0,0,0,78.68,872.9,92.23,74.25,57.18,92.23,88.02,0.88,1,0
samuel-collins,2016,ND,KPD,22.0,12,1,78.68,787.0,90.15,81.91,66.53,90.15,84.49,0.76,1,0
samuel-collins,2017,ND,KPD,23.0,14,2,78.68,894.1,84.5,76.0,63.21,84.5,77.47,0.67,1,0
samuel-collins,2018,ND,KPD,24.0,14,3,78.68,1019.2,78.35,73.97,60.85,78.35,71.0,0.58,1,0
samuel-collins,2019,ND,KPD,25.0,23,4,78.68,1148.0,76.44,69.46,59.13,76.44,68.13,0.52,1,0
jordan-dawson,2015,ND,MID,18.0,0,0,112.64,2327.7,106.84,87.91,49.54,106.84,106.84,1.0,1,0
jordan-dawson,2016,ND,MID,19.0,0,1,112.64,2653.6,106.84,90.6,57.88,106.84,106.84,1.0,1,0
jordan-dawson,2017,ND,MID,20.0,1,2,112.64,3025.1,104.82,91.44,55.06,104.82,104.82,1.0,1,0
jordan-dawson,2018,ND,MID,21.0,5,3,112.64,3444.9,104.38,89.94,56.71,104.38,98.66,0.88,1,0
jordan-dawson,2019,ND,MID,22.0,25,4,112.64,3666.2,117.86,109.21,89.18,117.86,111.09,0.764,1,0
kurt-mutimer,2015,ND,SD,18.0,0,0,0.0,0.0,98.96,81.57,45.0,98.96,98.96,1.0,1,0
tom-phillips,2015,ND,MID,19.0,0,0,82.73,596.5,106.18,88.8,57.37,106.18,106.18,1.0,1,0
tom-phillips,2016,ND,MID,20.0,6,1,82.73,655.6,101.76,87.65,55.63,101.76,101.76,1.0,1,0
tom-phillips,2017,ND,MID,21.0,24,2,82.73,515.8,111.09,102.81,78.67,111.09,107.2,0.88,1,0
tom-phillips,2018,ND,MID,22.0,50,3,82.4,242.0,118.14,111.29,95.95,118.14,113.22,0.779,1,0
tom-phillips,2019,ND,MID,23.0,74,4,75.9,98.2,114.82,107.43,94.86,114.82,108.23,0.67,1,0
ryan-gardner,2015,ND,KPD,18.0,0,0,54.57,13.7,94.24,82.2,50.72,94.24,94.24,1.0,1,0
ryan-gardner,2016,ND,KPD,19.0,0,1,54.57,15.7,94.24,84.73,60.74,94.24,94.24,1.0,1,0
ryan-gardner,2017,ND,KPD,20.0,0,2,54.57,17.9,91.96,82.02,59.88,91.96,91.96,1.0,1,0
ryan-gardner,2018,ND,KPD,21.0,0,3,54.57,20.4,93.69,76.8,57.93,93.69,89.4,0.88,1,0
ryan-gardner,2019,ND,KPD,22.0,2,4,54.57,23.2,81.83,70.96,55.36,81.83,75.48,0.76,1,0
declan-mountford,2015,ND,MID,18.0,0,0,58.5,0.1,105.91,81.5,46.26,105.91,105.91,1.0,1,0
declan-mountford,2016,ND,MID,19.0,0,1,58.5,0.2,105.91,84.93,57.15,105.91,105.91,1.0,1,0
declan-mountford,2017,ND,MID,20.0,12,2,58.5,0.0,105.57,91.53,64.04,105.57,105.57,1.0,1,0
declan-mountford,2018,ND,MID,21.0,12,3,36.5,0.0,105.58,85.0,54.56,105.58,99.46,0.88,1,0
declan-mountford,2019,ND,MID,22.0,12,4,36.5,0.0,93.26,80.27,52.85,93.26,83.56,0.76,1,0
shane-yarran,2015,ND,SF,26.0,0,0,55.8,1.0,63.03,51.59,42.57,63.03,51.98,0.46,1,0
shane-yarran,2016,ND,SF,27.0,6,1,55.8,0.0,62.36,51.61,41.19,62.36,49.66,0.4,1,0
matthew-allen,2015,ND,KPF,18.0,0,0,0.0,0.0,90.2,71.74,27.46,90.2,90.2,1.0,1,0
rupert-wills,2015,ND,MID,22.0,0,0,71.05,115.1,86.87,72.13,42.96,86.87,76.34,0.76,1,0
rupert-wills,2016,ND,MID,23.0,5,1,71.05,12.5,83.76,72.6,43.61,83.76,70.51,0.67,1,0
rupert-wills,2017,ND,MID,24.0,6,2,71.05,14.1,78.65,69.93,47.4,78.65,65.52,0.58,1,0
rupert-wills,2018,ND,MID,25.0,6,3,71.05,16.1,79.06,68.06,48.05,79.06,64.18,0.52,1,0
rupert-wills,2019,ND,MID,26.0,15,4,71.05,8.2,86.55,77.86,61.28,86.55,72.9,0.46,1,0
yestin-eades,2015,ND,SD,18.0,0,0,0.0,0.0,96.11,81.65,38.33,96.11,96.11,1.0,1,0
ben-crocker,2015,ND,SF,18.0,0,0,46.43,0.2,88.24,78.57,39.69,88.24,88.24,1.0,1,0
ben-crocker,2016,ND,SF,19.0,10,1,46.43,0.2,86.88,83.96,48.48,86.88,86.88,1.0,1,0
ben-crocker,2017,ND,SF,20.0,13,2,47.9,0.2,81.59,72.24,47.86,81.59,81.59,1.0,1,0
ben-crocker,2018,ND,SF,21.0,23,3,47.9,0.1,82.09,68.27,49.99,82.09,78.24,0.88,1,0
ben-crocker,2019,ND,SF,22.0,26,4,50.0,0.2,72.88,61.08,46.31,72.88,66.51,0.76,1,0
nathan-broad,2015,ND,SD,22.0,0,0,79.13,163.2,92.12,80.19,62.89,92.12,85.1,0.76,1,0
nathan-broad,2016,ND,SD,23.0,2,1,79.13,185.9,86.97,76.9,58.74,86.97,77.65,0.67,1,0
nathan-broad,2017,ND,SD,24.0,12,2,79.13,210.6,87.56,76.33,61.28,87.56,76.52,0.58,1,0
nathan-broad,2018,ND,SD,25.0,30,3,79.13,240.1,79.14,73.92,58.02,79.14,69.0,0.52,1,0
nathan-broad,2019,ND,SD,26.0,54,4,79.13,273.6,74.1,68.86,53.75,74.1,63.11,0.46,1,0
wylie-buzza,2015,ND,KPF,19.0,0,0,52.8,1.3,105.48,97.35,76.94,105.48,105.48,1.0,1,0
wylie-buzza,2016,ND,KPF,20.0,0,1,52.8,1.5,99.57,90.39,71.26,99.57,99.57,1.0,1,0
wylie-buzza,2017,ND,KPF,21.0,6,2,52.8,0.1,96.01,82.65,60.03,96.01,91.69,0.88,1,0
wylie-buzza,2018,ND,KPF,22.0,9,3,43.7,0.0,86.14,75.99,55.92,86.14,78.88,0.76,1,0
matthew-hayball,2015,ND,SF,18.0,0,0,0.0,0.0,97.91,83.99,50.25,97.91,97.91,1.0,1,0
jesse-glass-mccasker,2015,RD,KPD,18.0,0,0,0.0,0.0,103.09,97.89,65.17,103.09,103.09,1.0,1,0
tom-keough,2015,RD,SD,24.0,0,0,0.0,0.0,82.81,75.68,59.75,82.81,73.12,0.58,1,0
gach-nyuon,2015,RD,RUCK,18.0,0,0,0.0,0.0,115.06,103.63,54.35,115.06,115.06,1.0,1,0
nick-o-kearney,2015,RD,MID,18.0,0,0,0.0,0.0,112.82,94.9,52.22,112.82,112.82,1.0,1,0
joshua-wagner,2015,RD,SD,21.0,0,0,62.47,13.8,100.4,85.93,66.31,100.4,96.31,0.88,1,0
joshua-wagner,2016,RD,SD,22.0,14,1,62.47,6.3,101.43,89.04,69.6,101.43,93.79,0.76,1,0
joshua-wagner,2017,RD,SD,23.0,23,2,59.25,7.0,90.15,81.34,65.64,90.15,82.06,0.67,1,0
joshua-wagner,2018,RD,SD,24.0,28,3,61.2,6.0,84.96,77.18,63.18,84.96,75.81,0.58,1,0
joshua-wagner,2019,RD,SD,25.0,40,4,61.2,6.1,83.03,75.32,61.6,83.03,72.75,0.52,1,0
jock-cornell,2015,RD,KPD,18.0,0,0,0.0,0.0,103.09,97.89,65.17,103.09,103.09,1.0,1,0
will-snelling,2015,RD,SF,18.0,0,0,66.97,223.7,97.91,83.99,50.25,97.91,97.91,1.0,1,0
will-snelling,2016,RD,SF,19.0,1,1,66.97,254.7,98.19,89.07,61.43,98.19,98.19,1.0,1,0
will-snelling,2017,RD,SF,20.0,1,2,66.97,290.3,92.12,82.52,59.07,92.12,92.12,1.0,1,0
will-snelling,2018,RD,SF,21.0,1,3,66.97,331.0,90.48,78.9,57.88,90.48,86.56,0.88,1,0
will-snelling,2019,RD,SF,22.0,5,4,66.97,329.5,89.43,78.43,62.12,89.43,82.88,0.76,1,0
bradley-lynch,2015,RD,SD,18.0,0,0,50.9,0.0,108.91,98.01,61.68,108.91,108.91,1.0,1,0
bradley-lynch,2016,RD,SD,19.0,0,1,50.9,0.0,108.91,97.97,76.77,108.91,108.91,1.0,1,0
bradley-lynch,2017,RD,SD,20.0,0,2,50.9,0.0,102.54,91.23,71.23,102.54,102.54,1.0,1,0
bradley-lynch,2018,RD,SD,21.0,9,3,50.9,0.0,98.65,79.76,58.24,98.65,93.8,0.88,1,0
callum-moore,2015,RD,KPF,19.0,0,0,57.3,4.8,105.48,97.35,76.94,105.48,105.48,1.0,1,0
callum-moore,2016,RD,KPF,20.0,2,1,57.3,5.5,96.32,87.07,63.66,96.32,96.32,1.0,1,0
callum-moore,2017,RD,KPF,21.0,2,2,57.3,6.2,94.19,82.82,60.05,94.19,90.09,0.88,1,0
callum-moore,2018,RD,KPF,22.0,8,3,57.3,0.0,87.05,77.36,57.45,87.05,79.95,0.76,1,0
callum-moore,2019,RD,KPF,23.0,8,4,28.5,0.0,82.3,73.29,55.62,82.3,73.49,0.67,1,0
paul-hunter,2015,RD,RUCK,22.0,0,0,49.0,0.0,106.93,90.76,67.78,106.93,97.54,0.76,1,0
paul-hunter,2016,RD,RUCK,23.0,0,1,49.0,0.0,106.38,88.74,64.08,106.38,92.42,0.67,1,0
paul-hunter,2017,RD,RUCK,24.0,0,2,49.0,0.0,100.49,88.22,61.3,100.49,84.03,0.58,1,0
paul-hunter,2018,RD,RUCK,25.0,0,3,49.0,0.0,94.82,87.76,61.18,94.82,78.67,0.52,1,0
paul-hunter,2019,RD,RUCK,26.0,0,4,49.0,0.0,92.13,85.55,64.67,92.13,77.3,0.46,1,0
tom-papley,2015,RD,SF,19.0,0,0,79.8,1075.8,97.91,85.19,61.5,97.91,97.91,1.0,1,0
tom-papley,2016,RD,SF,20.0,20,1,79.8,1206.0,96.9,90.08,69.5,96.9,96.9,1.0,1,0
tom-papley,2017,RD,SF,21.0,40,2,79.8,1059.3,99.28,93.72,78.28,99.28,96.77,0.881,1,0
tom-papley,2018,RD,SF,22.0,60,3,79.67,1083.6,96.9,93.05,77.49,96.9,92.24,0.76,1,0
tom-papley,2019,RD,SF,23.0,82,4,79.67,936.3,99.75,93.58,83.56,99.75,94.62,0.683,1,0
matthew-uebergang,2015,RD,KPF,20.0,0,0,0.0,0.0,99.57,90.39,71.26,99.57,99.57,1.0,1,0
jordan-snadden,2015,RD,MID,18.0,0,0,0.0,0.0,112.82,94.9,52.22,112.82,112.82,1.0,1,0
luke-surman,2015,RD,SD,18.0,0,0,0.0,0.0,108.91,98.01,61.68,108.91,108.91,1.0,1,0
andrew-gallucci,2015,RD,MID,21.0,0,0,0.0,0.0,101.41,83.1,53.03,101.41,95.61,0.88,1,0
reuben-william,2015,RD,MID,18.0,0,0,0.0,0.0,112.82,94.9,52.22,112.82,112.82,1.0,1,0
darcy-macpherson,2015,RD,SF,18.0,0,0,70.7,279.3,97.91,83.99,50.25,97.91,97.91,1.0,1,0
darcy-macpherson,2016,RD,SF,19.0,4,1,70.7,318.4,96.95,85.26,64.29,96.95,96.95,1.0,1,0
darcy-macpherson,2017,RD,SF,20.0,12,2,70.7,362.9,88.47,80.95,60.05,88.47,88.47,1.0,1,0
darcy-macpherson,2018,RD,SF,21.0,17,3,70.7,409.5,91.03,77.16,59.67,91.03,87.26,0.88,1,0
darcy-macpherson,2019,RD,SF,22.0,39,4,70.7,76.3,103.48,99.36,83.6,103.48,98.97,0.773,1,0
anthony-mcdonald-tipungwuti,2015,RD,SF,22.0,0,0,72.93,341.6,80.77,69.9,53.82,80.77,74.3,0.76,1,0
anthony-mcdonald-tipungwuti,2016,RD,SF,23.0,21,1,72.93,249.8,89.82,82.88,67.37,89.82,82.41,0.67,1,0
anthony-mcdonald-tipungwuti,2017,RD,SF,24.0,44,2,71.83,258.3,86.23,81.91,70.08,86.23,79.45,0.58,1,0
anthony-mcdonald-tipungwuti,2018,RD,SF,25.0,66,3,70.37,235.7,84.54,79.09,67.91,84.54,76.56,0.52,1,0
anthony-mcdonald-tipungwuti,2019,RD,SF,26.0,89,4,68.9,78.5,87.67,86.1,72.24,87.67,79.34,0.46,1,0
nicholas-coughlan,2015,RD,KPD,19.0,0,0,0.0,0.0,103.09,97.58,79.88,103.09,103.09,1.0,1,0
josh-smith-1,2015,RD,MID,21.0,0,0,70.05,20.3,101.41,83.1,53.03,101.41,95.61,0.88,1,0
josh-smith-1,2016,RD,MID,22.0,18,1,70.05,5.0,103.91,95.05,69.13,103.91,95.56,0.76,1,0
josh-smith-1,2017,RD,MID,23.0,31,2,67.3,0.0,98.82,92.72,70.24,98.82,89.39,0.67,1,0
josh-smith-1,2018,RD,MID,24.0,32,3,46.5,0.0,92.57,86.26,64.2,92.57,80.66,0.58,1,0
josh-smith-1,2019,RD,MID,25.0,34,4,46.5,0.0,82.14,72.96,51.46,82.14,67.42,0.52,1,0
daniel-lloyd,2015,RD,SF,23.0,0,0,62.8,30.2,76.67,66.8,52.97,76.67,68.85,0.67,1,0
daniel-lloyd,2016,RD,SF,24.0,0,1,62.8,34.4,71.57,64.65,52.37,71.57,63.51,0.58,1,0
daniel-lloyd,2017,RD,SF,25.0,7,2,62.8,39.3,68.82,64.05,46.3,68.82,58.01,0.52,1,0
daniel-lloyd,2018,RD,SF,26.0,21,3,62.8,27.2,72.47,67.29,57.66,72.47,64.47,0.46,1,0
daniel-lloyd,2019,RD,SF,27.0,39,4,62.17,26.1,71.28,66.51,56.49,71.28,62.4,0.4,1,0
james-parsons,2015,RD,MID,18.0,0,0,49.75,10.8,112.82,94.9,52.22,112.82,112.82,1.0,1,0
james-parsons,2016,RD,MID,19.0,0,1,49.75,12.3,112.82,94.86,66.85,112.82,112.82,1.0,1,0
james-parsons,2017,RD,MID,20.0,20,2,49.75,13.9,105.0,94.29,61.23,105.0,105.0,1.0,1,0
james-parsons,2018,RD,MID,21.0,31,3,53.6,15.2,102.6,88.78,57.93,102.6,97.24,0.88,1,0
james-parsons,2019,RD,MID,22.0,35,4,65.0,0.0,96.47,87.95,59.63,96.47,87.63,0.76,1,0
cameron-hewett,2015,RD,MID,18.0,0,0,0.0,0.0,112.82,94.9,52.22,112.82,112.82,1.0,1,0
luke-goetz,2015,RD,RUCK,18.0,0,0,0.0,0.0,115.06,103.63,54.35,115.06,115.06,1.0,1,0
mabior-chol,2015,RD,KPF,18.0,0,0,67.9,195.1,105.48,97.39,61.85,105.48,105.48,1.0,1,0
mabior-chol,2016,RD,KPF,19.0,1,1,67.9,222.4,101.49,93.28,70.18,101.49,101.49,1.0,1,0
mabior-chol,2017,RD,KPF,20.0,1,2,67.9,253.5,96.32,86.53,64.16,96.32,96.32,1.0,1,0
mabior-chol,2018,RD,KPF,21.0,1,3,67.9,289.0,97.44,84.75,63.1,97.44,93.32,0.88,1,0
mabior-chol,2019,RD,KPF,22.0,10,4,67.9,317.9,87.83,76.45,57.41,87.83,80.53,0.76,1,0
jono-beech,2015,RD,SF,25.0,0,0,0.0,0.0,69.65,63.25,51.44,69.65,60.91,0.52,1,0
ryan-nyhuis,2015,RD,SD,19.0,0,0,52.4,0.4,108.91,97.97,76.77,108.91,108.91,1.0,1,0
ryan-nyhuis,2016,RD,SD,20.0,0,1,52.4,0.4,102.54,91.23,71.23,102.54,102.54,1.0,1,0
ryan-nyhuis,2017,RD,SD,21.0,4,2,52.4,0.4,101.55,86.58,62.98,101.55,96.93,0.88,1,0
ryan-nyhuis,2018,RD,SD,22.0,12,3,52.4,0.1,91.89,78.27,59.6,91.89,84.14,0.76,1,0
ryan-nyhuis,2019,RD,SD,23.0,17,4,55.8,0.0,86.45,74.43,56.1,86.45,76.44,0.67,1,0
kade-stewart,2015,RD,MID,18.0,0,0,72.0,6.8,112.82,94.9,52.22,112.82,112.82,1.0,1,0
kade-stewart,2016,RD,MID,19.0,3,1,72.0,0.0,114.22,98.74,69.43,114.22,114.22,1.0,1,0
kade-stewart,2017,RD,MID,20.0,7,2,40.2,0.0,105.64,91.93,60.04,105.64,105.64,1.0,1,0
tom-ruggles,2015,RD,SF,23.0,0,0,64.0,1.7,76.67,66.8,52.97,76.67,68.85,0.67,1,0
tom-ruggles,2016,RD,SF,24.0,18,1,64.0,0.0,78.28,72.46,60.33,78.28,70.74,0.58,1,0
tom-ruggles,2017,RD,SF,25.0,22,2,47.5,0.0,75.95,67.93,59.0,75.95,67.81,0.52,1,0
dan-houston,2015,RD,SD,18.0,0,0,104.4,1766.9,108.91,98.01,61.68,108.91,108.91,1.0,1,0
dan-houston,2016,RD,SD,19.0,0,1,104.4,2014.2,108.91,97.97,76.77,108.91,108.91,1.0,1,0
dan-houston,2017,RD,SD,20.0,17,2,104.4,2121.0,108.11,103.64,86.51,108.11,108.11,1.0,1,0
dan-houston,2018,RD,SD,21.0,39,3,104.4,2322.5,112.54,102.84,89.4,112.54,109.76,0.88,1,0
dan-houston,2019,RD,SD,22.0,60,4,104.4,2251.5,114.75,109.19,96.34,114.75,110.64,0.777,1,0
adam-marcon,2015,RD,SF,23.0,0,0,64.5,0.5,76.67,66.8,52.97,76.67,68.85,0.67,1,0
adam-marcon,2016,RD,SF,24.0,2,1,64.5,0.0,72.33,66.06,49.93,72.33,62.92,0.58,1,0
cameron-loersch,2015,RD,SD,20.0,0,0,0.0,0.0,102.54,91.23,71.23,102.54,102.54,1.0,1,0
tom-wallis,2015,RD,MID,18.0,0,0,0.0,0.0,112.82,94.9,52.22,112.82,112.82,1.0,1,0
colin-o-riordan,2015,IRE,SD,20.0,0,0,49.43,2.0,102.54,91.23,71.23,102.54,102.54,1.0,0,1
colin-o-riordan,2016,IRE,SD,21.0,0,1,49.43,2.3,100.4,85.93,66.31,100.4,96.31,0.88,0,1
colin-o-riordan,2017,IRE,SD,22.0,0,2,49.43,2.6,92.12,80.19,62.89,92.12,85.1,0.76,0,1
colin-o-riordan,2018,IRE,SD,23.0,3,3,49.43,0.9,88.33,77.56,59.21,88.33,78.72,0.67,0,1
colin-o-riordan,2019,IRE,SD,24.0,15,4,49.43,0.0,87.29,76.75,61.25,87.29,76.35,0.58,0,1
conor-glass,2015,IRE,SD,18.0,0,0,52.3,0.1,108.91,98.01,61.68,108.91,108.91,1.0,0,1
conor-glass,2016,IRE,SD,19.0,0,1,52.3,0.1,108.91,97.97,76.77,108.91,108.91,1.0,0,1
conor-glass,2017,IRE,SD,20.0,6,2,52.3,0.0,100.79,90.32,66.06,100.79,100.79,1.0,0,1
conor-glass,2018,IRE,SD,21.0,10,3,49.4,0.0,98.69,80.88,58.24,98.69,93.84,0.88,0,1
conor-glass,2019,IRE,SD,22.0,17,4,49.4,0.0,90.13,76.17,55.4,90.13,81.79,0.76,0,1
darrean-wyatt,2015,UNR,RUCK,23.0,0,0,0.0,0.0,106.38,88.74,64.08,106.38,92.42,0.67,0,1
alex-keath,2015,UNR,KPD,23.0,0,0,72.53,360.6,88.06,77.58,62.99,88.06,79.79,0.67,0,1
alex-keath,2016,UNR,KPD,24.0,0,1,72.53,411.1,83.36,75.21,62.47,83.36,74.58,0.58,0,1
alex-keath,2017,UNR,KPD,25.0,6,2,72.53,466.9,74.38,68.76,54.62,74.38,64.9,0.52,0,1
alex-keath,2018,UNR,KPD,26.0,12,3,72.53,350.9,78.84,72.13,59.64,78.84,68.47,0.46,0,1
alex-keath,2019,UNR,KPD,27.0,30,4,67.97,95.4,85.03,81.82,69.0,85.03,75.72,0.419,0,1
matt-korcheck,2015,UNR,RUCK,23.0,0,0,0.0,0.0,106.38,88.74,64.08,106.38,92.42,0.67,0,1
joel-smith-1,2015,UNR,SD,19.0,0,0,47.4,0.1,108.91,97.97,76.77,108.91,108.91,1.0,0,1
joel-smith-1,2016,UNR,SD,20.0,0,1,47.4,0.1,102.54,91.23,71.23,102.54,102.54,1.0,0,1
joel-smith-1,2017,UNR,SD,21.0,3,2,47.4,0.1,98.24,82.42,58.94,98.24,93.52,0.88,0,1
joel-smith-1,2018,UNR,SD,22.0,11,3,47.4,0.0,90.7,76.28,56.6,90.7,82.52,0.76,0,1
joel-smith-1,2019,UNR,SD,23.0,11,4,40.67,0.0,84.38,74.96,53.97,84.38,74.34,0.67,0,1
hugh-greenwood,2015,UNR,MID,23.0,0,0,94.93,1339.3,86.27,74.81,47.39,86.27,73.44,0.67,0,1
hugh-greenwood,2016,UNR,MID,24.0,0,1,94.93,1526.8,79.95,70.81,45.76,79.95,65.59,0.58,0,1
hugh-greenwood,2017,UNR,MID,25.0,15,2,94.93,1416.7,96.08,85.54,68.36,96.08,82.77,0.52,0,1
hugh-greenwood,2018,UNR,MID,26.0,37,3,94.93,1359.5,103.29,94.37,79.79,103.29,90.91,0.473,0,1
hugh-greenwood,2019,UNR,MID,27.0,51,4,94.7,1312.9,103.67,94.04,79.45,103.67,89.53,0.416,0,1
kyle-galloway,2015,PDA,RUCK,19.0,0,0,0.0,0.0,115.06,104.01,74.36,115.06,115.06,1.0,0,1
samuel-murray,2015,PDA,MID,18.0,0,0,70.9,11.9,112.82,94.9,52.22,112.82,112.82,1.0,0,1
samuel-murray,2016,PDA,MID,19.0,0,1,70.9,13.5,112.82,94.86,66.85,112.82,112.82,1.0,0,1
samuel-murray,2017,PDA,MID,20.0,0,2,70.9,15.4,103.9,91.12,61.06,103.9,103.9,1.0,0,1
samuel-murray,2018,PDA,MID,21.0,13,3,70.9,0.0,111.25,97.42,73.81,111.25,106.76,0.88,0,1
jesse-joyce,2015,PDA,SD,18.0,0,0,15.67,0.1,108.91,98.01,61.68,108.91,108.91,1.0,0,1
jesse-joyce,2016,PDA,SD,19.0,0,1,15.67,0.1,108.91,97.97,76.77,108.91,108.91,1.0,0,1
jesse-joyce,2017,PDA,SD,20.0,61,2,15.67,0.1,91.04,80.22,59.76,91.04,91.04,1.0,0,1
jesse-joyce,2018,PDA,SD,21.0,121,3,18.0,0.1,86.35,71.2,56.95,86.35,82.82,0.88,0,1
jesse-joyce,2019,PDA,SD,22.0,181,4,19.0,0.1,77.19,65.31,54.08,77.19,71.64,0.76,0,1
paddy-mccartin,2014,ND,KPF,18.0,0,0,53.17,41.1,91.43,81.48,48.2,91.43,91.43,1.0,1,0
paddy-mccartin,2015,ND,KPF,19.0,6,1,53.17,46.9,93.45,86.85,61.44,93.45,93.45,1.0,1,0
paddy-mccartin,2016,ND,KPF,20.0,17,2,53.17,53.3,89.87,84.21,63.21,89.87,89.87,1.0,1,0
paddy-mccartin,2017,ND,KPF,21.0,22,3,57.65,60.5,88.17,76.31,56.78,88.17,84.41,0.88,1,0
paddy-mccartin,2018,ND,KPF,22.0,35,4,57.65,68.5,81.77,77.35,55.23,81.77,75.4,0.76,1,0
paddy-mccartin,2019,ND,KPF,23.0,35,5,67.0,78.1,79.51,69.56,52.25,79.51,70.52,0.67,1,0
christian-petracca,2014,ND,MID,18.0,0,0,116.77,3281.3,119.95,118.28,101.21,119.95,119.95,1.0,1,0
christian-petracca,2015,ND,MID,19.0,0,1,116.77,3740.6,119.95,116.71,98.22,119.95,119.95,1.0,1,0
christian-petracca,2016,ND,MID,20.0,17,2,116.77,4113.2,117.7,116.19,104.22,117.7,117.7,1.0,1,0
christian-petracca,2017,ND,MID,21.0,39,3,116.77,4379.0,118.3,113.68,99.99,118.3,116.1,0.88,1,0
christian-petracca,2018,ND,MID,22.0,63,4,116.77,4604.3,118.1,111.42,99.48,118.1,113.63,0.76,1,0
christian-petracca,2019,ND,MID,23.0,85,5,116.77,4869.5,115.3,107.43,93.82,115.3,108.21,0.67,1,0
angus-brayshaw,2014,ND,MID,18.0,0,0,93.43,909.4,115.02,110.27,90.57,115.02,115.02,1.0,1,0
angus-brayshaw,2015,ND,MID,19.0,21,1,93.43,1035.0,121.21,117.35,99.59,121.21,121.21,1.0,1,0
angus-brayshaw,2016,ND,MID,20.0,31,2,93.43,1153.3,114.13,112.47,100.37,114.13,114.13,1.0,1,0
angus-brayshaw,2017,ND,MID,21.0,36,3,93.43,1219.3,112.2,110.06,90.22,112.2,109.56,0.88,1,0
angus-brayshaw,2018,ND,MID,22.0,58,4,93.43,819.4,119.02,117.57,103.98,119.02,116.23,0.815,1,0
angus-brayshaw,2019,ND,MID,23.0,80,5,89.37,748.9,115.81,108.63,97.23,115.81,109.85,0.68,1,0
isaac-heeney,2014,ND,MID,18.0,0,0,113.14,3476.5,119.56,113.34,89.43,119.56,119.56,1.0,1,0
isaac-heeney,2015,ND,MID,19.0,14,1,113.14,3958.3,124.97,119.59,102.64,124.97,124.97,1.0,1,0
isaac-heeney,2016,ND,MID,20.0,38,2,113.14,4110.7,122.37,120.42,106.34,122.37,122.37,1.0,1,0
isaac-heeney,2017,ND,MID,21.0,58,3,113.14,3872.9,126.19,121.47,110.43,126.19,124.68,0.904,1,0
isaac-heeney,2018,ND,MID,22.0,80,4,113.14,3618.7,125.25,122.32,110.35,125.25,122.61,0.823,1,0
isaac-heeney,2019,ND,MID,23.0,102,5,113.14,3388.2,123.71,119.67,107.88,123.71,119.72,0.748,1,0
jarrod-pickett,2014,ND,MID,18.0,0,0,42.6,0.0,118.89,109.43,88.04,118.89,118.89,1.0,1,0
jarrod-pickett,2015,ND,MID,19.0,0,1,42.6,0.1,118.89,108.05,84.8,118.89,118.89,1.0,1,0
jarrod-pickett,2016,ND,MID,20.0,0,2,42.6,0.1,114.76,106.46,85.52,114.76,114.76,1.0,1,0
jarrod-pickett,2017,ND,MID,21.0,10,3,42.6,0.0,108.4,88.86,60.59,108.4,102.66,0.88,1,0
jarrod-pickett,2018,ND,MID,22.0,17,4,39.0,0.0,96.18,81.84,50.95,96.18,85.33,0.76,1,0
jordan-de-goey,2014,ND,SF,18.0,0,0,91.97,1777.5,100.63,92.93,74.92,100.63,100.63,1.0,1,0
jordan-de-goey,2015,ND,SF,19.0,16,1,91.97,2026.2,101.91,92.22,83.13,101.91,101.91,1.0,1,0
jordan-de-goey,2016,ND,SF,20.0,36,2,91.97,2083.5,103.25,95.46,87.49,103.25,103.25,1.0,1,0
jordan-de-goey,2017,ND,SF,21.0,50,3,91.97,2059.7,104.62,93.14,85.03,104.62,102.34,0.884,1,0
jordan-de-goey,2018,ND,SF,22.0,71,4,91.97,1845.1,109.01,98.8,93.95,109.01,106.09,0.806,1,0
jordan-de-goey,2019,ND,SF,23.0,88,5,91.97,1693.2,106.41,98.9,92.39,106.41,102.62,0.729,1,0
caleb-marchbank,2014,ND,KPD,18.0,0,0,66.33,159.6,94.96,90.22,69.25,94.96,94.96,1.0,1,0
caleb-marchbank,2015,ND,KPD,19.0,5,1,66.33,181.9,94.18,84.1,71.08,94.18,94.18,1.0,1,0
caleb-marchbank,2016,ND,KPD,20.0,7,2,66.33,196.8,93.15,82.73,64.34,93.15,93.15,1.0,1,0
caleb-marchbank,2017,ND,KPD,21.0,23,3,66.33,91.5,98.81,92.26,77.78,98.81,96.28,0.88,1,0
caleb-marchbank,2018,ND,KPD,22.0,35,4,63.37,44.2,91.34,87.83,73.99,91.34,87.18,0.76,1,0
caleb-marchbank,2019,ND,KPD,23.0,48,5,62.3,8.0,87.88,83.69,71.6,87.88,82.51,0.67,1,0
darcy-moore,2014,ND,KPD,18.0,0,0,87.07,1165.7,95.49,91.23,69.42,95.49,95.49,1.0,1,0
darcy-moore,2015,ND,KPD,19.0,9,1,87.07,1326.0,94.41,88.95,73.02,94.41,94.41,1.0,1,0
darcy-moore,2016,ND,KPD,20.0,26,2,87.07,1501.9,95.71,90.66,77.82,95.71,95.71,1.0,1,0
darcy-moore,2017,ND,KPD,21.0,47,3,87.07,1679.8,95.82,90.16,79.56,95.82,93.87,0.88,1,0
darcy-moore,2018,ND,KPD,22.0,54,4,87.07,1914.4,85.86,82.38,67.72,85.86,81.5,0.76,1,0
darcy-moore,2019,ND,KPD,23.0,71,5,87.07,1744.2,93.39,92.16,78.02,93.39,88.37,0.674,1,0
paul-ahern,2014,ND,MID,18.0,0,0,62.33,48.3,115.31,107.69,81.9,115.31,115.31,1.0,1,0
paul-ahern,2015,ND,MID,19.0,0,1,62.33,55.0,115.31,106.32,79.89,115.31,115.31,1.0,1,0
paul-ahern,2016,ND,MID,20.0,0,2,62.33,62.7,109.63,99.93,78.2,109.63,109.63,1.0,1,0
paul-ahern,2017,ND,MID,21.0,0,3,62.33,71.5,109.35,95.9,70.7,109.35,104.71,0.88,1,0
paul-ahern,2018,ND,MID,22.0,11,4,62.33,4.2,110.47,98.06,75.16,110.47,102.0,0.76,1,0
paul-ahern,2019,ND,MID,23.0,18,5,58.95,0.0,105.74,96.21,69.82,105.74,93.89,0.67,1,0
peter-wright,2014,ND,KPF,18.0,0,0,80.83,951.3,88.69,80.29,51.56,88.69,88.69,1.0,1,0
peter-wright,2015,ND,KPF,19.0,3,1,80.83,1084.5,93.39,85.4,65.17,93.39,93.39,1.0,1,0
peter-wright,2016,ND,KPF,20.0,20,2,80.83,994.1,101.3,96.93,86.55,101.3,101.3,1.0,1,0
peter-wright,2017,ND,KPF,21.0,42,3,80.83,955.5,104.13,97.48,86.08,104.13,101.97,0.88,1,0
peter-wright,2018,ND,KPF,22.0,49,4,80.83,1052.0,99.25,94.31,80.74,99.25,94.8,0.76,1,0
peter-wright,2019,ND,KPF,23.0,66,5,80.83,1062.0,94.41,91.28,79.33,94.41,89.43,0.67,1,0
nakia-cockatoo,2014,ND,SF,18.0,0,0,56.87,13.1,103.48,95.89,72.7,103.48,103.48,1.0,1,0
nakia-cockatoo,2015,ND,SF,19.0,11,1,56.87,15.0,91.75,92.1,55.68,92.1,92.1,1.0,1,0
nakia-cockatoo,2016,ND,SF,20.0,21,2,56.87,1.0,98.66,93.74,69.64,98.66,98.66,1.0,1,0
nakia-cockatoo,2017,ND,SF,21.0,32,3,50.0,0.3,98.98,91.02,72.97,98.98,95.86,0.88,1,0
nakia-cockatoo,2018,ND,SF,22.0,34,4,48.05,0.4,87.35,81.27,58.24,87.35,80.36,0.76,1,0
nakia-cockatoo,2019,ND,SF,23.0,34,5,48.05,0.4,84.14,74.95,50.94,84.14,73.18,0.67,1,0
liam-duggan,2014,ND,SD,18.0,0,0,86.5,449.0,106.85,98.38,83.31,106.85,106.85,1.0,1,0
liam-duggan,2015,ND,SD,19.0,12,1,86.5,511.8,97.48,92.42,75.48,97.48,97.48,1.0,1,0
liam-duggan,2016,ND,SD,20.0,26,2,86.5,582.2,98.84,90.06,75.07,98.84,98.84,1.0,1,0
liam-duggan,2017,ND,SD,21.0,46,3,86.5,663.2,101.49,91.36,83.84,101.49,99.37,0.88,1,0
liam-duggan,2018,ND,SD,22.0,70,4,86.5,742.7,98.62,93.51,84.98,98.62,95.35,0.76,1,0
liam-duggan,2019,ND,SD,23.0,85,5,86.5,844.0,93.28,89.18,79.73,93.28,88.81,0.67,1,0
corey-ellis,2014,ND,MID,18.0,0,0,47.9,8.5,115.75,103.08,83.3,115.75,115.75,1.0,1,0
corey-ellis,2015,ND,MID,19.0,6,1,47.9,9.6,110.8,98.09,73.59,110.8,110.8,1.0,1,0
corey-ellis,2016,ND,MID,20.0,17,2,53.95,0.9,110.42,101.95,85.18,110.42,110.42,1.0,1,0
corey-ellis,2017,ND,MID,21.0,23,3,46.2,1.0,105.6,91.37,67.94,105.6,101.09,0.88,1,0
corey-ellis,2018,ND,MID,22.0,27,4,64.2,1.1,96.66,86.85,59.32,96.66,87.7,0.76,1,0
corey-ellis,2019,ND,MID,23.0,31,5,64.2,0.0,96.22,86.44,64.48,96.22,85.75,0.67,1,0
lachlan-weller,2014,ND,MID,18.0,0,0,84.4,596.9,115.75,103.06,78.05,115.75,115.75,1.0,1,0
lachlan-weller,2015,ND,MID,19.0,3,1,84.4,680.4,111.87,101.27,71.24,111.87,111.87,1.0,1,0
lachlan-weller,2016,ND,MID,20.0,25,2,84.4,775.2,111.14,104.26,83.47,111.14,111.14,1.0,1,0
lachlan-weller,2017,ND,MID,21.0,47,3,84.4,755.4,112.94,104.21,86.78,112.94,109.8,0.88,1,0
lachlan-weller,2018,ND,MID,22.0,69,4,84.4,832.3,110.48,104.09,87.59,110.48,104.99,0.76,1,0
lachlan-weller,2019,ND,MID,23.0,86,5,84.4,572.2,114.51,107.45,94.07,114.51,107.79,0.672,1,0
jake-lever,2014,ND,KPD,18.0,0,0,81.93,1165.6,96.24,91.73,70.09,96.24,96.24,1.0,1,0
jake-lever,2015,ND,KPD,19.0,12,1,81.93,1284.2,102.23,97.78,86.03,102.23,102.23,1.0,1,0
jake-lever,2016,ND,KPD,20.0,36,2,81.93,1305.7,101.4,99.36,90.27,101.4,101.4,1.0,1,0
jake-lever,2017,ND,KPD,21.0,56,3,81.93,1109.1,102.26,97.66,90.81,102.26,100.98,0.888,1,0
jake-lever,2018,ND,KPD,22.0,67,4,80.4,1140.4,95.89,94.56,83.38,95.89,92.91,0.762,1,0
jake-lever,2019,ND,KPD,23.0,75,5,80.4,1152.1,92.55,89.25,77.26,92.55,87.51,0.67,1,0
jarrod-garlett,2014,ND,SF,18.0,0,0,45.63,1.4,91.68,85.97,60.92,91.68,91.68,1.0,1,0
jarrod-garlett,2015,ND,SF,19.0,9,1,45.63,1.6,88.17,85.04,56.73,88.17,88.17,1.0,1,0
jarrod-garlett,2016,ND,SF,20.0,17,2,51.3,0.0,87.69,78.07,62.21,87.69,87.69,1.0,1,0
jarrod-garlett,2017,ND,SF,21.0,17,3,46.0,0.1,88.98,74.47,57.29,88.98,85.18,0.88,1,0
jarrod-garlett,2018,ND,SF,22.0,28,4,46.0,0.0,79.62,68.52,54.38,79.62,73.56,0.76,1,0
jarrod-garlett,2019,ND,SF,23.0,30,5,42.0,0.0,76.87,64.08,49.61,76.87,67.87,0.67,1,0
sam-durdin,2014,ND,KPD,18.0,0,0,52.9,2.6,96.17,89.5,69.23,96.17,96.17,1.0,1,0
sam-durdin,2015,ND,KPD,19.0,0,1,52.9,3.0,96.17,88.56,68.52,96.17,96.17,1.0,1,0
sam-durdin,2016,ND,KPD,20.0,0,2,52.9,3.4,93.84,84.89,66.79,93.84,93.84,1.0,1,0
sam-durdin,2017,ND,KPD,21.0,8,3,52.9,1.7,92.92,77.1,61.66,92.92,89.17,0.88,1,0
sam-durdin,2018,ND,KPD,22.0,9,4,52.6,2.0,82.15,73.27,54.78,82.15,75.58,0.76,1,0
sam-durdin,2019,ND,KPD,23.0,19,5,52.6,1.1,81.6,68.92,59.46,81.6,74.29,0.67,1,0
kyle-langford,2014,ND,KPF,18.0,0,0,82.83,857.0,88.79,78.63,49.51,88.79,88.79,1.0,1,0
kyle-langford,2015,ND,KPF,19.0,8,1,82.83,977.0,92.97,84.76,64.8,92.97,92.97,1.0,1,0
kyle-langford,2016,ND,KPF,20.0,25,2,82.83,1100.4,100.31,92.76,74.31,100.31,100.31,1.0,1,0
kyle-langford,2017,ND,KPF,21.0,31,3,82.83,1251.5,101.64,90.01,74.68,101.64,98.4,0.88,1,0
kyle-langford,2018,ND,KPF,22.0,47,4,82.83,1072.3,103.19,96.29,85.82,103.19,99.47,0.786,1,0
kyle-langford,2019,ND,KPF,23.0,65,5,82.4,1089.7,97.99,93.15,80.84,97.99,92.62,0.687,1,0
blaine-boekhorst,2014,ND,MID,21.0,0,0,60.63,78.2,102.61,83.26,54.44,102.61,96.83,0.88,1,0
blaine-boekhorst,2015,ND,MID,22.0,11,1,60.63,89.1,95.81,79.81,52.92,95.81,85.52,0.76,1,0
blaine-boekhorst,2016,ND,MID,23.0,18,2,64.95,99.1,92.3,80.12,55.05,92.3,80.01,0.67,1,0
blaine-boekhorst,2017,ND,MID,24.0,25,3,72.0,0.0,92.8,84.14,64.51,92.8,80.92,0.58,1,0
jayden-laverde,2014,ND,KPD,18.0,0,0,69.36,195.0,95.11,89.05,69.11,95.11,95.11,1.0,1,0
jayden-laverde,2015,ND,KPD,19.0,9,1,69.36,220.0,96.71,90.02,74.03,96.71,96.71,1.0,1,0
jayden-laverde,2016,ND,KPD,20.0,18,2,69.36,247.8,95.59,88.69,75.67,95.59,95.59,1.0,1,0
jayden-laverde,2017,ND,KPD,21.0,23,3,69.36,281.9,91.93,79.23,69.61,91.93,89.25,0.88,1,0
jayden-laverde,2018,ND,KPD,22.0,30,4,69.36,312.3,86.62,79.59,67.67,86.62,82.07,0.76,1,0
jayden-laverde,2019,ND,KPD,23.0,40,5,69.36,328.7,84.35,78.25,69.08,84.35,79.31,0.67,1,0
jack-steele,2014,ND,MID,19.0,0,0,118.8,3428.7,114.56,99.34,66.38,114.56,114.56,1.0,1,0
jack-steele,2015,ND,MID,20.0,7,1,118.8,3890.1,108.09,95.98,64.99,108.09,108.09,1.0,1,0
jack-steele,2016,ND,MID,21.0,17,2,118.8,4415.4,107.49,96.31,71.7,107.49,103.2,0.88,1,0
jack-steele,2017,ND,MID,22.0,37,3,118.8,4378.4,117.93,110.4,94.2,117.93,112.81,0.785,1,0
jack-steele,2018,ND,MID,23.0,58,4,118.8,4502.5,122.68,115.69,101.71,122.68,117.23,0.74,1,0
jack-steele,2019,ND,MID,24.0,78,5,118.8,4627.1,119.29,112.38,103.74,119.29,114.34,0.682,1,0
hugh-goddard,2014,ND,KPD,18.0,0,0,57.1,6.8,95.11,89.0,66.61,95.11,95.11,1.0,1,0
hugh-goddard,2015,ND,KPD,19.0,8,1,57.1,0.0,96.3,89.96,71.4,96.3,96.3,1.0,1,0
hugh-goddard,2016,ND,KPD,20.0,9,2,42.0,0.0,93.55,84.89,64.23,93.55,93.55,1.0,1,0
hugh-goddard,2017,ND,KPD,21.0,9,3,42.0,0.0,90.99,75.26,58.69,90.99,87.12,0.88,1,0
hugh-goddard,2018,ND,KPD,22.0,10,4,42.0,0.0,80.94,70.15,53.02,80.94,74.24,0.76,1,0
hugh-goddard,2019,ND,KPD,23.0,12,5,26.5,0.0,77.52,64.91,49.87,77.52,68.39,0.67,1,0
daniel-mckenzie,2014,ND,SD,18.0,0,0,68.8,18.1,102.59,91.28,66.0,102.59,102.59,1.0,1,0
daniel-mckenzie,2015,ND,SD,19.0,7,1,68.8,20.6,99.44,88.81,68.1,99.44,99.44,1.0,1,0
daniel-mckenzie,2016,ND,SD,20.0,16,2,68.8,23.4,96.87,85.75,66.26,96.87,96.87,1.0,1,0
daniel-mckenzie,2017,ND,SD,21.0,21,3,68.8,26.7,95.98,78.56,62.71,95.98,91.98,0.88,1,0
daniel-mckenzie,2018,ND,SD,22.0,34,4,68.8,26.7,93.73,85.87,71.63,93.73,88.42,0.76,1,0
daniel-mckenzie,2019,ND,SD,23.0,49,5,64.03,30.4,85.8,75.7,63.14,85.8,78.32,0.67,1,0
patrick-mckenna,2014,ND,SF,18.0,0,0,0.0,0.0,91.34,83.57,57.62,91.34,91.34,1.0,1,0
daniel-nielson,2014,ND,KPD,18.0,0,0,38.4,0.0,94.46,88.34,64.12,94.46,94.46,1.0,1,0
daniel-nielson,2015,ND,KPD,19.0,0,1,38.4,0.0,94.46,87.4,63.54,94.46,94.46,1.0,1,0
daniel-nielson,2016,ND,KPD,20.0,0,2,38.4,0.0,92.41,83.63,60.07,92.41,92.41,1.0,1,0
daniel-nielson,2017,ND,KPD,21.0,7,3,38.4,0.0,88.86,71.54,56.36,88.86,84.96,0.88,1,0
toby-mclean,2014,ND,SF,18.0,0,0,83.9,959.4,90.07,83.03,58.02,90.07,90.07,1.0,1,0
toby-mclean,2015,ND,SF,19.0,4,1,83.9,1084.7,93.03,83.08,64.8,93.03,93.03,1.0,1,0
toby-mclean,2016,ND,SF,20.0,19,2,83.9,1112.6,99.69,92.94,76.17,99.69,99.69,1.0,1,0
toby-mclean,2017,ND,SF,21.0,38,3,83.0,771.1,108.61,98.65,85.84,108.61,106.35,0.901,1,0
toby-mclean,2018,ND,SF,22.0,60,4,77.23,122.2,111.37,107.9,94.26,111.37,108.83,0.851,1,0
toby-mclean,2019,ND,SF,23.0,79,5,55.5,66.9,101.59,94.84,82.12,101.59,95.48,0.686,1,0
lukas-webb,2014,ND,MID,18.0,0,0,44.1,0.8,108.54,94.56,62.89,108.54,108.54,1.0,1,0
lukas-webb,2015,ND,MID,19.0,10,1,44.1,0.9,101.81,91.25,65.17,101.81,101.81,1.0,1,0
lukas-webb,2016,ND,MID,20.0,15,2,55.8,1.0,103.54,91.76,64.53,103.54,103.54,1.0,1,0
lukas-webb,2017,ND,MID,21.0,19,3,55.8,0.2,104.67,86.62,61.06,104.67,99.43,0.88,1,0
lukas-webb,2018,ND,MID,22.0,24,4,51.0,0.0,95.74,82.74,54.9,95.74,85.94,0.76,1,0
dillon-viojo-rainbow,2014,ND,SD,18.0,0,0,0.0,0.0,101.88,91.23,65.68,101.88,101.88,1.0,1,0
touk-miller,2014,ND,SF,18.0,0,0,117.57,3023.3,91.37,86.51,57.86,91.37,91.37,1.0,1,0
touk-miller,2015,ND,SF,19.0,22,1,117.57,3427.3,104.22,100.55,81.95,104.22,104.22,1.0,1,0
touk-miller,2016,ND,SF,20.0,40,2,117.57,3597.1,101.7,101.78,83.5,101.78,101.78,1.0,1,0
touk-miller,2017,ND,SF,21.0,60,3,117.57,3861.1,104.94,98.8,85.04,104.94,102.64,0.884,1,0
touk-miller,2018,ND,SF,22.0,82,4,117.57,4066.8,109.52,104.17,93.15,109.52,106.51,0.816,1,0
touk-miller,2019,ND,SF,23.0,100,5,117.57,4412.4,107.5,102.05,91.77,107.5,103.51,0.746,1,0
brayden-maynard,2014,ND,SD,18.0,0,0,91.05,845.1,100.32,89.46,65.96,100.32,100.32,1.0,1,0
brayden-maynard,2015,ND,SD,19.0,9,1,91.05,963.2,101.46,92.36,71.82,101.46,101.46,1.0,1,0
brayden-maynard,2016,ND,SD,20.0,29,2,91.05,1088.3,103.68,97.75,82.28,103.68,103.68,1.0,1,0
brayden-maynard,2017,ND,SD,21.0,51,3,91.05,1217.7,106.3,98.42,85.58,106.3,103.81,0.88,1,0
brayden-maynard,2018,ND,SD,22.0,73,4,91.05,1341.2,103.28,99.34,85.54,103.28,99.02,0.76,1,0
brayden-maynard,2019,ND,SD,23.0,97,5,91.05,1328.6,106.86,103.0,89.97,106.86,101.28,0.67,1,0
daniel-howe,2014,ND,MID,18.0,0,0,74.03,72.9,107.23,95.74,61.94,107.23,107.23,1.0,1,0
daniel-howe,2015,ND,MID,19.0,4,1,74.03,83.0,107.23,95.27,66.32,107.23,107.23,1.0,1,0
daniel-howe,2016,ND,MID,20.0,15,2,74.03,93.2,108.7,100.91,73.1,108.7,108.7,1.0,1,0
daniel-howe,2017,ND,MID,21.0,33,3,74.03,69.2,110.76,106.08,85.13,110.76,107.68,0.88,1,0
daniel-howe,2018,ND,MID,22.0,50,4,74.0,44.7,110.89,104.11,85.65,110.89,104.83,0.76,1,0
daniel-howe,2019,ND,MID,23.0,62,5,67.6,28.0,106.87,100.15,80.41,106.87,98.14,0.67,1,0
tom-lamb,2014,ND,KPF,18.0,0,0,56.0,1.7,86.95,77.32,44.67,86.95,86.95,1.0,1,0
tom-lamb,2015,ND,KPF,19.0,1,1,56.0,0.0,86.95,79.19,57.17,86.95,86.95,1.0,1,0
connor-menadue,2014,ND,MID,18.0,0,0,61.0,2.8,107.41,95.27,61.76,107.41,107.41,1.0,1,0
connor-menadue,2015,ND,MID,19.0,5,1,61.0,3.2,99.2,92.03,60.09,99.2,99.2,1.0,1,0
connor-menadue,2016,ND,MID,20.0,19,2,61.0,1.4,105.28,98.83,69.78,105.28,105.28,1.0,1,0
connor-menadue,2017,ND,MID,21.0,28,3,60.27,1.5,104.69,93.08,65.68,104.69,100.01,0.88,1,0
connor-menadue,2018,ND,MID,22.0,33,4,62.95,1.7,94.04,82.63,56.39,94.04,85.0,0.76,1,0
connor-menadue,2019,ND,MID,23.0,39,5,62.95,1.0,93.9,85.54,63.09,93.9,83.73,0.67,1,0
connor-blakely,2014,ND,MID,18.0,0,0,83.37,421.0,106.66,90.51,61.55,106.66,106.66,1.0,1,0
connor-blakely,2015,ND,MID,19.0,1,1,83.37,480.0,105.42,91.25,63.89,105.42,105.42,1.0,1,0
connor-blakely,2016,ND,MID,20.0,16,2,83.37,524.2,113.27,102.92,85.36,113.27,113.27,1.0,1,0
connor-blakely,2017,ND,MID,21.0,33,3,83.37,254.4,118.09,110.07,97.01,118.09,115.71,0.887,1,0
connor-blakely,2018,ND,MID,22.0,46,4,66.0,58.4,117.12,108.69,94.75,117.12,111.93,0.768,1,0
connor-blakely,2019,ND,MID,23.0,60,5,56.45,0.4,111.37,101.85,86.34,111.37,103.11,0.67,1,0
harrison-wigg,2014,ND,SD,18.0,0,0,0.0,0.0,100.43,86.9,63.3,100.43,100.43,1.0,1,0
ed-vickers-willis,2014,ND,SD,18.0,0,0,61.93,2.1,100.43,86.9,61.77,100.43,100.43,1.0,1,0
ed-vickers-willis,2015,ND,SD,19.0,0,1,61.93,2.4,100.43,86.65,63.21,100.43,100.43,1.0,1,0
ed-vickers-willis,2016,ND,SD,20.0,0,2,61.93,2.7,96.81,81.76,59.32,96.81,96.81,1.0,1,0
ed-vickers-willis,2017,ND,SD,21.0,7,3,61.93,3.0,97.99,79.6,59.68,97.99,93.39,0.88,1,0
ed-vickers-willis,2018,ND,SD,22.0,14,4,64.4,1.0,93.49,79.08,62.86,93.49,86.14,0.76,1,0
ed-vickers-willis,2019,ND,SD,23.0,15,5,63.7,1.2,86.44,71.65,55.92,86.44,76.37,0.67,1,0
james-rose,2014,ND,SF,18.0,0,0,60.6,4.0,88.87,81.87,53.8,88.87,88.87,1.0,1,0
james-rose,2015,ND,SF,19.0,2,1,60.6,4.5,87.62,77.98,56.79,87.62,87.62,1.0,1,0
james-rose,2016,ND,SF,20.0,7,2,60.6,0.1,91.28,79.49,58.18,91.28,91.28,1.0,1,0
james-rose,2017,ND,SF,21.0,8,3,51.0,0.2,91.01,75.2,57.23,91.01,86.96,0.88,1,0
james-rose,2018,ND,SF,22.0,9,4,51.0,0.2,84.32,71.21,54.76,84.32,77.22,0.76,1,0
james-rose,2019,ND,SF,23.0,14,5,51.0,0.0,80.0,68.27,53.94,80.0,71.4,0.67,1,0
jack-hiscox,2014,ND,MID,19.0,0,0,25.0,0.0,105.87,92.72,60.09,105.87,105.87,1.0,1,0
jack-hiscox,2015,ND,MID,20.0,0,1,25.0,0.0,99.84,86.68,54.62,99.84,99.84,1.0,1,0
jack-hiscox,2016,ND,MID,21.0,1,2,25.0,0.0,100.79,83.92,51.37,100.79,94.86,0.88,1,0
declan-hamilton,2014,ND,MID,18.0,0,0,0.0,0.0,106.04,92.54,57.91,106.04,106.04,1.0,1,0
alex-neal-bullen,2014,ND,SF,18.0,0,0,79.53,706.0,90.31,84.64,55.51,90.31,90.31,1.0,1,0
alex-neal-bullen,2015,ND,SF,19.0,11,1,79.53,804.8,86.09,83.7,56.87,86.09,86.09,1.0,1,0
alex-neal-bullen,2016,ND,SF,20.0,15,2,79.53,917.4,87.42,76.74,60.57,87.42,87.42,1.0,1,0
alex-neal-bullen,2017,ND,SF,21.0,34,3,79.53,824.8,99.96,94.8,79.26,99.96,97.47,0.88,1,0
alex-neal-bullen,2018,ND,SF,22.0,59,4,79.53,708.6,99.29,95.08,83.19,99.29,95.46,0.762,1,0
alex-neal-bullen,2019,ND,SF,23.0,73,5,79.53,798.6,89.88,86.3,72.17,89.88,84.04,0.67,1,0
jack-lonie,2014,ND,SF,18.0,0,0,64.47,51.6,90.31,83.93,54.17,90.31,90.31,1.0,1,0
jack-lonie,2015,ND,SF,19.0,17,1,64.47,57.2,92.47,88.24,63.97,92.47,92.47,1.0,1,0
jack-lonie,2016,ND,SF,20.0,27,2,64.47,65.0,88.71,79.56,58.87,88.71,88.71,1.0,1,0
jack-lonie,2017,ND,SF,21.0,39,3,64.47,48.3,95.58,87.99,69.11,95.58,92.4,0.88,1,0
jack-lonie,2018,ND,SF,22.0,50,4,63.97,38.5,87.92,82.72,65.13,87.92,82.45,0.76,1,0
jack-lonie,2019,ND,SF,23.0,63,5,55.47,15.0,84.32,78.92,66.68,84.32,78.49,0.67,1,0
billy-stretch,2014,ND,MID,18.0,0,0,70.4,28.6,106.38,92.13,58.42,106.38,106.38,1.0,1,0
billy-stretch,2015,ND,MID,19.0,11,1,70.4,32.7,96.82,91.03,63.83,96.82,96.82,1.0,1,0
billy-stretch,2016,ND,MID,20.0,27,2,70.4,29.6,109.6,102.28,78.69,109.6,109.6,1.0,1,0
billy-stretch,2017,ND,MID,21.0,36,3,71.5,22.6,111.35,103.24,81.38,111.35,107.76,0.88,1,0
billy-stretch,2018,ND,MID,22.0,38,4,71.6,10.5,106.82,99.4,76.64,106.82,99.57,0.76,1,0
billy-stretch,2019,ND,MID,23.0,47,5,71.6,0.0,101.85,96.46,72.41,101.85,92.13,0.67,1,0
mitch-mcgovern,2014,ND,SD,20.0,0,0,75.43,297.4,96.66,82.74,59.26,96.66,96.66,1.0,1,0
mitch-mcgovern,2015,ND,SD,21.0,0,1,75.43,339.1,95.06,76.86,56.21,95.06,90.4,0.88,1,0
mitch-mcgovern,2016,ND,SD,22.0,23,2,75.43,375.1,91.1,83.92,64.99,91.1,84.83,0.76,1,0
mitch-mcgovern,2017,ND,SD,23.0,36,3,75.43,328.4,90.61,83.46,67.85,90.61,83.1,0.67,1,0
mitch-mcgovern,2018,ND,SD,24.0,48,4,75.43,241.6,88.24,82.63,69.75,88.24,80.48,0.58,1,0
mitch-mcgovern,2019,ND,SD,25.0,64,5,75.43,274.9,79.5,73.33,61.44,79.5,70.83,0.52,1,0
liam-dawson,2014,ND,SD,18.0,0,0,40.65,0.0,101.34,88.43,61.17,101.34,101.34,1.0,1,0
liam-dawson,2015,ND,SD,19.0,10,1,40.65,0.0,96.9,88.75,65.03,96.9,96.9,1.0,1,0
liam-dawson,2016,ND,SD,20.0,17,2,35.9,0.0,93.92,84.19,57.4,93.92,93.92,1.0,1,0
liam-dawson,2017,ND,SD,21.0,18,3,22.0,0.0,93.63,80.83,52.81,93.63,88.73,0.88,1,0
bailey-dale,2014,ND,SD,18.0,0,0,102.27,1235.0,101.34,87.94,58.52,101.34,101.34,1.0,1,0
bailey-dale,2015,ND,SD,19.0,10,1,102.27,1407.9,98.58,87.48,60.78,98.58,98.58,1.0,1,0
bailey-dale,2016,ND,SD,20.0,14,2,102.27,1604.9,95.73,88.97,57.4,95.73,95.73,1.0,1,0
bailey-dale,2017,ND,SD,21.0,30,3,102.27,1777.7,102.72,92.91,73.68,102.72,99.24,0.88,1,0
bailey-dale,2018,ND,SD,22.0,40,4,102.27,2026.4,96.23,87.16,68.98,96.23,89.69,0.76,1,0
bailey-dale,2019,ND,SD,23.0,50,5,102.27,2260.7,92.46,85.11,70.84,92.46,85.33,0.67,1,0
caleb-daniel,2014,ND,SD,18.0,0,0,99.64,2359.9,101.34,87.28,58.52,101.34,101.34,1.0,1,0
caleb-daniel,2015,ND,SD,19.0,10,1,99.64,2689.8,99.41,89.3,64.38,99.41,99.41,1.0,1,0
caleb-daniel,2016,ND,SD,20.0,34,2,99.64,2709.2,109.19,104.44,91.32,109.19,109.19,1.0,1,0
caleb-daniel,2017,ND,SD,21.0,54,3,99.64,2764.7,112.37,103.31,93.73,112.37,110.13,0.88,1,0
caleb-daniel,2018,ND,SD,22.0,74,4,99.64,2888.1,109.46,103.43,91.83,109.46,105.23,0.76,1,0
caleb-daniel,2019,ND,SD,23.0,91,5,99.64,2411.3,117.7,113.83,103.17,117.7,113.82,0.734,1,0
cory-gregson,2014,ND,SF,18.0,0,0,52.3,0.9,90.02,77.64,51.67,90.02,90.02,1.0,1,0
cory-gregson,2015,ND,SF,19.0,20,1,52.3,1.0,92.24,84.97,60.18,92.24,92.24,1.0,1,0
cory-gregson,2016,ND,SF,20.0,29,2,51.25,0.1,89.7,80.89,62.49,89.7,89.7,1.0,1,0
cory-gregson,2017,ND,SF,21.0,29,3,47.6,0.1,90.79,77.13,61.06,90.79,87.22,0.88,1,0
cory-gregson,2018,ND,SF,22.0,39,4,47.6,0.0,78.4,67.22,54.28,78.4,72.62,0.76,1,0
matthew-goodyear,2014,ND,MID,18.0,0,0,25.5,0.0,106.32,87.24,54.57,106.32,106.32,1.0,1,0
matthew-goodyear,2015,ND,MID,19.0,0,1,25.5,0.0,106.32,89.88,59.58,106.32,106.32,1.0,1,0
matthew-goodyear,2016,ND,MID,20.0,2,2,25.5,0.0,100.29,86.04,54.12,100.29,100.29,1.0,1,0
teia-miles,2014,ND,SD,18.0,0,0,63.2,8.5,101.28,83.94,58.16,101.28,101.28,1.0,1,0
teia-miles,2015,ND,SD,19.0,0,1,63.2,9.7,101.28,86.23,61.93,101.28,101.28,1.0,1,0
teia-miles,2016,ND,SD,20.0,0,2,63.2,11.1,97.49,81.89,58.3,97.49,97.49,1.0,1,0
teia-miles,2017,ND,SD,21.0,4,3,63.2,12.6,99.02,79.06,56.81,99.02,93.96,0.88,1,0
teia-miles,2018,ND,SD,22.0,12,4,63.2,0.0,93.09,79.38,60.7,93.09,85.32,0.76,1,0
marc-pittonet,2014,ND,RUCK,18.0,0,0,85.83,354.9,109.43,89.9,45.53,109.43,109.43,1.0,1,0
marc-pittonet,2015,ND,RUCK,19.0,0,1,85.83,404.6,109.43,92.97,63.95,109.43,109.43,1.0,1,0
marc-pittonet,2016,ND,RUCK,20.0,3,2,85.83,461.2,109.94,92.6,63.23,109.94,109.94,1.0,1,0
marc-pittonet,2017,ND,RUCK,21.0,3,3,85.83,525.8,112.53,94.33,70.54,112.53,107.49,0.88,1,0
marc-pittonet,2018,ND,RUCK,22.0,5,4,85.83,599.4,107.96,91.82,72.79,107.96,99.52,0.76,1,0
marc-pittonet,2019,ND,RUCK,23.0,7,5,85.83,671.4,106.35,89.89,73.64,106.35,95.55,0.67,1,0
jackson-nelson,2014,ND,SD,18.0,0,0,60.37,12.2,99.43,83.45,58.04,99.43,99.43,1.0,1,0
jackson-nelson,2015,ND,SD,19.0,11,1,60.37,13.9,98.05,86.6,58.26,98.05,98.05,1.0,1,0
jackson-nelson,2016,ND,SD,20.0,19,2,60.37,15.9,92.15,80.68,61.34,92.15,92.15,1.0,1,0
jackson-nelson,2017,ND,SD,21.0,32,3,60.37,18.1,89.94,77.98,58.99,89.94,86.23,0.88,1,0
jackson-nelson,2018,ND,SD,22.0,42,4,60.37,20.6,80.21,69.8,55.8,80.21,74.35,0.76,1,0
jackson-nelson,2019,ND,SD,23.0,55,5,60.37,23.5,75.53,70.06,55.49,75.53,68.92,0.67,1,0
nathan-drummond,2014,ND,SD,19.0,0,0,52.2,0.0,99.29,84.58,59.59,99.29,99.29,1.0,1,0
nathan-drummond,2015,ND,SD,20.0,1,1,52.2,0.0,94.32,80.13,56.53,94.32,94.32,1.0,1,0
nathan-drummond,2016,ND,SD,21.0,5,2,52.2,0.0,94.86,75.97,53.88,94.86,89.94,0.88,1,0
oscar-mcdonald,2014,ND,KPD,18.0,0,0,69.11,216.1,95.01,83.61,57.65,95.01,95.01,1.0,1,0
oscar-mcdonald,2015,ND,KPD,19.0,2,1,69.11,246.4,92.42,81.54,62.55,92.42,92.42,1.0,1,0
oscar-mcdonald,2016,ND,KPD,20.0,17,2,69.11,159.0,100.26,95.95,80.41,100.26,100.26,1.0,1,0
oscar-mcdonald,2017,ND,KPD,21.0,37,3,64.94,39.5,100.09,95.04,82.89,100.09,98.03,0.88,1,0
oscar-mcdonald,2018,ND,KPD,22.0,62,4,60.31,40.9,87.04,83.01,72.43,87.04,83.53,0.76,1,0
oscar-mcdonald,2019,ND,KPD,23.0,74,5,59.84,46.2,79.17,77.15,66.24,79.17,74.9,0.67,1,0
ed-langdon,2014,ND,SD,18.0,0,0,86.37,788.2,99.11,82.12,48.95,99.11,99.11,1.0,1,0
ed-langdon,2015,ND,SD,19.0,2,1,86.37,898.2,99.11,84.58,57.28,99.11,99.11,1.0,1,0
ed-langdon,2016,ND,SD,20.0,15,2,86.37,1023.1,96.81,86.37,60.64,96.81,96.81,1.0,1,0
ed-langdon,2017,ND,SD,21.0,25,3,86.37,1139.8,103.66,91.06,68.24,103.66,99.41,0.88,1,0
ed-langdon,2018,ND,SD,22.0,46,4,86.37,889.2,109.69,105.31,88.25,109.69,104.54,0.76,1,0
ed-langdon,2019,ND,SD,23.0,68,5,86.37,760.7,110.73,105.65,94.45,110.73,105.56,0.682,1,0
dean-gore,2014,ND,MID,18.0,0,0,0.0,0.0,106.84,87.91,49.54,106.84,106.84,1.0,1,0
dougal-howard,2014,ND,KPD,18.0,0,0,73.77,653.3,94.42,83.7,52.71,94.42,94.42,1.0,1,0
dougal-howard,2015,ND,KPD,19.0,0,1,73.77,744.8,94.42,85.74,61.6,94.42,94.42,1.0,1,0
dougal-howard,2016,ND,KPD,20.0,6,2,73.77,848.9,91.44,81.31,60.25,91.44,91.44,1.0,1,0
dougal-howard,2017,ND,KPD,21.0,10,3,73.77,727.8,93.4,80.01,59.85,93.4,89.38,0.88,1,0
dougal-howard,2018,ND,KPD,22.0,30,4,73.77,639.5,95.22,90.37,77.66,95.22,91.01,0.76,1,0
dougal-howard,2019,ND,KPD,23.0,45,5,72.9,598.4,92.7,88.21,76.21,92.7,87.26,0.67,1,0
harry-dear,2014,ND,KPF,18.0,0,0,0.0,0.0,92.44,76.86,29.75,92.44,92.44,1.0,1,0
jordan-cunico,2014,ND,MID,18.0,0,0,70.3,5.0,106.18,81.7,46.47,106.18,106.18,1.0,1,0
jordan-cunico,2015,ND,MID,19.0,0,1,70.3,5.7,106.18,85.13,57.36,106.18,106.18,1.0,1,0
jordan-cunico,2016,ND,MID,20.0,0,2,70.3,6.5,104.44,86.59,55.07,104.44,104.44,1.0,1,0
jordan-cunico,2017,ND,MID,21.0,1,3,70.3,7.3,101.13,84.02,55.9,101.13,95.7,0.88,1,0
jordan-cunico,2018,ND,MID,22.0,15,4,70.3,0.0,106.3,92.3,71.82,106.3,98.02,0.76,1,0
clem-smith,2014,ND,SD,18.0,0,0,25.9,0.0,98.69,81.69,45.04,98.69,98.69,1.0,1,0
clem-smith,2015,ND,SD,19.0,7,1,25.9,0.0,98.14,81.28,55.93,98.14,98.14,1.0,1,0
harris-andrews,2014,ND,KPD,18.0,0,0,90.67,2120.3,91.39,80.37,45.9,91.39,91.39,1.0,1,0
harris-andrews,2015,ND,KPD,19.0,19,1,90.67,2373.7,95.53,93.77,76.33,95.53,95.53,1.0,1,0
harris-andrews,2016,ND,KPD,20.0,36,2,90.67,2645.8,93.26,91.29,78.3,93.26,93.26,1.0,1,0
harris-andrews,2017,ND,KPD,21.0,58,3,90.67,2890.1,96.44,91.3,81.86,96.44,94.69,0.88,1,0
harris-andrews,2018,ND,KPD,22.0,76,4,90.67,2645.1,101.66,100.91,92.49,101.66,99.83,0.801,1,0
harris-andrews,2019,ND,KPD,23.0,97,5,90.4,2585.7,103.99,97.86,91.04,103.99,100.5,0.73,1,0
zaine-cordy,2014,ND,KPD,18.0,0,0,60.37,59.1,91.38,78.34,45.59,91.38,91.38,1.0,1,0
zaine-cordy,2015,ND,KPD,19.0,2,1,60.37,67.3,89.9,78.05,58.55,89.9,89.9,1.0,1,0
zaine-cordy,2016,ND,KPD,20.0,11,2,60.37,76.6,87.11,75.69,61.25,87.11,87.11,1.0,1,0
zaine-cordy,2017,ND,KPD,21.0,30,3,60.37,18.1,91.52,86.77,72.71,91.52,89.26,0.88,1,0
zaine-cordy,2018,ND,KPD,22.0,48,4,57.13,5.5,84.99,80.65,69.13,84.99,81.19,0.76,1,0
zaine-cordy,2019,ND,KPD,23.0,71,5,54.17,5.4,75.12,70.42,63.97,75.12,71.44,0.67,1,0
jayden-foster,2014,ND,SD,19.0,0,0,0.0,0.0,96.11,85.02,56.9,96.11,96.11,1.0,1,0
josh-watts,2014,ND,SD,18.0,0,0,0.0,0.0,96.11,81.65,38.33,96.11,96.11,1.0,1,0
damien-cavka,2014,ND,MID,18.0,0,0,0.0,0.0,106.36,90.56,40.39,106.36,106.36,1.0,1,0
daniel-butler,2014,ND,SF,18.0,0,0,64.93,127.8,97.91,83.99,50.25,97.91,97.91,1.0,1,0
daniel-butler,2015,ND,SF,19.0,0,1,64.93,145.7,97.91,85.19,61.5,97.91,97.91,1.0,1,0
daniel-butler,2016,ND,SF,20.0,0,2,64.93,166.1,92.12,82.31,59.64,92.12,92.12,1.0,1,0
daniel-butler,2017,ND,SF,21.0,23,3,64.93,184.8,95.14,87.19,67.04,95.14,91.77,0.88,1,0
daniel-butler,2018,ND,SF,22.0,38,4,64.23,207.2,85.88,79.94,64.73,85.88,80.8,0.76,1,0
daniel-butler,2019,ND,SF,23.0,45,5,62.87,236.1,77.95,72.82,58.92,77.95,71.67,0.67,1,0
josh-deluca-cardillo,2014,ND,SF,18.0,0,0,55.5,0.1,97.91,83.99,50.25,97.91,97.91,1.0,1,0
josh-deluca-cardillo,2015,ND,SF,19.0,0,1,55.5,0.1,97.91,85.19,61.5,97.91,97.91,1.0,1,0
josh-deluca-cardillo,2016,ND,SF,20.0,0,2,55.5,0.1,92.12,82.31,59.64,92.12,92.12,1.0,1,0
josh-deluca-cardillo,2017,ND,SF,21.0,4,3,55.5,0.0,93.73,78.54,56.55,93.73,89.26,0.88,1,0
josh-deluca-cardillo,2018,ND,SF,22.0,4,4,55.5,0.0,82.32,72.51,55.93,82.32,75.99,0.76,1,0
josh-deluca-cardillo,2019,ND,SF,23.0,10,5,55.5,0.0,79.13,70.71,53.3,79.13,70.61,0.67,1,0
logan-austin,2014,ND,KPD,19.0,0,0,66.1,266.1,103.09,97.58,79.88,103.09,103.09,1.0,1,0
logan-austin,2015,ND,KPD,20.0,0,1,66.1,303.3,97.65,90.86,74.34,97.65,97.65,1.0,1,0
logan-austin,2016,ND,KPD,21.0,11,2,66.1,345.6,91.26,77.2,61.32,91.26,87.67,0.88,1,0
logan-austin,2017,ND,KPD,22.0,13,3,84.4,393.9,81.18,71.87,51.82,81.18,74.13,0.76,1,0
logan-austin,2018,ND,KPD,23.0,20,4,84.4,0.0,92.39,85.96,69.57,92.39,85.05,0.678,1,0
abaina-davis,2014,ND,KPF,18.0,0,0,0.0,0.0,105.48,97.39,61.85,105.48,105.48,1.0,1,0
jaden-mcgrath,2014,ND,SD,18.0,0,0,59.0,2.0,108.91,98.01,61.68,108.91,108.91,1.0,1,0
jaden-mcgrath,2015,ND,SD,19.0,3,1,59.0,0.0,108.59,98.05,77.1,108.59,108.59,1.0,1,0
alec-waterman,2014,ND,MID,18.0,0,0,49.0,0.2,112.82,94.9,52.22,112.82,112.82,1.0,1,0
alec-waterman,2015,ND,MID,19.0,0,1,49.0,0.3,112.82,94.86,66.85,112.82,112.82,1.0,1,0
alec-waterman,2016,ND,MID,20.0,0,2,49.0,0.3,103.9,91.12,61.06,103.9,103.9,1.0,1,0
alec-waterman,2017,ND,MID,21.0,0,3,49.0,0.4,105.0,90.59,64.4,105.0,100.13,0.88,1,0
alec-waterman,2018,ND,MID,22.0,0,4,49.0,0.4,99.77,89.64,66.0,99.77,91.66,0.76,1,0
alec-waterman,2019,ND,MID,23.0,0,5,49.0,0.5,101.38,90.33,69.88,101.38,90.99,0.67,1,0
reece-mckenzie,2014,ND,KPF,18.0,0,0,0.0,0.0,105.48,97.39,61.85,105.48,105.48,1.0,1,0
jesse-palmer,2014,ND,MID,18.0,0,0,49.7,0.1,112.82,94.9,52.22,112.82,112.82,1.0,1,0
jesse-palmer,2015,ND,MID,19.0,0,1,49.7,0.1,112.82,94.86,66.85,112.82,112.82,1.0,1,0
jesse-palmer,2016,ND,MID,20.0,3,2,49.7,0.0,107.49,91.97,59.83,107.49,107.49,1.0,1,0
josh-mcguiness,2014,ND,SD,19.0,0,0,0.0,0.0,108.91,97.97,76.77,108.91,108.91,1.0,1,0
billy-frampton,2014,ND,KPD,18.0,0,0,68.99,155.8,103.09,97.89,65.17,103.09,103.09,1.0,1,0
billy-frampton,2015,ND,KPD,19.0,0,1,68.99,177.6,103.09,97.58,79.88,103.09,103.09,1.0,1,0
billy-frampton,2016,ND,KPD,20.0,0,2,68.99,202.4,97.65,90.86,74.34,97.65,97.65,1.0,1,0
billy-frampton,2017,ND,KPD,21.0,0,3,68.99,230.8,98.07,84.5,69.42,98.07,94.64,0.88,1,0
billy-frampton,2018,ND,KPD,22.0,1,4,68.99,263.0,87.59,78.62,63.67,87.59,81.85,0.76,1,0
billy-frampton,2019,ND,KPD,23.0,3,5,68.99,299.9,82.45,72.63,56.58,82.45,73.91,0.67,1,0
jeremy-finlayson,2014,ND,KPF,18.0,0,0,80.67,710.6,105.48,97.39,61.85,105.48,105.48,1.0,1,0
jeremy-finlayson,2015,ND,KPF,19.0,0,1,80.67,810.1,105.48,97.35,76.94,105.48,105.48,1.0,1,0
jeremy-finlayson,2016,ND,KPF,20.0,0,2,80.67,923.5,99.57,90.39,71.26,99.57,99.57,1.0,1,0
jeremy-finlayson,2017,ND,KPF,21.0,1,3,80.67,1052.8,94.19,82.82,60.28,94.19,90.12,0.88,1,0
jeremy-finlayson,2018,ND,KPF,22.0,15,4,80.67,1051.4,99.94,89.85,71.53,99.94,93.12,0.76,1,0
jeremy-finlayson,2019,ND,KPF,23.0,38,5,80.67,810.9,104.8,98.54,85.19,104.8,99.32,0.721,1,0
josh-clayton,2014,ND,SF,18.0,0,0,33.0,0.0,97.91,83.99,50.25,97.91,97.91,1.0,1,0
josh-clayton,2015,ND,SF,19.0,0,1,33.0,0.0,97.91,85.19,61.5,97.91,97.91,1.0,1,0
josh-clayton,2016,ND,SF,20.0,2,2,33.0,0.0,91.83,81.01,54.59,91.83,91.83,1.0,1,0
jack-sinclair,2014,RD,SD,19.0,0,0,113.0,2073.9,108.91,97.97,76.77,108.91,108.91,1.0,1,0
jack-sinclair,2015,RD,SD,20.0,18,1,113.0,2364.3,101.01,93.87,68.01,101.01,101.01,1.0,1,0
jack-sinclair,2016,RD,SD,21.0,27,2,113.0,2694.2,101.12,88.92,64.39,101.12,96.71,0.88,1,0
jack-sinclair,2017,RD,SD,22.0,44,3,113.0,2627.6,109.24,100.98,86.59,109.24,103.8,0.76,1,0
jack-sinclair,2018,RD,SD,23.0,64,4,113.0,2926.2,107.2,99.7,85.86,107.2,100.15,0.67,1,0
jack-sinclair,2019,RD,SD,24.0,86,5,113.0,3272.8,104.27,101.28,85.48,104.27,96.38,0.58,1,0
aaron-vandenberg,2014,RD,MID,22.0,0,0,68.4,66.7,91.67,78.06,49.36,91.67,81.51,0.76,1,0
aaron-vandenberg,2015,RD,MID,23.0,14,1,68.4,39.0,100.29,90.41,63.97,100.29,88.3,0.67,1,0
aaron-vandenberg,2016,RD,MID,24.0,28,2,62.0,26.8,90.52,84.65,64.72,90.52,79.68,0.58,1,0
aaron-vandenberg,2017,RD,MID,25.0,28,3,61.25,30.6,88.5,79.11,59.83,88.5,74.74,0.52,1,0
aaron-vandenberg,2018,RD,MID,26.0,35,4,61.25,1.3,84.0,77.93,60.54,84.0,71.33,0.46,1,0
aaron-vandenberg,2019,RD,MID,27.0,35,5,56.1,1.4,84.07,74.66,56.15,84.07,67.32,0.4,1,0
billy-evans,2014,RD,KPF,18.0,0,0,43.0,0.0,105.48,97.39,61.85,105.48,105.48,1.0,1,0
billy-evans,2015,RD,KPF,19.0,5,1,43.0,0.0,102.53,92.85,68.44,102.53,102.53,1.0,1,0
billy-evans,2016,RD,KPF,20.0,7,2,43.0,0.0,97.08,85.02,61.12,97.08,97.08,1.0,1,0
roarke-smith,2014,RD,SD,18.0,0,0,53.73,2.7,108.91,98.01,61.68,108.91,108.91,1.0,1,0
roarke-smith,2015,RD,SD,19.0,1,1,53.73,3.0,108.59,98.05,73.07,108.59,108.59,1.0,1,0
roarke-smith,2016,RD,SD,20.0,2,2,53.73,3.5,102.22,91.99,67.08,102.22,102.22,1.0,1,0
roarke-smith,2017,RD,SD,21.0,2,3,53.73,4.0,100.09,86.76,64.66,100.09,95.83,0.88,1,0
roarke-smith,2018,RD,SD,22.0,12,4,53.73,4.5,90.48,74.38,52.5,90.48,81.36,0.76,1,0
roarke-smith,2019,RD,SD,23.0,17,5,52.83,5.1,85.33,73.91,55.11,85.33,75.36,0.67,1,0
billy-gowers,2014,RD,SF,18.0,0,0,54.9,5.2,97.91,83.99,50.25,97.91,97.91,1.0,1,0
billy-gowers,2015,RD,SF,19.0,0,1,54.9,5.9,97.91,85.19,61.5,97.91,97.91,1.0,1,0
billy-gowers,2016,RD,SF,20.0,0,2,54.9,6.7,92.12,82.31,59.64,92.12,92.12,1.0,1,0
billy-gowers,2017,RD,SF,21.0,0,3,54.9,7.7,90.48,78.9,57.88,90.48,86.56,0.88,1,0
billy-gowers,2018,RD,SF,22.0,20,4,54.9,0.1,87.99,80.77,62.08,87.99,81.77,0.76,1,0
billy-gowers,2019,RD,SF,23.0,30,5,48.6,0.0,79.5,75.63,60.36,79.5,73.19,0.67,1,0
josh-glenn,2014,RD,SD,20.0,0,0,52.0,0.0,102.54,91.23,71.23,102.54,102.54,1.0,1,0
josh-glenn,2015,RD,SD,21.0,5,1,52.0,0.0,98.66,85.11,60.33,98.66,94.06,0.88,1,0
michael-manteit,2014,RD,SD,18.0,0,0,0.0,0.0,108.91,98.01,61.68,108.91,108.91,1.0,1,0
reilly-o-brien,2014,RD,RUCK,19.0,0,0,101.27,1613.7,115.06,104.01,74.36,115.06,115.06,1.0,1,0
reilly-o-brien,2015,RD,RUCK,20.0,0,1,101.27,1839.6,110.94,99.7,72.41,110.94,110.94,1.0,1,0
reilly-o-brien,2016,RD,RUCK,21.0,2,2,101.27,2096.6,111.34,94.66,70.48,111.34,106.43,0.88,1,0
reilly-o-brien,2017,RD,RUCK,22.0,2,3,101.27,2390.1,107.5,92.54,66.47,107.5,97.65,0.76,1,0
reilly-o-brien,2018,RD,RUCK,23.0,2,4,101.27,2724.7,106.44,90.09,67.13,106.44,93.47,0.67,1,0
reilly-o-brien,2019,RD,RUCK,24.0,20,5,101.27,2546.9,119.01,111.8,97.91,119.01,111.46,0.642,1,0
jayden-short,2014,RD,SD,18.0,0,0,98.4,1332.6,108.91,98.01,61.68,108.91,108.91,1.0,1,0
jayden-short,2015,RD,SD,19.0,0,1,98.4,1519.2,108.91,97.97,76.77,108.91,108.91,1.0,1,0
jayden-short,2016,RD,SD,20.0,16,2,98.4,1716.3,106.5,99.59,78.15,106.5,106.5,1.0,1,0
jayden-short,2017,RD,SD,21.0,32,3,98.4,1956.3,103.88,93.21,71.15,103.88,99.95,0.88,1,0
jayden-short,2018,RD,SD,22.0,56,4,98.4,1985.3,110.99,106.1,90.67,110.99,106.12,0.76,1,0
jayden-short,2019,RD,SD,23.0,71,5,98.4,2260.4,99.09,93.65,77.4,99.09,91.93,0.67,1,0
ethan-hughes,2014,RD,SD,20.0,0,0,66.97,22.2,102.54,91.23,71.23,102.54,102.54,1.0,1,0
ethan-hughes,2015,RD,SD,21.0,1,1,66.97,19.6,100.63,86.68,66.15,100.63,96.49,0.88,1,0
ethan-hughes,2016,RD,SD,22.0,6,2,66.97,16.2,96.19,85.58,63.47,96.19,88.34,0.76,1,0
ethan-hughes,2017,RD,SD,23.0,24,3,66.97,17.5,90.53,83.13,65.76,90.53,82.36,0.67,1,0
ethan-hughes,2018,RD,SD,24.0,29,4,66.97,19.9,85.13,78.22,62.75,85.13,75.73,0.58,1,0
ethan-hughes,2019,RD,SD,25.0,50,5,66.97,17.5,86.93,80.74,67.31,86.93,77.52,0.52,1,0
tom-read,2014,RD,RUCK,18.0,0,0,0.0,0.0,115.06,103.63,54.35,115.06,115.06,1.0,1,0
braydon-preuss,2014,RD,RUCK,19.0,0,0,74.13,176.8,115.06,104.01,74.36,115.06,115.06,1.0,1,0
braydon-preuss,2015,RD,RUCK,20.0,0,1,74.13,201.6,110.94,99.7,72.41,110.94,110.94,1.0,1,0
braydon-preuss,2016,RD,RUCK,21.0,0,2,74.13,229.8,111.34,94.0,71.64,111.34,106.57,0.88,1,0
braydon-preuss,2017,RD,RUCK,22.0,8,3,74.13,260.8,109.44,95.11,67.97,109.44,99.49,0.76,1,0
braydon-preuss,2018,RD,RUCK,23.0,8,4,79.65,297.3,109.33,92.7,64.66,109.33,94.59,0.67,1,0
braydon-preuss,2019,RD,RUCK,24.0,15,5,79.65,334.3,107.78,94.02,70.09,107.78,91.95,0.58,1,0
nathan-kreuger,2014,RD,KPF,26.0,0,0,54.8,1.2,74.63,69.41,58.31,74.63,65.82,0.46,1,0
nathan-kreuger,2015,RD,KPF,27.0,0,1,54.8,1.3,73.64,67.9,57.37,73.64,63.88,0.4,1,0
nathan-kreuger,2016,RD,KPF,28.0,0,2,54.8,1.5,72.99,66.21,55.84,72.99,62.7,0.4,1,0
nathan-kreuger,2017,RD,KPF,29.0,0,3,54.8,1.7,71.41,63.56,53.61,71.41,60.73,0.4,1,0
nathan-kreuger,2018,RD,KPF,30.0,0,4,54.8,1.9,75.09,65.76,54.56,75.09,62.77,0.4,1,0
nathan-kreuger,2019,RD,KPF,31.0,0,5,54.8,2.2,74.75,65.76,54.6,74.75,62.66,0.4,1,0
sean-mclaren,2014,RD,MID,18.0,0,0,0.0,0.0,112.82,94.9,52.22,112.82,112.82,1.0,1,0
jared-hardisty,2014,RD,MID,18.0,0,0,0.0,0.0,112.82,94.9,52.22,112.82,112.82,1.0,1,0
ahmed-saad,2011,ND,SF,22.0,0,0,53.85,6.9,76.98,63.04,51.35,76.98,70.83,0.76,1,0
ahmed-saad,2012,ND,SF,23.0,16,1,53.85,0.1,79.79,72.12,57.36,79.79,72.39,0.67,1,0
ahmed-saad,2013,ND,SF,24.0,29,2,46.8,0.0,72.08,65.96,52.51,72.08,63.86,0.58,1,0
ahmed-saad,2014,ND,SF,25.0,29,3,41.2,0.0,71.9,66.84,55.89,71.9,64.21,0.52,1,0
ahmed-saad,2015,ND,SF,26.0,33,4,41.2,0.0,63.08,53.58,41.48,63.08,51.42,0.46,1,0
mitchell-white-1,2014,RD,RUCK,18.0,0,0,76.0,85.2,115.06,103.63,54.35,115.06,115.06,1.0,1,0
mitchell-white-1,2015,RD,RUCK,19.0,1,1,76.0,1.7,116.41,105.36,74.4,116.41,116.41,1.0,1,0
mitchell-white-1,2016,RD,RUCK,20.0,3,2,56.5,0.0,111.93,100.48,69.46,111.93,111.93,1.0,1,0
mitchell-white-1,2017,RD,RUCK,21.0,4,3,31.0,0.0,113.88,95.38,71.29,113.88,108.77,0.88,1,0
hugh-beasley,2014,RD,KPD,19.0,0,0,46.2,0.1,103.09,97.58,79.88,103.09,103.09,1.0,1,0
hugh-beasley,2015,RD,KPD,20.0,6,1,46.2,0.0,92.91,86.53,65.21,92.91,92.91,1.0,1,0
bradley-walsh,2014,RD,SD,18.0,0,0,16.0,0.0,108.91,98.01,61.68,108.91,108.91,1.0,1,0
bradley-walsh,2015,RD,SD,19.0,3,1,16.0,0.0,105.65,93.36,65.99,105.65,105.65,1.0,1,0
adam-saad,2014,RD,SD,20.0,0,0,96.8,1164.3,102.54,91.23,71.23,102.54,102.54,1.0,1,0
adam-saad,2015,RD,SD,21.0,16,1,96.8,1222.1,109.08,98.6,84.75,109.08,106.16,0.88,1,0
adam-saad,2016,RD,SD,22.0,26,2,96.8,1379.4,102.45,94.04,77.43,102.45,96.44,0.76,1,0
adam-saad,2017,RD,SD,23.0,48,3,96.8,1542.8,100.49,95.34,77.55,100.49,92.92,0.67,1,0
adam-saad,2018,RD,SD,24.0,70,4,96.8,1702.8,102.17,96.5,84.45,102.17,94.73,0.58,1,0
adam-saad,2019,RD,SD,25.0,92,5,96.8,1728.0,105.64,100.1,86.7,105.64,96.55,0.52,1,0
brenden-abbott,2014,RD,SD,19.0,0,0,0.0,0.0,108.91,97.97,76.77,108.91,108.91,1.0,1,0
keenan-ramsey,2014,RD,KPD,18.0,0,0,0.0,0.0,103.09,97.89,65.17,103.09,103.09,1.0,1,0
jason-castagna,2014,RD,SF,18.0,0,0,62.13,27.7,97.91,83.99,50.25,97.91,97.91,1.0,1,0
jason-castagna,2015,RD,SF,19.0,0,1,62.13,31.6,97.91,85.19,61.5,97.91,97.91,1.0,1,0
jason-castagna,2016,RD,SF,20.0,5,2,62.13,36.0,92.87,81.31,58.6,92.87,92.87,1.0,1,0
jason-castagna,2017,RD,SF,21.0,30,3,62.13,41.0,89.85,80.46,62.76,89.85,86.6,0.88,1,0
jason-castagna,2018,RD,SF,22.0,52,4,62.13,44.0,83.79,79.56,62.1,83.79,78.59,0.76,1,0
jason-castagna,2019,RD,SF,23.0,76,5,60.57,12.0,83.22,77.96,67.01,83.22,77.87,0.67,1,0
will-fordham,2014,RD,MID,18.0,0,0,0.0,0.0,112.82,94.9,52.22,112.82,112.82,1.0,1,0
nic-newman,2014,RD,SD,21.0,0,0,99.27,1097.3,100.4,85.93,66.31,100.4,96.31,0.88,1,0
nic-newman,2015,RD,SD,22.0,0,1,99.27,1250.9,92.12,80.19,62.89,92.12,85.1,0.76,1,0
nic-newman,2016,RD,SD,23.0,0,2,99.27,1426.0,87.52,77.72,60.57,87.52,78.62,0.67,1,0
nic-newman,2017,RD,SD,24.0,20,3,99.27,1474.5,102.22,93.05,76.73,102.22,91.52,0.58,1,0
nic-newman,2018,RD,SD,25.0,31,4,99.27,1667.2,95.02,87.46,73.84,95.02,84.85,0.52,1,0
nic-newman,2019,RD,SD,26.0,51,5,99.27,1296.2,110.88,104.7,92.66,110.88,103.24,0.581,1,0
jermaine-miller-lewis,2014,RD,KPF,18.0,0,0,0.0,0.0,105.48,97.39,61.85,105.48,105.48,1.0,1,0
brenton-payne,2014,RD,SF,18.0,0,0,0.0,0.0,97.91,83.99,50.25,97.91,97.91,1.0,1,0
tom-fields,2014,RD,SD,21.0,0,0,57.0,0.1,100.4,85.93,66.31,100.4,96.31,0.88,1,0
tom-fields,2015,RD,SD,22.0,2,1,57.0,0.0,91.26,80.39,61.23,91.26,84.05,0.76,1,0
keegan-brooksby,2014,RD,RUCK,24.0,0,0,63.1,132.5,100.49,88.22,61.3,100.49,84.03,0.58,1,0
keegan-brooksby,2015,RD,RUCK,25.0,3,1,63.1,151.1,96.46,87.17,57.46,96.46,77.74,0.52,1,0
keegan-brooksby,2016,RD,RUCK,26.0,11,2,63.1,128.0,92.99,87.42,57.75,92.99,73.96,0.46,1,0
keegan-brooksby,2017,RD,RUCK,27.0,14,3,74.7,0.0,92.28,84.0,56.44,92.28,70.77,0.4,1,0
keegan-brooksby,2018,RD,RUCK,28.0,14,4,55.0,0.0,92.07,83.28,60.42,92.07,73.08,0.4,1,0
keegan-brooksby,2019,RD,RUCK,29.0,14,5,55.0,0.0,89.02,77.07,58.8,89.02,70.89,0.4,1,0
anthony-wilson,2014,RD,SF,22.0,0,0,0.0,0.0,80.77,69.9,53.82,80.77,74.3,0.76,1,0
kane-lambert,2014,RD,SF,23.0,0,0,87.37,1348.3,76.67,66.8,52.97,76.67,68.85,0.67,1,0
kane-lambert,2015,RD,SF,24.0,13,1,87.37,1474.0,78.58,70.5,58.39,78.58,70.1,0.58,1,0
kane-lambert,2016,RD,SF,25.0,28,2,87.37,1653.9,79.29,72.17,62.52,79.29,71.24,0.52,1,0
kane-lambert,2017,RD,SF,26.0,52,3,87.37,1300.7,97.23,90.54,78.53,97.23,89.25,0.573,1,0
kane-lambert,2018,RD,SF,27.0,74,4,85.33,934.8,99.66,93.43,83.64,99.66,92.56,0.557,1,0
kane-lambert,2019,RD,SF,28.0,95,5,81.67,548.7,98.7,95.01,83.46,98.7,91.94,0.557,1,0
jake-long,2014,RD,SF,18.0,0,0,62.0,0.2,97.91,83.99,50.25,97.91,97.91,1.0,1,0
jake-long,2015,RD,SF,19.0,0,1,62.0,0.2,97.91,85.19,61.5,97.91,97.91,1.0,1,0
jake-long,2016,RD,SF,20.0,3,2,62.0,0.2,92.92,81.13,58.02,92.92,92.92,1.0,1,0
jake-long,2017,RD,SF,21.0,3,3,62.0,0.2,90.48,78.42,55.61,90.48,86.29,0.88,1,0
jake-long,2018,RD,SF,22.0,5,4,62.0,0.0,82.39,72.06,54.76,82.39,75.76,0.76,1,0
lewis-melican,2014,RD,KPD,18.0,0,0,63.23,77.4,103.09,97.89,65.17,103.09,103.09,1.0,1,0
lewis-melican,2015,RD,KPD,19.0,0,1,63.23,88.3,103.09,97.58,79.88,103.09,103.09,1.0,1,0
lewis-melican,2016,RD,KPD,20.0,0,2,63.23,100.7,97.65,90.86,74.34,97.65,97.65,1.0,1,0
lewis-melican,2017,RD,KPD,21.0,17,3,63.23,108.9,93.51,85.31,67.07,93.51,90.34,0.88,1,0
lewis-melican,2018,RD,KPD,22.0,20,4,63.23,99.7,87.34,78.96,63.15,87.34,81.54,0.76,1,0
lewis-melican,2019,RD,KPD,23.0,37,5,63.23,112.5,80.51,74.25,60.25,80.51,73.82,0.67,1,0
lachlan-langford,2014,RD,KPF,18.0,0,0,0.0,0.0,105.48,97.39,61.85,105.48,105.48,1.0,1,0
tyrone-downie,2014,RD,RUCK,26.0,0,0,0.0,0.0,89.8,84.79,58.39,89.8,72.84,0.46,1,0
matthew-hammelmann,2014,PDA,KPF,18.0,0,0,40.8,0.0,105.48,97.39,61.85,105.48,105.48,1.0,0,1
matthew-hammelmann,2015,PDA,KPF,19.0,0,1,40.8,0.0,105.48,97.35,76.94,105.48,105.48,1.0,0,1
matthew-hammelmann,2016,PDA,KPF,20.0,9,2,40.8,0.0,93.61,81.15,59.65,93.61,93.61,1.0,0,1
matthew-hammelmann,2017,PDA,KPF,21.0,12,3,27.7,0.0,92.55,75.73,53.68,92.55,87.89,0.88,0,1
jordan-foote,2014,PDA,SF,18.0,0,0,42.0,0.0,97.91,83.99,50.25,97.91,97.91,1.0,0,1
jordan-foote,2015,PDA,SF,19.0,0,1,42.0,0.0,97.91,85.19,61.5,97.91,97.91,1.0,0,1
jordan-foote,2016,PDA,SF,20.0,1,2,42.0,0.0,93.9,83.06,57.69,93.9,93.9,1.0,0,1
jordan-foote,2017,PDA,SF,21.0,6,3,38.6,0.0,90.68,76.65,54.66,90.68,86.36,0.88,0,1
paddy-brophy,2014,IRE,SD,20.0,0,0,0.0,0.0,102.54,91.23,71.23,102.54,102.54,1.0,0,1
cian-hanley,2014,IRE,SD,18.0,0,0,0.0,0.0,108.91,98.01,61.68,108.91,108.91,1.0,0,1
conor-mckenna,2014,IRE,SF,18.0,0,0,73.33,108.9,97.91,83.99,50.25,97.91,97.91,1.0,0,1
conor-mckenna,2015,IRE,SF,19.0,2,1,73.33,124.1,96.2,85.26,58.48,96.2,96.2,1.0,0,1
conor-mckenna,2016,IRE,SF,20.0,14,2,73.33,140.8,92.62,84.85,63.17,92.62,92.62,1.0,0,1
conor-mckenna,2017,IRE,SF,21.0,33,3,73.33,157.3,94.96,88.26,70.44,94.96,92.02,0.88,0,1
conor-mckenna,2018,IRE,SF,22.0,51,4,72.8,132.3,95.09,90.1,75.69,95.09,90.43,0.76,0,1
conor-mckenna,2019,IRE,SF,23.0,73,5,68.27,2.1,100.09,96.61,82.19,100.09,94.53,0.689,0,1
sean-hurley,2014,IRE,KPD,22.0,0,0,0.0,0.0,91.29,79.48,65.74,91.29,85.16,0.76,0,1
padraig-lucey,2014,IRE,RUCK,22.0,0,0,0.0,0.0,106.93,90.76,67.78,106.93,97.54,0.76,0,1
johann-wagner,2014,UNR,SD,24.0,0,0,0.0,0.0,82.81,75.68,59.75,82.81,73.12,0.58,0,1
corey-adamson,2014,UNR,MID,22.0,0,0,0.0,0.0,91.67,78.06,49.36,91.67,81.51,0.76,0,1
fraser-russell,2014,UNR,RUCK,22.0,0,0,0.0,0.0,106.93,90.76,67.78,106.93,97.54,0.76,0,1
ivan-soldo,2014,UNR,RUCK,18.0,0,0,81.67,301.4,115.06,103.63,54.35,115.06,115.06,1.0,0,1
ivan-soldo,2015,UNR,RUCK,19.0,0,1,81.67,343.5,115.06,104.01,74.36,115.06,115.06,1.0,0,1
ivan-soldo,2016,UNR,RUCK,20.0,0,2,81.67,391.6,110.94,99.7,72.41,110.94,110.94,1.0,0,1
ivan-soldo,2017,UNR,RUCK,21.0,7,3,81.67,446.5,111.91,95.81,66.33,111.91,106.44,0.88,0,1
ivan-soldo,2018,UNR,RUCK,22.0,8,4,81.67,463.4,107.79,94.27,68.4,107.79,98.34,0.76,0,1
ivan-soldo,2019,UNR,RUCK,23.0,22,5,81.67,495.9,113.27,100.49,84.27,113.27,103.7,0.67,0,1
mason-cox,2014,UNR,KPF,23.0,0,0,62.5,88.6,84.57,75.82,61.27,84.57,76.88,0.67,0,1
mason-cox,2015,UNR,KPF,24.0,0,1,62.5,101.0,79.91,74.24,60.45,79.91,71.73,0.58,0,1
mason-cox,2016,UNR,KPF,25.0,11,2,62.5,98.6,81.4,70.25,57.42,81.4,69.89,0.52,0,1
mason-cox,2017,UNR,KPF,26.0,20,3,62.47,107.6,76.51,69.55,60.0,76.51,67.59,0.46,0,1
mason-cox,2018,UNR,KPF,27.0,44,4,62.47,53.5,75.73,71.32,61.47,75.73,67.18,0.4,0,1
mason-cox,2019,UNR,KPF,28.0,58,5,60.0,57.8,71.47,67.1,55.6,71.47,61.95,0.4,0,1
thomas-boyd,2013,ND,KPF,18.0,0,0,63.27,43.5,91.43,81.48,48.2,91.43,91.43,1.0,1,0
thomas-boyd,2014,ND,KPF,19.0,9,1,63.27,49.5,92.45,89.69,61.82,92.45,92.45,1.0,1,0
thomas-boyd,2015,ND,KPF,20.0,23,2,63.27,54.3,94.82,90.27,67.0,94.82,94.82,1.0,1,0
thomas-boyd,2016,ND,KPF,21.0,38,3,63.27,33.8,95.16,90.87,74.0,95.16,92.62,0.88,1,0
thomas-boyd,2017,ND,KPF,22.0,49,4,64.4,4.4,88.28,86.08,69.84,88.28,83.85,0.76,1,0
thomas-boyd,2018,ND,KPF,23.0,61,5,67.1,0.0,86.13,81.57,70.04,86.13,80.82,0.67,1,0
joshua-kelly,2013,ND,MID,18.0,0,0,113.97,3354.0,119.95,118.28,101.21,119.95,119.95,1.0,1,0
joshua-kelly,2014,ND,MID,19.0,18,1,113.97,3819.5,122.52,122.92,107.82,122.92,122.92,1.0,1,0
joshua-kelly,2015,ND,MID,20.0,36,2,113.97,4249.1,115.44,116.05,104.29,116.05,116.05,1.0,1,0
joshua-kelly,2016,ND,MID,21.0,60,3,113.97,4561.3,119.4,115.44,105.41,119.4,117.73,0.88,1,0
joshua-kelly,2017,ND,MID,22.0,84,4,113.97,4046.9,118.95,121.67,115.79,121.67,121.02,0.889,1,0
joshua-kelly,2018,ND,MID,23.0,100,5,112.0,3733.3,120.61,121.69,114.11,121.69,120.55,0.85,1,0
joshua-kelly,2019,ND,MID,24.0,118,6,111.83,3108.3,124.36,123.76,116.25,124.36,123.0,0.832,1,0
jack-billings,2013,ND,SF,18.0,0,0,93.3,1671.9,100.39,101.8,84.15,101.8,101.8,1.0,1,0
jack-billings,2014,ND,SF,19.0,16,1,93.3,1897.6,101.75,104.62,88.04,104.62,104.62,1.0,1,0
jack-billings,2015,ND,SF,20.0,25,2,93.3,1723.5,104.12,106.31,93.76,106.31,106.31,1.0,1,0
jack-billings,2016,ND,SF,21.0,42,3,93.3,1759.3,104.49,102.95,91.32,104.49,102.91,0.88,1,0
jack-billings,2017,ND,SF,22.0,64,4,93.3,1305.2,109.79,107.56,92.8,109.79,106.98,0.834,1,0
jack-billings,2018,ND,SF,23.0,85,5,90.03,1128.0,107.02,103.1,93.09,107.02,103.3,0.733,1,0
jack-billings,2019,ND,SF,24.0,107,6,90.03,554.5,110.64,103.67,93.75,110.64,106.06,0.729,1,0
marcus-bontempelli,2013,ND,MID,18.0,0,0,128.03,5945.3,119.56,113.34,89.43,119.56,119.56,1.0,1,0
marcus-bontempelli,2014,ND,MID,19.0,16,1,128.03,6695.1,126.32,125.51,107.67,126.32,126.32,1.0,1,0
marcus-bontempelli,2015,ND,MID,20.0,37,2,128.03,6618.6,128.6,126.55,113.9,128.6,128.6,1.0,1,0
marcus-bontempelli,2016,ND,MID,21.0,63,3,128.03,6631.0,131.46,130.35,120.65,131.46,130.86,0.944,1,0
marcus-bontempelli,2017,ND,MID,22.0,85,4,128.03,6768.4,129.18,128.66,118.48,129.18,127.89,0.879,1,0
marcus-bontempelli,2018,ND,MID,23.0,104,5,128.03,6956.2,128.21,126.15,115.67,128.21,126.01,0.825,1,0
marcus-bontempelli,2019,ND,MID,24.0,127,6,128.03,6793.2,130.66,130.25,120.53,130.66,128.96,0.832,1,0
kade-kolodjashnij,2013,ND,SD,18.0,0,0,76.97,339.7,113.94,110.92,94.05,113.94,113.94,1.0,1,0
kade-kolodjashnij,2014,ND,SD,19.0,18,1,76.97,379.2,116.65,116.54,100.11,116.65,116.65,1.0,1,0
kade-kolodjashnij,2015,ND,SD,20.0,40,2,76.97,33.3,116.11,115.73,103.57,116.11,116.11,1.0,1,0
kade-kolodjashnij,2016,ND,SD,21.0,59,3,69.5,28.2,113.49,107.01,95.63,113.49,111.35,0.88,1,0
kade-kolodjashnij,2017,ND,SD,22.0,70,4,69.75,4.1,106.2,102.86,91.26,106.2,102.61,0.76,1,0
kade-kolodjashnij,2018,ND,SD,23.0,78,5,67.0,0.0,97.59,93.77,77.52,97.59,90.97,0.67,1,0
kade-kolodjashnij,2019,ND,SD,24.0,80,6,42.5,0.0,89.58,86.43,68.81,89.58,80.86,0.58,1,0
matthew-scharenberg,2013,ND,SD,18.0,0,0,69.37,108.3,104.29,95.5,78.83,104.29,104.29,1.0,1,0
matthew-scharenberg,2014,ND,SD,19.0,0,1,69.37,123.4,104.29,94.71,77.8,104.29,104.29,1.0,1,0
matthew-scharenberg,2015,ND,SD,20.0,4,2,69.37,140.7,99.43,84.52,68.85,99.43,99.43,1.0,1,0
matthew-scharenberg,2016,ND,SD,21.0,4,3,69.37,160.4,98.19,81.75,62.98,98.19,93.96,0.88,1,0
matthew-scharenberg,2017,ND,SD,22.0,14,4,69.37,161.2,100.13,85.71,69.5,100.13,92.78,0.76,1,0
matthew-scharenberg,2018,ND,SD,23.0,31,5,68.25,23.1,104.94,98.35,82.11,104.94,97.41,0.67,1,0
matthew-scharenberg,2019,ND,SD,24.0,38,6,56.0,26.2,92.07,86.32,69.5,92.07,82.59,0.58,1,0
james-aish,2013,ND,SD,18.0,0,0,74.87,64.7,104.8,96.12,77.94,104.8,104.8,1.0,1,0
james-aish,2014,ND,SD,19.0,21,1,74.87,62.4,112.46,104.68,92.43,112.46,112.46,1.0,1,0
james-aish,2015,ND,SD,20.0,32,2,74.87,71.1,104.04,95.99,83.27,104.04,104.04,1.0,1,0
james-aish,2016,ND,SD,21.0,47,3,74.87,79.8,101.72,92.53,79.78,101.72,99.08,0.88,1,0
james-aish,2017,ND,SD,22.0,55,4,74.87,90.9,95.12,86.56,73.44,95.12,89.92,0.76,1,0
james-aish,2018,ND,SD,23.0,68,5,74.87,101.7,89.96,83.01,70.1,89.96,83.4,0.67,1,0
james-aish,2019,ND,SD,24.0,82,6,74.87,114.4,84.74,79.6,69.21,84.74,78.22,0.58,1,0
luke-mcdonald,2013,ND,SD,18.0,0,0,89.3,533.8,105.33,97.12,78.12,105.33,105.33,1.0,1,0
luke-mcdonald,2014,ND,SD,19.0,23,1,89.3,605.3,107.89,102.44,89.6,107.89,107.89,1.0,1,0
luke-mcdonald,2015,ND,SD,20.0,37,2,89.3,690.0,102.91,94.86,79.85,102.91,102.91,1.0,1,0
luke-mcdonald,2016,ND,SD,21.0,52,3,89.3,784.8,102.28,94.41,79.57,102.28,99.56,0.88,1,0
luke-mcdonald,2017,ND,SD,22.0,74,4,89.3,647.2,108.76,104.24,92.97,108.76,104.97,0.76,1,0
luke-mcdonald,2018,ND,SD,23.0,96,5,87.3,733.1,97.13,92.93,81.03,97.13,91.82,0.67,1,0
luke-mcdonald,2019,ND,SD,24.0,109,6,87.3,835.2,87.21,83.21,72.21,87.21,80.91,0.58,1,0
christian-salem,2013,ND,SD,18.0,0,0,92.97,1031.9,105.33,97.67,80.23,105.33,105.33,1.0,1,0
christian-salem,2014,ND,SD,19.0,12,1,92.97,1176.3,95.68,92.35,67.58,95.68,95.68,1.0,1,0
christian-salem,2015,ND,SD,20.0,22,2,92.97,1158.3,101.95,96.88,82.22,101.95,101.95,1.0,1,0
christian-salem,2016,ND,SD,21.0,30,3,92.97,1309.2,105.52,96.74,79.92,105.52,102.45,0.88,1,0
christian-salem,2017,ND,SD,22.0,46,4,92.97,1355.2,107.78,99.78,92.41,107.78,104.09,0.76,1,0
christian-salem,2018,ND,SD,23.0,70,5,92.97,1334.3,108.76,103.06,94.31,108.76,103.99,0.67,1,0
christian-salem,2019,ND,SD,24.0,90,6,92.97,1091.3,110.76,107.63,100.62,110.76,106.99,0.628,1,0
nathan-freeman,2013,ND,MID,18.0,0,0,74.0,6.0,115.75,104.8,82.61,115.75,115.75,1.0,1,0
nathan-freeman,2014,ND,MID,19.0,0,1,74.0,6.8,115.75,103.43,80.43,115.75,115.75,1.0,1,0
nathan-freeman,2015,ND,MID,20.0,0,2,74.0,7.8,109.82,100.66,78.38,109.82,109.82,1.0,1,0
nathan-freeman,2016,ND,MID,21.0,0,3,74.0,8.9,108.92,96.09,67.01,108.92,103.89,0.88,1,0
nathan-freeman,2017,ND,MID,22.0,0,4,74.0,10.1,107.54,96.09,71.12,107.54,98.8,0.76,1,0
nathan-freeman,2018,ND,MID,23.0,2,5,74.0,0.0,106.74,93.01,70.76,106.74,94.86,0.67,1,0
dominic-sheed,2013,ND,MID,18.0,0,0,88.13,592.4,115.75,104.8,82.61,115.75,115.75,1.0,1,0
dominic-sheed,2014,ND,MID,19.0,10,1,88.13,675.4,104.34,95.48,69.34,104.34,104.34,1.0,1,0
dominic-sheed,2015,ND,MID,20.0,33,2,88.13,761.0,115.78,110.15,96.16,115.78,115.78,1.0,1,0
dominic-sheed,2016,ND,MID,21.0,39,3,88.13,867.4,108.43,101.69,81.77,108.43,105.23,0.88,1,0
dominic-sheed,2017,ND,MID,22.0,60,4,88.13,825.8,119.14,110.3,95.74,119.14,113.53,0.76,1,0
dominic-sheed,2018,ND,MID,23.0,78,5,88.13,832.3,115.73,107.57,93.81,115.73,108.5,0.67,1,0
dominic-sheed,2019,ND,MID,24.0,102,6,88.13,499.3,119.12,112.79,102.5,119.12,113.22,0.645,1,0
ben-lennon,2013,ND,SF,18.0,0,0,44.95,1.4,102.77,94.89,70.09,102.77,102.77,1.0,1,0
ben-lennon,2014,ND,SF,19.0,7,1,44.95,1.6,91.18,86.14,62.0,91.18,91.18,1.0,1,0
ben-lennon,2015,ND,SF,20.0,16,2,56.3,0.2,91.18,83.41,63.73,91.18,91.18,1.0,1,0
ben-lennon,2016,ND,SF,21.0,19,3,50.7,0.1,92.6,81.61,61.53,92.6,88.87,0.88,1,0
ben-lennon,2017,ND,SF,22.0,21,4,50.0,0.0,87.66,78.41,54.26,87.66,79.64,0.76,1,0
patrick-cripps,2013,ND,MID,18.0,0,0,115.9,3952.9,115.75,103.08,83.3,115.75,115.75,1.0,1,0
patrick-cripps,2014,ND,MID,19.0,3,1,115.9,4506.3,112.31,101.38,76.48,112.31,112.31,1.0,1,0
patrick-cripps,2015,ND,MID,20.0,23,2,115.9,4594.8,121.51,116.97,104.73,121.51,121.51,1.0,1,0
patrick-cripps,2016,ND,MID,21.0,44,3,115.9,4365.2,128.07,123.98,115.75,128.07,127.32,0.939,1,0
patrick-cripps,2017,ND,MID,22.0,59,4,115.9,4394.4,126.39,120.52,111.31,126.39,124.09,0.848,1,0
patrick-cripps,2018,ND,MID,23.0,81,5,115.9,3539.6,125.75,124.48,120.26,125.75,125.03,0.868,1,0
patrick-cripps,2019,ND,MID,24.0,101,6,113.13,2694.4,127.57,123.52,119.77,127.57,126.26,0.832,1,0
cameron-mccarthy,2013,ND,KPF,18.0,0,0,53.63,6.0,88.69,80.25,48.38,88.69,88.69,1.0,1,0
cameron-mccarthy,2014,ND,KPF,19.0,1,1,53.63,6.7,88.69,80.14,58.71,88.69,88.69,1.0,1,0
cameron-mccarthy,2015,ND,KPF,20.0,21,2,53.63,4.9,96.08,88.99,68.54,96.08,96.08,1.0,1,0
cameron-mccarthy,2016,ND,KPF,21.0,21,3,52.6,5.6,95.3,81.66,66.42,95.3,91.84,0.88,1,0
cameron-mccarthy,2017,ND,KPF,22.0,40,4,52.6,3.0,87.57,79.01,62.16,87.57,81.47,0.76,1,0
cameron-mccarthy,2018,ND,KPF,23.0,57,5,51.8,2.4,81.88,76.24,58.51,81.88,74.17,0.67,1,0
cameron-mccarthy,2019,ND,KPF,24.0,69,6,53.2,0.3,77.2,71.47,55.76,77.2,68.19,0.58,1,0
zak-jones,2013,ND,MID,18.0,0,0,88.8,581.2,115.53,103.06,79.63,115.53,115.53,1.0,1,0
zak-jones,2014,ND,MID,19.0,4,1,88.8,662.6,108.98,96.81,69.03,108.98,108.98,1.0,1,0
zak-jones,2015,ND,MID,20.0,15,2,88.8,755.3,104.23,94.22,66.43,104.23,104.23,1.0,1,0
zak-jones,2016,ND,MID,21.0,31,3,88.8,860.6,108.41,99.96,77.62,108.41,104.71,0.88,1,0
zak-jones,2017,ND,MID,22.0,54,4,88.8,770.4,116.46,108.62,91.77,116.46,110.54,0.76,1,0
zak-jones,2018,ND,MID,23.0,73,5,88.8,797.5,112.15,105.05,88.37,112.15,104.3,0.67,1,0
zak-jones,2019,ND,MID,24.0,90,6,88.8,612.8,109.11,104.65,92.13,109.11,101.98,0.58,1,0
darcy-lang,2013,ND,MID,18.0,0,0,64.77,112.5,115.46,102.76,79.14,115.46,115.46,1.0,1,0
darcy-lang,2014,ND,MID,19.0,1,1,64.77,128.2,114.0,101.38,68.75,114.0,114.0,1.0,1,0
darcy-lang,2015,ND,MID,20.0,21,2,64.77,145.9,110.97,104.77,82.63,110.97,110.97,1.0,1,0
darcy-lang,2016,ND,MID,21.0,34,3,64.1,163.3,108.22,100.22,78.88,108.22,104.7,0.88,1,0
darcy-lang,2017,ND,MID,22.0,44,4,59.77,5.9,107.48,100.13,80.4,107.48,100.98,0.76,1,0
darcy-lang,2018,ND,MID,23.0,55,5,52.7,0.1,94.89,89.46,69.86,94.89,86.63,0.67,1,0
darcy-lang,2019,ND,MID,24.0,63,6,45.0,0.0,83.14,76.57,51.14,83.14,69.7,0.58,1,0
michael-apeness,2013,ND,KPF,18.0,0,0,70.4,71.9,88.79,77.37,49.44,88.79,88.79,1.0,1,0
michael-apeness,2014,ND,KPF,19.0,2,1,70.4,81.9,91.11,81.45,60.62,91.11,91.11,1.0,1,0
michael-apeness,2015,ND,KPF,20.0,2,2,70.4,93.4,92.19,79.4,63.15,92.19,92.19,1.0,1,0
michael-apeness,2016,ND,KPF,21.0,7,3,70.4,106.3,94.44,76.69,62.1,94.44,90.56,0.88,1,0
michael-apeness,2017,ND,KPF,22.0,7,4,70.4,121.1,86.18,71.84,59.66,86.18,79.82,0.76,1,0
michael-apeness,2018,ND,KPF,23.0,12,5,70.4,0.0,83.1,70.76,57.1,83.1,74.52,0.67,1,0
luke-dunstan,2013,ND,MID,18.0,0,0,91.17,698.8,114.29,101.05,70.13,114.29,114.29,1.0,1,0
luke-dunstan,2014,ND,MID,19.0,16,1,91.17,767.7,123.33,114.62,94.56,123.33,123.33,1.0,1,0
luke-dunstan,2015,ND,MID,20.0,35,2,91.17,867.6,116.34,109.53,89.91,116.34,116.34,1.0,1,0
luke-dunstan,2016,ND,MID,21.0,53,3,91.17,974.8,113.5,106.09,87.78,113.5,110.42,0.88,1,0
luke-dunstan,2017,ND,MID,22.0,69,4,91.17,795.7,117.73,110.31,96.41,117.73,112.61,0.76,1,0
luke-dunstan,2018,ND,MID,23.0,85,5,88.6,787.5,114.32,105.47,90.5,114.32,106.46,0.67,1,0
luke-dunstan,2019,ND,MID,24.0,103,6,92.65,445.5,118.97,112.22,99.95,118.97,112.2,0.644,1,0
blake-acres,2013,ND,MID,18.0,0,0,89.23,903.9,114.29,99.52,70.9,114.29,114.29,1.0,1,0
blake-acres,2014,ND,MID,19.0,3,1,89.23,1030.5,116.65,99.02,72.71,116.65,116.65,1.0,1,0
blake-acres,2015,ND,MID,20.0,10,2,89.23,1174.7,107.75,92.92,65.41,107.75,107.75,1.0,1,0
blake-acres,2016,ND,MID,21.0,26,3,89.23,1301.1,113.49,105.39,83.46,113.49,109.89,0.88,1,0
blake-acres,2017,ND,MID,22.0,44,4,89.23,1275.2,113.74,103.88,87.6,113.74,107.46,0.76,1,0
blake-acres,2018,ND,MID,23.0,56,5,89.23,874.7,114.38,106.3,92.54,114.38,107.17,0.67,1,0
blake-acres,2019,ND,MID,24.0,75,6,87.9,887.9,99.99,94.95,80.9,99.99,91.97,0.58,1,0
jack-leslie,2013,ND,KPD,18.0,0,0,53.35,157.7,95.11,89.05,69.11,95.11,95.11,1.0,1,0
jack-leslie,2014,ND,KPD,19.0,2,1,53.35,179.7,93.19,83.29,67.71,93.19,93.19,1.0,1,0
jack-leslie,2015,ND,KPD,20.0,5,2,53.35,204.8,93.14,82.86,64.38,93.14,93.14,1.0,1,0
jack-leslie,2016,ND,KPD,21.0,6,3,53.35,13.8,91.86,75.95,64.41,91.86,88.57,0.88,1,0
jack-leslie,2017,ND,KPD,22.0,19,4,53.35,0.1,87.01,78.61,67.11,87.01,82.23,0.76,1,0
jack-leslie,2018,ND,KPD,23.0,28,5,46.1,0.0,80.44,71.32,58.61,80.44,73.23,0.67,1,0
jarman-impey,2013,ND,SD,18.0,0,0,88.21,538.4,105.45,92.29,68.47,105.45,105.45,1.0,1,0
jarman-impey,2014,ND,SD,19.0,18,1,88.21,613.6,104.64,93.97,72.86,104.64,104.64,1.0,1,0
jarman-impey,2015,ND,SD,20.0,35,2,88.21,699.5,98.73,89.44,71.67,98.73,98.73,1.0,1,0
jarman-impey,2016,ND,SD,21.0,55,3,88.21,796.3,101.75,89.99,75.14,101.75,98.56,0.88,1,0
jarman-impey,2017,ND,SD,22.0,75,4,88.21,901.7,92.18,85.2,71.24,92.18,87.15,0.76,1,0
jarman-impey,2018,ND,SD,23.0,99,5,88.21,983.4,90.7,84.59,72.47,90.7,84.68,0.67,1,0
jarman-impey,2019,ND,SD,24.0,116,6,88.21,935.8,92.49,89.27,76.07,92.49,85.59,0.58,1,0
darcy-gardiner,2013,ND,KPD,18.0,0,0,68.43,180.3,95.11,89.0,66.61,95.11,95.11,1.0,1,0
darcy-gardiner,2014,ND,KPD,19.0,17,1,68.43,202.7,95.49,89.85,75.73,95.49,95.49,1.0,1,0
darcy-gardiner,2015,ND,KPD,20.0,25,2,68.43,231.1,92.59,85.43,69.55,92.59,92.59,1.0,1,0
darcy-gardiner,2016,ND,KPD,21.0,43,3,68.43,262.5,91.04,80.32,69.17,91.04,88.42,0.88,1,0
darcy-gardiner,2017,ND,KPD,22.0,62,4,68.43,289.8,83.4,80.28,66.51,83.4,79.35,0.76,1,0
darcy-gardiner,2018,ND,KPD,23.0,82,5,68.43,172.1,87.6,82.68,73.35,87.6,82.9,0.67,1,0
darcy-gardiner,2019,ND,KPD,24.0,106,6,65.67,102.7,84.89,81.73,73.3,84.89,80.02,0.58,1,0
matt-crouch,2013,ND,MID,18.0,0,0,109.47,2491.2,111.65,100.23,65.94,111.65,111.65,1.0,1,0
matt-crouch,2014,ND,MID,19.0,8,1,109.47,2839.8,113.97,101.09,72.69,113.97,113.97,1.0,1,0
matt-crouch,2015,ND,MID,20.0,25,2,109.47,3234.2,114.04,107.5,83.14,114.04,114.04,1.0,1,0
matt-crouch,2016,ND,MID,21.0,47,3,109.47,3288.0,119.74,111.84,98.79,119.74,117.43,0.889,1,0
matt-crouch,2017,ND,MID,22.0,72,4,109.47,2674.3,126.32,122.27,115.78,126.32,125.17,0.89,1,0
matt-crouch,2018,ND,MID,23.0,90,5,106.63,2356.8,125.22,120.02,113.28,125.22,123.03,0.817,1,0
matt-crouch,2019,ND,MID,24.0,109,6,106.63,1935.5,124.07,117.32,111.53,124.07,121.18,0.769,1,0
billy-hartung,2013,ND,MID,18.0,0,0,68.97,16.5,111.2,97.68,64.73,111.2,111.2,1.0,1,0
billy-hartung,2014,ND,MID,19.0,7,1,68.97,18.9,103.59,88.37,63.01,103.59,103.59,1.0,1,0
billy-hartung,2015,ND,MID,20.0,27,2,68.97,21.5,108.72,100.26,72.25,108.72,108.72,1.0,1,0
billy-hartung,2016,ND,MID,21.0,45,3,68.97,18.9,110.56,102.3,76.81,110.56,106.51,0.88,1,0
billy-hartung,2017,ND,MID,22.0,63,4,68.95,1.2,107.41,100.86,82.27,107.41,101.38,0.76,1,0
billy-hartung,2018,ND,MID,23.0,76,5,64.7,0.0,98.41,94.12,73.9,98.41,90.32,0.67,1,0
daniel-mcstay,2013,ND,KPF,18.0,0,0,70.12,220.0,88.47,77.68,46.7,88.47,88.47,1.0,1,0
daniel-mcstay,2014,ND,KPF,19.0,9,1,70.12,248.8,92.59,88.82,68.83,92.59,92.59,1.0,1,0
daniel-mcstay,2015,ND,KPF,20.0,29,2,70.12,283.4,89.67,85.17,67.6,89.67,89.67,1.0,1,0
daniel-mcstay,2016,ND,KPF,21.0,41,3,70.12,300.7,97.78,87.63,72.29,97.78,94.72,0.88,1,0
daniel-mcstay,2017,ND,KPF,22.0,60,4,70.12,326.8,87.91,82.97,68.42,87.91,83.24,0.76,1,0
daniel-mcstay,2018,ND,KPF,23.0,79,5,70.12,369.5,82.32,78.36,66.06,82.32,76.95,0.67,1,0
daniel-mcstay,2019,ND,KPF,24.0,103,6,70.12,412.9,77.31,74.5,63.66,77.31,71.58,0.58,1,0
zachary-merrett,2013,ND,MID,18.0,0,0,115.73,4823.1,108.44,94.55,62.22,108.44,108.44,1.0,1,0
zachary-merrett,2014,ND,MID,19.0,20,1,115.73,5477.9,118.02,107.37,81.63,118.02,118.02,1.0,1,0
zachary-merrett,2015,ND,MID,20.0,37,2,115.73,5663.0,119.44,116.04,97.3,119.44,119.44,1.0,1,0
zachary-merrett,2016,ND,MID,21.0,59,3,115.73,5157.1,127.77,123.25,117.09,127.77,127.15,0.942,1,0
zachary-merrett,2017,ND,MID,22.0,81,4,115.73,4976.6,126.15,121.53,115.46,126.15,125.0,0.892,1,0
zachary-merrett,2018,ND,MID,23.0,103,5,115.73,5015.3,125.59,119.24,113.18,125.59,123.19,0.807,1,0
zachary-merrett,2019,ND,MID,24.0,126,6,115.73,4940.8,123.48,118.27,112.49,123.48,120.99,0.773,1,0
sean-lemmens,2013,ND,SD,19.0,0,0,53.93,0.4,101.24,87.57,66.31,101.24,101.24,1.0,1,0
sean-lemmens,2014,ND,SD,20.0,18,1,53.93,0.4,93.13,83.71,65.91,93.13,93.13,1.0,1,0
sean-lemmens,2015,ND,SD,21.0,36,2,53.93,0.5,89.08,77.16,61.86,89.08,85.81,0.88,1,0
sean-lemmens,2016,ND,SD,22.0,49,3,53.93,0.5,81.2,68.48,57.24,81.2,75.45,0.76,1,0
sean-lemmens,2017,ND,SD,23.0,69,4,53.93,0.6,80.85,73.32,60.59,80.85,74.16,0.67,1,0
sean-lemmens,2018,ND,SD,24.0,79,5,52.83,0.6,72.59,64.63,54.85,72.59,65.14,0.58,1,0
sean-lemmens,2019,ND,SD,25.0,87,6,52.83,0.6,69.83,60.82,52.85,69.83,61.68,0.52,1,0
lewis-taylor,2013,ND,SF,18.0,0,0,74.43,423.4,90.65,86.06,57.86,90.65,90.65,1.0,1,0
lewis-taylor,2014,ND,SF,19.0,22,1,74.43,465.1,100.64,96.36,73.38,100.64,100.64,1.0,1,0
lewis-taylor,2015,ND,SF,20.0,44,2,74.43,399.7,100.71,96.42,81.7,100.71,100.71,1.0,1,0
lewis-taylor,2016,ND,SF,21.0,63,3,70.1,451.7,98.53,91.9,74.83,98.53,95.68,0.88,1,0
lewis-taylor,2017,ND,SF,22.0,85,4,66.97,182.8,97.84,93.06,83.87,97.84,94.49,0.76,1,0
lewis-taylor,2018,ND,SF,23.0,107,5,60.65,75.6,93.81,88.99,76.11,93.81,87.97,0.67,1,0
lewis-taylor,2019,ND,SF,24.0,112,6,49.4,0.0,89.2,85.97,75.13,89.2,83.29,0.58,1,0
rory-lobb,2013,ND,KPD,20.0,0,0,82.43,1357.9,91.64,85.17,59.33,91.64,91.64,1.0,1,0
rory-lobb,2014,ND,KPD,21.0,2,1,82.43,1548.0,88.85,75.41,56.77,88.85,85.0,0.88,1,0
rory-lobb,2015,ND,KPD,22.0,11,2,82.43,1763.8,84.19,73.55,59.19,84.19,78.19,0.76,1,0
rory-lobb,2016,ND,KPD,23.0,35,3,82.43,1667.5,92.84,89.67,75.54,92.84,87.26,0.678,1,0
rory-lobb,2017,ND,KPD,24.0,55,4,82.43,1563.3,93.22,90.6,80.19,93.22,88.11,0.607,1,0
rory-lobb,2018,ND,KPD,25.0,74,5,82.43,1380.4,95.23,90.27,81.23,95.23,89.21,0.57,1,0
rory-lobb,2019,ND,KPD,26.0,89,6,82.17,915.6,97.85,97.23,89.7,97.85,94.45,0.583,1,0
trent-dumont,2013,ND,MID,18.0,0,0,89.47,500.5,107.55,95.74,63.21,107.55,107.55,1.0,1,0
trent-dumont,2014,ND,MID,19.0,0,1,89.47,570.6,107.55,95.22,65.42,107.55,107.55,1.0,1,0
trent-dumont,2015,ND,MID,20.0,8,2,89.47,650.5,101.55,91.4,63.07,101.55,101.55,1.0,1,0
trent-dumont,2016,ND,MID,21.0,20,3,89.47,711.8,109.92,101.68,77.86,109.92,106.07,0.88,1,0
trent-dumont,2017,ND,MID,22.0,39,4,89.47,777.3,110.85,103.9,86.89,110.85,105.1,0.76,1,0
trent-dumont,2018,ND,MID,23.0,61,5,89.47,698.4,113.79,106.89,91.13,113.79,106.31,0.67,1,0
trent-dumont,2019,ND,MID,24.0,82,6,83.03,598.3,108.33,104.77,91.78,108.33,101.38,0.58,1,0
malcolm-karpany,2013,ND,SF,18.0,0,0,54.2,0.4,88.89,84.43,57.31,88.89,88.89,1.0,1,0
malcolm-karpany,2014,ND,SF,19.0,0,1,54.2,0.5,88.89,84.4,59.53,88.89,88.89,1.0,1,0
malcolm-karpany,2015,ND,SF,20.0,0,2,54.2,0.5,90.97,80.77,59.08,90.97,90.97,1.0,1,0
malcolm-karpany,2016,ND,SF,21.0,1,3,54.2,0.6,89.66,78.74,57.87,89.66,85.84,0.88,1,0
malcolm-karpany,2017,ND,SF,22.0,7,4,54.2,0.0,84.66,74.46,56.52,84.66,77.91,0.76,1,0
george-hewett,2013,ND,MID,18.0,0,0,109.3,1265.6,107.41,95.4,61.6,107.41,107.41,1.0,1,0
george-hewett,2014,ND,MID,19.0,0,1,109.3,1442.8,107.41,95.13,64.19,107.41,107.41,1.0,1,0
george-hewett,2015,ND,MID,20.0,0,2,109.3,1644.8,103.89,93.48,61.49,103.89,103.89,1.0,1,0
george-hewett,2016,ND,MID,21.0,24,3,109.3,1875.0,105.05,96.15,71.55,105.05,101.03,0.88,1,0
george-hewett,2017,ND,MID,22.0,48,4,109.3,1964.7,106.84,102.43,84.04,106.84,101.36,0.76,1,0
george-hewett,2018,ND,MID,23.0,71,5,109.3,1943.4,110.37,104.21,87.1,110.37,102.69,0.67,1,0
george-hewett,2019,ND,MID,24.0,93,6,109.3,1905.4,109.67,107.1,93.65,109.67,103.13,0.592,1,0
tom-cutler,2013,ND,SD,18.0,0,0,76.33,172.3,100.51,89.46,64.83,100.51,100.51,1.0,1,0
tom-cutler,2014,ND,SD,19.0,7,1,76.33,196.4,100.76,89.67,68.44,100.76,100.76,1.0,1,0
tom-cutler,2015,ND,SD,20.0,18,2,76.33,223.9,96.53,88.42,68.75,96.53,96.53,1.0,1,0
tom-cutler,2016,ND,SD,21.0,33,3,76.33,187.6,106.44,98.03,81.21,106.44,103.41,0.88,1,0
tom-cutler,2017,ND,SD,22.0,45,4,74.63,196.8,102.06,93.05,81.05,102.06,97.02,0.76,1,0
tom-cutler,2018,ND,SD,23.0,63,5,73.67,51.5,106.48,102.21,86.92,106.48,100.02,0.67,1,0
tom-cutler,2019,ND,SD,24.0,66,6,64.63,19.1,103.37,98.71,82.79,103.37,94.73,0.58,1,0
nicholas-robertson,2013,ND,SF,18.0,0,0,59.87,1.7,88.87,82.23,57.29,88.87,88.87,1.0,1,0
nicholas-robertson,2014,ND,SF,19.0,8,1,59.87,1.9,88.65,85.12,62.77,88.65,88.65,1.0,1,0
nicholas-robertson,2015,ND,SF,20.0,20,2,59.63,2.2,88.21,77.49,65.43,88.21,88.21,1.0,1,0
nicholas-robertson,2016,ND,SF,21.0,26,3,59.63,2.5,89.52,78.4,64.04,89.52,86.46,0.88,1,0
nicholas-robertson,2017,ND,SF,22.0,47,4,62.55,2.1,89.8,81.11,66.39,89.8,84.18,0.76,1,0
nicholas-robertson,2018,ND,SF,23.0,68,5,64.0,0.4,83.37,76.25,66.09,83.37,77.67,0.67,1,0
nicholas-robertson,2019,ND,SF,24.0,73,6,60.8,0.0,78.89,72.29,63.21,78.89,72.31,0.58,1,0
toby-nankervis,2013,ND,RUCK,19.0,0,0,106.03,2239.8,109.76,94.1,76.29,109.76,109.76,1.0,1,0
toby-nankervis,2014,ND,RUCK,20.0,0,1,106.03,2553.4,107.97,92.0,75.25,107.97,107.97,1.0,1,0
toby-nankervis,2015,ND,RUCK,21.0,5,2,106.03,2910.8,113.97,94.05,74.79,113.97,109.26,0.88,1,0
toby-nankervis,2016,ND,RUCK,22.0,12,3,106.03,3038.2,115.27,96.16,81.23,115.27,107.1,0.76,1,0
toby-nankervis,2017,ND,RUCK,23.0,36,4,106.03,2777.2,119.79,110.34,105.87,119.79,115.45,0.688,1,0
toby-nankervis,2018,ND,RUCK,24.0,59,5,106.03,2558.8,121.08,118.46,114.06,121.08,118.98,0.702,1,0
toby-nankervis,2019,ND,RUCK,25.0,71,6,106.03,2892.7,109.71,104.01,95.37,109.71,102.82,0.52,1,0
jarrad-jansen,2013,ND,MID,18.0,0,0,57.9,0.1,105.42,91.3,59.01,105.42,105.42,1.0,1,0
jarrad-jansen,2014,ND,MID,19.0,0,1,57.9,0.1,105.42,91.22,61.87,105.42,105.42,1.0,1,0
jarrad-jansen,2015,ND,MID,20.0,0,2,57.9,0.1,103.82,89.73,60.06,103.82,103.82,1.0,1,0
jarrad-jansen,2016,ND,MID,21.0,7,3,57.9,0.0,103.44,87.26,57.93,103.44,97.98,0.88,1,0
jarrad-jansen,2017,ND,MID,22.0,8,4,44.0,0.0,96.24,85.18,56.25,96.24,86.64,0.76,1,0
alex-pearce,2013,ND,KPD,18.0,0,0,66.13,72.7,93.62,87.28,63.71,93.62,93.62,1.0,1,0
alex-pearce,2014,ND,KPD,19.0,0,1,66.13,82.9,93.62,86.73,64.76,93.62,93.62,1.0,1,0
alex-pearce,2015,ND,KPD,20.0,13,2,66.13,93.8,90.8,81.95,68.81,90.8,90.8,1.0,1,0
alex-pearce,2016,ND,KPD,21.0,21,3,66.13,95.0,90.62,78.53,66.39,90.62,87.71,0.88,1,0
alex-pearce,2017,ND,KPD,22.0,21,4,65.73,108.3,83.34,73.88,59.76,83.34,77.68,0.76,1,0
alex-pearce,2018,ND,KPD,23.0,42,5,65.73,122.9,78.78,72.71,64.18,78.78,73.96,0.67,1,0
alex-pearce,2019,ND,KPD,24.0,53,6,65.73,137.7,75.16,70.26,60.4,75.16,68.96,0.58,1,0
dayle-garlett,2013,ND,SF,19.0,0,0,0.0,0.0,89.32,83.49,55.85,89.32,89.32,1.0,1,0
cameron-giles,2013,ND,KPD,18.0,0,0,0.0,0.0,94.07,88.55,62.81,94.07,94.07,1.0,1,0
jay-kennedy-harris,2013,ND,SF,18.0,0,0,53.53,1.0,90.31,84.64,55.51,90.31,90.31,1.0,1,0
jay-kennedy-harris,2014,ND,SF,19.0,14,1,53.53,1.1,85.62,80.59,57.06,85.62,85.62,1.0,1,0
jay-kennedy-harris,2015,ND,SF,20.0,22,2,52.1,1.2,84.51,76.68,53.8,84.51,84.51,1.0,1,0
jay-kennedy-harris,2016,ND,SF,21.0,22,3,58.35,1.4,79.35,66.13,49.56,79.35,75.77,0.88,1,0
jay-kennedy-harris,2017,ND,SF,22.0,28,4,58.35,0.7,79.2,67.73,54.41,79.2,73.25,0.76,1,0
jay-kennedy-harris,2018,ND,SF,23.0,34,5,61.7,0.4,81.33,73.14,62.23,81.33,75.03,0.67,1,0
jay-kennedy-harris,2019,ND,SF,24.0,39,6,62.8,0.0,78.4,71.95,61.1,78.4,71.13,0.58,1,0
jake-kolodjashnij,2013,ND,KPD,18.0,0,0,64.97,112.3,95.06,88.55,62.81,95.06,95.06,1.0,1,0
jake-kolodjashnij,2014,ND,KPD,19.0,0,1,64.97,128.0,95.06,88.0,64.22,95.06,95.06,1.0,1,0
jake-kolodjashnij,2015,ND,KPD,20.0,9,2,64.97,62.6,95.41,86.07,68.93,95.41,95.41,1.0,1,0
jake-kolodjashnij,2016,ND,KPD,21.0,29,3,62.27,70.1,93.65,86.14,73.37,93.65,91.21,0.88,1,0
jake-kolodjashnij,2017,ND,KPD,22.0,47,4,62.27,73.5,85.42,81.48,70.27,85.42,81.79,0.76,1,0
jake-kolodjashnij,2018,ND,KPD,23.0,70,5,62.27,74.0,79.4,76.97,66.68,79.4,75.2,0.67,1,0
jake-kolodjashnij,2019,ND,KPD,24.0,93,6,62.27,81.1,74.7,72.94,63.88,74.7,70.16,0.58,1,0
matthew-fuller,2013,ND,SD,23.0,0,0,0.0,0.0,83.55,69.54,50.86,83.55,72.76,0.67,1,0
tom-barrass,2013,ND,KPD,18.0,0,0,85.97,1260.1,94.53,87.93,62.97,94.53,94.53,1.0,1,0
tom-barrass,2014,ND,KPD,19.0,0,1,85.97,1436.5,94.53,87.51,64.38,94.53,94.53,1.0,1,0
tom-barrass,2015,ND,KPD,20.0,3,2,85.97,1620.4,95.42,85.57,63.8,95.42,95.42,1.0,1,0
tom-barrass,2016,ND,KPD,21.0,13,3,85.97,1698.5,97.75,88.48,73.09,97.75,94.79,0.88,1,0
tom-barrass,2017,ND,KPD,22.0,32,4,85.97,1748.6,95.39,90.55,81.34,95.39,92.02,0.76,1,0
tom-barrass,2018,ND,KPD,23.0,51,5,85.97,1727.0,96.56,92.17,84.19,96.56,92.59,0.679,1,0
tom-barrass,2019,ND,KPD,24.0,65,6,85.97,1745.0,91.74,89.5,83.67,91.74,88.42,0.589,1,0
aliir-aliir,2013,ND,KPD,19.0,0,0,83.2,973.3,94.53,87.51,64.19,94.53,94.53,1.0,1,0
aliir-aliir,2014,ND,KPD,20.0,0,1,83.2,1109.5,90.55,82.25,60.3,90.55,90.55,1.0,1,0
aliir-aliir,2015,ND,KPD,21.0,0,2,83.2,1264.9,93.88,78.41,59.84,93.88,89.79,0.88,1,0
aliir-aliir,2016,ND,KPD,22.0,13,3,83.2,1384.6,87.47,79.09,64.57,87.47,81.98,0.76,1,0
aliir-aliir,2017,ND,KPD,23.0,16,4,83.2,1576.0,84.2,74.89,63.82,84.2,77.48,0.67,1,0
aliir-aliir,2018,ND,KPD,24.0,28,5,83.2,1369.6,94.84,88.62,76.88,94.84,88.15,0.628,1,0
aliir-aliir,2019,ND,KPD,25.0,50,6,82.2,1218.2,94.75,93.52,80.74,94.75,88.81,0.576,1,0
mitchell-harvey,2013,ND,KPF,18.0,0,0,0.0,0.0,92.51,82.67,40.99,92.51,92.51,1.0,1,0
riley-knight,2013,ND,MID,18.0,0,0,62.53,22.0,106.38,88.96,55.73,106.38,106.38,1.0,1,0
riley-knight,2014,ND,MID,19.0,0,1,62.53,25.1,106.38,89.45,60.74,106.38,106.38,1.0,1,0
riley-knight,2015,ND,MID,20.0,11,2,62.53,27.7,105.84,90.18,63.81,105.84,105.84,1.0,1,0
riley-knight,2016,ND,MID,21.0,12,3,62.53,31.6,103.0,80.97,52.19,103.0,96.91,0.88,1,0
riley-knight,2017,ND,MID,22.0,31,4,62.53,30.1,98.79,89.68,67.49,98.79,91.28,0.76,1,0
riley-knight,2018,ND,MID,23.0,39,5,63.8,15.0,93.74,86.13,67.2,93.74,84.98,0.67,1,0
riley-knight,2019,ND,MID,24.0,54,6,63.4,0.0,87.42,80.73,65.52,87.42,78.22,0.58,1,0
ben-brown,2013,ND,KPF,20.0,0,0,79.87,1164.0,89.4,77.86,52.76,89.4,89.4,1.0,1,0
ben-brown,2014,ND,KPF,21.0,11,1,79.87,1233.5,94.49,76.42,59.1,94.49,90.24,0.88,1,0
ben-brown,2015,ND,KPF,22.0,33,2,79.87,1318.3,92.04,82.99,68.9,92.04,86.49,0.76,1,0
ben-brown,2016,ND,KPF,23.0,55,3,79.87,1198.3,95.77,90.08,77.77,95.77,89.95,0.677,1,0
ben-brown,2017,ND,KPF,24.0,77,4,79.87,992.3,98.21,92.67,83.81,98.21,92.76,0.621,1,0
ben-brown,2018,ND,KPF,25.0,99,5,78.37,586.0,99.99,95.89,86.94,99.99,95.05,0.622,1,0
ben-brown,2019,ND,KPF,26.0,121,6,71.03,224.2,100.45,94.57,86.42,100.45,94.43,0.571,1,0
dylan-main,2013,ND,SD,18.0,0,0,0.0,0.0,101.28,83.94,57.25,101.28,101.28,1.0,1,0
nicholas-holman,2013,ND,SF,18.0,0,0,66.8,52.3,90.25,78.35,51.27,90.25,90.25,1.0,1,0
nicholas-holman,2014,ND,SF,19.0,1,1,66.8,59.6,88.53,79.69,55.05,88.53,88.53,1.0,1,0
nicholas-holman,2015,ND,SF,20.0,9,2,66.8,67.9,84.22,72.03,51.54,84.22,84.22,1.0,1,0
nicholas-holman,2016,ND,SF,21.0,9,3,66.8,77.4,85.46,68.3,51.2,85.46,81.35,0.88,1,0
nicholas-holman,2017,ND,SF,22.0,9,4,66.8,88.3,81.27,69.71,51.77,81.27,74.19,0.76,1,0
nicholas-holman,2018,ND,SF,23.0,31,5,66.8,97.6,87.0,81.31,69.19,87.0,81.12,0.67,1,0
nicholas-holman,2019,ND,SF,24.0,43,6,66.1,61.8,83.46,80.52,68.0,83.46,76.97,0.58,1,0
darcy-byrne-jones,2013,ND,SD,18.0,0,0,84.31,434.3,101.28,83.94,57.71,101.28,101.28,1.0,1,0
darcy-byrne-jones,2014,ND,SD,19.0,0,1,84.31,495.1,101.28,86.23,61.3,101.28,101.28,1.0,1,0
darcy-byrne-jones,2015,ND,SD,20.0,0,2,84.31,564.4,97.49,81.89,57.67,97.49,97.49,1.0,1,0
darcy-byrne-jones,2016,ND,SD,21.0,20,3,84.31,641.6,102.53,91.23,69.76,102.53,98.6,0.88,1,0
darcy-byrne-jones,2017,ND,SD,22.0,43,4,84.31,727.2,97.77,90.51,75.37,97.77,92.4,0.76,1,0
darcy-byrne-jones,2018,ND,SD,23.0,64,5,84.31,806.0,98.12,91.29,76.98,98.12,91.14,0.67,1,0
darcy-byrne-jones,2019,ND,SD,24.0,86,6,84.31,581.2,105.12,101.95,91.06,105.12,99.21,0.58,1,0
orazio-fantasia,2013,ND,SF,18.0,0,0,75.37,350.9,90.25,78.35,50.68,90.25,90.25,1.0,1,0
orazio-fantasia,2014,ND,SF,19.0,3,1,75.37,400.0,86.3,70.02,49.72,86.3,86.3,1.0,1,0
orazio-fantasia,2015,ND,SF,20.0,8,2,75.37,435.6,91.56,80.3,58.21,91.56,91.56,1.0,1,0
orazio-fantasia,2016,ND,SF,21.0,27,3,75.37,484.7,98.11,89.64,75.89,98.11,95.45,0.88,1,0
orazio-fantasia,2017,ND,SF,22.0,47,4,72.1,389.6,95.17,89.21,76.97,95.17,90.8,0.76,1,0
orazio-fantasia,2018,ND,SF,23.0,60,5,67.2,8.7,102.63,96.91,83.18,102.63,96.71,0.696,1,0
orazio-fantasia,2019,ND,SF,24.0,75,6,58.67,6.3,81.31,75.95,67.58,81.31,75.55,0.58,1,0
james-sicily,2013,ND,SD,18.0,0,0,110.7,2550.7,99.29,82.11,52.29,99.29,99.29,1.0,1,0
james-sicily,2014,ND,SD,19.0,0,1,110.7,2907.8,99.29,84.58,59.59,99.29,99.29,1.0,1,0
james-sicily,2015,ND,SD,20.0,3,2,110.7,3312.6,98.88,81.64,57.57,98.88,98.88,1.0,1,0
james-sicily,2016,ND,SD,21.0,25,3,110.7,3760.8,102.67,92.37,72.27,102.67,99.02,0.88,1,0
james-sicily,2017,ND,SD,22.0,44,4,110.7,4121.8,102.26,93.69,77.38,102.26,96.29,0.76,1,0
james-sicily,2018,ND,SD,23.0,60,5,110.7,3662.4,118.71,113.68,100.95,118.71,114.09,0.74,1,0
james-sicily,2019,ND,SD,24.0,82,6,110.13,3652.5,117.97,113.98,103.99,117.97,113.57,0.685,1,0
jayden-hunt,2013,ND,SD,18.0,0,0,71.33,36.1,99.29,82.11,52.29,99.29,99.29,1.0,1,0
jayden-hunt,2014,ND,SD,19.0,0,1,71.33,41.2,99.29,84.58,59.59,99.29,99.29,1.0,1,0
jayden-hunt,2015,ND,SD,20.0,0,2,71.33,47.0,94.5,79.32,56.46,94.5,94.5,1.0,1,0
jayden-hunt,2016,ND,SD,21.0,19,3,71.33,48.4,99.73,86.31,68.17,99.73,95.95,0.88,1,0
jayden-hunt,2017,ND,SD,22.0,41,4,71.33,37.6,101.47,92.24,75.69,101.47,95.28,0.76,1,0
jayden-hunt,2018,ND,SD,23.0,47,5,67.17,42.8,90.31,82.92,69.07,90.31,83.3,0.67,1,0
jayden-hunt,2019,ND,SD,24.0,68,6,67.17,48.5,81.66,77.54,66.29,81.66,75.2,0.58,1,0
brady-grey,2013,ND,SD,18.0,0,0,46.2,1.1,99.11,82.12,48.95,99.11,99.11,1.0,1,0
brady-grey,2014,ND,SD,19.0,0,1,46.2,1.3,99.11,84.58,57.48,99.11,99.11,1.0,1,0
brady-grey,2015,ND,SD,20.0,1,2,46.2,1.2,94.65,80.11,57.01,94.65,94.65,1.0,1,0
brady-grey,2016,ND,SD,21.0,3,3,46.2,0.1,98.02,81.74,55.74,98.02,92.95,0.88,1,0
brady-grey,2017,ND,SD,22.0,17,4,46.2,0.1,87.77,73.71,55.61,87.77,80.05,0.76,1,0
brady-grey,2018,ND,SD,23.0,21,5,50.2,0.0,84.13,72.11,51.94,84.13,73.51,0.67,1,0
mitch-honeychurch,2013,ND,SF,18.0,0,0,60.17,54.5,93.3,81.07,50.47,93.3,93.3,1.0,1,0
mitch-honeychurch,2014,ND,SF,19.0,3,1,60.17,62.1,91.58,80.05,56.55,91.58,91.58,1.0,1,0
mitch-honeychurch,2015,ND,SF,20.0,14,2,60.17,70.0,91.82,78.73,57.18,91.82,91.82,1.0,1,0
mitch-honeychurch,2016,ND,SF,21.0,16,3,63.2,33.6,94.36,81.87,59.68,94.36,90.2,0.88,1,0
mitch-honeychurch,2017,ND,SF,22.0,22,4,63.2,4.7,90.06,80.3,60.23,90.06,82.9,0.76,1,0
mitch-honeychurch,2018,ND,SF,23.0,35,5,59.7,0.0,86.42,80.56,63.51,86.42,78.86,0.67,1,0
jonathan-freeman,2013,ND,KPF,19.0,0,0,40.5,0.0,92.44,78.88,49.39,92.44,92.44,1.0,1,0
jonathan-freeman,2014,ND,KPF,20.0,4,1,40.5,0.0,89.84,75.79,48.82,89.84,89.84,1.0,1,0
jonathan-freeman,2015,ND,KPF,21.0,10,2,40.5,0.0,89.33,75.89,45.58,89.33,84.08,0.88,1,0
jonathan-freeman,2016,ND,KPF,22.0,14,3,39.8,0.0,81.42,69.65,41.24,81.42,71.78,0.76,1,0
tom-langdon,2013,ND,SD,19.0,0,0,82.37,543.5,98.96,85.62,57.26,98.96,98.96,1.0,1,0
tom-langdon,2014,ND,SD,20.0,19,1,82.37,601.5,103.72,101.41,79.44,103.72,103.72,1.0,1,0
tom-langdon,2015,ND,SD,21.0,41,2,82.37,394.9,111.74,103.02,88.92,111.74,109.01,0.88,1,0
tom-langdon,2016,ND,SD,22.0,46,3,78.77,313.9,110.4,105.57,88.69,110.4,105.19,0.76,1,0
tom-langdon,2017,ND,SD,23.0,57,4,78.77,157.4,110.76,103.45,87.33,110.76,103.03,0.67,1,0
tom-langdon,2018,ND,SD,24.0,80,5,77.1,42.2,107.4,101.37,86.79,107.4,98.74,0.58,1,0
tom-langdon,2019,ND,SD,25.0,89,6,74.7,0.0,101.18,99.44,82.99,101.18,92.45,0.52,1,0
sam-lloyd,2013,ND,SF,23.0,0,0,74.67,230.0,73.57,57.71,47.42,73.57,64.94,0.67,1,0
sam-lloyd,2014,ND,SF,24.0,8,1,74.67,255.4,70.56,63.57,47.81,70.56,61.01,0.58,1,0
sam-lloyd,2015,ND,SF,25.0,20,2,74.67,290.8,68.52,59.66,50.58,68.52,59.91,0.52,1,0
sam-lloyd,2016,ND,SF,26.0,42,3,74.67,238.1,77.2,74.43,65.24,77.2,70.74,0.46,1,0
sam-lloyd,2017,ND,SF,27.0,50,4,72.3,258.3,75.29,69.42,60.57,75.29,66.46,0.4,1,0
sam-lloyd,2018,ND,SF,28.0,57,5,69.07,30.4,79.43,73.13,63.83,79.43,70.07,0.4,1,0
sam-lloyd,2019,ND,SF,29.0,80,6,64.1,0.5,83.13,79.39,67.11,83.13,73.52,0.4,1,0
karl-amon,2013,ND,SD,18.0,0,0,93.03,702.5,98.69,81.69,45.04,98.69,98.69,1.0,1,0
karl-amon,2014,ND,SD,19.0,0,1,93.03,800.8,98.69,84.95,57.04,98.69,98.69,1.0,1,0
karl-amon,2015,ND,SD,20.0,7,2,93.03,912.9,95.84,82.81,57.23,95.84,95.84,1.0,1,0
karl-amon,2016,ND,SD,21.0,22,3,93.03,1034.4,100.51,88.19,67.43,100.51,96.54,0.88,1,0
karl-amon,2017,ND,SD,22.0,36,4,93.03,1121.9,97.63,91.16,72.17,97.63,91.52,0.76,1,0
karl-amon,2018,ND,SD,23.0,42,5,93.03,1279.0,90.19,83.52,67.05,90.19,82.56,0.67,1,0
karl-amon,2019,ND,SD,24.0,59,6,93.03,1399.3,97.78,93.11,80.01,97.78,90.32,0.58,1,0
jonathon-marsh,2013,ND,KPD,18.0,0,0,56.8,9.8,91.39,80.37,45.9,91.39,91.39,1.0,1,0
jonathon-marsh,2014,ND,KPD,19.0,0,1,56.8,11.1,91.39,83.01,59.67,91.39,91.39,1.0,1,0
jonathon-marsh,2015,ND,KPD,20.0,5,2,56.8,12.6,88.88,78.81,58.11,88.88,88.88,1.0,1,0
jonathon-marsh,2016,ND,KPD,21.0,15,3,56.8,1.0,88.23,76.84,62.89,88.23,85.19,0.88,1,0
jonathon-marsh,2017,ND,KPD,22.0,15,4,53.5,1.2,78.71,69.36,56.4,78.71,73.35,0.76,1,0
jonathon-marsh,2018,ND,KPD,23.0,15,5,53.5,1.3,76.59,68.46,53.92,76.59,69.11,0.67,1,0
jonathon-marsh,2019,ND,KPD,24.0,20,6,53.5,1.1,71.04,62.72,48.5,71.04,61.57,0.58,1,0
jake-barrett,2013,ND,MID,18.0,0,0,63.3,1.2,103.33,80.72,42.18,103.33,103.33,1.0,1,0
jake-barrett,2014,ND,MID,19.0,0,1,63.3,1.3,103.33,84.26,57.22,103.33,103.33,1.0,1,0
jake-barrett,2015,ND,MID,20.0,1,2,63.3,1.5,100.71,85.93,54.18,100.71,100.71,1.0,1,0
jake-barrett,2016,ND,MID,21.0,1,3,63.3,1.7,98.55,82.69,55.33,98.55,93.37,0.88,1,0
jake-barrett,2017,ND,MID,22.0,18,4,63.3,1.1,98.89,88.65,65.14,98.89,90.79,0.76,1,0
jake-barrett,2018,ND,MID,23.0,23,5,56.4,0.0,90.32,80.71,61.81,90.32,80.91,0.67,1,0
james-harmes,2013,RD,MID,18.0,0,0,89.1,752.6,112.82,94.9,52.22,112.82,112.82,1.0,1,0
james-harmes,2014,RD,MID,19.0,0,1,89.1,857.9,112.82,94.86,66.85,112.82,112.82,1.0,1,0
james-harmes,2015,RD,MID,20.0,8,2,89.1,978.0,105.98,92.27,61.32,105.98,105.98,1.0,1,0
james-harmes,2016,RD,MID,21.0,27,3,89.1,1034.1,110.66,101.51,80.33,110.66,107.02,0.88,1,0
james-harmes,2017,RD,MID,22.0,44,4,89.1,1144.7,108.35,100.53,80.8,108.35,101.74,0.76,1,0
james-harmes,2018,RD,MID,23.0,69,5,89.1,799.3,115.65,107.23,94.62,115.65,108.71,0.67,1,0
james-harmes,2019,RD,MID,24.0,91,6,84.5,402.6,120.27,113.96,100.97,120.27,113.71,0.661,1,0
eli-templeton,2013,RD,SF,18.0,0,0,39.0,0.0,97.91,83.99,50.25,97.91,97.91,1.0,1,0
eli-templeton,2014,RD,SF,19.0,6,1,39.0,0.0,90.45,83.27,57.21,90.45,90.45,1.0,1,0
eli-templeton,2015,RD,SF,20.0,12,2,36.3,0.0,85.11,75.05,54.4,85.11,85.11,1.0,1,0
eli-templeton,2016,RD,SF,21.0,14,3,40.0,0.0,84.64,69.2,50.0,84.64,80.49,0.88,1,0
louis-herbert,2013,RD,SF,19.0,0,0,17.0,0.0,97.91,85.19,61.5,97.91,97.91,1.0,1,0
louis-herbert,2014,RD,SF,20.0,3,1,17.0,0.0,87.71,71.76,51.78,87.71,87.71,1.0,1,0
will-maginness,2013,RD,SF,18.0,0,0,0.0,0.0,97.91,83.99,50.25,97.91,97.91,1.0,1,0
isaac-conway,2013,RD,KPF,18.0,0,0,0.0,0.0,105.48,97.39,61.85,105.48,105.48,1.0,1,0
charlie-cameron,2013,RD,SF,19.0,0,0,75.83,596.6,97.91,85.19,61.5,97.91,97.91,1.0,1,0
charlie-cameron,2014,RD,SF,20.0,7,1,75.83,678.8,94.07,83.16,58.74,94.07,94.07,1.0,1,0
charlie-cameron,2015,RD,SF,21.0,29,2,75.83,771.7,92.14,84.2,64.56,92.14,88.83,0.88,1,0
charlie-cameron,2016,RD,SF,22.0,49,3,75.83,709.4,95.09,88.13,71.82,95.09,89.5,0.76,1,0
charlie-cameron,2017,RD,SF,23.0,73,4,75.83,738.0,90.25,86.41,72.08,90.25,84.25,0.67,1,0
charlie-cameron,2018,RD,SF,24.0,84,5,75.83,719.5,88.08,82.31,70.99,88.08,80.9,0.58,1,0
charlie-cameron,2019,RD,SF,25.0,108,6,75.83,537.6,94.7,88.49,80.26,94.7,87.94,0.532,1,0
fraser-thurlow,2013,RD,MID,21.0,0,0,0.0,0.0,101.41,83.1,53.03,101.41,95.61,0.88,1,0
luke-reynolds,2013,RD,SF,18.0,0,0,0.0,0.0,97.91,83.99,50.25,97.91,97.91,1.0,1,0
sam-russell,2013,RD,RUCK,18.0,0,0,0.0,0.0,115.06,103.63,54.35,115.06,115.06,1.0,1,0
james-toohey,2013,RD,KPD,19.0,0,0,0.0,0.0,103.09,97.58,79.88,103.09,103.09,1.0,1,0
michael-wood,2013,RD,SD,19.0,0,0,0.0,0.0,108.91,97.97,76.77,108.91,108.91,1.0,1,0
dallas-willsmore,2013,RD,SD,18.0,0,0,36.0,0.0,108.91,98.01,61.68,108.91,108.91,1.0,1,0
dallas-willsmore,2014,RD,SD,19.0,0,1,36.0,0.0,108.91,97.97,76.77,108.91,108.91,1.0,1,0
dallas-willsmore,2015,RD,SD,20.0,0,2,36.0,0.0,102.54,91.23,71.23,102.54,102.54,1.0,1,0
dallas-willsmore,2016,RD,SD,21.0,0,3,36.0,0.0,100.4,85.93,66.31,100.4,96.31,0.88,1,0
dallas-willsmore,2017,RD,SD,22.0,2,4,36.0,0.0,90.27,79.67,60.56,90.27,83.14,0.76,1,0
max-king-1,2013,RD,SF,18.0,0,0,0.0,0.0,97.91,83.99,50.25,97.91,97.91,1.0,1,0
rowen-powell,2013,RD,MID,18.0,0,0,0.0,0.0,112.82,94.9,52.22,112.82,112.82,1.0,1,0
zac-o-brien,2013,RD,MID,23.0,0,0,53.0,0.3,86.27,74.81,47.39,86.27,73.44,0.67,1,0
zac-o-brien,2014,RD,MID,24.0,5,1,53.0,0.0,80.73,71.89,44.45,80.73,65.49,0.58,1,0
zac-o-brien,2015,RD,MID,25.0,13,2,53.0,0.0,81.32,71.92,46.62,81.32,64.66,0.52,1,0
james-battersby,2013,RD,MID,18.0,0,0,0.0,0.0,112.82,94.9,52.22,112.82,112.82,1.0,1,0
kayne-turner,2013,RD,SF,18.0,0,0,62.37,11.5,97.91,83.99,50.25,97.91,97.91,1.0,1,0
kayne-turner,2014,RD,SF,19.0,6,1,62.37,12.2,97.14,91.17,66.0,97.14,97.14,1.0,1,0
kayne-turner,2015,RD,SF,20.0,19,2,58.1,13.6,91.71,86.15,64.07,91.71,91.71,1.0,1,0
kayne-turner,2016,RD,SF,21.0,21,3,58.1,15.4,91.1,79.11,60.33,91.1,87.41,0.88,1,0
kayne-turner,2017,RD,SF,22.0,36,4,58.1,6.2,87.94,82.63,64.83,87.94,82.39,0.76,1,0
kayne-turner,2018,RD,SF,23.0,58,5,54.23,6.8,74.31,67.46,54.83,74.31,67.88,0.67,1,0
kayne-turner,2019,RD,SF,24.0,79,6,53.73,0.4,73.61,71.35,60.8,73.61,68.23,0.58,1,0
sam-gray,2013,RD,SF,21.0,0,0,81.6,822.6,89.88,75.0,55.43,89.88,85.74,0.88,1,0
sam-gray,2014,RD,SF,22.0,7,1,81.6,937.7,81.83,73.27,55.06,81.83,75.4,0.76,1,0
sam-gray,2015,RD,SF,23.0,17,2,81.6,470.1,94.63,85.68,72.82,94.63,88.15,0.703,1,0
sam-gray,2016,RD,SF,24.0,34,3,75.63,187.2,95.95,93.88,75.46,95.95,88.52,0.637,1,0
sam-gray,2017,RD,SF,25.0,56,4,72.27,174.3,93.83,87.23,77.26,93.83,86.21,0.54,1,0
sam-gray,2018,RD,SF,26.0,75,5,64.23,103.3,87.83,83.89,75.19,87.83,81.01,0.46,1,0
sam-gray,2019,RD,SF,27.0,95,6,61.3,0.3,83.13,80.87,70.26,83.13,75.41,0.4,1,0
nick-bourke,2013,RD,SF,18.0,0,0,0.0,0.0,97.91,83.99,50.25,97.91,97.91,1.0,1,0
thomas-vandeleur,2013,RD,SF,18.0,0,0,0.0,0.0,97.91,83.99,50.25,97.91,97.91,1.0,1,0
alexis-georgiou,2013,RD,KPF,23.0,0,0,45.1,0.1,84.57,75.82,61.27,84.57,76.88,0.67,1,0
alexis-georgiou,2014,RD,KPF,24.0,7,1,45.1,0.0,76.48,69.95,53.64,76.48,66.89,0.58,1,0
jake-kelly,2013,RD,SD,18.0,0,0,70.17,30.6,108.91,98.01,61.68,108.91,108.91,1.0,1,0
jake-kelly,2014,RD,SD,19.0,0,1,70.17,34.9,108.91,97.97,76.77,108.91,108.91,1.0,1,0
jake-kelly,2015,RD,SD,20.0,10,2,70.17,39.8,100.42,86.51,63.14,100.42,100.42,1.0,1,0
jake-kelly,2016,RD,SD,21.0,10,3,70.17,45.3,100.12,84.0,58.09,100.12,95.08,0.88,1,0
jake-kelly,2017,RD,SD,22.0,34,4,70.17,51.1,95.39,87.14,68.25,95.39,88.88,0.76,1,0
jake-kelly,2018,RD,SD,23.0,53,5,70.17,52.8,93.65,87.41,72.44,93.65,86.65,0.67,1,0
jake-kelly,2019,RD,SD,24.0,75,6,68.77,8.2,96.02,90.64,76.75,96.02,87.93,0.58,1,0
blaine-johnson,2013,RD,MID,18.0,0,0,32.8,0.0,112.82,94.9,52.22,112.82,112.82,1.0,1,0
blaine-johnson,2014,RD,MID,19.0,5,1,32.8,0.0,107.41,90.59,59.51,107.41,107.41,1.0,1,0
blaine-johnson,2015,RD,MID,20.0,7,2,32.0,0.0,102.69,85.95,53.35,102.69,102.69,1.0,1,0
zac-bates,2013,RD,RUCK,18.0,0,0,0.0,0.0,115.06,103.63,54.35,115.06,115.06,1.0,1,0
jacob-ballard,2013,RD,KPD,19.0,0,0,15.0,0.0,103.09,97.58,79.88,103.09,103.09,1.0,1,0
jacob-ballard,2014,RD,KPD,20.0,0,1,15.0,0.0,97.65,90.86,74.34,97.65,97.65,1.0,1,0
jacob-ballard,2015,RD,KPD,21.0,1,2,15.0,0.0,93.74,83.95,66.11,93.74,90.43,0.88,1,0
zac-webster,2013,RD,SD,18.0,0,0,0.0,0.0,108.91,98.01,61.68,108.91,108.91,1.0,1,0
alex-spina,2013,RD,SD,18.0,0,0,0.0,0.0,108.91,98.01,61.68,108.91,108.91,1.0,1,0
ben-ross,2013,RD,SF,25.0,0,0,25.0,0.0,69.65,63.25,51.44,69.65,60.91,0.52,1,0
ben-ross,2014,RD,SF,26.0,4,1,25.0,0.0,64.93,55.78,41.66,64.93,52.36,0.46,1,0
lloyd-perris,2013,PDA,MID,19.0,0,0,0.0,0.0,112.82,94.86,66.85,112.82,112.82,1.0,0,1
jared-ellis,2013,PDA,MID,18.0,0,0,0.0,0.0,112.82,94.9,52.22,112.82,112.82,1.0,0,1
archie-smith,2013,PDA,RUCK,18.0,0,0,45.3,47.5,115.06,103.63,54.35,115.06,115.06,1.0,0,1
archie-smith,2014,PDA,RUCK,19.0,0,1,45.3,54.1,115.06,104.01,74.36,115.06,115.06,1.0,0,1
archie-smith,2015,PDA,RUCK,20.0,0,2,45.3,61.7,110.94,99.7,72.41,110.94,110.94,1.0,0,1
archie-smith,2016,PDA,RUCK,21.0,3,3,45.3,0.0,112.15,95.71,71.46,112.15,107.27,0.88,0,1
archie-smith,2017,PDA,RUCK,22.0,9,4,45.3,0.0,109.44,95.11,67.97,109.44,99.49,0.76,0,1
archie-smith,2018,PDA,RUCK,23.0,9,5,55.0,0.0,108.0,92.01,67.29,108.0,94.56,0.67,0,1
archie-smith,2019,PDA,RUCK,24.0,11,6,55.0,0.0,102.24,90.76,64.54,102.24,86.41,0.58,0,1
shem-tatupu,2013,UNR,RUCK,18.0,0,0,0.0,0.0,115.06,103.63,54.35,115.06,115.06,1.0,0,1
johnny-rayner,2013,UNR,RUCK,22.0,0,0,0.0,0.0,106.93,90.76,67.78,106.93,97.54,0.76,0,1
patrick-mitchell,2013,UNR,RUCK,24.0,0,0,0.0,0.0,100.49,88.22,61.3,100.49,84.03,0.58,0,1
michael-luxford,2013,UNR,MID,18.0,0,0,12.5,0.0,112.82,94.9,52.22,112.82,112.82,1.0,0,1
michael-luxford,2014,UNR,MID,19.0,0,1,12.5,0.0,112.82,94.86,66.85,112.82,112.82,1.0,0,1
michael-luxford,2015,UNR,MID,20.0,2,2,12.5,0.0,103.4,88.34,54.23,103.4,103.4,1.0,0,1
jason-holmes,2013,UNR,RUCK,24.0,0,0,56.5,0.0,100.49,88.22,61.3,100.49,84.03,0.58,0,1
jason-holmes,2014,UNR,RUCK,25.0,0,1,56.5,0.1,94.82,87.24,60.88,94.82,78.53,0.52,0,1
jason-holmes,2015,UNR,RUCK,26.0,3,2,56.5,0.1,91.44,83.66,53.52,91.44,70.96,0.46,0,1
jason-holmes,2016,UNR,RUCK,27.0,5,3,56.5,0.0,89.26,83.04,53.95,89.26,68.07,0.4,0,1
kurt-heatherley,2013,UNR,KPD,19.0,0,0,60.0,3.4,103.09,97.58,79.88,103.09,103.09,1.0,0,1
kurt-heatherley,2014,UNR,KPD,20.0,0,1,60.0,3.8,97.65,90.86,74.34,97.65,97.65,1.0,0,1
kurt-heatherley,2015,UNR,KPD,21.0,0,2,60.0,4.4,98.07,84.5,69.42,98.07,94.64,0.88,0,1
kurt-heatherley,2016,UNR,KPD,22.0,1,3,60.0,0.9,88.39,80.01,64.5,88.39,82.65,0.76,0,1
kurt-heatherley,2017,UNR,KPD,23.0,5,4,53.5,0.0,83.02,73.84,57.32,83.02,74.54,0.67,0,1
ciaran-sheehan,2013,IRE,SD,23.0,0,0,68.0,2.2,87.52,77.72,60.57,87.52,78.62,0.67,0,1
ciaran-sheehan,2014,IRE,SD,24.0,4,1,68.0,0.0,83.69,75.52,58.1,83.69,72.94,0.58,0,1
ciaran-sheehan,2015,IRE,SD,25.0,4,2,40.0,0.0,81.06,72.26,55.98,81.06,69.02,0.52,0,1
ciaran-sheehan,2016,IRE,SD,26.0,4,3,40.0,0.0,76.55,70.39,55.82,76.55,65.35,0.46,0,1
ciaran-sheehan,2017,IRE,SD,27.0,6,4,40.0,0.0,71.02,63.42,47.9,71.02,57.15,0.4,0,1
daniel-flynn,2013,IRE,SD,19.0,0,0,0.0,0.0,108.91,97.97,76.77,108.91,108.91,1.0,0,1
ciaran-byrne,2013,IRE,SD,19.0,0,0,65.45,4.8,108.91,97.97,76.77,108.91,108.91,1.0,0,1
ciaran-byrne,2014,IRE,SD,20.0,0,1,65.45,5.5,102.54,91.23,71.23,102.54,102.54,1.0,0,1
ciaran-byrne,2015,IRE,SD,21.0,1,2,65.45,6.2,100.09,86.46,62.04,100.09,95.52,0.88,0,1
ciaran-byrne,2016,IRE,SD,22.0,12,3,65.45,1.0,98.24,85.59,67.65,98.24,90.9,0.76,0,1
ciaran-byrne,2017,IRE,SD,23.0,15,4,63.4,1.2,89.97,77.53,60.89,89.97,80.37,0.67,0,1
ciaran-byrne,2018,IRE,SD,24.0,22,5,63.4,0.0,88.02,77.45,62.71,88.02,77.39,0.58,0,1
lachie-whitfield,2012,ND,SD,18.0,0,0,109.33,2488.3,111.3,112.52,99.92,112.52,112.52,1.0,1,0
lachie-whitfield,2013,ND,SD,19.0,19,1,109.33,2817.5,113.26,114.84,104.19,114.84,114.84,1.0,1,0
lachie-whitfield,2014,ND,SD,20.0,30,2,109.33,3114.6,112.24,112.19,99.84,112.24,112.24,1.0,1,0
lachie-whitfield,2015,ND,SD,21.0,51,3,109.33,3479.9,111.87,109.5,96.8,111.87,110.07,0.88,1,0
lachie-whitfield,2016,ND,SD,22.0,72,4,109.33,3769.2,111.02,109.4,98.11,111.02,107.92,0.76,1,0
lachie-whitfield,2017,ND,SD,23.0,90,5,109.33,3791.2,113.4,112.31,102.62,113.4,110.47,0.729,1,0
lachie-whitfield,2018,ND,SD,24.0,114,6,109.33,3599.0,116.78,116.96,111.46,116.96,115.55,0.743,1,0
lachie-whitfield,2019,ND,SD,25.0,133,7,109.33,3213.3,116.86,118.36,110.98,118.36,116.56,0.756,1,0
jonathan-o-rourke,2012,ND,MID,18.0,0,0,46.75,0.1,119.95,118.28,101.21,119.95,119.95,1.0,1,0
jonathan-o-rourke,2013,ND,MID,19.0,1,1,46.75,0.2,118.64,112.11,95.49,118.64,118.64,1.0,1,0
jonathan-o-rourke,2014,ND,MID,20.0,9,2,46.75,0.2,107.81,97.95,74.47,107.81,107.81,1.0,1,0
jonathan-o-rourke,2015,ND,MID,21.0,11,3,55.1,0.0,105.53,94.73,64.26,105.53,100.58,0.88,1,0
jonathan-o-rourke,2016,ND,MID,22.0,18,4,55.1,0.0,99.93,86.59,64.22,99.93,91.36,0.76,1,0
jonathan-o-rourke,2017,ND,MID,23.0,18,5,48.0,0.0,97.9,86.09,55.27,97.9,83.83,0.67,1,0
jonathan-o-rourke,2018,ND,MID,24.0,21,6,48.0,0.0,84.34,73.67,46.96,84.34,68.64,0.58,1,0
jack-martin,2012,ND,SF,18.0,0,0,81.83,849.2,100.39,101.8,84.15,101.8,101.8,1.0,1,0
jack-martin,2013,ND,SF,19.0,0,1,81.83,968.1,100.39,100.72,82.13,100.72,100.72,1.0,1,0
jack-martin,2014,ND,SF,20.0,11,2,81.83,1103.6,98.15,94.91,80.42,98.15,98.15,1.0,1,0
jack-martin,2015,ND,SF,21.0,23,3,81.83,1131.9,102.02,100.58,83.54,102.02,99.81,0.88,1,0
jack-martin,2016,ND,SF,22.0,44,4,81.83,1100.1,98.2,99.74,86.38,99.74,96.53,0.76,1,0
jack-martin,2017,ND,SF,23.0,66,5,81.83,869.2,104.15,99.77,89.52,104.15,99.78,0.702,1,0
jack-martin,2018,ND,SF,24.0,81,6,80.5,622.6,102.46,98.41,85.44,102.46,96.17,0.63,1,0
jack-martin,2019,ND,SF,25.0,97,7,76.27,435.3,98.28,96.05,80.31,98.28,90.36,0.559,1,0
lachlan-plowman,2012,ND,SD,18.0,0,0,67.9,166.1,113.79,113.92,95.01,113.92,113.92,1.0,1,0
lachlan-plowman,2013,ND,SD,19.0,6,1,67.9,189.3,108.85,106.34,84.72,108.85,108.85,1.0,1,0
lachlan-plowman,2014,ND,SD,20.0,18,2,67.9,215.3,103.37,100.61,75.85,103.37,103.37,1.0,1,0
lachlan-plowman,2015,ND,SD,21.0,20,3,67.9,233.2,101.66,91.04,71.81,101.66,98.08,0.88,1,0
lachlan-plowman,2016,ND,SD,22.0,39,4,67.9,260.9,95.45,89.88,72.56,95.45,89.96,0.76,1,0
lachlan-plowman,2017,ND,SD,23.0,60,5,67.9,240.1,91.37,88.21,73.31,91.37,85.41,0.67,1,0
lachlan-plowman,2018,ND,SD,24.0,73,6,67.37,235.6,85.76,82.48,69.83,85.76,79.07,0.58,1,0
lachlan-plowman,2019,ND,SD,25.0,94,7,65.2,65.6,91.62,88.01,73.05,91.62,82.71,0.52,1,0
jesse-hogan,2012,ND,KPF,18.0,0,0,90.07,1545.6,92.81,85.22,51.97,92.81,92.81,1.0,1,0
jesse-hogan,2013,ND,KPF,19.0,0,1,90.07,1762.0,92.81,85.11,62.78,92.81,92.81,1.0,1,0
jesse-hogan,2014,ND,KPF,20.0,0,2,90.07,2008.7,94.76,85.2,64.05,94.76,94.76,1.0,1,0
jesse-hogan,2015,ND,KPF,21.0,20,3,90.07,1882.5,109.66,102.75,88.77,109.66,107.36,0.89,1,0
jesse-hogan,2016,ND,KPF,22.0,41,4,90.07,1777.8,107.0,102.8,92.39,107.0,104.01,0.795,1,0
jesse-hogan,2017,ND,KPF,23.0,51,5,90.07,1849.0,99.76,96.63,81.15,99.76,94.09,0.695,1,0
jesse-hogan,2018,ND,KPF,24.0,71,6,90.07,1317.1,107.44,102.52,94.52,107.44,104.01,0.735,1,0
jesse-hogan,2019,ND,KPF,25.0,83,7,85.03,1478.5,93.34,88.12,78.32,93.34,86.66,0.555,1,0
jimmy-toumpas,2012,ND,MID,18.0,0,0,53.53,0.9,114.98,107.37,85.19,114.98,114.98,1.0,1,0
jimmy-toumpas,2013,ND,MID,19.0,14,1,53.53,1.0,109.12,101.66,74.25,109.12,109.12,1.0,1,0
jimmy-toumpas,2014,ND,MID,20.0,18,2,58.0,1.0,107.54,98.74,73.32,107.54,107.54,1.0,1,0
jimmy-toumpas,2015,ND,MID,21.0,27,3,58.0,0.5,105.37,94.4,68.69,105.37,100.97,0.88,1,0
jimmy-toumpas,2016,ND,MID,22.0,35,4,62.4,0.0,100.12,92.94,69.24,100.12,92.71,0.76,1,0
jimmy-toumpas,2017,ND,MID,23.0,37,5,53.5,0.0,94.31,83.96,63.78,94.31,84.23,0.67,1,0
jake-stringer,2012,ND,SF,18.0,0,0,80.73,682.4,100.63,93.54,74.56,100.63,100.63,1.0,1,0
jake-stringer,2013,ND,SF,19.0,10,1,80.73,777.9,92.0,88.58,68.74,92.0,92.0,1.0,1,0
jake-stringer,2014,ND,SF,20.0,28,2,80.73,806.0,102.4,94.99,85.89,102.4,102.4,1.0,1,0
jake-stringer,2015,ND,SF,21.0,50,3,80.73,647.1,101.4,95.08,86.11,101.4,99.57,0.88,1,0
jake-stringer,2016,ND,SF,22.0,73,4,78.5,593.5,97.64,91.98,84.23,97.64,94.42,0.76,1,0
jake-stringer,2017,ND,SF,23.0,89,5,77.65,650.8,92.76,86.38,75.7,92.76,87.13,0.67,1,0
jake-stringer,2018,ND,SF,24.0,109,6,77.65,634.8,88.04,82.88,74.82,88.04,82.49,0.58,1,0
jake-stringer,2019,ND,SF,25.0,128,7,77.18,642.9,84.51,79.09,70.8,84.51,77.93,0.52,1,0
jackson-macrae,2012,ND,MID,18.0,0,0,126.63,5243.8,115.51,108.17,82.98,115.51,115.51,1.0,1,0
jackson-macrae,2013,ND,MID,19.0,13,1,126.63,5977.5,117.58,111.02,90.04,117.58,117.58,1.0,1,0
jackson-macrae,2014,ND,MID,20.0,34,2,126.63,6164.7,123.57,119.95,110.32,123.57,123.57,1.0,1,0
jackson-macrae,2015,ND,MID,21.0,55,3,126.63,6395.1,125.78,121.0,111.63,125.78,124.65,0.921,1,0
jackson-macrae,2016,ND,MID,22.0,77,4,126.63,6753.7,124.01,119.41,109.35,124.01,121.51,0.83,1,0
jackson-macrae,2017,ND,MID,23.0,99,5,126.63,6590.8,126.71,122.28,115.48,126.71,124.76,0.826,1,0
jackson-macrae,2018,ND,MID,24.0,118,6,126.63,5614.4,127.79,125.47,121.5,127.79,126.73,0.832,1,0
jackson-macrae,2019,ND,MID,25.0,141,7,124.03,4732.9,127.47,124.15,121.09,127.47,126.25,0.808,1,0
joe-daniher,2012,ND,KPF,18.0,0,0,85.17,853.6,88.33,79.89,50.42,88.33,88.33,1.0,1,0
joe-daniher,2013,ND,KPF,19.0,5,1,85.17,972.3,88.33,80.1,64.81,88.33,88.33,1.0,1,0
joe-daniher,2014,ND,KPF,20.0,26,2,85.17,1081.1,99.38,92.36,79.08,99.38,99.38,1.0,1,0
joe-daniher,2015,ND,KPF,21.0,48,3,85.17,1206.7,99.45,92.08,81.77,99.45,97.33,0.88,1,0
joe-daniher,2016,ND,KPF,22.0,70,4,85.17,1219.8,94.42,90.13,78.69,94.42,90.64,0.76,1,0
joe-daniher,2017,ND,KPF,23.0,93,5,85.17,746.6,103.53,100.2,91.17,103.53,100.22,0.732,1,0
joe-daniher,2018,ND,KPF,24.0,100,6,81.7,844.4,93.86,91.0,82.16,93.86,89.25,0.606,1,0
joe-daniher,2019,ND,KPF,25.0,104,7,81.7,937.8,88.74,83.57,73.91,88.74,81.67,0.524,1,0
oliver-wines,2012,ND,MID,18.0,0,0,107.7,3086.3,115.75,104.8,82.61,115.75,115.75,1.0,1,0
oliver-wines,2013,ND,MID,19.0,24,1,107.7,3491.9,122.84,117.98,101.97,122.84,122.84,1.0,1,0
oliver-wines,2014,ND,MID,20.0,49,2,107.7,3305.7,123.06,121.04,114.28,123.06,123.06,1.0,1,0
oliver-wines,2015,ND,MID,21.0,62,3,107.7,3197.9,125.93,121.06,111.68,125.93,124.72,0.915,1,0
oliver-wines,2016,ND,MID,22.0,84,4,107.7,3052.5,124.16,119.51,110.05,124.16,121.85,0.836,1,0
oliver-wines,2017,ND,MID,23.0,107,5,107.7,2841.6,125.7,119.98,110.79,125.7,122.51,0.786,1,0
oliver-wines,2018,ND,MID,24.0,129,6,107.7,2668.8,122.72,117.2,109.46,122.72,118.91,0.712,1,0
oliver-wines,2019,ND,MID,25.0,141,7,107.7,2724.1,116.53,109.91,98.54,116.53,109.46,0.607,1,0
sam-mayes,2012,ND,SF,18.0,0,0,73.8,233.3,103.48,95.89,72.7,103.48,103.48,1.0,1,0
sam-mayes,2013,ND,SF,19.0,18,1,73.8,166.7,109.37,106.45,87.36,109.37,109.37,1.0,1,0
sam-mayes,2014,ND,SF,20.0,39,2,73.7,119.3,106.36,100.4,85.21,106.36,106.36,1.0,1,0
sam-mayes,2015,ND,SF,21.0,53,3,73.7,135.7,103.14,96.76,78.16,103.14,100.15,0.88,1,0
sam-mayes,2016,ND,SF,22.0,74,4,73.7,141.3,99.4,95.59,75.19,99.4,93.59,0.76,1,0
sam-mayes,2017,ND,SF,23.0,95,5,69.1,5.2,102.85,98.83,85.57,102.85,97.34,0.681,1,0
sam-mayes,2018,ND,SF,24.0,101,6,52.43,5.8,90.77,89.08,70.61,90.77,82.3,0.58,1,0
sam-mayes,2019,ND,SF,25.0,101,7,50.55,6.7,88.97,83.91,65.21,88.97,77.57,0.52,1,0
nick-vlastuin,2012,ND,SD,18.0,0,0,94.47,1142.7,106.85,98.38,83.31,106.85,106.85,1.0,1,0
nick-vlastuin,2013,ND,SD,19.0,18,1,94.47,1242.6,112.92,109.53,99.1,112.92,112.92,1.0,1,0
nick-vlastuin,2014,ND,SD,20.0,38,2,94.47,1413.0,108.0,102.21,96.0,108.0,108.0,1.0,1,0
nick-vlastuin,2015,ND,SD,21.0,61,3,94.47,1553.5,107.36,100.02,92.67,107.36,105.59,0.88,1,0
nick-vlastuin,2016,ND,SD,22.0,80,4,94.47,1716.4,105.7,100.18,93.73,105.7,102.83,0.76,1,0
nick-vlastuin,2017,ND,SD,23.0,96,5,94.47,1796.1,105.39,102.58,93.93,105.39,101.61,0.67,1,0
nick-vlastuin,2018,ND,SD,24.0,117,6,94.47,1831.6,104.76,102.1,94.59,104.76,100.49,0.58,1,0
nick-vlastuin,2019,ND,SD,25.0,141,7,94.47,1641.4,108.03,106.08,101.01,108.03,105.12,0.585,1,0
jack-viney,2012,ND,MID,18.0,0,0,98.23,1791.3,115.75,103.08,83.3,115.75,115.75,1.0,1,0
jack-viney,2013,ND,MID,19.0,13,1,98.23,2028.3,121.97,113.39,99.08,121.97,121.97,1.0,1,0
jack-viney,2014,ND,MID,20.0,33,2,98.23,2284.2,116.86,111.92,97.8,116.86,116.86,1.0,1,0
jack-viney,2015,ND,MID,21.0,49,3,98.23,2179.8,120.17,113.28,102.37,120.17,118.2,0.89,1,0
jack-viney,2016,ND,MID,22.0,70,4,98.23,1922.8,124.11,119.28,110.17,124.11,121.63,0.822,1,0
jack-viney,2017,ND,MID,23.0,88,5,98.0,1815.4,122.34,116.62,105.73,122.34,117.81,0.727,1,0
jack-viney,2018,ND,MID,24.0,98,6,98.0,1662.2,119.29,112.89,101.68,119.29,113.17,0.652,1,0
jack-viney,2019,ND,MID,25.0,119,7,98.0,1766.6,106.04,99.74,90.6,106.04,98.63,0.52,1,0
troy-menzel,2012,ND,SF,18.0,0,0,45.67,0.6,95.51,92.56,67.6,95.51,95.51,1.0,1,0
troy-menzel,2013,ND,SF,19.0,7,1,45.67,0.6,88.01,84.72,64.06,88.01,88.01,1.0,1,0
troy-menzel,2014,ND,SF,20.0,26,2,49.5,0.5,88.97,84.03,64.88,88.97,88.97,1.0,1,0
troy-menzel,2015,ND,SF,21.0,40,3,48.3,0.4,85.91,78.66,64.5,85.91,83.34,0.88,1,0
troy-menzel,2016,ND,SF,22.0,40,4,54.0,0.5,78.53,74.22,58.04,78.53,73.62,0.76,1,0
troy-menzel,2017,ND,SF,23.0,44,5,54.0,0.0,76.63,70.4,54.88,76.63,69.46,0.67,1,0
kristian-jaksch,2012,ND,KPF,18.0,0,0,52.2,0.9,88.69,80.25,49.96,88.69,88.69,1.0,1,0
kristian-jaksch,2013,ND,KPF,19.0,2,1,52.2,1.0,92.6,85.8,60.96,92.6,92.6,1.0,1,0
kristian-jaksch,2014,ND,KPF,20.0,7,2,52.2,0.7,93.19,83.76,64.38,93.19,93.19,1.0,1,0
kristian-jaksch,2015,ND,KPF,21.0,13,3,52.2,0.0,93.05,77.95,64.99,93.05,89.68,0.88,1,0
kristian-jaksch,2016,ND,KPF,22.0,14,4,38.0,0.0,86.67,74.4,55.81,86.67,79.26,0.76,1,0
jesse-lonergan,2012,ND,MID,18.0,0,0,63.9,21.2,115.46,99.99,77.34,115.46,115.46,1.0,1,0
jesse-lonergan,2013,ND,MID,19.0,4,1,63.9,24.1,114.0,98.61,73.17,114.0,114.0,1.0,1,0
jesse-lonergan,2014,ND,MID,20.0,13,2,63.9,27.5,106.95,95.04,69.78,106.95,106.95,1.0,1,0
jesse-lonergan,2015,ND,MID,21.0,31,3,63.9,30.2,108.22,99.06,78.28,108.22,104.63,0.88,1,0
jesse-lonergan,2016,ND,MID,22.0,46,4,63.85,31.8,102.88,95.0,74.25,102.88,96.01,0.76,1,0
jesse-lonergan,2017,ND,MID,23.0,55,5,62.7,35.6,95.21,87.43,69.32,95.21,86.67,0.67,1,0
jesse-lonergan,2018,ND,MID,24.0,60,6,77.0,0.0,96.44,89.7,68.95,96.44,84.89,0.58,1,0
aidan-corr,2012,ND,KPD,18.0,0,0,69.83,207.5,96.46,89.54,69.3,96.46,96.46,1.0,1,0
aidan-corr,2013,ND,KPD,19.0,10,1,69.83,236.5,88.16,80.4,67.3,88.16,88.16,1.0,1,0
aidan-corr,2014,ND,KPD,20.0,14,2,69.83,269.7,89.57,78.9,66.22,89.57,89.57,1.0,1,0
aidan-corr,2015,ND,KPD,21.0,33,3,69.83,306.8,92.86,81.5,69.05,92.86,90.01,0.88,1,0
aidan-corr,2016,ND,KPD,22.0,36,4,69.83,349.6,83.77,74.54,60.9,83.77,78.29,0.76,1,0
aidan-corr,2017,ND,KPD,23.0,59,5,69.83,389.4,81.19,76.5,64.63,81.19,75.72,0.67,1,0
aidan-corr,2018,ND,KPD,24.0,75,6,69.83,441.1,76.18,71.38,61.52,76.18,70.02,0.58,1,0
aidan-corr,2019,ND,KPD,25.0,83,7,69.83,497.6,74.09,70.42,60.9,74.09,67.76,0.52,1,0
taylor-garner,2012,ND,SF,18.0,0,0,58.93,32.0,91.79,84.41,65.59,91.79,91.79,1.0,1,0
taylor-garner,2013,ND,SF,19.0,2,1,58.93,36.5,91.27,81.77,62.69,91.27,91.27,1.0,1,0
taylor-garner,2014,ND,SF,20.0,2,2,58.93,41.6,91.33,82.36,60.05,91.33,91.33,1.0,1,0
taylor-garner,2015,ND,SF,21.0,13,3,58.93,47.3,86.62,69.31,60.44,86.62,83.48,0.88,1,0
taylor-garner,2016,ND,SF,22.0,16,4,64.6,50.7,83.29,73.2,55.82,83.29,76.69,0.76,1,0
taylor-garner,2017,ND,SF,23.0,34,5,64.6,10.8,86.84,80.22,67.27,86.84,80.39,0.67,1,0
taylor-garner,2018,ND,SF,24.0,34,6,62.2,12.4,81.26,74.84,65.62,81.26,74.69,0.58,1,0
taylor-garner,2019,ND,SF,25.0,43,7,62.2,2.9,76.82,68.65,61.28,76.82,69.36,0.52,1,0
jackson-thurlow,2012,ND,SD,18.0,0,0,68.73,30.4,106.86,92.84,72.3,106.86,106.86,1.0,1,0
jackson-thurlow,2013,ND,SD,19.0,4,1,68.73,32.1,106.97,91.99,78.96,106.97,106.97,1.0,1,0
jackson-thurlow,2014,ND,SD,20.0,10,2,68.73,36.6,97.02,83.73,65.76,97.02,97.02,1.0,1,0
jackson-thurlow,2015,ND,SD,21.0,29,3,68.73,27.1,106.24,96.46,81.77,106.24,103.3,0.88,1,0
jackson-thurlow,2016,ND,SD,22.0,29,4,65.07,30.9,100.82,90.68,72.56,100.82,94.04,0.76,1,0
jackson-thurlow,2017,ND,SD,23.0,39,5,65.07,35.2,87.98,79.3,66.56,87.98,80.91,0.67,1,0
jackson-thurlow,2018,ND,SD,24.0,46,6,65.07,39.8,82.76,75.52,64.76,82.76,75.2,0.58,1,0
jackson-thurlow,2019,ND,SD,25.0,55,7,67.95,45.0,82.87,73.68,64.13,82.87,73.87,0.52,1,0
josh-simpson,2012,ND,MID,18.0,0,0,39.0,0.0,114.56,100.71,68.41,114.56,114.56,1.0,1,0
josh-simpson,2013,ND,MID,19.0,1,1,39.0,0.0,112.31,99.87,65.16,112.31,112.31,1.0,1,0
josh-simpson,2014,ND,MID,20.0,2,2,34.0,0.0,106.12,95.69,61.87,106.12,106.12,1.0,1,0
brodie-grundy,2012,ND,RUCK,18.0,0,0,128.87,4725.8,115.46,108.13,64.47,115.46,115.46,1.0,1,0
brodie-grundy,2013,ND,RUCK,19.0,7,1,128.87,5353.8,127.42,122.84,90.41,127.42,127.42,1.0,1,0
brodie-grundy,2014,ND,RUCK,20.0,22,2,128.87,6102.1,127.22,124.66,91.31,127.22,127.22,1.0,1,0
brodie-grundy,2015,ND,RUCK,21.0,41,3,128.87,6529.4,130.5,126.89,108.6,130.5,128.12,0.891,1,0
brodie-grundy,2016,ND,RUCK,22.0,62,4,128.87,6872.9,132.75,136.29,115.42,136.29,132.61,0.823,1,0
brodie-grundy,2017,ND,RUCK,23.0,82,5,128.87,7222.2,131.74,132.49,114.63,132.49,128.49,0.776,1,0
brodie-grundy,2018,ND,RUCK,24.0,108,6,128.87,6097.0,135.38,137.31,131.43,137.31,136.32,0.832,1,0
brodie-grundy,2019,ND,RUCK,25.0,132,7,125.61,4786.0,133.78,134.13,128.74,134.13,133.09,0.808,1,0
ben-kennedy,2012,ND,SF,18.0,0,0,52.67,40.1,91.34,83.81,62.28,91.34,91.34,1.0,1,0
ben-kennedy,2013,ND,SF,19.0,12,1,52.67,45.8,86.35,82.97,57.73,86.35,86.35,1.0,1,0
ben-kennedy,2014,ND,SF,20.0,20,2,58.55,52.0,86.12,77.21,62.42,86.12,86.12,1.0,1,0
ben-kennedy,2015,ND,SF,21.0,25,3,68.5,59.3,79.18,66.08,55.04,79.18,76.28,0.88,1,0
ben-kennedy,2016,ND,SF,22.0,40,4,68.5,0.0,87.84,81.65,67.38,87.84,82.93,0.76,1,0
timothy-broomhead,2012,ND,MID,18.0,0,0,61.2,18.0,111.2,97.68,64.73,111.2,111.2,1.0,1,0
timothy-broomhead,2013,ND,MID,19.0,0,1,61.2,20.5,111.2,96.3,62.54,111.2,111.2,1.0,1,0
timothy-broomhead,2014,ND,MID,20.0,8,2,61.2,19.7,108.17,96.75,64.46,108.17,108.17,1.0,1,0
timothy-broomhead,2015,ND,MID,21.0,19,3,62.35,14.4,106.83,94.2,68.09,106.83,102.18,0.88,1,0
timothy-broomhead,2016,ND,MID,22.0,21,4,63.7,16.4,99.2,86.05,59.15,99.2,89.59,0.76,1,0
timothy-broomhead,2017,ND,MID,23.0,35,5,63.7,0.0,97.24,90.17,68.18,97.24,87.65,0.67,1,0
timothy-broomhead,2018,ND,MID,24.0,35,6,21.0,0.0,90.55,82.24,62.52,90.55,78.78,0.58,1,0
timothy-broomhead,2019,ND,MID,25.0,35,7,21.0,0.0,89.59,77.83,57.21,89.59,74.05,0.52,1,0
nathan-hrovat,2012,ND,MID,18.0,0,0,68.6,88.4,110.31,97.02,64.3,110.31,110.31,1.0,1,0
nathan-hrovat,2013,ND,MID,19.0,7,1,68.6,100.0,113.71,100.21,71.77,113.71,113.71,1.0,1,0
nathan-hrovat,2014,ND,MID,20.0,19,2,67.97,80.7,115.28,108.31,85.47,115.28,115.28,1.0,1,0
nathan-hrovat,2015,ND,MID,21.0,26,3,59.37,82.7,110.12,100.42,75.56,110.12,105.98,0.88,1,0
nathan-hrovat,2016,ND,MID,22.0,30,4,58.05,44.3,106.78,95.94,71.29,106.78,98.26,0.76,1,0
nathan-hrovat,2017,ND,MID,23.0,52,5,58.05,3.6,100.82,95.67,72.98,100.82,91.63,0.67,1,0
nathan-hrovat,2018,ND,MID,24.0,64,6,49.1,3.9,83.63,76.42,57.82,83.63,72.79,0.58,1,0
nathan-hrovat,2019,ND,MID,25.0,69,7,60.2,0.0,82.4,73.97,56.23,82.4,69.84,0.52,1,0
dean-towers,2012,ND,SF,22.0,0,0,65.07,70.6,76.83,60.51,49.15,76.83,70.19,0.76,1,0
dean-towers,2013,ND,SF,23.0,0,1,65.07,80.5,74.53,58.29,46.97,74.53,65.43,0.67,1,0
dean-towers,2014,ND,SF,24.0,6,2,65.07,91.8,69.99,58.53,46.74,69.99,60.23,0.58,1,0
dean-towers,2015,ND,SF,25.0,17,3,65.07,104.3,69.79,58.98,50.24,69.79,60.41,0.52,1,0
dean-towers,2016,ND,SF,26.0,30,4,65.07,46.5,73.22,67.15,59.71,73.22,65.92,0.46,1,0
dean-towers,2017,ND,SF,27.0,49,5,63.2,3.6,76.19,70.94,61.89,76.19,67.61,0.4,1,0
dean-towers,2018,ND,SF,28.0,57,6,59.2,0.0,72.65,65.15,55.23,72.65,62.2,0.4,1,0
marco-paparone,2012,ND,SF,18.0,0,0,63.53,182.4,90.07,83.03,59.16,90.07,90.07,1.0,1,0
marco-paparone,2013,ND,SF,19.0,5,1,63.53,207.9,88.72,78.77,62.9,88.72,88.72,1.0,1,0
marco-paparone,2014,ND,SF,20.0,23,2,63.53,236.7,88.3,77.67,65.09,88.3,88.3,1.0,1,0
marco-paparone,2015,ND,SF,21.0,45,3,69.9,0.8,99.08,91.43,78.97,99.08,96.67,0.88,1,0
marco-paparone,2016,ND,SF,22.0,49,4,62.5,0.8,93.94,86.06,71.17,93.94,88.47,0.76,1,0
marco-paparone,2017,ND,SF,23.0,55,5,62.5,0.0,86.2,79.24,67.32,86.2,79.97,0.67,1,0
nathan-wright,2012,ND,SD,18.0,0,0,45.97,0.0,101.88,91.23,65.68,101.88,101.88,1.0,1,0
nathan-wright,2013,ND,SD,19.0,8,1,45.97,0.0,102.14,92.14,68.55,102.14,102.14,1.0,1,0
nathan-wright,2014,ND,SD,20.0,15,2,44.85,0.0,95.63,85.64,63.36,95.63,95.63,1.0,1,0
nathan-wright,2015,ND,SD,21.0,20,3,45.4,0.0,93.3,78.4,58.71,93.3,89.15,0.88,1,0
nathan-wright,2016,ND,SD,22.0,30,4,45.4,0.0,81.07,73.64,53.55,81.07,74.47,0.76,1,0
nathan-wright,2017,ND,SD,23.0,33,5,41.7,0.0,78.16,65.73,50.91,78.16,69.17,0.67,1,0
nathan-wright,2018,ND,SD,24.0,35,6,33.0,0.0,75.71,66.93,46.48,75.71,63.44,0.58,1,0
spencer-white,2012,ND,KPF,18.0,0,0,34.0,0.0,89.83,80.76,46.43,89.83,89.83,1.0,1,0
spencer-white,2013,ND,KPF,19.0,0,1,34.0,0.0,89.83,80.9,58.11,89.83,89.83,1.0,1,0
spencer-white,2014,ND,KPF,20.0,2,2,34.0,0.0,93.03,84.39,61.33,93.03,93.03,1.0,1,0
james-stewart,2012,ND,KPF,18.0,0,0,64.1,106.4,86.77,78.67,46.66,86.77,86.77,1.0,1,0
james-stewart,2013,ND,KPF,19.0,1,1,64.1,121.3,91.46,84.85,59.28,91.46,91.46,1.0,1,0
james-stewart,2014,ND,KPF,20.0,4,2,64.1,138.3,89.13,81.65,61.75,89.13,89.13,1.0,1,0
james-stewart,2015,ND,KPF,21.0,17,3,64.1,156.0,92.19,78.35,64.11,92.19,88.82,0.88,1,0
james-stewart,2016,ND,KPF,22.0,18,4,64.1,177.8,85.82,72.6,57.35,85.82,78.98,0.76,1,0
james-stewart,2017,ND,KPF,23.0,34,5,64.1,125.4,87.9,80.66,69.47,87.9,81.82,0.67,1,0
james-stewart,2018,ND,KPF,24.0,45,6,60.73,16.8,86.2,80.14,68.26,86.2,78.66,0.58,1,0
james-stewart,2019,ND,KPF,25.0,45,7,54.3,19.1,83.73,74.76,64.02,83.73,74.27,0.52,1,0
tim-o-brien,2012,ND,KPF,18.0,0,0,65.83,138.2,86.77,78.67,45.5,86.77,86.77,1.0,1,0
tim-o-brien,2013,ND,KPF,19.0,0,1,65.83,157.5,86.77,78.95,57.72,86.77,86.77,1.0,1,0
tim-o-brien,2014,ND,KPF,20.0,4,2,65.83,179.5,91.7,81.31,61.4,91.7,91.7,1.0,1,0
tim-o-brien,2015,ND,KPF,21.0,4,3,65.83,204.7,95.01,77.37,59.18,95.01,90.71,0.88,1,0
tim-o-brien,2016,ND,KPF,22.0,18,4,65.83,232.4,85.89,73.31,59.15,85.89,79.47,0.76,1,0
tim-o-brien,2017,ND,KPF,23.0,34,5,65.83,241.3,84.69,78.57,64.6,84.69,78.06,0.67,1,0
tim-o-brien,2018,ND,KPF,24.0,46,6,65.83,273.9,78.24,71.68,58.9,78.24,70.12,0.58,1,0
tim-o-brien,2019,ND,KPF,25.0,62,7,65.83,83.3,83.05,75.81,68.14,83.05,75.9,0.52,1,0
tom-clurey,2012,ND,KPD,18.0,0,0,69.63,183.6,93.69,88.68,67.16,93.69,93.69,1.0,1,0
tom-clurey,2013,ND,KPD,19.0,0,1,69.63,209.3,93.69,88.37,67.96,93.69,93.69,1.0,1,0
tom-clurey,2014,ND,KPD,20.0,1,2,69.63,238.6,91.19,83.97,63.6,91.19,91.19,1.0,1,0
tom-clurey,2015,ND,KPD,21.0,9,3,69.63,271.6,88.92,74.35,61.6,88.92,85.64,0.88,1,0
tom-clurey,2016,ND,KPD,22.0,18,4,69.63,308.3,82.68,72.45,62.17,82.68,77.76,0.76,1,0
tom-clurey,2017,ND,KPD,23.0,41,5,69.63,345.2,81.23,77.32,67.17,81.23,76.59,0.67,1,0
tom-clurey,2018,ND,KPD,24.0,60,6,69.63,346.6,79.22,75.95,69.52,79.22,75.15,0.58,1,0
tom-clurey,2019,ND,KPD,25.0,81,7,68.6,147.5,85.83,81.06,73.39,85.83,79.86,0.52,1,0
mason-shaw,2012,ND,KPF,18.0,0,0,0.0,0.0,90.31,81.58,45.3,90.31,90.31,1.0,1,0
kamdyn-mcintosh,2012,ND,MID,18.0,0,0,74.03,58.7,106.66,91.5,60.13,106.66,106.66,1.0,1,0
kamdyn-mcintosh,2013,ND,MID,19.0,0,1,74.03,66.9,106.66,91.41,62.72,106.66,106.66,1.0,1,0
kamdyn-mcintosh,2014,ND,MID,20.0,0,2,74.03,76.3,103.82,89.73,60.76,103.82,103.82,1.0,1,0
kamdyn-mcintosh,2015,ND,MID,21.0,23,3,74.03,83.7,109.12,99.99,76.41,109.12,105.2,0.88,1,0
kamdyn-mcintosh,2016,ND,MID,22.0,29,4,74.03,13.9,107.06,97.93,77.24,107.06,99.9,0.76,1,0
kamdyn-mcintosh,2017,ND,MID,23.0,53,5,68.6,14.2,96.64,89.49,72.4,96.64,88.64,0.67,1,0
kamdyn-mcintosh,2018,ND,MID,24.0,74,6,68.53,15.9,85.91,79.99,65.31,85.91,77.26,0.58,1,0
kamdyn-mcintosh,2019,ND,MID,25.0,90,7,68.53,17.2,84.99,76.23,64.7,84.99,75.25,0.52,1,0
michael-close,2012,ND,KPF,18.0,0,0,43.8,88.2,90.66,82.03,41.98,90.66,90.66,1.0,1,0
michael-close,2013,ND,KPF,19.0,0,1,43.8,100.6,90.66,82.32,54.75,90.66,90.66,1.0,1,0
michael-close,2014,ND,KPF,20.0,14,2,43.8,114.6,87.64,79.45,55.08,87.64,87.64,1.0,1,0
michael-close,2015,ND,KPF,21.0,15,3,48.2,130.6,87.39,78.75,50.72,87.39,82.99,0.88,1,0
michael-close,2016,ND,KPF,22.0,17,4,48.2,0.4,83.81,68.36,48.64,83.81,75.37,0.76,1,0
michael-close,2017,ND,KPF,23.0,27,5,48.2,0.0,82.64,68.88,55.89,82.64,73.81,0.67,1,0
liam-mcbean,2012,ND,KPF,18.0,0,0,45.7,0.1,90.66,81.59,41.98,90.66,90.66,1.0,1,0
liam-mcbean,2013,ND,KPF,19.0,0,1,45.7,0.1,90.66,81.87,54.75,90.66,90.66,1.0,1,0
liam-mcbean,2014,ND,KPF,20.0,0,2,45.7,0.1,90.58,78.1,57.87,90.58,90.58,1.0,1,0
liam-mcbean,2015,ND,KPF,21.0,2,3,45.7,0.1,91.59,74.28,54.73,91.59,87.17,0.88,1,0
liam-mcbean,2016,ND,KPF,22.0,5,4,45.7,0.0,86.22,70.88,52.55,86.22,78.14,0.76,1,0
jason-ashby,2012,ND,SD,18.0,0,0,44.5,0.0,100.89,89.07,61.33,100.89,100.89,1.0,1,0
jason-ashby,2013,ND,SD,19.0,0,1,44.5,0.0,100.89,88.82,62.77,100.89,100.89,1.0,1,0
jason-ashby,2014,ND,SD,20.0,5,2,44.5,0.0,95.27,83.31,57.8,95.27,95.27,1.0,1,0
jason-ashby,2015,ND,SD,21.0,10,3,44.5,0.0,93.12,76.95,53.45,93.12,88.36,0.88,1,0
jason-ashby,2016,ND,SD,22.0,12,4,44.5,0.0,85.85,72.51,49.57,85.85,77.15,0.76,1,0
tom-temay,2012,ND,SD,18.0,0,0,0.0,0.0,100.89,89.07,61.14,100.89,100.89,1.0,1,0
tanner-smith,2012,ND,KPD,18.0,0,0,81.0,94.3,95.06,88.55,62.81,95.06,95.06,1.0,1,0
tanner-smith,2013,ND,KPD,19.0,1,1,81.0,107.3,95.54,85.86,64.16,95.54,95.54,1.0,1,0
tanner-smith,2014,ND,KPD,20.0,1,2,81.0,122.3,92.29,83.12,62.65,92.29,92.29,1.0,1,0
tanner-smith,2015,ND,KPD,21.0,2,3,81.0,0.0,90.23,79.08,59.5,90.23,86.54,0.88,1,0
tanner-smith,2016,ND,KPD,22.0,4,4,40.0,0.0,81.77,72.64,57.16,81.77,75.86,0.76,1,0
jackson-ramsey,2012,ND,SD,18.0,0,0,0.0,0.0,101.87,89.29,61.21,101.87,101.87,1.0,1,0
max-duffy,2012,ND,SF,19.0,0,0,51.0,0.1,89.78,83.7,56.69,89.78,89.78,1.0,1,0
max-duffy,2013,ND,SF,20.0,0,1,51.0,0.1,85.6,72.91,54.06,85.6,85.6,1.0,1,0
max-duffy,2014,ND,SF,21.0,2,2,51.0,0.1,85.43,67.99,50.11,85.43,81.2,0.88,1,0
max-duffy,2015,ND,SF,22.0,3,3,51.0,0.0,80.26,70.93,52.05,80.26,73.49,0.76,1,0
brodie-murdoch,2012,ND,SF,18.0,0,0,38.1,0.0,89.78,83.28,54.0,89.78,89.78,1.0,1,0
brodie-murdoch,2013,ND,SF,19.0,8,1,38.1,0.0,82.86,77.72,53.49,82.86,82.86,1.0,1,0
brodie-murdoch,2014,ND,SF,20.0,17,2,36.0,0.0,83.14,73.0,52.37,83.14,83.14,1.0,1,0
brodie-murdoch,2015,ND,SF,21.0,20,3,40.3,0.0,80.73,69.32,50.78,80.73,77.14,0.88,1,0
brodie-murdoch,2016,ND,SF,22.0,22,4,40.0,0.0,73.64,66.59,44.67,73.64,66.69,0.76,1,0
mason-wood,2012,ND,SF,19.0,0,0,84.5,542.8,89.78,83.39,56.76,89.78,89.78,1.0,1,0
mason-wood,2013,ND,SF,20.0,0,1,84.5,618.8,85.6,72.6,54.13,85.6,85.6,1.0,1,0
mason-wood,2014,ND,SF,21.0,1,2,84.5,681.0,89.84,75.45,53.92,89.84,85.53,0.88,1,0
mason-wood,2015,ND,SF,22.0,8,3,84.5,772.3,81.78,73.62,55.35,81.78,75.44,0.76,1,0
mason-wood,2016,ND,SF,23.0,16,4,84.5,523.6,90.72,83.58,66.37,90.72,82.69,0.67,1,0
mason-wood,2017,ND,SF,24.0,26,5,82.69,575.8,83.3,79.67,66.45,83.3,76.22,0.58,1,0
mason-wood,2018,ND,SF,25.0,39,6,82.69,610.7,81.49,76.3,64.42,81.49,73.3,0.52,1,0
mason-wood,2019,ND,SF,26.0,57,7,82.69,663.8,78.47,74.54,65.87,78.47,71.67,0.46,1,0
matthew-mcdonough,2012,ND,SD,18.0,0,0,51.6,0.2,101.34,87.94,58.52,101.34,101.34,1.0,1,0
matthew-mcdonough,2013,ND,SD,19.0,1,1,51.6,0.3,99.16,86.08,58.87,99.16,99.16,1.0,1,0
matthew-mcdonough,2014,ND,SD,20.0,8,2,51.6,0.0,96.04,83.21,60.39,96.04,96.04,1.0,1,0
matthew-mcdonough,2015,ND,SD,21.0,10,3,32.5,0.0,95.23,77.35,57.2,95.23,90.66,0.88,1,0
josh-saunders,2012,ND,SF,18.0,0,0,48.9,0.2,89.78,80.2,51.27,89.78,89.78,1.0,1,0
josh-saunders,2013,ND,SF,19.0,10,1,48.9,0.2,88.09,81.92,52.21,88.09,88.09,1.0,1,0
josh-saunders,2014,ND,SF,20.0,20,2,59.1,0.0,87.42,75.59,59.17,87.42,87.42,1.0,1,0
josh-saunders,2015,ND,SF,21.0,22,3,9.5,0.0,85.77,68.31,55.0,85.77,82.08,0.88,1,0
harrison-marsh,2012,ND,SD,18.0,0,0,52.43,0.2,101.28,84.85,58.52,101.28,101.28,1.0,1,0
harrison-marsh,2013,ND,SD,19.0,0,1,52.43,0.2,101.28,86.6,62.11,101.28,101.28,1.0,1,0
harrison-marsh,2014,ND,SD,20.0,0,2,52.43,0.3,97.49,82.26,58.22,97.49,97.49,1.0,1,0
harrison-marsh,2015,ND,SD,21.0,0,3,52.43,0.3,97.02,81.17,58.24,97.02,92.37,0.88,1,0
harrison-marsh,2016,ND,SD,22.0,7,4,52.43,0.3,87.39,76.45,52.22,87.39,78.95,0.76,1,0
harrison-marsh,2017,ND,SD,23.0,16,5,56.8,0.3,85.04,72.27,55.53,85.04,75.3,0.67,1,0
harrison-marsh,2018,ND,SD,24.0,25,6,58.9,0.0,79.88,72.71,59.99,79.88,71.53,0.58,1,0
brant-colledge,2012,ND,KPF,18.0,0,0,44.0,0.0,92.45,79.02,39.84,92.45,92.45,1.0,1,0
brant-colledge,2013,ND,KPF,19.0,0,1,44.0,0.0,92.45,81.84,53.81,92.45,92.45,1.0,1,0
brant-colledge,2014,ND,KPF,20.0,2,2,44.0,0.0,91.43,78.04,55.3,91.43,91.43,1.0,1,0
brant-colledge,2015,ND,KPF,21.0,3,3,17.0,0.0,90.63,73.39,52.6,90.63,86.06,0.88,1,0
tim-membrey,2012,ND,KPF,18.0,0,0,79.17,1037.8,92.45,79.02,40.75,92.45,92.45,1.0,1,0
tim-membrey,2013,ND,KPF,19.0,0,1,79.17,1183.1,92.45,81.84,54.89,92.45,92.45,1.0,1,0
tim-membrey,2014,ND,KPF,20.0,1,2,79.17,1348.7,91.26,78.12,56.51,91.26,91.26,1.0,1,0
tim-membrey,2015,ND,KPF,21.0,13,3,79.17,1530.4,95.75,79.18,62.13,95.75,91.71,0.88,1,0
tim-membrey,2016,ND,KPF,22.0,30,4,79.17,1342.8,99.61,93.3,79.6,99.61,95.12,0.775,1,0
tim-membrey,2017,ND,KPF,23.0,50,5,78.43,1220.8,99.51,94.26,81.01,99.51,93.91,0.697,1,0
tim-membrey,2018,ND,KPF,24.0,70,6,78.43,1128.0,94.28,91.18,81.73,94.28,89.34,0.606,1,0
tim-membrey,2019,ND,KPF,25.0,92,7,78.43,816.8,97.87,95.97,83.81,97.87,92.23,0.599,1,0
mitchell-wilkins,2012,ND,SF,18.0,0,0,0.0,0.0,90.25,78.35,50.68,90.25,90.25,1.0,1,0
dean-kent,2012,ND,SF,18.0,0,0,65.13,95.5,90.25,78.35,50.68,90.25,90.25,1.0,1,0
dean-kent,2013,ND,SF,19.0,15,1,65.13,108.8,85.7,76.37,55.13,85.7,85.7,1.0,1,0
dean-kent,2014,ND,SF,20.0,28,2,65.13,124.1,87.1,79.43,61.65,87.1,87.1,1.0,1,0
dean-kent,2015,ND,SF,21.0,32,3,65.13,141.4,86.31,72.01,56.88,86.31,82.78,0.88,1,0
dean-kent,2016,ND,SF,22.0,52,4,65.13,32.9,94.96,87.55,71.59,94.96,89.35,0.76,1,0
dean-kent,2017,ND,SF,23.0,58,5,61.0,32.9,87.0,79.92,68.46,87.0,80.88,0.67,1,0
dean-kent,2018,ND,SF,24.0,63,6,60.63,22.2,81.31,75.93,65.88,81.31,74.83,0.58,1,0
dean-kent,2019,ND,SF,25.0,76,7,60.63,6.6,76.71,70.99,61.83,76.71,69.57,0.52,1,0
lachlan-hunter,2012,ND,MID,18.0,0,0,103.03,1583.8,106.33,86.26,52.06,106.33,106.33,1.0,1,0
lachlan-hunter,2013,ND,MID,19.0,9,1,103.03,1805.5,106.7,94.46,64.56,106.7,106.7,1.0,1,0
lachlan-hunter,2014,ND,MID,20.0,23,2,103.03,2052.2,108.19,98.79,67.91,108.19,108.19,1.0,1,0
lachlan-hunter,2015,ND,MID,21.0,36,3,103.03,2007.4,112.69,105.74,89.22,112.69,109.88,0.88,1,0
lachlan-hunter,2016,ND,MID,22.0,62,4,103.03,1847.4,120.64,117.11,103.89,120.64,117.24,0.797,1,0
lachlan-hunter,2017,ND,MID,23.0,84,5,103.03,1945.4,114.57,106.98,95.69,114.57,108.37,0.672,1,0
lachlan-hunter,2018,ND,MID,24.0,105,6,103.03,1506.0,123.73,117.42,108.92,123.73,119.51,0.715,1,0
lachlan-hunter,2019,ND,MID,25.0,128,7,98.0,1214.0,115.92,110.96,101.23,115.92,110.73,0.647,1,0
joshua-prudden,2012,ND,MID,18.0,0,0,53.0,0.0,106.33,86.26,52.06,106.33,106.33,1.0,1,0
joshua-prudden,2013,ND,MID,19.0,0,1,53.0,0.0,106.33,88.9,59.18,106.33,106.33,1.0,1,0
joshua-prudden,2014,ND,MID,20.0,0,2,53.0,0.0,105.39,89.54,55.92,105.39,105.39,1.0,1,0
joshua-prudden,2015,ND,MID,21.0,4,3,53.0,0.0,103.51,87.21,57.06,103.51,97.94,0.88,1,0
dylan-van-unen,2012,ND,KPF,22.0,0,0,40.0,0.0,81.25,67.32,42.74,81.25,72.01,0.76,1,0
dylan-van-unen,2013,ND,KPF,23.0,0,1,40.0,0.0,77.87,65.8,41.0,77.87,65.71,0.67,1,0
dylan-van-unen,2014,ND,KPF,24.0,1,2,40.0,0.0,73.5,64.72,44.68,73.5,61.4,0.58,1,0
matt-jones,2012,ND,SF,25.0,0,0,71.0,117.5,70.27,59.0,45.13,70.27,58.21,0.52,1,0
matt-jones,2013,ND,SF,26.0,22,1,71.0,128.3,74.25,71.14,58.63,74.25,65.81,0.46,1,0
matt-jones,2014,ND,SF,27.0,42,2,63.5,138.7,78.76,76.37,63.15,78.76,69.39,0.4,1,0
matt-jones,2015,ND,SF,28.0,51,3,60.25,158.1,73.54,70.67,55.4,73.54,62.65,0.4,1,0
matt-jones,2016,ND,SF,29.0,61,4,73.9,0.0,77.32,72.54,59.94,77.32,66.89,0.4,1,0
martin-gleeson,2012,ND,SD,18.0,0,0,69.23,19.8,98.96,82.84,46.4,98.96,98.96,1.0,1,0
martin-gleeson,2013,ND,SD,19.0,0,1,69.23,22.6,98.96,85.62,57.26,98.96,98.96,1.0,1,0
martin-gleeson,2014,ND,SD,20.0,9,2,69.23,25.7,95.96,83.07,57.24,95.96,95.96,1.0,1,0
martin-gleeson,2015,ND,SD,21.0,31,3,69.23,29.3,99.86,89.13,67.36,99.86,95.96,0.88,1,0
martin-gleeson,2016,ND,SD,22.0,51,4,69.23,30.7,94.3,87.82,70.01,94.3,88.47,0.76,1,0
martin-gleeson,2017,ND,SD,23.0,69,5,65.77,14.5,95.16,89.79,75.4,95.16,88.64,0.67,1,0
martin-gleeson,2018,ND,SD,24.0,69,6,58.2,16.6,92.03,87.92,71.23,92.03,83.29,0.58,1,0
martin-gleeson,2019,ND,SD,25.0,78,7,58.2,0.1,90.88,84.17,68.84,90.88,80.3,0.52,1,0
nicholas-graham,2012,ND,MID,18.0,0,0,76.77,210.6,106.18,81.7,46.47,106.18,106.18,1.0,1,0
nicholas-graham,2013,ND,MID,19.0,2,1,76.77,240.0,106.12,88.59,58.37,106.12,106.12,1.0,1,0
nicholas-graham,2014,ND,MID,20.0,10,2,76.77,273.6,101.84,83.49,53.86,101.84,101.84,1.0,1,0
nicholas-graham,2015,ND,MID,21.0,16,3,76.77,222.5,108.19,93.03,68.22,108.19,103.39,0.88,1,0
nicholas-graham,2016,ND,MID,22.0,28,4,69.07,235.5,106.89,96.86,76.02,106.89,99.48,0.76,1,0
nicholas-graham,2017,ND,MID,23.0,38,5,67.2,2.1,108.91,98.16,80.54,108.91,99.55,0.67,1,0
nicholas-graham,2018,ND,MID,24.0,48,6,57.2,0.0,87.22,79.37,63.31,87.22,77.18,0.58,1,0
tim-sumner,2012,ND,SF,18.0,0,0,39.85,0.0,89.71,73.86,46.77,89.71,89.71,1.0,1,0
tim-sumner,2013,ND,SF,19.0,11,1,39.85,0.0,83.19,75.36,51.37,83.19,83.19,1.0,1,0
tim-sumner,2014,ND,SF,20.0,17,2,35.7,0.0,83.58,68.88,48.4,83.58,83.58,1.0,1,0
clay-cameron,2012,ND,KPD,18.0,0,0,43.47,5.2,91.39,80.37,45.9,91.39,91.39,1.0,1,0
clay-cameron,2013,ND,KPD,19.0,0,1,43.47,5.9,91.39,83.01,59.67,91.39,91.39,1.0,1,0
clay-cameron,2014,ND,KPD,20.0,9,2,43.47,6.7,87.05,74.01,58.92,87.05,87.05,1.0,1,0
clay-cameron,2015,ND,KPD,21.0,15,3,45.3,7.7,82.09,68.26,51.56,82.09,78.43,0.88,1,0
clay-cameron,2016,ND,KPD,22.0,23,4,59.1,0.0,79.15,67.7,58.52,79.15,74.2,0.76,1,0
adam-carter,2012,ND,MID,18.0,0,0,47.8,0.0,103.33,80.72,42.18,103.33,103.33,1.0,1,0
adam-carter,2013,ND,MID,19.0,5,1,47.8,0.0,100.28,80.9,54.98,100.28,100.28,1.0,1,0
adam-carter,2014,ND,MID,20.0,7,2,42.0,0.0,99.19,82.41,53.96,99.19,99.19,1.0,1,0
sam-siggins,2012,ND,KPD,18.0,0,0,0.0,0.0,89.66,75.72,43.59,89.66,89.66,1.0,1,0
matthew-dick,2012,ND,RUCK,18.0,0,0,48.3,0.0,107.18,88.9,28.16,107.18,107.18,1.0,1,0
matthew-dick,2013,ND,RUCK,19.0,0,1,48.3,0.0,107.18,92.87,59.88,107.18,107.18,1.0,1,0
matthew-dick,2014,ND,RUCK,20.0,0,2,48.3,0.0,104.87,91.2,59.77,104.87,104.87,1.0,1,0
matthew-dick,2015,ND,RUCK,21.0,6,3,48.3,0.0,111.17,92.87,65.51,111.17,105.69,0.88,1,0
kaiden-brand,2012,ND,KPD,18.0,0,0,59.6,50.9,92.17,81.42,42.27,92.17,92.17,1.0,1,0
kaiden-brand,2013,ND,KPD,19.0,0,1,59.6,58.0,92.17,81.77,59.34,92.17,92.17,1.0,1,0
kaiden-brand,2014,ND,KPD,20.0,0,2,59.6,66.1,91.1,80.6,57.89,91.1,91.1,1.0,1,0
kaiden-brand,2015,ND,KPD,21.0,0,3,59.6,75.4,92.61,74.3,56.21,92.61,88.24,0.88,1,0
kaiden-brand,2016,ND,KPD,22.0,11,4,59.6,77.6,86.42,74.9,60.83,86.42,80.27,0.76,1,0
kaiden-brand,2017,ND,KPD,23.0,28,5,60.1,25.3,84.69,80.84,68.95,84.69,79.5,0.67,1,0
kaiden-brand,2018,ND,KPD,24.0,38,6,54.5,26.7,77.18,74.03,64.99,77.18,72.06,0.58,1,0
kaiden-brand,2019,ND,KPD,25.0,43,7,65.3,26.1,74.77,70.69,62.76,74.77,69.01,0.52,1,0
nicholas-kommer,2012,ND,SD,22.0,0,0,53.0,0.0,92.12,80.19,62.89,92.12,85.1,0.76,1,0
nicholas-kommer,2013,ND,SD,23.0,19,1,53.0,0.0,85.62,78.14,60.61,85.62,77.36,0.67,1,0
nicholas-kommer,2014,ND,SD,24.0,19,2,35.0,0.0,80.95,71.9,55.86,80.95,70.41,0.58,1,0
nicholas-kommer,2015,ND,SD,25.0,19,3,35.0,0.0,75.83,66.45,49.77,75.83,63.32,0.52,1,0
nicholas-kommer,2016,ND,SD,26.0,22,4,35.0,0.0,73.38,64.35,37.8,73.38,54.17,0.46,1,0
lewis-pierce,2012,ND,RUCK,18.0,0,0,62.0,0.2,115.06,103.63,54.35,115.06,115.06,1.0,1,0
lewis-pierce,2013,ND,RUCK,19.0,0,1,62.0,0.3,115.06,104.01,74.36,115.06,115.06,1.0,1,0
lewis-pierce,2014,ND,RUCK,20.0,0,2,62.0,0.3,110.94,99.7,72.41,110.94,110.94,1.0,1,0
lewis-pierce,2015,ND,RUCK,21.0,0,3,62.0,0.4,111.34,94.91,71.64,111.34,106.57,0.88,1,0
lewis-pierce,2016,ND,RUCK,22.0,1,4,62.0,0.4,108.64,93.71,68.77,108.64,99.07,0.76,1,0
lewis-pierce,2017,ND,RUCK,23.0,1,5,62.0,0.5,105.58,92.86,76.15,105.58,95.87,0.67,1,0
lewis-pierce,2018,ND,RUCK,24.0,4,6,62.0,0.0,103.43,91.78,72.5,103.43,90.44,0.58,1,0
lewis-pierce,2019,ND,RUCK,25.0,5,7,55.0,0.0,100.35,89.98,73.39,100.35,87.41,0.52,1,0
bradley-hartman,2012,ND,SF,18.0,0,0,35.0,0.0,97.91,83.99,50.25,97.91,97.91,1.0,1,0
bradley-hartman,2013,ND,SF,19.0,0,1,35.0,0.0,97.91,85.19,61.5,97.91,97.91,1.0,1,0
bradley-hartman,2014,ND,SF,20.0,5,2,35.0,0.0,88.23,77.95,55.29,88.23,88.23,1.0,1,0
rory-atkins,2012,ND,MID,18.0,0,0,76.43,93.0,112.82,94.9,52.22,112.82,112.82,1.0,1,0
rory-atkins,2013,ND,MID,19.0,0,1,76.43,106.0,112.82,94.86,66.85,112.82,112.82,1.0,1,0
rory-atkins,2014,ND,MID,20.0,0,2,76.43,120.9,103.9,91.12,61.06,103.9,103.9,1.0,1,0
rory-atkins,2015,ND,MID,21.0,8,3,76.43,137.8,104.15,88.25,54.55,104.15,98.2,0.88,1,0
rory-atkins,2016,ND,MID,22.0,32,4,76.43,129.8,108.64,103.05,84.68,108.64,102.89,0.76,1,0
rory-atkins,2017,ND,MID,23.0,57,5,76.43,87.8,111.39,102.91,85.07,111.39,102.7,0.67,1,0
rory-atkins,2018,ND,MID,24.0,77,6,74.8,48.1,106.82,101.26,83.51,106.82,97.03,0.58,1,0
rory-atkins,2019,ND,MID,25.0,97,7,64.47,15.7,104.32,93.51,81.21,104.32,93.23,0.52,1,0
sean-gregory,2012,ND,SD,18.0,0,0,0.0,0.0,108.91,98.01,61.68,108.91,108.91,1.0,1,0
bret-thornton,2012,RD,KPD,29.0,0,0,63.0,13.4,74.68,64.85,55.91,74.68,63.41,0.4,1,0
bret-thornton,2013,RD,KPD,30.0,1,1,63.0,0.0,71.43,64.59,53.72,71.43,60.8,0.4,1,0
sam-colquhoun,2012,RD,SD,18.0,0,0,54.75,0.2,108.91,98.01,61.68,108.91,108.91,1.0,1,0
sam-colquhoun,2013,RD,SD,19.0,10,1,54.75,0.2,105.97,93.08,71.13,105.97,105.97,1.0,1,0
sam-colquhoun,2014,RD,SD,20.0,10,2,58.8,0.2,102.52,89.85,63.71,102.52,102.52,1.0,1,0
sam-colquhoun,2015,RD,SD,21.0,16,3,58.8,0.0,101.7,85.86,63.68,101.7,97.14,0.88,1,0
will-hams,2012,RD,SF,18.0,0,0,58.9,2.2,97.91,83.99,50.25,97.91,97.91,1.0,1,0
will-hams,2013,RD,SF,19.0,2,1,58.9,2.5,90.63,80.99,54.55,90.63,90.63,1.0,1,0
will-hams,2014,RD,SF,20.0,2,2,58.9,2.8,90.86,79.69,54.64,90.86,90.86,1.0,1,0
will-hams,2015,RD,SF,21.0,5,3,58.9,3.2,89.52,75.41,53.89,89.52,85.24,0.88,1,0
will-hams,2016,RD,SF,22.0,13,4,58.9,0.0,84.75,73.56,55.22,84.75,77.67,0.76,1,0
jack-hannath,2012,RD,RUCK,21.0,0,0,46.9,2.5,111.34,94.0,71.64,111.34,106.57,0.88,1,0
jack-hannath,2013,RD,RUCK,22.0,12,1,46.9,2.8,111.4,94.43,61.79,111.4,99.5,0.76,1,0
jack-hannath,2014,RD,RUCK,23.0,15,2,56.3,3.2,106.59,89.4,52.08,106.59,88.6,0.67,1,0
jack-hannath,2015,RD,RUCK,24.0,18,3,56.3,0.0,103.89,91.86,52.93,103.89,82.49,0.58,1,0
jack-hannath,2016,RD,RUCK,25.0,20,4,38.5,0.0,99.35,89.61,49.85,99.35,75.59,0.52,1,0
leigh-osborne,2012,RD,SF,22.0,0,0,42.0,0.0,80.77,69.9,53.82,80.77,74.3,0.76,1,0
leigh-osborne,2013,RD,SF,23.0,1,1,42.0,0.0,76.21,67.55,52.72,76.21,68.46,0.67,1,0
nathan-stark,2012,RD,KPF,18.0,0,0,0.0,0.0,105.48,97.39,61.85,105.48,105.48,1.0,1,0
bret-goodes,2012,RD,SD,28.0,0,0,69.65,394.3,75.45,66.83,55.99,75.45,63.77,0.4,1,0
bret-goodes,2013,RD,SD,29.0,13,1,69.65,0.0,93.81,82.62,67.22,93.81,79.49,0.462,1,0
bret-goodes,2014,RD,SD,30.0,15,2,48.1,0.0,87.44,75.37,61.4,87.44,71.82,0.4,1,0
bret-goodes,2015,RD,SD,31.0,22,3,48.1,0.0,77.31,67.07,53.28,77.31,62.89,0.4,1,0
kane-mitchell,2012,RD,MID,23.0,0,0,58.43,10.7,86.27,74.81,47.39,86.27,73.44,0.67,1,0
kane-mitchell,2013,RD,MID,24.0,13,1,58.43,12.2,80.48,74.56,38.68,80.48,62.92,0.58,1,0
kane-mitchell,2014,RD,MID,25.0,23,2,65.4,8.7,84.93,74.48,57.07,84.93,71.56,0.52,1,0
kane-mitchell,2015,RD,MID,26.0,31,3,62.0,0.0,80.29,73.74,56.33,80.29,67.35,0.46,1,0
kane-mitchell,2016,RD,MID,27.0,35,4,53.8,0.0,77.92,69.7,51.24,77.92,61.91,0.4,1,0
nick-hayes,2012,RD,MID,18.0,0,0,0.0,0.0,112.82,94.9,52.22,112.82,112.82,1.0,1,0
tim-mcgenniss,2012,RD,MID,18.0,0,0,0.0,0.0,112.82,94.9,52.22,112.82,112.82,1.0,1,0
matthew-taberner,2012,RD,KPF,19.0,0,0,73.47,372.2,105.48,97.35,76.94,105.48,105.48,1.0,1,0
matthew-taberner,2013,RD,KPF,20.0,4,1,73.47,424.3,97.08,84.4,61.09,97.08,97.08,1.0,1,0
matthew-taberner,2014,RD,KPF,21.0,13,2,73.47,480.4,95.98,80.55,61.88,95.98,91.89,0.88,1,0
matthew-taberner,2015,RD,KPF,22.0,28,3,73.47,547.6,87.05,79.19,60.87,87.05,80.77,0.76,1,0
matthew-taberner,2016,RD,KPF,23.0,45,4,73.47,589.1,84.32,80.15,65.09,84.32,77.97,0.67,1,0
matthew-taberner,2017,RD,KPF,24.0,53,5,73.47,657.2,79.02,75.91,63.5,79.02,72.5,0.58,1,0
matthew-taberner,2018,RD,KPF,25.0,62,6,73.47,672.6,81.13,74.8,64.29,81.13,73.04,0.52,1,0
matthew-taberner,2019,RD,KPF,26.0,71,7,73.47,369.7,86.39,82.0,71.23,86.39,78.31,0.467,1,0
callum-sinclair,2012,RD,RUCK,23.0,0,0,83.73,767.7,106.38,88.74,64.08,106.38,92.42,0.67,1,0
callum-sinclair,2013,RD,RUCK,24.0,5,1,83.73,874.3,101.21,88.8,57.86,101.21,83.0,0.58,1,0
callum-sinclair,2014,RD,RUCK,25.0,9,2,83.73,996.7,95.7,89.27,56.61,95.7,76.93,0.52,1,0
callum-sinclair,2015,RD,RUCK,26.0,29,3,83.73,867.1,98.23,93.89,72.84,98.23,84.52,0.46,1,0
callum-sinclair,2016,RD,RUCK,27.0,45,4,83.73,931.2,99.93,89.65,69.63,99.93,81.75,0.4,1,0
callum-sinclair,2017,RD,RUCK,28.0,64,5,83.73,687.8,97.19,91.62,77.42,97.19,85.33,0.4,1,0
callum-sinclair,2018,RD,RUCK,29.0,87,6,82.4,174.0,109.84,104.33,98.96,109.84,104.91,0.546,1,0
callum-sinclair,2019,RD,RUCK,30.0,101,7,75.05,167.8,102.63,93.36,81.84,102.63,90.16,0.4,1,0
kyle-martin,2012,RD,KPD,22.0,0,0,77.0,31.8,91.29,79.48,65.74,91.29,85.16,0.76,1,0
kyle-martin,2013,RD,KPD,23.0,4,1,77.0,0.0,86.41,80.32,63.61,86.41,78.89,0.67,1,0
kyle-martin,2014,RD,KPD,24.0,6,2,24.5,0.0,78.18,71.26,58.26,78.18,69.82,0.58,1,0
kyle-hartigan,2012,RD,KPD,21.0,0,0,59.47,35.1,98.07,84.5,69.42,98.07,94.64,0.88,1,0
kyle-hartigan,2013,RD,KPD,22.0,3,1,59.47,28.1,89.79,80.12,63.83,89.79,83.56,0.76,1,0
kyle-hartigan,2014,RD,KPD,23.0,10,2,59.47,9.9,84.01,74.2,60.41,84.01,76.23,0.67,1,0
kyle-hartigan,2015,RD,KPD,24.0,28,3,56.6,11.1,75.66,72.51,61.99,75.66,69.92,0.58,1,0
kyle-hartigan,2016,RD,KPD,25.0,51,4,56.6,6.7,72.65,70.78,61.34,72.65,67.22,0.52,1,0
kyle-hartigan,2017,RD,KPD,26.0,69,5,53.63,5.9,69.57,65.55,56.95,69.57,62.75,0.46,1,0
kyle-hartigan,2018,RD,KPD,27.0,82,6,51.7,6.5,70.0,64.86,55.94,70.0,61.57,0.4,1,0
kyle-hartigan,2019,RD,KPD,28.0,101,7,50.37,7.3,65.5,57.59,48.84,65.5,55.5,0.4,1,0
jonathon-ceglar,2012,RD,RUCK,21.0,0,0,82.2,464.1,111.34,94.0,71.64,111.34,106.57,0.88,1,0
jonathon-ceglar,2013,RD,RUCK,22.0,2,1,82.2,529.1,106.84,91.37,65.61,106.84,96.94,0.76,1,0
jonathon-ceglar,2014,RD,RUCK,23.0,17,2,82.2,538.6,113.13,97.34,76.47,113.13,101.03,0.67,1,0
jonathon-ceglar,2015,RD,RUCK,24.0,31,3,82.2,591.7,107.97,100.43,78.53,107.97,95.61,0.58,1,0
jonathon-ceglar,2016,RD,RUCK,25.0,50,4,82.2,664.5,103.31,96.37,76.78,103.31,90.57,0.52,1,0
jonathon-ceglar,2017,RD,RUCK,26.0,50,5,82.2,757.5,98.62,93.49,75.23,98.62,85.99,0.46,1,0
jonathon-ceglar,2018,RD,RUCK,27.0,61,6,82.2,845.4,103.18,94.28,77.64,103.18,87.86,0.4,1,0
jonathon-ceglar,2019,RD,RUCK,28.0,76,7,82.2,595.5,101.0,94.38,82.17,101.0,89.7,0.4,1,0
jake-lloyd,2012,RD,SD,19.0,0,0,113.93,2453.4,108.91,97.97,76.77,108.91,108.91,1.0,1,0
jake-lloyd,2013,RD,SD,20.0,0,1,113.93,2796.9,102.54,91.23,71.23,102.54,102.54,1.0,1,0
jake-lloyd,2014,RD,SD,21.0,21,2,113.93,3188.2,103.29,92.0,68.85,103.29,99.16,0.88,1,0
jake-lloyd,2015,RD,SD,22.0,43,3,113.93,3552.0,99.58,93.17,74.93,99.58,93.67,0.76,1,0
jake-lloyd,2016,RD,SD,23.0,69,4,113.93,3804.4,108.42,103.55,89.96,108.42,102.33,0.67,1,0
jake-lloyd,2017,RD,SD,24.0,92,5,113.93,3996.5,107.81,105.29,92.68,107.81,101.83,0.605,1,0
jake-lloyd,2018,RD,SD,25.0,115,6,113.93,3504.8,126.11,118.92,109.96,126.11,121.81,0.734,1,0
jake-lloyd,2019,RD,SD,26.0,137,7,112.63,3022.6,126.53,119.51,111.59,126.53,122.92,0.758,1,0
mitchell-clisby,2012,RD,SD,23.0,0,0,68.4,6.4,87.52,77.72,60.57,87.52,78.62,0.67,1,0
mitchell-clisby,2013,RD,SD,24.0,8,1,68.4,0.0,86.19,79.23,59.72,86.19,75.07,0.58,1,0
justin-hoskin,2012,RD,SD,21.0,0,0,0.0,0.0,100.4,85.93,66.31,100.4,96.31,0.88,1,0
alex-howson,2012,RD,SD,18.0,0,0,0.0,0.0,108.91,98.01,61.68,108.91,108.91,1.0,1,0
sam-dwyer,2012,RD,SF,26.0,0,0,67.4,85.6,67.36,62.4,50.22,67.36,58.11,0.46,1,0
sam-dwyer,2013,RD,SF,27.0,21,1,67.4,45.6,76.32,69.05,59.43,76.32,66.19,0.4,1,0
sam-dwyer,2014,RD,SF,28.0,34,2,67.4,0.0,76.15,70.68,59.99,76.15,66.45,0.4,1,0
sam-dwyer,2015,RD,SF,29.0,39,3,49.2,0.0,70.74,63.82,53.76,70.74,60.55,0.4,1,0
xavier-richards,2012,RD,KPD,19.0,0,0,65.0,33.0,103.09,97.58,79.88,103.09,103.09,1.0,1,0
xavier-richards,2013,RD,KPD,20.0,1,1,65.0,37.6,95.88,89.2,71.04,95.88,95.88,1.0,1,0
xavier-richards,2014,RD,KPD,21.0,1,2,65.0,42.9,93.74,84.51,66.27,93.74,90.45,0.88,1,0
xavier-richards,2015,RD,KPD,22.0,2,3,65.0,46.7,80.81,73.55,57.33,80.81,75.17,0.76,1,0
xavier-richards,2016,RD,KPD,23.0,12,4,65.0,0.0,88.92,77.52,63.36,88.92,80.49,0.67,1,0
adam-oxley,2012,RD,SD,20.0,0,0,72.05,54.3,102.54,91.23,71.23,102.54,102.54,1.0,1,0
adam-oxley,2013,RD,SD,21.0,2,1,72.05,61.9,96.84,82.3,57.83,96.84,92.16,0.88,1,0
adam-oxley,2014,RD,SD,22.0,2,2,72.05,70.5,86.86,76.51,56.49,86.86,79.57,0.76,1,0
adam-oxley,2015,RD,SD,23.0,19,3,72.05,3.1,100.8,92.01,76.89,100.8,92.91,0.67,1,0
adam-oxley,2016,RD,SD,24.0,31,4,67.6,0.0,93.2,88.9,71.73,93.2,84.18,0.58,1,0
adam-oxley,2017,RD,SD,25.0,31,5,46.3,0.0,90.49,81.72,67.23,90.49,79.33,0.52,1,0
adam-oxley,2018,RD,SD,26.0,34,6,46.3,0.0,77.11,70.09,57.05,77.11,66.28,0.46,1,0
dane-rampe,2012,RD,SD,22.0,0,0,92.33,1518.9,92.12,80.19,62.89,92.12,85.1,0.76,1,0
dane-rampe,2013,RD,SD,23.0,23,1,92.33,1731.2,90.53,82.76,66.29,90.53,82.53,0.67,1,0
dane-rampe,2014,RD,SD,24.0,48,2,92.33,1937.5,93.79,88.37,74.49,93.79,85.68,0.58,1,0
dane-rampe,2015,RD,SD,25.0,72,3,92.33,1928.8,101.3,98.05,82.66,101.3,92.36,0.52,1,0
dane-rampe,2016,RD,SD,26.0,98,4,92.33,1833.4,103.99,101.12,92.03,103.99,98.03,0.502,1,0
dane-rampe,2017,RD,SD,27.0,115,5,89.27,1845.2,100.94,96.33,84.76,100.94,91.23,0.4,1,0
dane-rampe,2018,RD,SD,28.0,138,6,89.27,1760.3,94.58,93.28,81.76,94.58,86.89,0.4,1,0
dane-rampe,2019,RD,SD,29.0,159,7,89.27,1108.6,103.64,100.06,93.16,103.64,98.51,0.511,1,0
cadeyn-williams,2012,RD,MID,18.0,0,0,0.0,0.0,112.82,94.9,52.22,112.82,112.82,1.0,1,0
jack-frost,2012,RD,KPD,20.0,0,0,52.8,5.6,97.65,90.86,74.34,97.65,97.65,1.0,1,0
jack-frost,2013,RD,KPD,21.0,2,1,52.8,5.0,94.29,83.86,67.5,94.29,91.07,0.88,1,0
jack-frost,2014,RD,KPD,22.0,24,2,52.8,4.2,85.02,81.18,65.86,85.02,80.42,0.76,1,0
jack-frost,2015,RD,KPD,23.0,44,3,52.55,4.5,79.07,74.08,60.35,79.07,72.89,0.67,1,0
jack-frost,2016,RD,KPD,24.0,54,4,57.1,0.0,74.52,71.58,58.01,74.52,67.59,0.58,1,0
jack-frost,2017,RD,KPD,25.0,56,5,30.5,0.0,71.88,70.35,55.52,71.88,64.03,0.52,1,0
craig-moller,2012,RD,RUCK,18.0,0,0,26.0,0.0,115.06,103.63,54.35,115.06,115.06,1.0,1,0
craig-moller,2013,RD,RUCK,19.0,1,1,26.0,0.0,113.66,104.3,73.26,113.66,113.66,1.0,1,0
daniel-robinson,2012,RD,MID,18.0,0,0,54.45,3.3,112.82,94.9,52.22,112.82,112.82,1.0,1,0
daniel-robinson,2013,RD,MID,19.0,0,1,54.45,3.8,112.82,94.86,66.85,112.82,112.82,1.0,1,0
daniel-robinson,2014,RD,MID,20.0,0,2,54.45,4.3,103.9,91.12,61.06,103.9,103.9,1.0,1,0
daniel-robinson,2015,RD,MID,21.0,4,3,54.45,4.9,103.32,86.61,56.78,103.32,97.74,0.88,1,0
daniel-robinson,2016,RD,MID,22.0,11,4,54.45,0.2,94.57,82.68,54.92,94.57,85.05,0.76,1,0
daniel-robinson,2017,RD,MID,23.0,16,5,48.6,0.1,93.3,80.58,53.21,93.3,80.07,0.67,1,0
daniel-robinson,2018,RD,MID,24.0,25,6,48.6,0.0,82.38,73.11,46.58,82.38,67.34,0.58,1,0
brandon-jack,2012,RD,SF,18.0,0,0,36.93,0.1,97.91,83.99,50.25,97.91,97.91,1.0,1,0
brandon-jack,2013,RD,SF,19.0,9,1,36.93,0.1,83.12,78.85,50.32,83.12,83.12,1.0,1,0
brandon-jack,2014,RD,SF,20.0,17,2,37.6,0.1,82.42,75.4,49.86,82.42,82.42,1.0,1,0
brandon-jack,2015,RD,SF,21.0,27,3,47.2,0.0,82.61,72.41,49.41,82.61,78.63,0.88,1,0
brandon-jack,2016,RD,SF,22.0,27,4,42.0,0.0,72.88,62.96,46.59,72.88,66.57,0.76,1,0
brandon-jack,2017,RD,SF,23.0,28,5,42.0,0.0,71.29,65.9,39.63,71.29,60.84,0.67,1,0
sam-naismith,2012,RD,RUCK,20.0,0,0,67.65,197.7,110.94,99.7,72.41,110.94,110.94,1.0,1,0
sam-naismith,2013,RD,RUCK,21.0,0,1,67.65,225.4,111.34,94.0,71.64,111.34,106.57,0.88,1,0
sam-naismith,2014,RD,RUCK,22.0,1,2,67.65,256.9,106.84,92.11,65.96,106.84,97.03,0.76,1,0
sam-naismith,2015,RD,RUCK,23.0,1,3,67.65,292.9,106.02,89.45,62.67,106.02,91.71,0.67,1,0
sam-naismith,2016,RD,RUCK,24.0,13,4,67.65,187.4,106.87,93.03,69.08,106.87,91.0,0.58,1,0
sam-naismith,2017,RD,RUCK,25.0,28,5,66.9,209.0,103.01,95.02,72.46,103.01,88.35,0.52,1,0
sam-naismith,2018,RD,RUCK,26.0,28,6,100.0,238.3,97.82,91.02,71.81,97.82,83.77,0.46,1,0
sam-naismith,2019,RD,RUCK,27.0,28,7,100.0,271.6,97.32,87.54,68.07,97.32,79.77,0.4,1,0
zachary-williams,2012,PDA,SF,18.0,0,0,92.9,1112.6,97.91,83.99,50.25,97.91,97.91,1.0,0,1
zachary-williams,2013,PDA,SF,19.0,11,1,92.9,1268.2,97.72,89.02,69.81,97.72,97.72,1.0,0,1
zachary-williams,2014,PDA,SF,20.0,19,2,92.9,1444.5,95.7,89.03,68.34,95.7,95.7,1.0,0,1
zachary-williams,2015,PDA,SF,21.0,31,3,92.9,1634.9,98.03,90.38,75.95,98.03,95.38,0.88,0,1
zachary-williams,2016,PDA,SF,22.0,53,4,92.9,1567.4,110.51,100.53,86.23,110.51,105.71,0.803,0,1
zachary-williams,2017,PDA,SF,23.0,76,5,92.8,1331.8,112.71,105.36,94.57,112.71,108.66,0.776,0,1
zachary-williams,2018,PDA,SF,24.0,78,6,90.57,1244.2,113.15,104.55,90.53,113.15,106.81,0.72,0,1
zachary-williams,2019,PDA,SF,25.0,102,7,90.57,675.6,122.27,114.38,106.79,122.27,119.11,0.796,0,1
andrew-boston,2012,PDA,MID,18.0,0,0,46.35,0.0,112.82,94.9,52.22,112.82,112.82,1.0,0,1
andrew-boston,2013,PDA,MID,19.0,8,1,46.35,0.0,106.99,95.13,62.33,106.99,106.99,1.0,0,1
andrew-boston,2014,PDA,MID,20.0,8,2,54.1,0.0,104.62,88.78,55.03,104.62,104.62,1.0,0,1
andrew-boston,2015,PDA,MID,21.0,16,3,54.1,0.0,103.03,85.46,56.09,103.03,97.39,0.88,0,1
jordan-bourke,2012,PDA,MID,18.0,0,0,0.0,0.0,112.82,94.9,52.22,112.82,112.82,1.0,0,1
joe-redfern,2012,PDA,MID,18.0,0,0,0.0,0.0,112.82,94.9,52.22,112.82,112.82,1.0,0,1
ciaran-kilkenny,2012,IRE,SD,23.0,0,0,0.0,0.0,87.52,77.72,60.57,87.52,78.62,0.67,0,1
gideon-simon,2012,UNR,RUCK,18.0,0,0,0.0,0.0,115.06,103.63,54.35,115.06,115.06,1.0,0,1
eric-wallace,2012,UNR,RUCK,24.0,0,0,0.0,0.0,100.49,88.22,61.3,100.49,84.03,0.58,0,1
ben-richmond,2012,UNR,RUCK,19.0,0,0,0.0,0.0,115.06,104.01,74.36,115.06,115.06,1.0,0,1
tim-klaosen,2012,UNR,RUCK,23.0,0,0,0.0,0.0,106.38,88.74,64.08,106.38,92.42,0.67,0,1
jack-osborn,2012,UNR,RUCK,22.0,0,0,0.0,0.0,106.93,90.76,67.78,106.93,97.54,0.76,0,1
jaeger-o-meara,2011,ND,MID,18.0,0,0,95.97,1345.1,116.37,113.28,101.48,116.37,116.37,1.0,1,0
jaeger-o-meara,2012,ND,MID,19.0,0,1,95.97,1533.4,116.37,111.71,98.48,116.37,116.37,1.0,1,0
jaeger-o-meara,2013,ND,MID,20.0,22,2,95.97,1379.8,116.45,112.59,104.18,116.45,116.45,1.0,1,0
jaeger-o-meara,2014,ND,MID,21.0,44,3,95.97,991.2,115.89,113.95,107.71,115.89,115.18,0.914,1,0
jaeger-o-meara,2015,ND,MID,22.0,44,4,93.67,1129.9,115.2,112.06,99.11,115.2,112.43,0.828,1,0
jaeger-o-meara,2016,ND,MID,23.0,44,5,93.67,1288.1,113.54,108.23,94.69,113.54,109.07,0.763,1,0
jaeger-o-meara,2017,ND,MID,24.0,50,6,93.67,1467.7,91.95,84.0,65.89,91.95,81.0,0.58,1,0
jaeger-o-meara,2018,ND,MID,25.0,71,7,93.67,1220.9,109.28,102.24,90.74,109.28,101.99,0.607,1,0
jaeger-o-meara,2019,ND,MID,26.0,92,8,92.77,1015.2,106.17,100.31,88.98,106.17,98.3,0.542,1,0
jonathon-patton,2011,ND,KPF,18.0,0,0,73.8,431.5,95.31,86.22,53.2,95.31,95.31,1.0,1,0
jonathon-patton,2012,ND,KPF,19.0,7,1,73.8,491.8,92.6,85.52,66.81,92.6,92.6,1.0,1,0
jonathon-patton,2013,ND,KPF,20.0,10,2,73.8,557.3,96.21,89.83,68.43,96.21,96.21,1.0,1,0
jonathon-patton,2014,ND,KPF,21.0,29,3,73.8,591.8,101.0,98.86,81.25,101.0,98.63,0.88,1,0
jonathon-patton,2015,ND,KPF,22.0,32,4,73.8,674.5,93.73,90.2,71.96,93.73,88.5,0.76,1,0
jonathon-patton,2016,ND,KPF,23.0,55,5,73.8,719.5,90.85,86.25,72.39,90.85,84.76,0.67,1,0
jonathon-patton,2017,ND,KPF,24.0,77,6,64.53,342.6,99.15,95.68,83.39,99.15,93.14,0.619,1,0
jonathon-patton,2018,ND,KPF,25.0,89,7,56.45,0.0,99.22,94.21,82.09,99.22,91.98,0.578,1,0
jonathon-patton,2019,ND,KPF,26.0,89,8,35.3,0.0,96.76,90.0,74.33,96.76,86.1,0.525,1,0
stephen-coniglio,2011,ND,MID,18.0,0,0,105.4,2298.3,115.02,110.27,90.57,115.02,115.02,1.0,1,0
stephen-coniglio,2012,ND,MID,19.0,12,1,105.4,2577.7,121.33,120.56,108.35,121.33,121.33,1.0,1,0
stephen-coniglio,2013,ND,MID,20.0,30,2,105.4,2912.0,117.16,117.22,103.66,117.22,117.22,1.0,1,0
stephen-coniglio,2014,ND,MID,21.0,44,3,105.4,3129.4,120.48,114.84,99.79,120.48,118.0,0.88,1,0
stephen-coniglio,2015,ND,MID,22.0,62,4,105.4,3154.6,118.07,114.29,105.04,118.07,115.36,0.791,1,0
stephen-coniglio,2016,ND,MID,23.0,85,5,105.4,2819.6,119.92,120.23,113.45,120.23,118.92,0.807,1,0
stephen-coniglio,2017,ND,MID,24.0,95,6,104.3,2688.9,118.12,116.28,108.6,118.12,115.45,0.72,1,0
stephen-coniglio,2018,ND,MID,25.0,118,7,104.3,2147.2,121.55,119.77,109.62,121.55,118.92,0.78,1,0
stephen-coniglio,2019,ND,MID,26.0,133,8,101.77,1767.2,113.42,110.98,102.88,113.42,110.22,0.697,1,0
dylan-shiel,2011,ND,MID,18.0,0,0,101.23,2026.4,119.56,113.34,89.43,119.56,119.56,1.0,1,0
dylan-shiel,2012,ND,MID,19.0,12,1,101.23,2273.1,126.01,122.54,105.77,126.01,126.01,1.0,1,0
dylan-shiel,2013,ND,MID,20.0,33,2,101.23,2552.2,121.62,118.95,102.38,121.62,121.62,1.0,1,0
dylan-shiel,2014,ND,MID,21.0,50,3,101.23,2409.4,124.34,117.99,109.46,124.34,122.8,0.897,1,0
dylan-shiel,2015,ND,MID,22.0,64,4,101.23,2020.9,128.5,124.65,110.85,128.5,125.75,0.844,1,0
dylan-shiel,2016,ND,MID,23.0,87,5,99.53,1688.1,126.93,122.61,110.25,126.93,123.31,0.783,1,0
dylan-shiel,2017,ND,MID,24.0,112,6,97.7,1463.7,120.6,116.49,104.69,120.6,115.52,0.68,1,0
dylan-shiel,2018,ND,MID,25.0,135,7,97.4,1361.3,119.14,109.72,96.99,119.14,109.82,0.579,1,0
dylan-shiel,2019,ND,MID,26.0,157,8,97.4,970.1,116.58,109.26,99.7,116.58,109.92,0.605,1,0
dom-tyson,2011,ND,MID,18.0,0,0,88.7,665.3,118.89,109.43,88.04,118.89,118.89,1.0,1,0
dom-tyson,2012,ND,MID,19.0,10,1,88.7,758.3,119.14,107.19,88.25,119.14,119.14,1.0,1,0
dom-tyson,2013,ND,MID,20.0,13,2,88.7,864.5,112.51,99.06,77.67,112.51,112.51,1.0,1,0
dom-tyson,2014,ND,MID,21.0,35,3,88.7,502.3,125.22,115.96,106.51,125.22,123.43,0.904,1,0
dom-tyson,2015,ND,MID,22.0,50,4,83.93,465.4,119.11,109.43,95.52,119.11,113.45,0.76,1,0
dom-tyson,2016,ND,MID,23.0,71,5,81.47,148.4,119.94,113.27,103.72,119.94,115.24,0.71,1,0
dom-tyson,2017,ND,MID,24.0,90,6,76.9,31.9,109.86,102.76,92.72,109.86,102.66,0.58,1,0
dom-tyson,2018,ND,MID,25.0,107,7,72.5,19.8,103.55,92.86,79.28,103.55,91.9,0.52,1,0
dom-tyson,2019,ND,MID,26.0,110,8,75.7,0.0,100.94,89.69,75.32,100.94,87.11,0.46,1,0
will-hoskin-elliott,2011,ND,SF,18.0,0,0,73.9,228.5,100.63,92.93,74.92,100.63,100.63,1.0,1,0
will-hoskin-elliott,2012,ND,SF,19.0,10,1,73.9,260.4,93.23,86.49,69.55,93.23,93.23,1.0,1,0
will-hoskin-elliott,2013,ND,SF,20.0,19,2,73.9,296.8,90.48,79.34,68.42,90.48,90.48,1.0,1,0
will-hoskin-elliott,2014,ND,SF,21.0,39,3,73.9,335.2,99.89,90.4,79.82,99.89,97.48,0.88,1,0
will-hoskin-elliott,2015,ND,SF,22.0,50,4,73.9,382.2,87.42,80.68,66.03,87.42,82.29,0.76,1,0
will-hoskin-elliott,2016,ND,SF,23.0,52,5,73.9,435.6,79.46,69.06,58.3,79.46,72.47,0.67,1,0
will-hoskin-elliott,2017,ND,SF,24.0,74,6,73.9,117.2,100.19,93.71,82.81,100.19,93.49,0.615,1,0
will-hoskin-elliott,2018,ND,SF,25.0,100,7,69.5,123.5,88.2,80.99,75.87,88.2,82.28,0.52,1,0
will-hoskin-elliott,2019,ND,SF,26.0,119,8,67.73,79.2,82.36,77.57,69.79,82.36,75.57,0.46,1,0
matthew-buntine,2011,ND,SD,18.0,0,0,61.73,14.3,104.8,96.12,77.94,104.8,104.8,1.0,1,0
matthew-buntine,2012,ND,SD,19.0,6,1,61.73,16.3,104.41,92.8,74.92,104.41,104.41,1.0,1,0
matthew-buntine,2013,ND,SD,20.0,9,2,61.73,13.7,99.75,86.63,70.95,99.75,99.75,1.0,1,0
matthew-buntine,2014,ND,SD,21.0,16,3,61.73,0.9,102.99,89.28,74.07,102.99,99.52,0.88,1,0
matthew-buntine,2015,ND,SD,22.0,27,4,55.63,0.1,95.27,89.33,69.51,95.27,89.09,0.76,1,0
matthew-buntine,2016,ND,SD,23.0,39,5,52.33,0.1,86.91,80.17,62.47,86.91,78.84,0.67,1,0
matthew-buntine,2017,ND,SD,24.0,41,6,48.57,0.1,81.6,75.13,58.05,81.6,71.71,0.58,1,0
matthew-buntine,2018,ND,SD,25.0,50,7,48.57,0.0,79.22,70.6,54.85,79.22,67.52,0.52,1,0
matthew-buntine,2019,ND,SD,26.0,59,8,46.55,0.0,75.86,67.1,48.83,75.86,61.26,0.46,1,0
chad-wingard,2011,ND,SF,18.0,0,0,95.83,2361.9,101.87,94.55,74.26,101.87,101.87,1.0,1,0
chad-wingard,2012,ND,SF,19.0,19,1,95.83,2692.5,95.35,91.79,70.56,95.35,95.35,1.0,1,0
chad-wingard,2013,ND,SF,20.0,43,2,95.83,2490.4,110.77,105.78,96.81,110.77,110.77,1.0,1,0
chad-wingard,2014,ND,SF,21.0,67,3,94.0,2440.1,110.68,100.78,94.48,110.68,109.14,0.905,1,0
chad-wingard,2015,ND,SF,22.0,89,4,94.0,1937.3,116.89,112.45,99.41,116.89,114.43,0.859,1,0
chad-wingard,2016,ND,SF,23.0,107,5,90.93,1843.1,107.97,102.61,92.28,107.97,104.09,0.752,1,0
chad-wingard,2017,ND,SF,24.0,126,6,90.93,1417.7,111.95,105.56,92.99,111.95,106.73,0.725,1,0
chad-wingard,2018,ND,SF,25.0,147,7,88.3,1031.5,105.49,101.92,89.39,105.49,100.28,0.676,1,0
chad-wingard,2019,ND,SF,26.0,161,8,84.07,944.2,97.22,89.67,84.42,97.22,91.44,0.548,1,0
brad-crouch,2011,ND,MID,18.0,0,0,100.1,1592.3,115.31,107.69,81.9,115.31,115.31,1.0,1,0
brad-crouch,2012,ND,MID,19.0,0,1,100.1,1815.3,115.31,106.32,79.89,115.31,115.31,1.0,1,0
brad-crouch,2013,ND,MID,20.0,14,2,100.1,1784.0,119.48,113.62,99.21,119.48,119.48,1.0,1,0
brad-crouch,2014,ND,MID,21.0,25,3,100.1,1542.1,122.12,113.86,103.85,122.12,120.37,0.904,1,0
brad-crouch,2015,ND,MID,22.0,25,4,100.1,1758.0,119.61,111.37,97.62,119.61,115.39,0.808,1,0
brad-crouch,2016,ND,MID,23.0,41,5,100.1,1785.6,114.18,108.01,89.43,114.18,106.17,0.676,1,0
brad-crouch,2017,ND,MID,24.0,61,6,100.1,1439.7,118.98,111.0,100.91,118.98,113.51,0.697,1,0
brad-crouch,2018,ND,MID,25.0,61,7,99.2,1641.2,116.39,107.66,92.17,116.39,108.01,0.654,1,0
brad-crouch,2019,ND,MID,26.0,83,8,99.2,1269.4,115.96,109.8,99.98,115.96,110.15,0.637,1,0
nick-haynes,2011,ND,SD,19.0,0,0,90.1,1063.1,106.85,97.42,81.0,106.85,106.85,1.0,1,0
nick-haynes,2012,ND,SD,20.0,8,1,90.1,1211.9,96.29,83.77,67.62,96.29,96.29,1.0,1,0
nick-haynes,2013,ND,SD,21.0,19,2,90.1,1312.4,99.68,86.45,73.97,99.68,96.59,0.88,1,0
nick-haynes,2014,ND,SD,22.0,27,3,90.1,1334.9,96.84,90.73,74.41,96.84,91.46,0.76,1,0
nick-haynes,2015,ND,SD,23.0,44,4,90.1,1408.4,96.65,92.66,79.5,96.65,90.99,0.67,1,0
nick-haynes,2016,ND,SD,24.0,62,5,90.1,1088.6,103.06,100.02,90.99,103.06,97.99,0.58,1,0
nick-haynes,2017,ND,SD,25.0,81,6,88.87,931.0,100.15,98.74,87.84,100.15,94.24,0.52,1,0
nick-haynes,2018,ND,SD,26.0,105,7,88.87,973.4,97.16,95.83,86.75,97.16,91.54,0.46,1,0
nick-haynes,2019,ND,SD,27.0,128,8,88.87,741.5,100.57,97.5,89.78,100.57,94.43,0.431,1,0
billy-longer,2011,ND,RUCK,18.0,0,0,70.57,53.4,108.3,87.39,56.53,108.3,108.3,1.0,1,0
billy-longer,2012,ND,RUCK,19.0,5,1,70.57,60.7,115.06,94.13,73.42,115.06,115.06,1.0,1,0
billy-longer,2013,ND,RUCK,20.0,9,2,70.57,69.2,113.94,91.8,69.43,113.94,113.94,1.0,1,0
billy-longer,2014,ND,RUCK,21.0,25,3,70.57,76.1,118.09,97.02,82.71,118.09,113.84,0.88,1,0
billy-longer,2015,ND,RUCK,22.0,43,4,73.2,79.4,116.06,94.28,84.78,116.06,108.56,0.76,1,0
billy-longer,2016,ND,RUCK,23.0,43,5,78.1,90.6,115.59,90.99,78.14,115.59,103.23,0.67,1,0
billy-longer,2017,ND,RUCK,24.0,60,6,78.1,0.1,112.81,95.19,86.56,112.81,101.79,0.58,1,0
billy-longer,2018,ND,RUCK,25.0,65,7,57.0,0.0,103.41,85.11,68.49,103.41,86.65,0.52,1,0
billy-longer,2019,ND,RUCK,26.0,66,8,57.0,0.0,100.26,83.61,66.34,100.26,81.94,0.46,1,0
jeremy-cameron,2011,ND,KPF,18.0,0,0,89.97,2026.9,88.69,80.28,52.12,88.69,88.69,1.0,1,0
jeremy-cameron,2012,ND,KPF,19.0,16,1,89.97,2269.4,105.81,96.83,81.15,105.81,105.81,1.0,1,0
jeremy-cameron,2013,ND,KPF,20.0,37,2,89.97,2331.5,104.97,100.78,93.49,104.97,104.97,1.0,1,0
jeremy-cameron,2014,ND,KPF,21.0,51,3,89.97,2650.8,102.81,96.5,87.72,102.81,101.0,0.88,1,0
jeremy-cameron,2015,ND,KPF,22.0,73,4,89.97,2717.4,99.27,93.9,86.42,99.27,96.2,0.761,1,0
jeremy-cameron,2016,ND,KPF,23.0,93,5,89.97,2900.0,95.17,91.51,81.94,95.17,90.8,0.67,1,0
jeremy-cameron,2017,ND,KPF,24.0,112,6,89.97,2662.1,102.71,101.14,90.33,102.71,98.62,0.67,1,0
jeremy-cameron,2018,ND,KPF,25.0,130,7,89.97,2512.1,99.76,96.97,88.64,99.76,95.72,0.637,1,0
jeremy-cameron,2019,ND,KPF,26.0,154,8,89.97,2095.6,101.45,98.49,96.18,101.45,99.73,0.672,1,0
tom-mitchell,2011,ND,MID,18.0,0,0,121.57,3743.4,115.75,103.08,83.3,115.75,115.75,1.0,1,0
tom-mitchell,2012,ND,MID,19.0,0,1,121.57,4267.5,115.75,101.7,80.56,115.75,115.75,1.0,1,0
tom-mitchell,2013,ND,MID,20.0,14,2,121.57,4769.6,118.76,109.8,96.26,118.76,118.76,1.0,1,0
tom-mitchell,2014,ND,MID,21.0,20,3,121.57,5089.1,119.43,106.17,92.21,119.43,116.17,0.88,1,0
tom-mitchell,2015,ND,MID,22.0,39,4,121.57,4810.3,126.35,119.7,107.93,126.35,123.69,0.856,1,0
tom-mitchell,2016,ND,MID,23.0,65,5,121.57,4732.6,125.9,121.39,114.35,125.9,123.78,0.817,1,0
tom-mitchell,2017,ND,MID,24.0,87,6,121.57,3953.2,125.63,123.73,118.25,125.63,124.39,0.832,1,0
tom-mitchell,2018,ND,MID,25.0,111,7,119.77,2517.2,127.15,123.79,122.2,127.15,126.2,0.808,1,0
tom-mitchell,2019,ND,MID,26.0,111,8,109.23,2869.6,126.77,121.95,117.27,126.77,124.72,0.784,1,0
adam-treloar,2011,ND,SF,18.0,0,0,113.0,4128.1,95.51,92.56,67.6,95.51,95.51,1.0,1,0
adam-treloar,2012,ND,SF,19.0,18,1,113.0,4273.5,107.15,107.94,89.91,107.94,107.94,1.0,1,0
adam-treloar,2013,ND,SF,20.0,38,2,113.0,4589.1,111.98,110.06,91.61,111.98,111.98,1.0,1,0
adam-treloar,2014,ND,SF,21.0,58,3,113.0,4362.2,119.91,116.86,104.76,119.91,119.17,0.952,1,0
adam-treloar,2015,ND,SF,22.0,79,4,113.0,4127.6,126.53,122.42,114.24,126.53,125.35,0.904,1,0
adam-treloar,2016,ND,SF,23.0,101,5,113.0,3676.4,128.41,123.07,116.59,128.41,126.85,0.868,1,0
adam-treloar,2017,ND,SF,24.0,122,6,111.8,3504.8,124.62,119.6,113.2,124.62,122.7,0.832,1,0
adam-treloar,2018,ND,SF,25.0,139,7,111.8,3286.6,123.26,116.72,110.95,123.26,120.9,0.808,1,0
adam-treloar,2019,ND,SF,26.0,163,8,111.8,2712.8,125.38,121.92,112.76,125.38,122.65,0.784,1,0
adam-tomlinson,2011,ND,KPD,18.0,0,0,71.43,336.9,96.24,91.73,70.09,96.24,96.24,1.0,1,0
adam-tomlinson,2012,ND,KPD,19.0,9,1,71.43,383.6,96.75,89.07,73.08,96.75,96.75,1.0,1,0
adam-tomlinson,2013,ND,KPD,20.0,26,2,71.43,334.2,98.18,95.38,84.78,98.18,98.18,1.0,1,0
adam-tomlinson,2014,ND,KPD,21.0,45,3,71.43,215.5,99.24,94.31,82.69,99.24,97.26,0.88,1,0
adam-tomlinson,2015,ND,KPD,22.0,53,4,71.3,230.0,89.23,86.09,75.76,89.23,86.0,0.76,1,0
adam-tomlinson,2016,ND,KPD,23.0,67,5,71.3,239.9,85.86,81.39,72.27,85.86,81.37,0.67,1,0
adam-tomlinson,2017,ND,KPD,24.0,91,6,71.3,267.0,78.15,75.27,63.87,78.15,72.15,0.58,1,0
adam-tomlinson,2018,ND,KPD,25.0,115,7,71.3,160.2,81.55,78.53,70.94,81.55,76.46,0.52,1,0
adam-tomlinson,2019,ND,KPD,26.0,140,8,70.23,177.5,80.21,78.63,70.85,80.21,75.15,0.46,1,0
liam-sumner,2011,ND,SF,18.0,0,0,45.5,0.1,91.68,85.97,60.92,91.68,91.68,1.0,1,0
liam-sumner,2012,ND,SF,19.0,2,1,45.5,0.1,91.68,84.6,60.55,91.68,91.68,1.0,1,0
liam-sumner,2013,ND,SF,20.0,10,2,45.5,0.1,87.73,74.12,58.62,87.73,87.73,1.0,1,0
liam-sumner,2014,ND,SF,21.0,12,3,47.9,0.1,86.11,68.67,53.84,86.11,82.23,0.88,1,0
liam-sumner,2015,ND,SF,22.0,12,4,47.9,0.1,81.0,71.47,51.54,81.0,73.93,0.76,1,0
liam-sumner,2016,ND,SF,23.0,28,5,47.9,0.0,77.04,66.6,52.05,77.04,68.8,0.67,1,0
liam-sumner,2017,ND,SF,24.0,32,6,27.5,0.0,67.58,59.69,44.83,67.58,58.02,0.58,1,0
toby-greene,2011,ND,SF,18.0,0,0,97.07,2677.7,91.5,83.16,63.19,91.5,91.5,1.0,1,0
toby-greene,2012,ND,SF,19.0,19,1,97.07,2558.1,113.57,107.02,90.22,113.57,113.57,1.0,1,0
toby-greene,2013,ND,SF,20.0,38,2,96.73,2895.8,105.03,99.18,83.39,105.03,105.03,1.0,1,0
toby-greene,2014,ND,SF,21.0,53,3,96.73,2572.6,112.54,107.46,95.38,112.54,111.37,0.932,1,0
toby-greene,2015,ND,SF,22.0,75,4,93.37,2760.0,108.92,102.21,89.89,108.92,105.48,0.819,1,0
toby-greene,2016,ND,SF,23.0,98,5,93.37,2443.1,114.21,106.33,93.73,114.21,109.9,0.789,1,0
toby-greene,2017,ND,SF,24.0,117,6,92.73,2059.4,114.02,105.75,92.09,114.02,108.53,0.75,1,0
toby-greene,2018,ND,SF,25.0,126,7,91.57,2219.6,99.11,95.39,84.63,99.11,93.67,0.625,1,0
toby-greene,2019,ND,SF,26.0,145,8,91.57,1801.7,107.35,100.53,89.28,107.35,101.3,0.665,1,0
sam-docherty,2011,ND,SD,18.0,0,0,111.0,2056.1,107.06,96.0,76.76,107.06,107.06,1.0,1,0
sam-docherty,2012,ND,SD,19.0,0,1,111.0,2344.0,107.06,95.21,75.49,107.06,107.06,1.0,1,0
sam-docherty,2013,ND,SD,20.0,13,2,111.0,2672.1,100.9,88.93,71.76,100.9,100.9,1.0,1,0
sam-docherty,2014,ND,SD,21.0,29,3,111.0,2963.7,107.5,98.94,84.06,107.5,104.69,0.88,1,0
sam-docherty,2015,ND,SD,22.0,48,4,111.0,3027.0,112.05,104.8,95.38,112.05,108.16,0.767,1,0
sam-docherty,2016,ND,SD,23.0,70,5,111.0,2485.8,125.05,119.09,112.36,125.05,122.72,0.816,1,0
sam-docherty,2017,ND,SD,24.0,92,6,107.77,1575.6,126.33,121.58,116.02,126.33,124.59,0.832,1,0
sam-docherty,2018,ND,SD,25.0,92,7,102.17,1796.2,127.07,118.37,111.59,127.07,124.1,0.808,1,0
sam-docherty,2019,ND,SD,26.0,92,8,102.17,2047.7,127.19,114.56,103.8,127.19,122.14,0.784,1,0
taylor-adams,2011,ND,SF,18.0,0,0,105.93,2411.4,91.79,84.41,65.59,91.79,91.79,1.0,1,0
taylor-adams,2012,ND,SF,19.0,15,1,105.93,2543.5,104.83,98.39,86.57,104.83,104.83,1.0,1,0
taylor-adams,2013,ND,SF,20.0,31,2,105.93,2852.6,102.32,97.66,84.3,102.32,102.32,1.0,1,0
taylor-adams,2014,ND,SF,21.0,43,3,105.93,3243.3,100.29,92.88,79.09,100.29,97.75,0.88,1,0
taylor-adams,2015,ND,SF,22.0,61,4,105.93,2850.1,111.58,109.12,96.55,111.58,109.34,0.851,1,0
taylor-adams,2016,ND,SF,23.0,75,5,105.93,2687.0,116.57,110.04,100.5,116.57,113.7,0.821,1,0
taylor-adams,2017,ND,SF,24.0,97,6,105.93,2143.0,123.56,116.25,110.72,123.56,121.41,0.832,1,0
taylor-adams,2018,ND,SF,25.0,120,7,102.1,1787.8,123.04,113.62,108.19,123.04,120.19,0.808,1,0
taylor-adams,2019,ND,SF,26.0,132,8,100.3,1504.1,115.16,107.79,101.18,115.16,111.8,0.76,1,0
devon-smith,2011,ND,SF,18.0,0,0,92.7,1750.5,92.0,84.52,64.81,92.0,92.0,1.0,1,0
devon-smith,2012,ND,SF,19.0,20,1,92.7,1978.5,101.78,94.75,78.62,101.78,101.78,1.0,1,0
devon-smith,2013,ND,SF,20.0,38,2,92.7,2162.0,100.98,94.42,82.15,100.98,100.98,1.0,1,0
devon-smith,2014,ND,SF,21.0,59,3,92.7,1806.6,110.81,101.57,90.58,110.81,108.92,0.907,1,0
devon-smith,2015,ND,SF,22.0,79,4,90.7,1463.6,109.77,104.49,91.75,109.77,106.7,0.83,1,0
devon-smith,2016,ND,SF,23.0,93,5,88.23,1280.7,106.34,100.03,90.71,106.34,102.3,0.741,1,0
devon-smith,2017,ND,SF,24.0,109,6,87.67,1119.6,101.79,96.03,86.51,101.79,96.34,0.643,1,0
devon-smith,2018,ND,SF,25.0,131,7,83.93,429.1,111.53,104.6,95.45,111.53,107.12,0.726,1,0
devon-smith,2019,ND,SF,26.0,138,8,72.7,429.9,98.31,93.96,83.1,98.31,92.14,0.594,1,0
brandon-ellis,2011,ND,MID,18.0,0,0,94.97,1442.4,114.56,100.71,68.41,114.56,114.56,1.0,1,0
brandon-ellis,2012,ND,MID,19.0,21,1,94.97,1644.2,114.3,105.16,76.82,114.3,114.3,1.0,1,0
brandon-ellis,2013,ND,MID,20.0,42,2,94.97,1716.1,117.31,112.59,93.16,117.31,117.31,1.0,1,0
brandon-ellis,2014,ND,MID,21.0,65,3,94.97,1430.9,122.4,118.45,107.35,122.4,120.91,0.901,1,0
brandon-ellis,2015,ND,MID,22.0,88,4,92.9,1063.4,124.28,119.69,108.34,124.28,121.5,0.826,1,0
brandon-ellis,2016,ND,MID,23.0,110,5,89.6,972.8,119.29,110.82,102.75,119.29,114.31,0.699,1,0
brandon-ellis,2017,ND,MID,24.0,135,6,89.6,818.1,113.18,106.25,99.22,113.18,107.76,0.612,1,0
brandon-ellis,2018,ND,MID,25.0,153,7,88.47,912.2,101.8,91.81,81.39,101.8,92.0,0.52,1,0
brandon-ellis,2019,ND,MID,26.0,176,8,88.47,837.0,101.05,93.14,83.12,101.05,91.36,0.46,1,0
thomas-sheridan,2011,ND,MID,18.0,0,0,68.43,11.1,116.67,100.34,67.36,116.67,116.67,1.0,1,0
thomas-sheridan,2012,ND,MID,19.0,1,1,68.43,12.7,109.2,94.95,62.13,109.2,109.2,1.0,1,0
thomas-sheridan,2013,ND,MID,20.0,11,2,68.43,14.5,103.92,92.74,62.55,103.92,103.92,1.0,1,0
thomas-sheridan,2014,ND,MID,21.0,19,3,68.43,16.5,102.73,86.24,58.24,102.73,97.39,0.88,1,0
thomas-sheridan,2015,ND,MID,22.0,38,4,68.43,15.2,104.05,97.96,74.75,104.05,97.02,0.76,1,0
thomas-sheridan,2016,ND,MID,23.0,59,5,62.0,12.0,99.2,93.46,74.46,99.2,91.04,0.67,1,0
thomas-sheridan,2017,ND,MID,24.0,68,6,59.45,13.7,83.49,80.15,60.6,83.49,73.88,0.58,1,0
thomas-sheridan,2018,ND,MID,25.0,81,7,70.5,0.0,93.02,86.13,68.52,93.02,81.26,0.52,1,0
thomas-sheridan,2019,ND,MID,26.0,82,8,17.0,0.0,82.81,76.0,60.4,82.81,70.71,0.46,1,0
clay-smith,2011,ND,MID,18.0,0,0,67.3,125.8,111.65,100.23,65.94,111.65,111.65,1.0,1,0
clay-smith,2012,ND,MID,19.0,16,1,67.3,143.4,109.15,99.25,71.02,109.15,109.15,1.0,1,0
clay-smith,2013,ND,MID,20.0,30,2,67.3,159.9,111.15,104.39,81.81,111.15,111.15,1.0,1,0
clay-smith,2014,ND,MID,21.0,31,3,67.1,182.2,107.89,100.4,73.34,107.89,103.75,0.88,1,0
clay-smith,2015,ND,MID,22.0,34,4,67.1,207.8,93.99,80.27,54.54,93.99,84.52,0.76,1,0
clay-smith,2016,ND,MID,23.0,47,5,67.1,2.6,109.34,98.55,77.12,109.34,98.71,0.67,1,0
clay-smith,2017,ND,MID,24.0,55,6,58.2,0.0,88.55,81.93,63.78,88.55,78.15,0.58,1,0
bradley-mckenzie,2011,ND,SD,18.0,0,0,53.73,4.2,102.13,89.22,65.15,102.13,102.13,1.0,1,0
bradley-mckenzie,2012,ND,SD,19.0,2,1,53.73,4.8,98.42,85.56,62.32,98.42,98.42,1.0,1,0
bradley-mckenzie,2013,ND,SD,20.0,12,2,53.73,5.4,94.55,87.1,58.71,94.55,94.55,1.0,1,0
bradley-mckenzie,2014,ND,SD,21.0,22,3,60.0,6.2,96.12,80.3,62.7,96.12,92.11,0.88,1,0
bradley-mckenzie,2015,ND,SD,22.0,23,4,69.9,6.5,87.59,73.32,56.1,87.59,80.04,0.76,1,0
bradley-mckenzie,2016,ND,SD,23.0,37,5,69.9,0.0,93.85,86.34,71.8,93.85,86.57,0.67,1,0
elliott-kavanagh,2011,ND,MID,18.0,0,0,47.7,0.0,110.31,97.02,64.3,110.31,110.31,1.0,1,0
elliott-kavanagh,2012,ND,MID,19.0,1,1,47.7,0.0,108.54,94.41,60.81,108.54,108.54,1.0,1,0
elliott-kavanagh,2013,ND,MID,20.0,4,2,47.7,0.0,107.3,93.44,59.78,107.3,107.3,1.0,1,0
elliott-kavanagh,2014,ND,MID,21.0,7,3,44.8,0.0,104.4,86.38,53.86,104.4,98.33,0.88,1,0
elliott-kavanagh,2015,ND,MID,22.0,12,4,44.8,0.0,93.67,80.49,49.49,93.67,83.07,0.76,1,0
hayden-crozier,2011,ND,SD,18.0,0,0,77.37,218.0,101.24,87.96,64.48,101.24,101.24,1.0,1,0
hayden-crozier,2012,ND,SD,19.0,3,1,77.37,248.5,99.19,85.84,65.3,99.19,99.19,1.0,1,0
hayden-crozier,2013,ND,SD,20.0,12,2,77.37,279.1,98.78,85.75,68.29,98.78,98.78,1.0,1,0
hayden-crozier,2014,ND,SD,21.0,23,3,77.37,316.8,99.06,84.62,67.47,99.06,95.27,0.88,1,0
hayden-crozier,2015,ND,SD,22.0,34,4,77.37,361.2,83.85,74.02,56.86,83.85,77.37,0.76,1,0
hayden-crozier,2016,ND,SD,23.0,50,5,77.37,350.1,89.95,81.5,69.01,89.95,83.04,0.67,1,0
hayden-crozier,2017,ND,SD,24.0,69,6,77.37,398.1,84.8,77.92,66.29,84.8,77.03,0.58,1,0
hayden-crozier,2018,ND,SD,25.0,86,7,77.37,138.3,93.34,85.17,77.87,93.34,85.92,0.52,1,0
hayden-crozier,2019,ND,SD,26.0,108,8,74.27,101.7,94.17,85.37,77.79,94.17,85.33,0.46,1,0
josh-bootsma,2011,ND,SD,18.0,0,0,40.2,0.0,101.24,87.96,65.68,101.24,101.24,1.0,1,0
josh-bootsma,2012,ND,SD,19.0,5,1,40.2,0.0,100.21,86.73,66.7,100.21,100.21,1.0,1,0
josh-bootsma,2013,ND,SD,20.0,14,2,40.2,0.0,94.35,83.75,60.65,94.35,94.35,1.0,1,0
murray-newman,2011,ND,SD,18.0,0,0,29.0,0.0,101.88,91.23,65.68,101.88,101.88,1.0,1,0
murray-newman,2012,ND,SD,19.0,4,1,29.0,0.0,97.25,88.86,65.9,97.25,97.25,1.0,1,0
murray-newman,2013,ND,SD,20.0,4,2,15.5,0.0,97.3,85.56,60.6,97.3,97.3,1.0,1,0
murray-newman,2014,ND,SD,21.0,4,3,15.5,0.0,96.9,80.1,58.07,96.9,92.24,0.88,1,0
murray-newman,2015,ND,SD,22.0,6,4,15.5,0.0,87.46,74.44,54.16,87.46,79.47,0.76,1,0
henry-schade,2011,ND,KPD,18.0,0,0,57.55,16.5,95.79,91.06,63.49,95.79,95.79,1.0,1,0
henry-schade,2012,ND,KPD,19.0,0,1,57.55,18.9,95.79,90.37,64.13,95.79,95.79,1.0,1,0
henry-schade,2013,ND,KPD,20.0,0,2,57.55,21.5,92.75,86.64,60.43,92.75,92.75,1.0,1,0
henry-schade,2014,ND,KPD,21.0,0,3,57.55,24.5,94.03,80.1,57.24,94.03,89.62,0.88,1,0
henry-schade,2015,ND,KPD,22.0,15,4,57.55,27.1,83.69,74.7,59.38,83.69,77.86,0.76,1,0
henry-schade,2016,ND,KPD,23.0,20,5,63.4,27.5,80.79,73.06,58.13,80.79,73.31,0.67,1,0
henry-schade,2017,ND,KPD,24.0,28,6,63.4,0.0,80.95,73.45,62.42,80.95,73.16,0.58,1,0
sebastian-ross,2011,ND,MID,18.0,0,0,100.57,1246.2,107.55,95.74,63.21,107.55,107.55,1.0,1,0
sebastian-ross,2012,ND,MID,19.0,1,1,100.57,1420.6,107.55,96.24,65.28,107.55,107.55,1.0,1,0
sebastian-ross,2013,ND,MID,20.0,14,2,100.57,1619.5,106.05,98.45,69.35,106.05,106.05,1.0,1,0
sebastian-ross,2014,ND,MID,21.0,27,3,100.57,1846.0,104.6,95.98,71.29,104.6,100.6,0.88,1,0
sebastian-ross,2015,ND,MID,22.0,37,4,100.57,2100.7,101.97,96.76,73.05,101.97,95.03,0.76,1,0
sebastian-ross,2016,ND,MID,23.0,59,5,100.57,1911.6,120.63,115.12,101.81,120.63,115.44,0.724,1,0
sebastian-ross,2017,ND,MID,24.0,81,6,100.57,1504.2,121.95,118.98,110.0,121.95,118.66,0.725,1,0
sebastian-ross,2018,ND,MID,25.0,102,7,99.37,986.2,123.46,116.17,107.62,123.46,119.0,0.718,1,0
sebastian-ross,2019,ND,MID,26.0,124,8,91.43,539.6,116.35,111.2,104.28,116.35,112.03,0.642,1,0
todd-elton,2011,ND,KPF,18.0,0,0,39.2,0.2,86.77,78.67,45.5,86.77,86.77,1.0,1,0
todd-elton,2012,ND,KPF,19.0,1,1,39.2,0.2,89.09,83.13,58.69,89.09,89.09,1.0,1,0
todd-elton,2013,ND,KPF,20.0,1,2,39.2,0.3,90.6,80.7,61.29,90.6,90.6,1.0,1,0
todd-elton,2014,ND,KPF,21.0,1,3,39.2,0.3,93.26,77.39,59.89,93.26,89.25,0.88,1,0
todd-elton,2015,ND,KPF,22.0,2,4,39.2,0.3,84.63,73.42,56.89,84.63,77.97,0.76,1,0
todd-elton,2016,ND,KPF,23.0,4,5,39.2,0.0,81.55,69.61,54.4,81.55,72.59,0.67,1,0
todd-elton,2017,ND,KPF,24.0,10,6,39.2,0.0,76.68,67.2,48.21,76.68,64.73,0.58,1,0
sam-kerridge,2011,ND,MID,18.0,0,0,79.53,265.0,107.41,95.4,61.6,107.41,107.41,1.0,1,0
sam-kerridge,2012,ND,MID,19.0,1,1,79.53,302.1,102.22,92.24,60.44,102.22,102.22,1.0,1,0
sam-kerridge,2013,ND,MID,20.0,12,2,79.53,317.1,107.94,99.58,73.59,107.94,107.94,1.0,1,0
sam-kerridge,2014,ND,MID,21.0,26,3,79.53,361.2,103.64,93.05,65.72,103.64,99.09,0.88,1,0
sam-kerridge,2015,ND,MID,22.0,27,4,79.53,411.7,93.59,83.38,57.03,93.59,84.81,0.76,1,0
sam-kerridge,2016,ND,MID,23.0,48,5,79.53,213.8,109.38,102.14,84.12,109.38,101.04,0.67,1,0
sam-kerridge,2017,ND,MID,24.0,59,6,80.9,164.7,105.87,101.5,82.22,105.87,95.94,0.58,1,0
sam-kerridge,2018,ND,MID,25.0,69,7,83.4,0.0,105.51,98.73,82.14,105.51,94.29,0.52,1,0
fraser-mcinnes,2011,ND,KPF,18.0,0,0,0.0,0.0,90.31,81.58,45.3,90.31,90.31,1.0,1,0
alex-forster,2011,ND,RUCK,18.0,0,0,30.0,0.0,109.76,93.81,64.81,109.76,109.76,1.0,1,0
alex-forster,2012,ND,RUCK,19.0,0,1,30.0,0.0,109.76,94.1,76.29,109.76,109.76,1.0,1,0
alex-forster,2013,ND,RUCK,20.0,1,2,30.0,0.0,107.97,91.63,75.43,107.97,107.97,1.0,1,0
elliot-yeo,2011,ND,MID,18.0,0,0,105.67,1527.2,105.42,91.3,59.01,105.42,105.42,1.0,1,0
elliot-yeo,2012,ND,MID,19.0,8,1,105.67,1740.9,105.98,95.17,65.32,105.98,105.98,1.0,1,0
elliot-yeo,2013,ND,MID,20.0,27,2,105.67,1983.6,110.2,100.63,77.57,110.2,110.2,1.0,1,0
elliot-yeo,2014,ND,MID,21.0,40,3,105.67,2258.2,106.24,97.56,75.37,106.24,102.53,0.88,1,0
elliot-yeo,2015,ND,MID,22.0,64,4,105.67,2413.7,114.41,107.35,91.56,114.41,108.92,0.76,1,0
elliot-yeo,2016,ND,MID,23.0,84,5,105.67,2711.4,109.31,100.32,84.15,109.31,101.0,0.67,1,0
elliot-yeo,2017,ND,MID,24.0,107,6,105.67,2218.4,118.47,112.16,103.65,118.47,113.67,0.676,1,0
elliot-yeo,2018,ND,MID,25.0,132,7,105.67,1622.6,122.29,113.96,110.15,122.29,119.2,0.745,1,0
elliot-yeo,2019,ND,MID,26.0,155,8,99.93,1058.8,117.05,110.67,106.29,117.05,114.03,0.72,1,0
jackson-merrett,2011,ND,MID,18.0,0,0,59.03,11.4,105.42,91.21,59.01,105.42,105.42,1.0,1,0
jackson-merrett,2012,ND,MID,19.0,1,1,59.03,13.0,102.02,91.23,60.19,102.02,102.02,1.0,1,0
jackson-merrett,2013,ND,MID,20.0,14,2,59.03,14.9,102.07,90.1,61.28,102.07,102.07,1.0,1,0
jackson-merrett,2014,ND,MID,21.0,28,3,59.03,12.7,104.35,92.65,67.06,104.35,99.88,0.88,1,0
jackson-merrett,2015,ND,MID,22.0,43,4,59.05,13.3,95.33,87.64,63.81,95.33,87.76,0.76,1,0
jackson-merrett,2016,ND,MID,23.0,54,5,63.0,0.0,94.0,85.56,67.31,94.0,85.19,0.67,1,0
jackson-merrett,2017,ND,MID,24.0,54,6,45.5,0.0,87.5,79.31,61.86,87.5,76.73,0.58,1,0
jackson-merrett,2018,ND,MID,25.0,56,7,45.5,0.0,80.92,70.28,46.13,80.92,64.22,0.52,1,0
joel-hamling,2011,ND,KPF,18.0,0,0,65.7,116.9,92.72,83.84,41.92,92.72,92.72,1.0,1,0
joel-hamling,2012,ND,KPF,19.0,0,1,65.7,133.2,92.72,84.13,55.04,92.72,92.72,1.0,1,0
joel-hamling,2013,ND,KPF,20.0,0,2,65.7,151.9,92.25,80.0,57.47,92.25,92.25,1.0,1,0
joel-hamling,2014,ND,KPF,21.0,0,3,65.7,173.2,93.85,75.59,55.66,93.85,89.27,0.88,1,0
joel-hamling,2015,ND,KPF,22.0,11,4,65.7,195.1,89.31,75.13,57.25,89.31,81.62,0.76,1,0
joel-hamling,2016,ND,KPF,23.0,23,5,65.7,221.4,84.2,74.34,57.8,84.2,75.49,0.67,1,0
joel-hamling,2017,ND,KPF,24.0,45,6,65.7,224.3,84.55,77.79,65.38,84.55,76.5,0.58,1,0
joel-hamling,2018,ND,KPF,25.0,63,7,62.07,73.0,85.17,79.53,69.91,85.17,77.85,0.52,1,0
joel-hamling,2019,ND,KPF,26.0,85,8,54.2,51.8,77.19,72.71,66.2,77.19,71.26,0.46,1,0
bradley-hill,2011,ND,SF,18.0,0,0,85.73,574.1,89.78,83.53,53.85,89.78,89.78,1.0,1,0
bradley-hill,2012,ND,SF,19.0,5,1,85.73,654.5,86.75,79.12,51.71,86.75,86.75,1.0,1,0
bradley-hill,2013,ND,SF,20.0,29,2,85.73,745.8,94.46,87.53,67.83,94.46,94.46,1.0,1,0
bradley-hill,2014,ND,SF,21.0,51,3,85.73,776.2,99.47,93.41,80.5,99.47,97.19,0.88,1,0
bradley-hill,2015,ND,SF,22.0,75,4,85.73,815.6,101.37,95.1,84.1,101.37,97.35,0.767,1,0
bradley-hill,2016,ND,SF,23.0,95,5,85.73,927.6,90.81,86.34,74.49,90.81,85.42,0.67,1,0
bradley-hill,2017,ND,SF,24.0,117,6,85.73,739.2,95.8,90.11,82.25,95.8,90.26,0.591,1,0
bradley-hill,2018,ND,SF,25.0,127,7,85.57,760.1,96.28,92.86,80.34,96.28,89.01,0.544,1,0
bradley-hill,2019,ND,SF,26.0,149,8,84.7,658.4,98.4,92.42,86.39,98.4,93.05,0.555,1,0
shane-kersten,2011,ND,KPF,18.0,0,0,58.57,37.2,92.18,82.66,41.92,92.18,92.18,1.0,1,0
shane-kersten,2012,ND,KPF,19.0,0,1,58.57,42.4,92.18,83.08,55.04,92.18,92.18,1.0,1,0
shane-kersten,2013,ND,KPF,20.0,0,2,58.57,48.3,91.71,78.95,57.47,91.71,91.71,1.0,1,0
shane-kersten,2014,ND,KPF,21.0,9,3,58.57,55.1,84.72,71.02,49.22,84.72,80.46,0.88,1,0
shane-kersten,2015,ND,KPF,22.0,20,4,58.57,62.4,83.42,70.83,52.38,83.42,75.97,0.76,1,0
shane-kersten,2016,ND,KPF,23.0,37,5,58.57,21.8,86.26,79.2,67.14,86.26,79.95,0.67,1,0
shane-kersten,2017,ND,KPF,24.0,57,6,56.3,23.4,77.6,71.81,58.18,77.6,69.44,0.58,1,0
shane-kersten,2018,ND,KPF,25.0,66,7,61.0,0.0,76.66,71.89,60.79,76.66,69.04,0.52,1,0
daniel-markworth,2011,ND,SF,19.0,0,0,0.0,0.0,89.78,83.39,56.76,89.78,89.78,1.0,1,0
rory-taggert,2011,ND,MID,18.0,0,0,0.0,0.0,106.38,90.9,55.73,106.38,106.38,1.0,1,0
jack-newnes,2011,ND,MID,18.0,0,0,88.0,682.5,106.38,88.96,55.73,106.38,106.38,1.0,1,0
jack-newnes,2012,ND,MID,19.0,7,1,88.0,778.0,108.39,92.26,66.13,108.39,108.39,1.0,1,0
jack-newnes,2013,ND,MID,20.0,25,2,88.0,886.8,107.72,95.43,70.12,107.72,107.72,1.0,1,0
jack-newnes,2014,ND,MID,21.0,47,3,88.0,875.9,116.6,104.26,90.98,116.6,113.53,0.88,1,0
jack-newnes,2015,ND,MID,22.0,69,4,88.0,563.1,118.04,111.77,100.33,118.04,114.17,0.781,1,0
jack-newnes,2016,ND,MID,23.0,91,5,82.7,315.3,118.6,109.86,102.13,118.6,113.71,0.703,1,0
jack-newnes,2017,ND,MID,24.0,113,6,76.9,138.3,109.32,103.03,93.77,109.32,103.01,0.594,1,0
jack-newnes,2018,ND,MID,25.0,135,7,70.83,155.9,92.65,84.56,72.83,92.65,83.14,0.52,1,0
jack-newnes,2019,ND,MID,26.0,155,8,70.83,60.2,87.71,82.51,73.09,87.71,79.82,0.46,1,0
jordan-kelly,2011,ND,SD,18.0,0,0,0.0,0.0,101.28,84.85,58.52,101.28,101.28,1.0,1,0
michael-talia,2011,ND,KPD,18.0,0,0,73.7,325.3,94.47,83.36,59.16,94.47,94.47,1.0,1,0
michael-talia,2012,ND,KPD,19.0,4,1,73.7,368.4,94.96,84.55,65.06,94.96,94.96,1.0,1,0
michael-talia,2013,ND,KPD,20.0,13,2,73.7,157.0,100.29,93.01,80.82,100.29,100.29,1.0,1,0
michael-talia,2014,ND,KPD,21.0,16,3,72.3,178.9,93.87,84.2,68.88,93.87,90.87,0.88,1,0
michael-talia,2015,ND,KPD,22.0,30,4,72.3,1.0,95.33,88.79,75.57,95.33,90.59,0.76,1,0
michael-talia,2016,ND,KPD,23.0,31,5,56.0,0.0,92.11,83.77,71.28,92.11,85.24,0.67,1,0
tom-curran,2011,ND,SD,18.0,0,0,0.0,0.0,101.28,83.94,58.16,101.28,101.28,1.0,1,0
mitchell-grigg,2011,ND,MID,18.0,0,0,60.9,145.5,106.32,85.29,54.49,106.32,106.32,1.0,1,0
mitchell-grigg,2012,ND,MID,19.0,0,1,60.9,165.8,106.32,87.93,59.5,106.32,106.32,1.0,1,0
mitchell-grigg,2013,ND,MID,20.0,5,2,60.9,80.5,107.58,92.61,65.09,107.58,107.58,1.0,1,0
mitchell-grigg,2014,ND,MID,21.0,14,3,60.9,91.7,104.09,87.0,60.83,104.09,98.9,0.88,1,0
mitchell-grigg,2015,ND,MID,22.0,20,4,72.0,0.0,101.57,91.3,67.24,101.57,93.33,0.76,1,0
jimmy-webster,2011,ND,SD,18.0,0,0,75.1,148.4,99.43,83.45,58.04,99.43,99.43,1.0,1,0
jimmy-webster,2012,ND,SD,19.0,0,1,75.1,169.2,99.43,85.91,61.63,99.43,99.43,1.0,1,0
jimmy-webster,2013,ND,SD,20.0,11,2,75.1,192.9,94.94,81.04,60.06,94.94,94.94,1.0,1,0
jimmy-webster,2014,ND,SD,21.0,22,3,75.1,216.2,101.37,89.7,66.66,101.37,97.2,0.88,1,0
jimmy-webster,2015,ND,SD,22.0,39,4,75.1,243.5,94.58,87.14,71.63,94.58,89.07,0.76,1,0
jimmy-webster,2016,ND,SD,23.0,50,5,75.1,277.2,90.2,83.05,68.23,90.2,82.95,0.67,1,0
jimmy-webster,2017,ND,SD,24.0,68,6,75.1,297.4,92.04,87.08,74.31,92.04,84.59,0.58,1,0
jimmy-webster,2018,ND,SD,25.0,85,7,72.67,6.9,102.15,98.04,85.8,102.15,94.3,0.52,1,0
jimmy-webster,2019,ND,SD,26.0,93,8,64.93,6.2,91.79,85.65,75.91,91.79,83.21,0.46,1,0
jordan-lockyer,2011,ND,SD,18.0,0,0,0.0,0.0,99.29,82.11,52.29,99.29,99.29,1.0,1,0
brendon-ah-chee,2011,ND,SF,18.0,0,0,63.6,20.3,91.89,79.34,50.47,91.89,91.89,1.0,1,0
brendon-ah-chee,2012,ND,SF,19.0,0,1,63.6,23.1,91.89,81.85,55.11,91.89,91.89,1.0,1,0
brendon-ah-chee,2013,ND,SF,20.0,0,2,63.6,26.3,92.19,81.03,55.17,92.19,92.19,1.0,1,0
brendon-ah-chee,2014,ND,SF,21.0,0,3,63.6,30.0,92.15,79.0,56.68,92.15,87.89,0.88,1,0
brendon-ah-chee,2015,ND,SF,22.0,11,4,63.6,33.7,89.68,78.07,59.81,89.68,82.51,0.76,1,0
brendon-ah-chee,2016,ND,SF,23.0,22,5,62.03,37.1,85.03,77.93,62.54,85.03,77.61,0.67,1,0
brendon-ah-chee,2017,ND,SF,24.0,27,6,58.2,40.1,79.53,73.19,61.3,79.53,71.88,0.58,1,0
brendon-ah-chee,2018,ND,SF,25.0,35,7,58.2,26.3,78.6,71.76,60.79,78.6,70.06,0.52,1,0
brendon-ah-chee,2019,ND,SF,26.0,36,8,55.2,0.5,75.4,71.3,59.97,75.4,67.07,0.46,1,0
nick-joyce,2011,ND,MID,18.0,0,0,0.0,0.0,106.84,87.91,49.54,106.84,106.84,1.0,1,0
patrick-wearden,2011,ND,MID,18.0,0,0,0.0,0.0,106.18,84.72,47.62,106.18,106.18,1.0,1,0
jordan-murdoch,2011,ND,SF,19.0,0,0,69.27,124.6,90.25,83.22,54.32,90.25,90.25,1.0,1,0
jordan-murdoch,2012,ND,SF,20.0,8,1,69.27,140.0,86.96,75.5,53.22,86.96,86.96,1.0,1,0
jordan-murdoch,2013,ND,SF,21.0,19,2,69.27,159.5,85.76,72.67,55.48,85.76,82.13,0.88,1,0
jordan-murdoch,2014,ND,SF,22.0,42,3,69.27,169.3,89.5,86.93,65.31,89.5,83.69,0.76,1,0
jordan-murdoch,2015,ND,SF,23.0,60,4,69.27,134.3,86.78,84.08,69.08,86.78,80.94,0.67,1,0
jordan-murdoch,2016,ND,SF,24.0,70,5,66.27,152.9,80.29,77.87,64.96,80.29,73.85,0.58,1,0
jordan-murdoch,2017,ND,SF,25.0,92,6,66.27,105.1,83.14,81.3,69.0,83.14,76.35,0.52,1,0
jordan-murdoch,2018,ND,SF,26.0,108,7,65.1,0.2,82.05,82.0,68.5,82.05,74.74,0.46,1,0
jordan-murdoch,2019,ND,SF,27.0,122,8,58.9,0.0,72.21,71.55,60.89,72.21,65.42,0.4,1,0
daniel-pearce,2011,ND,KPD,18.0,0,0,34.0,0.0,94.24,82.2,50.72,94.24,94.24,1.0,1,0
daniel-pearce,2012,ND,KPD,19.0,5,1,34.0,0.0,91.55,77.66,60.31,91.55,91.55,1.0,1,0
daniel-pearce,2013,ND,KPD,20.0,5,2,5.0,0.0,90.55,77.47,57.51,90.55,90.55,1.0,1,0
daniel-pearce,2014,ND,KPD,21.0,5,3,5.0,0.0,88.78,73.69,54.0,88.78,84.61,0.88,1,0
daniel-pearce,2015,ND,KPD,22.0,6,4,5.0,0.0,80.98,69.79,51.86,80.98,73.99,0.76,1,0
jackson-paine,2011,ND,KPD,18.0,0,0,42.0,0.5,93.97,81.14,50.52,93.97,93.97,1.0,1,0
jackson-paine,2012,ND,KPD,19.0,6,1,42.0,0.0,92.0,81.17,60.38,92.0,92.0,1.0,1,0
jackson-paine,2013,ND,KPD,20.0,6,2,34.5,0.0,91.72,78.18,58.33,91.72,91.72,1.0,1,0
jackson-paine,2014,ND,KPD,21.0,12,3,34.5,0.0,88.96,68.38,52.74,88.96,84.62,0.88,1,0
jackson-paine,2015,ND,KPD,22.0,12,4,37.2,0.0,79.89,67.18,51.79,79.89,73.15,0.76,1,0
jackson-paine,2016,ND,KPD,23.0,16,5,37.2,0.0,71.95,62.1,42.06,71.95,62.09,0.67,1,0
nathan-blee,2011,ND,SD,21.0,0,0,50.5,0.0,90.78,75.26,52.69,90.78,86.21,0.88,1,0
nathan-blee,2012,ND,SD,22.0,4,1,50.5,0.0,78.74,65.93,44.35,78.74,70.49,0.76,1,0
nathan-blee,2013,ND,SD,23.0,6,2,50.5,0.0,78.09,65.26,42.36,78.09,66.3,0.67,1,0
josh-tynan,2011,ND,KPF,18.0,0,0,28.0,0.0,90.2,71.74,27.46,90.2,90.2,1.0,1,0
josh-tynan,2012,ND,KPF,19.0,2,1,28.0,0.0,90.06,74.12,52.03,90.06,90.06,1.0,1,0
alex-woodward,2011,ND,MID,18.0,0,0,46.0,0.0,103.33,83.59,39.84,103.33,103.33,1.0,1,0
alex-woodward,2012,ND,MID,19.0,0,1,46.0,0.0,103.33,87.13,57.3,103.33,103.33,1.0,1,0
alex-woodward,2013,ND,MID,20.0,0,2,46.0,0.0,101.87,85.78,55.1,101.87,101.87,1.0,1,0
alex-woodward,2014,ND,MID,21.0,2,3,46.0,0.0,98.55,83.21,54.83,98.55,93.31,0.88,1,0
matthew-arnot,2011,ND,RUCK,18.0,0,0,52.8,0.0,107.18,88.9,28.16,107.18,107.18,1.0,1,0
matthew-arnot,2012,ND,RUCK,19.0,0,1,52.8,0.0,107.18,92.87,59.88,107.18,107.18,1.0,1,0
matthew-arnot,2013,ND,RUCK,20.0,4,2,52.8,0.0,104.73,92.59,59.89,104.73,104.73,1.0,1,0
matthew-arnot,2014,ND,RUCK,21.0,8,3,52.0,0.0,109.17,92.3,66.17,109.17,104.01,0.88,1,0
matthew-arnot,2015,ND,RUCK,22.0,9,4,47.0,0.0,106.18,91.5,67.59,106.18,96.92,0.76,1,0
tom-downie,2011,ND,RUCK,18.0,0,0,67.3,2.6,109.77,97.34,27.86,109.77,109.77,1.0,1,0
tom-downie,2012,ND,RUCK,19.0,0,1,67.3,3.0,109.77,98.56,60.43,109.77,109.77,1.0,1,0
tom-downie,2013,ND,RUCK,20.0,1,2,67.3,3.4,108.25,98.84,61.12,108.25,108.25,1.0,1,0
tom-downie,2014,ND,RUCK,21.0,1,3,67.3,3.9,110.69,93.87,66.16,110.69,105.35,0.88,1,0
tom-downie,2015,ND,RUCK,22.0,8,4,67.3,0.0,107.89,94.44,68.75,107.89,98.5,0.76,1,0
tom-downie,2016,ND,RUCK,23.0,9,5,50.0,0.0,107.0,92.8,69.49,107.0,94.62,0.67,1,0
tory-dickson,2011,ND,SF,24.0,0,0,72.13,317.5,71.57,64.65,52.37,71.57,63.51,0.58,1,0
tory-dickson,2012,ND,SF,25.0,17,1,72.13,270.3,79.44,72.29,62.23,79.44,71.18,0.52,1,0
tory-dickson,2013,ND,SF,26.0,30,2,70.6,218.4,80.03,75.75,63.57,80.03,71.14,0.46,1,0
tory-dickson,2014,ND,SF,27.0,34,3,67.63,249.0,75.07,68.94,59.22,75.07,65.56,0.4,1,0
tory-dickson,2015,ND,SF,28.0,57,4,67.63,30.9,83.43,80.4,68.6,83.43,74.61,0.406,1,0
tory-dickson,2016,ND,SF,29.0,79,5,58.3,5.5,81.35,74.81,63.82,81.35,70.84,0.4,1,0
tory-dickson,2017,ND,SF,30.0,88,6,52.7,6.1,71.52,64.32,56.26,71.52,62.36,0.4,1,0
tory-dickson,2018,ND,SF,31.0,96,7,54.7,6.9,69.12,63.24,53.13,69.12,59.53,0.4,1,0
tory-dickson,2019,ND,SF,32.0,113,8,60.9,0.0,69.44,62.02,53.7,69.44,60.0,0.4,1,0
lachie-neale,2011,ND,MID,18.0,0,0,125.2,4592.4,112.82,94.9,52.22,112.82,112.82,1.0,1,0
lachie-neale,2012,ND,MID,19.0,11,1,125.2,5235.4,109.12,96.33,62.41,109.12,109.12,1.0,1,0
lachie-neale,2013,ND,MID,20.0,23,2,125.2,5908.2,115.74,108.8,84.32,115.74,115.74,1.0,1,0
lachie-neale,2014,ND,MID,21.0,46,3,125.2,6414.3,121.6,112.46,99.01,121.6,119.05,0.887,1,0
lachie-neale,2015,ND,MID,22.0,70,4,125.2,6592.1,128.72,122.29,112.2,128.72,126.17,0.845,1,0
lachie-neale,2016,ND,MID,23.0,92,5,125.2,6420.3,127.91,124.47,116.46,127.91,126.35,0.864,1,0
lachie-neale,2017,ND,MID,24.0,113,6,125.2,6393.0,127.53,126.3,115.37,127.53,125.37,0.823,1,0
lachie-neale,2018,ND,MID,25.0,135,7,125.2,6229.2,126.37,123.36,118.94,126.37,124.94,0.808,1,0
lachie-neale,2019,ND,MID,26.0,159,8,125.2,5659.4,125.74,123.84,121.69,125.74,124.86,0.784,1,0
nicholas-o-brien,2011,ND,KPD,18.0,0,0,71.7,7.7,103.09,97.89,65.17,103.09,103.09,1.0,1,0
nicholas-o-brien,2012,ND,KPD,19.0,2,1,71.7,8.3,102.15,95.09,77.19,102.15,102.15,1.0,1,0
nicholas-o-brien,2013,ND,KPD,20.0,5,2,71.7,9.5,93.05,85.25,65.17,93.05,93.05,1.0,1,0
nicholas-o-brien,2014,ND,KPD,21.0,5,3,71.7,10.8,95.21,83.76,63.04,95.21,91.35,0.88,1,0
nicholas-o-brien,2015,ND,KPD,22.0,14,4,71.7,0.0,95.37,85.41,69.54,95.37,89.17,0.76,1,0
jay-lever,2011,ND,SD,18.0,0,0,0.0,0.0,108.91,98.01,61.68,108.91,108.91,1.0,1,0
alex-brown,2011,ND,SD,18.0,0,0,0.0,0.0,108.91,98.01,61.68,108.91,108.91,1.0,1,0
dylan-buckley,2011,ND,SD,18.0,0,0,54.4,0.1,108.91,98.01,61.68,108.91,108.91,1.0,1,0
dylan-buckley,2012,ND,SD,19.0,0,1,54.4,0.1,108.91,97.97,76.77,108.91,108.91,1.0,1,0
dylan-buckley,2013,ND,SD,20.0,1,2,54.4,0.2,102.22,92.07,67.44,102.22,102.22,1.0,1,0
dylan-buckley,2014,ND,SD,21.0,9,3,54.4,0.1,99.94,83.3,58.89,99.94,95.01,0.88,1,0
dylan-buckley,2015,ND,SD,22.0,27,4,53.7,0.0,91.41,83.18,64.65,91.41,84.99,0.76,1,0
dylan-buckley,2016,ND,SD,23.0,38,5,52.4,0.0,86.18,78.84,61.65,86.18,78.08,0.67,1,0
dylan-buckley,2017,ND,SD,24.0,39,6,38.0,0.0,81.01,74.21,57.11,81.01,70.97,0.58,1,0
dylan-buckley,2018,ND,SD,25.0,41,7,38.0,0.0,77.54,70.1,50.08,77.54,64.36,0.52,1,0
cameron-ellis-yolmen,2011,ND,MID,18.0,0,0,83.57,274.1,112.82,94.9,52.22,112.82,112.82,1.0,1,0
cameron-ellis-yolmen,2012,ND,MID,19.0,0,1,83.57,312.5,112.82,94.86,66.85,112.82,112.82,1.0,1,0
cameron-ellis-yolmen,2013,ND,MID,20.0,0,2,83.57,356.3,103.9,91.12,61.06,103.9,103.9,1.0,1,0
cameron-ellis-yolmen,2014,ND,MID,21.0,1,3,83.57,406.1,104.96,91.1,60.2,104.96,99.59,0.88,1,0
cameron-ellis-yolmen,2015,ND,MID,22.0,12,4,83.57,434.1,108.22,98.08,78.75,108.22,101.15,0.76,1,0
cameron-ellis-yolmen,2016,ND,MID,23.0,14,5,79.1,446.0,106.1,90.8,69.36,106.1,93.97,0.67,1,0
cameron-ellis-yolmen,2017,ND,MID,24.0,14,6,79.1,508.5,99.54,88.64,67.25,99.54,85.98,0.58,1,0
cameron-ellis-yolmen,2018,ND,MID,25.0,29,7,79.1,404.4,105.62,95.28,75.69,105.62,91.26,0.52,1,0
cameron-ellis-yolmen,2019,ND,MID,26.0,39,8,77.2,0.3,107.84,97.42,84.46,107.84,97.06,0.539,1,0
corey-gault,2011,ND,KPF,19.0,0,0,58.0,1.7,105.48,97.35,76.94,105.48,105.48,1.0,1,0
corey-gault,2012,ND,KPF,20.0,0,1,58.0,2.0,99.57,90.39,71.26,99.57,99.57,1.0,1,0
corey-gault,2013,ND,KPF,21.0,0,2,58.0,2.3,97.44,85.05,66.34,97.44,93.71,0.88,1,0
corey-gault,2014,ND,KPF,22.0,1,3,58.0,0.4,88.54,78.57,59.44,88.54,81.55,0.76,1,0
corey-gault,2015,ND,KPF,23.0,4,4,50.0,0.0,85.46,74.29,57.22,85.46,76.14,0.67,1,0
corey-gault,2016,ND,KPF,24.0,6,5,13.0,0.0,77.07,69.95,52.62,77.07,66.8,0.58,1,0
lincoln-mccarthy,2011,ND,SF,18.0,0,0,70.73,123.6,97.91,83.99,50.25,97.91,97.91,1.0,1,0
lincoln-mccarthy,2012,ND,SF,19.0,1,1,70.73,140.9,96.2,84.53,58.07,96.2,96.2,1.0,1,0
lincoln-mccarthy,2013,ND,SF,20.0,1,2,70.73,160.6,91.46,80.47,57.28,91.46,91.46,1.0,1,0
lincoln-mccarthy,2014,ND,SF,21.0,5,3,70.73,183.0,91.23,75.87,56.69,91.23,87.09,0.88,1,0
lincoln-mccarthy,2015,ND,SF,22.0,5,4,70.73,208.6,82.39,72.06,54.76,82.39,75.76,0.76,1,0
lincoln-mccarthy,2016,ND,SF,23.0,24,5,70.73,237.1,79.3,74.8,58.52,79.3,72.44,0.67,1,0
lincoln-mccarthy,2017,ND,SF,24.0,27,6,70.73,265.4,73.57,69.45,57.96,73.57,67.01,0.58,1,0
lincoln-mccarthy,2018,ND,SF,25.0,29,7,70.73,301.5,71.55,67.45,54.38,71.55,63.31,0.52,1,0
lincoln-mccarthy,2019,ND,SF,26.0,53,8,70.73,303.6,77.65,74.0,63.82,77.65,70.18,0.46,1,0
jarrod-witts,2011,ND,RUCK,19.0,0,0,107.97,1589.9,115.06,104.01,74.36,115.06,115.06,1.0,1,0
jarrod-witts,2012,ND,RUCK,20.0,0,1,107.97,1812.4,110.94,99.7,72.41,110.94,110.94,1.0,1,0
jarrod-witts,2013,ND,RUCK,21.0,7,2,107.97,2064.7,113.02,97.84,72.18,113.02,108.12,0.88,1,0
jarrod-witts,2014,ND,RUCK,22.0,27,3,107.97,2330.7,114.93,104.37,85.95,114.93,107.97,0.76,1,0
jarrod-witts,2015,ND,RUCK,23.0,38,4,107.97,2627.3,113.35,102.19,83.04,113.35,103.35,0.67,1,0
jarrod-witts,2016,ND,RUCK,24.0,40,5,107.97,2994.8,107.73,99.63,77.11,107.73,94.87,0.58,1,0
jarrod-witts,2017,ND,RUCK,25.0,58,6,107.97,2882.9,119.32,112.88,100.79,119.32,112.6,0.637,1,0
jarrod-witts,2018,ND,RUCK,26.0,80,7,107.97,2915.5,112.34,108.24,97.54,112.34,105.6,0.545,1,0
jarrod-witts,2019,ND,RUCK,27.0,102,8,107.97,2640.2,113.59,113.53,104.6,113.59,110.07,0.608,1,0
cameron-sutcliffe,2011,ND,MID,19.0,0,0,68.13,16.9,112.82,94.86,66.85,112.82,112.82,1.0,1,0
cameron-sutcliffe,2012,ND,MID,20.0,4,1,68.13,19.3,104.8,87.74,54.8,104.8,104.8,1.0,1,0
cameron-sutcliffe,2013,ND,MID,21.0,23,2,68.13,21.9,102.98,88.15,56.9,102.98,97.45,0.88,1,0
cameron-sutcliffe,2014,ND,MID,22.0,47,3,68.13,9.4,103.85,96.16,75.38,103.85,97.02,0.76,1,0
cameron-sutcliffe,2015,ND,MID,23.0,68,4,65.0,7.5,97.71,91.98,74.46,97.71,90.04,0.67,1,0
cameron-sutcliffe,2016,ND,MID,24.0,87,5,64.7,0.7,97.03,91.35,74.01,97.03,87.36,0.58,1,0
cameron-sutcliffe,2017,ND,MID,25.0,100,6,61.1,0.0,85.7,79.07,67.37,85.7,76.9,0.52,1,0
cameron-sutcliffe,2018,ND,MID,26.0,104,7,52.5,0.0,79.32,75.88,59.67,79.32,68.71,0.46,1,0
cameron-sutcliffe,2019,ND,MID,27.0,109,8,51.4,0.0,76.83,67.41,47.72,76.83,59.36,0.4,1,0
orren-stephenson,2011,ND,RUCK,29.0,0,0,66.85,37.2,86.8,76.24,53.91,86.8,67.07,0.4,1,0
orren-stephenson,2012,ND,RUCK,30.0,8,1,66.85,42.0,88.21,78.11,52.18,88.21,66.59,0.4,1,0
orren-stephenson,2013,ND,RUCK,31.0,14,2,73.8,18.3,93.72,78.06,53.93,93.72,69.85,0.4,1,0
orren-stephenson,2014,ND,RUCK,32.0,15,3,76.0,0.0,88.75,74.79,52.57,88.75,67.04,0.4,1,0
jed-bews,2011,ND,SD,18.0,0,0,58.37,1.3,108.91,98.01,61.68,108.91,108.91,1.0,1,0
jed-bews,2012,ND,SD,19.0,0,1,58.37,1.5,108.91,97.97,76.77,108.91,108.91,1.0,1,0
jed-bews,2013,ND,SD,20.0,0,2,58.37,1.7,102.54,91.23,71.23,102.54,102.54,1.0,1,0
jed-bews,2014,ND,SD,21.0,7,3,58.37,1.9,97.42,79.64,55.02,97.42,92.33,0.88,1,0
jed-bews,2015,ND,SD,22.0,23,4,58.37,2.2,85.57,80.81,56.58,85.57,78.61,0.76,1,0
jed-bews,2016,ND,SD,23.0,31,5,58.37,2.4,85.46,77.45,55.89,85.46,75.7,0.67,1,0
jed-bews,2017,ND,SD,24.0,50,6,58.37,2.4,81.12,77.52,62.82,81.12,73.43,0.58,1,0
jed-bews,2018,ND,SD,25.0,71,7,56.57,2.8,69.25,62.4,51.14,69.25,60.56,0.52,1,0
jed-bews,2019,ND,SD,26.0,83,8,56.57,3.1,71.02,66.32,48.25,71.02,58.72,0.46,1,0
james-mcdonald,2011,ND,MID,35.0,0,0,64.6,1.1,71.11,56.14,32.85,71.11,48.16,0.4,1,0
james-mcdonald,2012,ND,MID,36.0,13,1,64.6,0.0,77.44,58.87,39.06,77.44,54.41,0.4,1,0
alex-sexton,2011,ND,SD,18.0,0,0,67.13,56.0,108.91,98.01,61.68,108.91,108.91,1.0,1,0
alex-sexton,2012,ND,SD,19.0,6,1,67.13,63.9,103.94,90.16,64.48,103.94,103.94,1.0,1,0
alex-sexton,2013,ND,SD,20.0,10,2,67.13,72.8,96.5,83.15,59.56,96.5,96.5,1.0,1,0
alex-sexton,2014,ND,SD,21.0,24,3,67.13,83.0,91.98,80.75,55.41,91.98,87.6,0.88,1,0
alex-sexton,2015,ND,SD,22.0,37,4,67.13,93.8,89.0,79.01,59.95,89.0,82.03,0.76,1,0
alex-sexton,2016,ND,SD,23.0,55,5,67.13,76.3,90.95,83.73,68.7,90.95,83.61,0.67,1,0
alex-sexton,2017,ND,SD,24.0,75,6,65.57,86.7,87.52,80.02,66.65,87.52,78.76,0.58,1,0
alex-sexton,2018,ND,SD,25.0,97,7,65.57,98.2,85.27,75.86,65.2,85.27,75.64,0.52,1,0
alex-sexton,2019,ND,SD,26.0,119,8,63.57,110.9,75.5,72.08,57.78,75.5,65.93,0.46,1,0
jackson-allen,2011,ND,MID,18.0,0,0,86.0,84.5,112.82,94.9,52.22,112.82,112.82,1.0,1,0
jackson-allen,2012,ND,MID,19.0,1,1,86.0,0.0,113.97,98.74,67.18,113.97,113.97,1.0,1,0
jackson-allen,2013,ND,MID,20.0,4,2,36.7,0.0,105.64,89.92,57.99,105.64,105.64,1.0,1,0
aaron-hall,2011,RD,MID,21.0,0,0,99.5,1354.2,101.41,83.1,53.03,101.41,95.61,0.88,1,0
aaron-hall,2012,RD,MID,22.0,8,1,99.5,1538.1,93.09,81.4,49.58,93.09,82.65,0.76,1,0
aaron-hall,2013,RD,MID,23.0,30,2,99.5,1739.7,94.16,87.15,65.16,94.16,84.59,0.67,1,0
aaron-hall,2014,RD,MID,24.0,46,3,99.5,1978.7,87.74,81.97,63.89,87.74,77.73,0.58,1,0
aaron-hall,2015,RD,MID,25.0,61,4,99.5,1931.9,98.1,90.36,76.12,98.1,87.55,0.52,1,0
aaron-hall,2016,RD,MID,26.0,78,5,99.5,1422.9,111.56,106.44,94.9,111.56,104.04,0.549,1,0
aaron-hall,2017,RD,MID,27.0,97,6,98.43,1192.3,110.87,108.81,94.0,110.87,102.61,0.511,1,0
aaron-hall,2018,RD,MID,28.0,103,7,97.1,1279.3,105.29,97.41,84.94,105.29,93.84,0.437,1,0
aaron-hall,2019,RD,MID,29.0,109,8,97.1,1425.6,99.62,87.34,75.34,99.62,85.06,0.4,1,0
john-mccarthy,2011,RD,MID,22.0,0,0,66.9,2.4,91.67,78.06,49.36,91.67,81.51,0.76,1,0
john-mccarthy,2012,RD,MID,23.0,21,1,66.9,0.0,94.4,87.12,63.79,94.4,84.3,0.67,1,0
brett-o-hanlon,2011,RD,MID,18.0,0,0,34.1,0.0,112.82,94.9,52.22,112.82,112.82,1.0,1,0
brett-o-hanlon,2012,RD,MID,19.0,8,1,34.1,0.0,101.33,90.08,57.39,101.33,101.33,1.0,1,0
brett-o-hanlon,2013,RD,MID,20.0,8,2,19.0,0.0,102.69,86.31,53.35,102.69,102.69,1.0,1,0
brett-o-hanlon,2014,RD,MID,21.0,9,3,19.0,0.0,102.04,84.4,50.09,102.04,95.81,0.88,1,0
fletcher-roberts,2011,RD,KPD,18.0,0,0,50.23,1.2,103.09,97.89,65.17,103.09,103.09,1.0,1,0
fletcher-roberts,2012,RD,KPD,19.0,2,1,50.23,1.3,101.83,95.17,73.56,101.83,101.83,1.0,1,0
fletcher-roberts,2013,RD,KPD,20.0,2,2,50.23,1.5,95.88,89.2,70.81,95.88,95.88,1.0,1,0
fletcher-roberts,2014,RD,KPD,21.0,7,3,50.23,1.7,93.51,80.79,58.94,93.51,89.36,0.88,1,0
fletcher-roberts,2015,RD,KPD,22.0,19,4,50.23,1.2,83.73,74.1,59.05,83.73,77.81,0.76,1,0
fletcher-roberts,2016,RD,KPD,23.0,37,5,49.85,1.2,75.81,68.74,56.03,75.81,69.28,0.67,1,0
fletcher-roberts,2017,RD,KPD,24.0,47,6,53.1,0.0,73.53,72.57,57.78,73.53,66.91,0.58,1,0
fletcher-roberts,2018,RD,KPD,25.0,49,7,44.0,0.0,71.13,66.95,50.47,71.13,61.21,0.52,1,0
fletcher-roberts,2019,RD,KPD,26.0,51,8,44.0,0.0,68.07,61.8,44.92,68.07,55.57,0.46,1,0
sam-frost,2011,RD,KPD,18.0,0,0,65.53,205.1,103.09,97.89,65.17,103.09,103.09,1.0,1,0
sam-frost,2012,RD,KPD,19.0,3,1,65.53,93.8,102.8,97.47,81.22,102.8,102.8,1.0,1,0
sam-frost,2013,RD,KPD,20.0,5,2,65.53,106.9,97.66,89.23,73.15,97.66,97.66,1.0,1,0
sam-frost,2014,RD,KPD,21.0,21,3,65.53,116.3,92.27,83.29,67.5,92.27,89.3,0.88,1,0
sam-frost,2015,RD,KPD,22.0,24,4,65.53,132.6,83.96,76.57,61.28,83.96,78.52,0.76,1,0
sam-frost,2016,RD,KPD,23.0,40,5,65.53,149.8,79.26,74.57,60.43,79.26,73.04,0.67,1,0
sam-frost,2017,RD,KPD,24.0,56,6,65.53,116.2,81.3,76.33,66.11,81.3,74.92,0.58,1,0
sam-frost,2018,RD,KPD,25.0,69,7,64.77,122.7,74.48,71.2,64.86,74.48,69.86,0.52,1,0
sam-frost,2019,RD,KPD,26.0,91,8,64.77,97.5,73.61,70.95,64.88,73.61,68.89,0.46,1,0
kyal-horsely,2011,RD,MID,24.0,0,0,0.0,0.0,79.95,70.81,45.76,79.95,65.59,0.58,1,0
justin-clarke,2011,RD,KPD,18.0,0,0,56.5,9.1,103.09,97.89,65.17,103.09,103.09,1.0,1,0
justin-clarke,2012,RD,KPD,19.0,0,1,56.5,10.4,103.09,97.58,79.88,103.09,103.09,1.0,1,0
justin-clarke,2013,RD,KPD,20.0,14,2,56.5,9.5,96.51,90.33,70.11,96.51,96.51,1.0,1,0
justin-clarke,2014,RD,KPD,21.0,36,3,57.4,6.5,93.38,86.32,68.84,93.38,90.44,0.88,1,0
justin-clarke,2015,RD,KPD,22.0,56,4,58.2,0.0,83.97,81.16,66.39,83.97,79.75,0.76,1,0
rory-laird,2011,RD,SD,18.0,0,0,120.3,3241.5,108.91,98.01,61.68,108.91,108.91,1.0,1,0
rory-laird,2012,RD,SD,19.0,0,1,120.3,3695.3,108.91,97.97,76.77,108.91,108.91,1.0,1,0
rory-laird,2013,RD,SD,20.0,18,2,120.3,4200.0,108.03,104.21,83.48,108.03,108.03,1.0,1,0
rory-laird,2014,RD,SD,21.0,34,3,120.3,4787.7,103.01,93.21,72.87,103.01,99.39,0.88,1,0
rory-laird,2015,RD,SD,22.0,57,4,120.3,4924.0,114.78,110.45,95.61,114.78,110.63,0.783,1,0
rory-laird,2016,RD,SD,23.0,76,5,120.3,4986.4,122.01,118.1,104.78,122.01,117.79,0.755,1,0
rory-laird,2017,RD,SD,24.0,101,6,120.3,4981.2,125.71,117.88,109.89,125.71,121.51,0.735,1,0
rory-laird,2018,RD,SD,25.0,121,7,120.3,4732.9,125.8,118.69,111.2,125.8,122.35,0.764,1,0
rory-laird,2019,RD,SD,26.0,143,8,120.3,4788.2,119.56,114.26,105.3,119.56,114.89,0.672,1,0
jai-sheehan,2011,RD,SF,18.0,0,0,0.0,0.0,97.91,83.99,50.25,97.91,97.91,1.0,1,0
lee-spurr,2011,RD,SD,24.0,0,0,75.03,135.2,82.81,75.68,59.75,82.81,73.12,0.58,1,0
lee-spurr,2012,RD,SD,25.0,13,1,75.03,149.3,86.88,76.73,62.08,86.88,74.98,0.52,1,0
lee-spurr,2013,RD,SD,26.0,36,2,75.03,125.6,87.09,82.33,70.1,87.09,77.91,0.46,1,0
lee-spurr,2014,RD,SD,27.0,60,3,74.37,117.4,89.09,82.18,71.76,89.09,78.69,0.4,1,0
lee-spurr,2015,RD,SD,28.0,82,4,74.37,76.5,95.56,88.75,79.47,95.56,85.91,0.4,1,0
lee-spurr,2016,RD,SD,29.0,104,5,73.95,22.6,93.7,88.08,75.78,93.7,82.95,0.4,1,0
lee-spurr,2017,RD,SD,30.0,120,6,72.2,0.0,88.15,83.71,72.51,88.15,78.77,0.4,1,0
lin-jong,2011,RD,MID,18.0,0,0,70.57,152.3,112.82,94.9,52.22,112.82,112.82,1.0,1,0
lin-jong,2012,RD,MID,19.0,4,1,70.57,173.5,112.82,94.86,65.96,112.82,112.82,1.0,1,0
lin-jong,2013,RD,MID,20.0,4,2,70.57,197.8,105.71,91.97,61.05,105.71,105.71,1.0,1,0
lin-jong,2014,RD,MID,21.0,10,3,70.57,225.5,104.37,88.25,54.55,104.37,98.39,0.88,1,0
lin-jong,2015,RD,MID,22.0,23,4,70.57,254.5,103.38,93.89,68.17,103.38,94.93,0.76,1,0
lin-jong,2016,RD,MID,23.0,39,5,68.37,141.4,103.72,96.8,72.58,103.72,93.44,0.67,1,0
lin-jong,2017,RD,MID,24.0,51,6,66.25,14.7,99.24,94.12,71.85,99.24,87.74,0.58,1,0
lin-jong,2018,RD,MID,25.0,61,7,60.0,10.9,86.15,78.67,61.66,86.15,74.4,0.52,1,0
lin-jong,2019,RD,MID,26.0,61,8,74.0,12.4,83.51,76.73,60.63,83.51,71.15,0.46,1,0
max-warren,2011,RD,SF,18.0,0,0,11.0,0.0,97.91,83.99,50.25,97.91,97.91,1.0,1,0
max-warren,2012,RD,SF,19.0,0,1,11.0,0.0,97.91,85.19,61.5,97.91,97.91,1.0,1,0
max-warren,2013,RD,SF,20.0,0,2,11.0,0.0,92.12,82.31,59.64,92.12,92.12,1.0,1,0
max-warren,2014,RD,SF,21.0,1,3,11.0,0.0,90.48,78.42,55.75,90.48,86.31,0.88,1,0
lauchlan-dalgleish,2011,RD,KPF,18.0,0,0,54.0,0.0,105.48,97.39,61.85,105.48,105.48,1.0,1,0
lauchlan-dalgleish,2012,RD,KPF,19.0,0,1,54.0,0.0,105.48,97.35,76.94,105.48,105.48,1.0,1,0
lauchlan-dalgleish,2013,RD,KPF,20.0,3,2,54.0,0.0,97.72,87.19,64.36,97.72,97.72,1.0,1,0
sam-dunnell,2011,RD,MID,21.0,0,0,0.0,0.0,101.41,83.1,53.03,101.41,95.61,0.88,1,0
shane-biggs,2011,RD,SD,20.0,0,0,74.9,86.7,102.54,91.23,71.23,102.54,102.54,1.0,1,0
shane-biggs,2012,RD,SD,21.0,0,1,74.9,98.8,100.4,85.93,66.31,100.4,96.31,0.88,1,0
shane-biggs,2013,RD,SD,22.0,3,2,74.9,112.6,91.12,79.49,58.6,91.12,83.31,0.76,1,0
shane-biggs,2014,RD,SD,23.0,6,3,74.9,128.4,84.14,73.21,54.86,84.14,74.48,0.67,1,0
shane-biggs,2015,RD,SD,24.0,16,4,74.9,124.1,92.57,82.37,66.44,92.57,81.6,0.58,1,0
shane-biggs,2016,RD,SD,25.0,42,5,75.6,118.4,93.5,85.39,70.14,93.5,82.28,0.52,1,0
shane-biggs,2017,RD,SD,26.0,58,6,79.4,0.0,97.4,89.94,78.68,97.4,87.29,0.46,1,0
shane-biggs,2018,RD,SD,27.0,63,7,44.0,0.0,85.36,78.27,66.19,85.36,73.86,0.4,1,0
tom-bell,2011,RD,MID,20.0,0,0,74.4,408.4,103.87,89.07,57.78,103.87,103.87,1.0,1,0
tom-bell,2012,RD,MID,21.0,7,1,74.4,463.7,105.72,88.25,54.55,105.72,99.58,0.88,1,0
tom-bell,2013,RD,MID,22.0,16,2,74.23,528.2,98.8,85.58,57.68,98.8,88.93,0.76,1,0
tom-bell,2014,RD,MID,23.0,29,3,74.23,601.2,94.3,87.71,65.59,94.3,84.83,0.67,1,0
tom-bell,2015,RD,MID,24.0,51,4,72.27,72.4,109.82,104.56,88.63,109.82,101.42,0.603,1,0
tom-bell,2016,RD,MID,25.0,65,5,63.6,3.5,102.1,92.21,77.55,102.1,90.32,0.52,1,0
tom-bell,2017,RD,MID,26.0,71,6,58.0,1.6,85.93,81.38,65.69,85.93,75.0,0.46,1,0
tom-bell,2018,RD,MID,27.0,72,7,60.0,0.0,83.71,77.03,60.08,83.71,69.53,0.4,1,0
michael-mascoulis,2011,RD,RUCK,18.0,0,0,0.0,0.0,115.06,103.63,54.35,115.06,115.06,1.0,1,0
lachlan-smith-2011,2011,RD,RUCK,18.0,0,0,0.0,0.0,115.06,103.63,54.35,115.06,115.06,1.0,1,0
cam-eardley,2011,RD,KPD,18.0,0,0,0.0,0.0,103.09,97.89,65.17,103.09,103.09,1.0,1,0
danny-butcher,2011,RD,SD,18.0,0,0,0.0,0.0,108.91,98.01,61.68,108.91,108.91,1.0,1,0
stephen-wrigley,2011,RD,SD,24.0,0,0,54.0,0.0,82.81,75.68,59.75,82.81,73.12,0.58,1,0
stephen-wrigley,2012,RD,SD,25.0,3,1,54.0,0.0,79.41,68.53,52.86,79.41,66.67,0.52,1,0
dylan-orval,2011,RD,MID,18.0,0,0,0.0,0.0,112.82,94.9,52.22,112.82,112.82,1.0,1,0
tom-couch,2011,RD,MID,23.0,0,0,45.0,0.0,86.27,74.81,47.39,86.27,73.44,0.67,1,0
tom-couch,2012,RD,MID,24.0,3,1,45.0,0.0,81.24,70.33,40.8,81.24,64.25,0.58,1,0
ben-darrou,2011,RD,SF,18.0,0,0,0.0,0.0,97.91,83.99,50.25,97.91,97.91,1.0,1,0
haiden-schloithe,2011,RD,SF,18.0,0,0,0.0,0.0,97.91,83.99,50.25,97.91,97.91,1.0,1,0
tom-campbell,2011,RD,RUCK,20.0,0,0,68.83,231.4,110.94,99.7,72.41,110.94,110.94,1.0,1,0
tom-campbell,2012,RD,RUCK,21.0,7,1,68.83,263.7,112.71,96.09,71.93,112.71,107.81,0.88,1,0
tom-campbell,2013,RD,RUCK,22.0,13,2,68.83,300.4,112.98,95.63,70.09,112.98,102.68,0.76,1,0
tom-campbell,2014,RD,RUCK,23.0,20,3,68.83,341.7,109.78,92.32,58.92,109.78,92.99,0.67,1,0
tom-campbell,2015,RD,RUCK,24.0,26,4,68.83,366.6,106.29,93.48,67.75,106.29,90.1,0.58,1,0
tom-campbell,2016,RD,RUCK,25.0,35,5,67.57,97.5,102.77,94.62,73.16,102.77,88.56,0.52,1,0
tom-campbell,2017,RD,RUCK,26.0,42,6,63.5,101.9,98.13,92.97,72.95,98.13,84.53,0.46,1,0
tom-campbell,2018,RD,RUCK,27.0,42,7,57.4,116.2,97.29,88.06,70.89,97.29,81.45,0.4,1,0
tom-campbell,2019,RD,RUCK,28.0,44,8,57.4,132.4,96.71,86.88,59.19,96.71,74.19,0.4,1,0
brad-mangan,2011,RD,MID,20.0,0,0,0.0,0.0,103.87,89.07,57.78,103.87,103.87,1.0,1,0
corey-dell-olio,2011,RD,SF,22.0,0,0,38.9,56.9,80.77,69.9,53.82,80.77,74.3,0.76,1,0
corey-dell-olio,2012,RD,SF,23.0,8,1,38.9,64.9,73.01,62.63,46.67,73.01,64.32,0.67,1,0
corey-dell-olio,2013,RD,SF,24.0,11,2,72.0,0.0,71.9,66.21,50.21,71.9,62.79,0.58,1,0
corey-dell-olio,2014,RD,SF,25.0,16,3,43.2,0.0,68.64,59.85,46.32,68.64,57.93,0.52,1,0
cameron-shenton,2011,RD,SF,21.0,0,0,60.3,3.2,89.88,75.0,55.43,89.88,85.74,0.88,1,0
cameron-shenton,2012,RD,SF,22.0,0,1,60.3,3.7,80.77,69.9,53.82,80.77,74.3,0.76,1,0
cameron-shenton,2013,RD,SF,23.0,1,2,60.3,4.2,76.95,68.97,51.82,76.95,68.66,0.67,1,0
cameron-shenton,2014,RD,SF,24.0,14,3,60.3,0.8,77.87,69.77,57.17,77.87,69.18,0.58,1,0
cameron-shenton,2015,RD,SF,25.0,24,4,61.8,0.0,76.77,69.57,58.9,76.77,68.19,0.52,1,0
callum-papertalk,2011,RD,SD,19.0,0,0,0.0,0.0,108.91,97.97,76.77,108.91,108.91,1.0,1,0
amos-frank,2011,RD,SF,23.0,0,0,0.0,0.0,76.67,66.8,52.97,76.67,68.85,0.67,1,0
marley-williams,2011,RD,SD,18.0,0,0,77.67,244.7,108.91,98.01,61.68,108.91,108.91,1.0,1,0
marley-williams,2012,RD,SD,19.0,6,1,77.67,279.0,104.11,95.72,72.69,104.11,104.11,1.0,1,0
marley-williams,2013,RD,SD,20.0,22,2,77.67,260.7,109.24,104.6,87.66,109.24,109.24,1.0,1,0
marley-williams,2014,RD,SD,21.0,37,3,76.23,279.7,107.42,100.26,84.26,107.42,104.64,0.88,1,0
marley-williams,2015,RD,SD,22.0,57,4,74.57,22.5,114.36,107.47,92.07,114.36,109.01,0.76,1,0
marley-williams,2016,RD,SD,23.0,68,5,66.9,25.5,98.81,91.74,77.61,98.81,91.81,0.67,1,0
marley-williams,2017,RD,SD,24.0,81,6,66.9,4.0,93.79,90.24,75.9,93.79,86.28,0.58,1,0
marley-williams,2018,RD,SD,25.0,103,7,63.4,3.3,83.96,76.89,67.26,83.96,75.95,0.52,1,0
marley-williams,2019,RD,SD,26.0,120,8,63.75,2.8,78.2,73.54,64.07,78.2,70.57,0.46,1,0
jackson-sheringham,2011,RD,MID,23.0,0,0,39.7,0.0,86.27,74.81,47.39,86.27,73.44,0.67,1,0
jackson-sheringham,2012,RD,MID,24.0,5,1,39.7,0.0,80.29,70.54,38.38,80.29,62.69,0.58,1,0
jackson-sheringham,2013,RD,MID,25.0,5,2,39.7,0.0,78.53,68.59,42.58,78.53,61.28,0.52,1,0
jackson-sheringham,2014,RD,MID,26.0,12,3,39.7,0.0,74.79,66.99,30.79,74.79,51.03,0.46,1,0
jack-crisp,2011,RD,MID,18.0,0,0,99.9,1878.3,112.82,94.9,52.22,112.82,112.82,1.0,1,0
jack-crisp,2012,RD,MID,19.0,10,1,99.9,2141.3,107.32,94.93,66.18,107.32,107.32,1.0,1,0
jack-crisp,2013,RD,MID,20.0,12,2,99.9,2441.0,105.61,90.4,57.91,105.61,105.61,1.0,1,0
jack-crisp,2014,RD,MID,21.0,18,3,99.9,2591.0,111.41,99.64,77.43,111.41,107.33,0.88,1,0
jack-crisp,2015,RD,MID,22.0,40,4,99.9,2346.5,119.6,112.63,95.79,119.6,114.54,0.787,1,0
jack-crisp,2016,RD,MID,23.0,62,5,99.9,2419.4,117.11,110.18,96.47,117.11,110.69,0.689,1,0
jack-crisp,2017,RD,MID,24.0,84,6,99.9,2585.3,109.96,103.99,91.38,109.96,102.16,0.58,1,0
jack-crisp,2018,RD,MID,25.0,110,7,99.9,2348.5,117.0,111.24,101.5,117.0,111.27,0.63,1,0
jack-crisp,2019,RD,MID,26.0,134,8,99.9,2289.5,109.01,102.75,95.3,109.01,102.65,0.536,1,0
tim-mcintyre,2011,RD,MID,22.0,0,0,55.0,0.3,91.67,78.06,49.36,91.67,81.51,0.76,1,0
tim-mcintyre,2012,RD,MID,23.0,1,1,55.0,0.0,86.06,75.55,43.84,86.06,72.13,0.67,1,0
james-magmer,2011,RD,SF,24.0,0,0,0.0,0.0,71.57,64.65,52.37,71.57,63.51,0.58,1,0
stephen-verrier,2011,RD,SF,18.0,0,0,0.0,0.0,97.91,83.99,50.25,97.91,97.91,1.0,1,0
alex-greenwood,2011,RD,KPF,18.0,0,0,0.0,0.0,105.48,97.39,61.85,105.48,105.48,1.0,1,0
mark-baguley,2011,RD,SD,24.0,0,0,78.37,239.7,82.81,75.68,59.75,82.81,73.12,0.58,1,0
mark-baguley,2012,RD,SD,25.0,7,1,78.37,270.7,81.42,73.78,56.68,81.42,69.54,0.52,1,0
mark-baguley,2013,RD,SD,26.0,28,2,78.37,297.8,85.48,80.1,66.4,85.48,75.17,0.46,1,0
mark-baguley,2014,RD,SD,27.0,50,3,78.37,164.2,95.47,86.62,74.29,95.47,82.76,0.4,1,0
mark-baguley,2015,RD,SD,28.0,72,4,73.47,43.1,93.53,88.86,75.78,93.53,82.88,0.4,1,0
mark-baguley,2016,RD,SD,29.0,82,5,67.03,4.5,92.76,92.25,74.4,92.76,81.74,0.4,1,0
mark-baguley,2017,RD,SD,30.0,104,6,59.7,0.9,85.69,76.73,65.55,85.69,73.6,0.4,1,0
mark-baguley,2018,RD,SD,31.0,124,7,56.35,0.4,77.35,67.18,57.83,77.35,65.64,0.4,1,0
mark-baguley,2019,RD,SD,32.0,134,8,52.2,0.0,73.3,64.18,53.19,73.3,61.23,0.4,1,0
jordan-staley,2011,RD,MID,18.0,0,0,0.0,0.0,112.82,94.9,52.22,112.82,112.82,1.0,1,0
frazer-dale,2011,RD,RUCK,18.0,0,0,17.5,0.0,115.06,103.63,54.35,115.06,115.06,1.0,1,0
frazer-dale,2012,RD,RUCK,19.0,2,1,17.5,0.0,112.84,100.68,66.55,112.84,112.84,1.0,1,0
shaun-edwards,2011,RD,MID,18.0,0,0,51.45,0.2,112.82,94.9,52.22,112.82,112.82,1.0,1,0
shaun-edwards,2012,RD,MID,19.0,10,1,51.45,0.1,110.07,98.39,66.25,110.07,110.07,1.0,1,0
shaun-edwards,2013,RD,MID,20.0,12,2,49.0,0.1,105.69,90.4,58.35,105.69,105.69,1.0,1,0
shaun-edwards,2014,RD,MID,21.0,12,3,49.0,0.2,103.18,85.51,53.74,103.18,97.25,0.88,1,0
shaun-edwards,2015,RD,MID,22.0,21,4,49.0,0.2,94.78,81.23,51.24,94.78,84.33,0.76,1,0
shaun-edwards,2016,RD,MID,23.0,24,5,51.3,0.0,89.12,77.74,49.0,89.12,75.88,0.67,1,0
andrew-boseley,2011,RD,SD,19.0,0,0,0.0,0.0,108.91,97.97,76.77,108.91,108.91,1.0,1,0
leigh-williams,2011,RD,MID,21.0,0,0,0.0,0.0,101.41,83.1,53.03,101.41,95.61,0.88,1,0
gibson-turner,2011,RD,MID,18.0,0,0,0.0,0.0,112.82,94.9,52.22,112.82,112.82,1.0,1,0
jordan-king,2011,RD,SF,18.0,0,0,0.0,0.0,97.91,83.99,50.25,97.91,97.91,1.0,1,0
jack-redpath,2011,RD,KPF,21.0,0,0,59.37,27.5,97.44,85.05,66.34,97.44,93.71,0.88,1,0
jack-redpath,2012,RD,KPF,22.0,0,1,59.37,31.4,88.86,79.0,62.92,88.86,82.64,0.76,1,0
jack-redpath,2013,RD,KPF,23.0,0,2,59.37,35.7,84.57,75.82,61.27,84.57,76.88,0.67,1,0
jack-redpath,2014,RD,KPF,24.0,3,3,59.37,40.7,77.19,68.93,52.71,77.19,66.91,0.58,1,0
jack-redpath,2015,RD,KPF,25.0,15,4,59.37,33.9,80.43,70.57,58.24,80.43,69.77,0.52,1,0
jack-redpath,2016,RD,KPF,26.0,25,5,59.9,14.3,76.5,70.8,60.42,76.5,67.81,0.46,1,0
jack-redpath,2017,RD,KPF,27.0,34,6,59.3,0.1,75.44,68.66,58.17,75.44,65.08,0.4,1,0
jack-redpath,2018,RD,KPF,28.0,36,7,46.0,0.0,72.6,65.2,53.51,72.6,61.15,0.4,1,0
hal-hunter,2011,RD,SF,18.0,0,0,0.0,0.0,97.91,83.99,50.25,97.91,97.91,1.0,1,0
darren-minchington,2011,RD,SF,18.0,0,0,55.2,4.0,97.91,83.99,50.25,97.91,97.91,1.0,1,0
darren-minchington,2012,RD,SF,19.0,0,1,55.2,4.5,97.91,85.19,61.5,97.91,97.91,1.0,1,0
darren-minchington,2013,RD,SF,20.0,2,2,55.2,5.1,91.52,81.01,57.31,91.52,91.52,1.0,1,0
darren-minchington,2014,RD,SF,21.0,5,3,55.2,3.3,91.94,78.54,58.34,91.94,87.91,0.88,1,0
darren-minchington,2015,RD,SF,22.0,10,4,55.2,3.6,85.18,74.39,54.78,85.18,77.88,0.76,1,0
darren-minchington,2016,RD,SF,23.0,23,5,55.2,2.9,78.67,72.92,58.3,78.67,71.95,0.67,1,0
darren-minchington,2017,RD,SF,24.0,28,6,58.6,0.6,74.29,69.84,57.64,74.29,67.3,0.58,1,0
darren-minchington,2018,RD,SF,25.0,28,7,55.8,0.7,73.1,66.8,55.51,73.1,64.66,0.52,1,0
darren-minchington,2019,RD,SF,26.0,28,8,55.8,0.8,68.1,63.92,49.93,68.1,58.29,0.46,1,0
piva-wright,2011,RD,KPF,18.0,0,0,0.0,0.0,105.48,97.39,61.85,105.48,105.48,1.0,1,0
brendan-lee,2011,RD,MID,24.0,0,0,76.5,19.9,79.95,70.81,45.76,79.95,65.59,0.58,1,0
brendan-lee,2012,RD,MID,25.0,2,1,76.5,0.0,79.09,68.7,44.2,79.09,62.34,0.52,1,0
caolan-mooney,2011,IRE,KPF,18.0,0,0,33.0,0.0,105.48,97.39,61.85,105.48,105.48,1.0,0,1
caolan-mooney,2012,IRE,KPF,19.0,4,1,33.0,0.0,103.0,87.98,62.42,103.0,103.0,1.0,0,1
caolan-mooney,2013,IRE,KPF,20.0,6,2,33.0,0.0,95.74,83.83,58.34,95.74,95.74,1.0,0,1
john-heslin,2011,IRE,MID,19.0,0,0,0.0,0.0,112.82,94.86,66.85,112.82,112.82,1.0,0,1
harry-cunningham,2011,PDA,SD,18.0,0,0,77.3,206.0,108.91,98.01,61.68,108.91,108.91,1.0,0,1
harry-cunningham,2012,PDA,SD,19.0,1,1,77.3,234.8,104.61,93.98,73.14,104.61,104.61,1.0,0,1
harry-cunningham,2013,PDA,SD,20.0,6,2,77.3,267.7,99.34,86.73,58.17,99.34,99.34,1.0,0,1
harry-cunningham,2014,PDA,SD,21.0,31,3,77.3,304.9,103.01,93.21,71.08,103.01,99.17,0.88,0,1
harry-cunningham,2015,PDA,SD,22.0,52,4,77.3,284.5,98.6,91.22,73.86,98.6,92.66,0.76,0,1
harry-cunningham,2016,PDA,SD,23.0,70,5,77.3,319.9,90.94,84.16,69.56,90.94,83.88,0.67,0,1
harry-cunningham,2017,PDA,SD,24.0,81,6,77.3,361.0,82.77,78.05,65.41,82.77,75.48,0.58,0,1
harry-cunningham,2018,PDA,SD,25.0,104,7,77.3,153.2,95.63,88.87,79.44,95.63,87.86,0.52,0,1
harry-cunningham,2019,PDA,SD,26.0,113,8,75.57,65.2,97.5,89.32,79.89,97.5,87.99,0.46,0,1
josh-hall,2011,PDA,KPF,21.0,0,0,53.7,0.0,97.44,85.05,66.34,97.44,93.71,0.88,0,1
josh-hall,2012,PDA,KPF,22.0,2,1,53.7,0.0,85.01,74.67,55.63,85.01,77.96,0.76,0,1
josh-hall,2013,PDA,KPF,23.0,5,2,53.7,0.0,82.02,71.29,54.69,82.02,73.0,0.67,0,1
josh-hall,2014,PDA,KPF,24.0,5,3,39.0,0.0,76.65,68.74,53.53,76.65,66.94,0.58,0,1
josh-hall,2015,PDA,KPF,25.0,7,4,39.0,0.0,74.12,66.04,51.37,74.12,63.2,0.52,0,1
sam-michael,2011,PDA,MID,18.0,0,0,43.0,0.0,112.82,94.9,52.22,112.82,112.82,1.0,0,1
sam-michael,2012,PDA,MID,19.0,0,1,43.0,0.0,112.82,94.86,66.85,112.82,112.82,1.0,0,1
sam-michael,2013,PDA,MID,20.0,3,2,43.0,0.0,105.95,89.92,57.99,105.95,105.95,1.0,0,1
sam-michael,2014,PDA,MID,21.0,3,3,43.0,0.0,101.44,88.42,56.97,101.44,96.1,0.88,0,1
sam-michael,2015,PDA,MID,22.0,3,4,43.0,0.0,99.36,87.75,61.12,99.36,90.18,0.76,0,1
sam-michael,2016,PDA,MID,23.0,5,5,43.0,0.0,94.31,84.38,55.6,94.31,81.53,0.67,0,1
anthony-miles,2011,PDA,MID,19.0,0,0,95.6,1080.0,112.82,94.86,66.85,112.82,112.82,1.0,0,1
anthony-miles,2012,PDA,MID,20.0,7,1,95.6,1224.2,106.39,94.32,64.06,106.39,106.39,1.0,0,1
anthony-miles,2013,PDA,MID,21.0,10,2,95.6,1395.6,104.37,90.36,58.73,104.37,98.89,0.88,0,1
anthony-miles,2014,PDA,MID,22.0,23,3,95.6,955.5,120.41,111.33,96.07,120.41,115.5,0.798,0,1
anthony-miles,2015,PDA,MID,23.0,46,4,90.33,515.8,123.44,115.66,102.46,123.44,118.65,0.772,0,1
anthony-miles,2016,PDA,MID,24.0,65,5,86.8,228.2,120.08,112.97,99.65,120.08,112.99,0.653,0,1
anthony-miles,2017,PDA,MID,25.0,70,6,83.8,253.6,106.38,101.4,87.12,106.38,97.17,0.522,0,1
anthony-miles,2018,PDA,MID,26.0,71,7,83.8,173.5,103.96,96.3,78.64,103.96,90.51,0.469,0,1
anthony-miles,2019,PDA,MID,27.0,88,8,83.8,0.0,104.17,94.32,81.63,104.17,90.65,0.4,0,1
richard-newell,2011,PDS,KPD,18.0,0,0,0.0,0.0,103.09,97.89,65.17,103.09,103.09,1.0,0,1
matthew-lodge,2011,PDS,SD,18.0,0,0,0.0,0.0,108.91,98.01,61.68,108.91,108.91,1.0,0,1
michael-hartley,2011,PDS,KPD,18.0,0,0,66.2,232.6,103.09,97.89,65.17,103.09,103.09,1.0,0,1
michael-hartley,2012,PDS,KPD,19.0,0,1,66.2,265.2,103.09,97.58,79.88,103.09,103.09,1.0,0,1
michael-hartley,2013,PDS,KPD,20.0,0,2,66.2,302.3,97.65,90.86,74.34,97.65,97.65,1.0,0,1
michael-hartley,2014,PDS,KPD,21.0,0,3,66.2,344.7,98.07,84.5,69.42,98.07,94.64,0.88,0,1
michael-hartley,2015,PDS,KPD,22.0,0,4,66.2,392.9,91.29,79.48,65.74,91.29,85.16,0.76,0,1
michael-hartley,2016,PDS,KPD,23.0,19,5,66.2,384.9,89.72,82.53,69.85,89.72,83.17,0.67,0,1
michael-hartley,2017,PDS,KPD,24.0,37,6,66.7,359.7,85.85,82.15,71.6,85.85,79.87,0.58,0,1
michael-hartley,2018,PDS,KPD,25.0,41,7,84.5,380.4,82.35,77.42,67.04,82.35,75.0,0.52,0,1
michael-hartley,2019,PDS,KPD,26.0,44,8,84.5,330.8,80.05,75.79,65.89,80.05,72.41,0.46,0,1
jack-lynch,2011,PDS,SD,18.0,0,0,0.0,0.0,108.91,98.01,61.68,108.91,108.91,1.0,0,1
ben-dowdell,2011,UNR,RUCK,23.0,0,0,0.0,0.0,106.38,88.74,64.08,106.38,92.42,0.67,0,1
israel-folau,2011,UNR,SF,22.0,0,0,37.8,0.0,80.77,69.9,53.82,80.77,74.3,0.76,0,1
israel-folau,2012,UNR,SF,23.0,13,1,37.8,0.0,69.54,62.02,41.15,69.54,60.17,0.67,0,1
mark-blicavs,2011,UNR,MID,20.0,0,0,99.9,1746.1,103.87,89.07,57.78,103.87,103.87,1.0,0,1
mark-blicavs,2012,UNR,MID,21.0,0,1,99.9,1990.5,101.41,83.1,53.03,101.41,95.61,0.88,0,1
mark-blicavs,2013,UNR,MID,22.0,22,2,99.9,2266.0,101.44,94.84,67.4,101.44,93.27,0.76,0,1
mark-blicavs,2014,UNR,MID,23.0,45,3,99.9,2562.8,102.21,95.4,75.19,102.21,93.29,0.67,0,1
mark-blicavs,2015,UNR,MID,24.0,66,4,99.9,2108.3,120.26,113.87,103.39,120.26,115.19,0.699,0,1
mark-blicavs,2016,UNR,MID,25.0,90,5,95.67,1979.2,117.36,112.21,97.89,117.36,109.65,0.604,0,1
mark-blicavs,2017,UNR,MID,26.0,110,6,95.67,2116.8,105.6,99.61,90.09,105.6,97.22,0.46,0,1
mark-blicavs,2018,UNR,MID,27.0,133,7,95.67,2379.9,100.51,94.59,79.88,100.51,88.13,0.4,0,1
mark-blicavs,2019,UNR,MID,28.0,158,8,95.67,2260.8,98.92,89.86,80.61,98.92,87.94,0.4,0,1
david-swallow,2010,ND,MID,18.0,0,0,94.33,1294.2,116.37,113.28,101.48,116.37,116.37,1.0,1,0
david-swallow,2011,ND,MID,19.0,21,1,94.33,1376.2,120.49,116.41,106.25,120.49,120.49,1.0,1,0
david-swallow,2012,ND,MID,20.0,33,2,94.33,1493.2,115.52,112.71,102.7,115.52,115.52,1.0,1,0
david-swallow,2013,ND,MID,21.0,51,3,94.33,1601.0,115.15,107.82,97.79,115.15,113.07,0.88,1,0
david-swallow,2014,ND,MID,22.0,73,4,94.33,1037.2,115.43,115.18,111.13,115.43,114.76,0.843,1,0
david-swallow,2015,ND,MID,23.0,79,5,89.33,988.6,113.81,109.67,101.77,113.81,110.74,0.744,1,0
david-swallow,2016,ND,MID,24.0,79,6,89.33,1127.0,111.82,104.71,92.4,111.82,105.5,0.675,1,0
david-swallow,2017,ND,MID,25.0,97,7,89.33,1050.6,103.56,95.85,85.51,103.56,95.16,0.535,1,0
david-swallow,2018,ND,MID,26.0,117,8,89.33,837.7,104.92,98.0,88.84,104.92,97.24,0.522,1,0
david-swallow,2019,ND,MID,27.0,139,9,88.13,639.5,103.98,94.58,86.93,103.98,94.76,0.459,1,0
harley-bennell,2010,ND,SF,18.0,0,0,98.57,1824.3,106.21,109.23,92.89,109.23,109.23,1.0,1,0
harley-bennell,2011,ND,SF,19.0,14,1,98.57,2074.9,107.94,111.26,97.63,111.26,111.26,1.0,1,0
harley-bennell,2012,ND,SF,20.0,36,2,98.57,1529.4,109.95,110.07,101.75,110.07,110.07,1.0,1,0
harley-bennell,2013,ND,SF,21.0,51,3,97.97,1195.5,114.37,112.34,100.64,114.37,113.48,0.936,1,0
harley-bennell,2014,ND,SF,22.0,66,4,98.7,837.5,113.97,111.84,102.25,113.97,112.49,0.874,1,0
harley-bennell,2015,ND,SF,23.0,81,5,101.7,0.1,117.62,112.95,105.21,117.62,115.85,0.857,1,0
harley-bennell,2016,ND,SF,24.0,81,6,53.4,0.2,116.9,112.99,104.42,116.9,114.63,0.818,1,0
harley-bennell,2017,ND,SF,25.0,83,7,53.4,0.0,105.11,99.76,81.37,105.11,97.66,0.686,1,0
harley-bennell,2018,ND,SF,26.0,83,8,53.4,0.0,102.04,94.84,77.6,102.04,93.41,0.647,1,0
harley-bennell,2019,ND,SF,27.0,83,9,53.4,0.0,100.33,91.89,71.88,100.33,89.17,0.608,1,0
sam-day,2010,ND,KPF,18.0,0,0,65.57,150.8,90.53,86.05,51.94,90.53,90.53,1.0,1,0
sam-day,2011,ND,KPF,19.0,7,1,65.57,171.9,95.24,92.12,66.67,95.24,95.24,1.0,1,0
sam-day,2012,ND,KPF,20.0,22,2,65.57,195.9,91.64,91.42,65.28,91.64,91.64,1.0,1,0
sam-day,2013,ND,KPF,21.0,42,3,65.57,214.1,96.81,92.33,73.2,96.81,93.98,0.88,1,0
sam-day,2014,ND,KPF,22.0,64,4,65.57,213.5,89.83,90.16,71.67,90.16,85.72,0.76,1,0
sam-day,2015,ND,KPF,23.0,78,5,64.03,240.5,84.83,82.0,65.73,84.83,78.53,0.67,1,0
sam-day,2016,ND,KPF,24.0,98,6,64.03,152.4,83.93,83.72,70.98,83.93,78.49,0.58,1,0
sam-day,2017,ND,KPF,25.0,98,7,60.13,173.7,82.36,78.02,67.31,82.36,75.14,0.52,1,0
sam-day,2018,ND,KPF,26.0,110,8,60.13,192.7,74.13,74.45,59.25,74.45,66.24,0.46,1,0
sam-day,2019,ND,KPF,27.0,120,9,60.1,80.2,76.17,73.01,62.79,76.17,68.14,0.4,1,0
andrew-gaff,2010,ND,MID,18.0,0,0,107.07,2140.2,119.56,113.34,89.43,119.56,119.56,1.0,1,0
andrew-gaff,2011,ND,MID,19.0,17,1,107.07,2438.9,121.37,116.5,96.6,121.37,121.37,1.0,1,0
andrew-gaff,2012,ND,MID,20.0,41,2,107.07,2381.4,123.22,120.51,106.76,123.22,123.22,1.0,1,0
andrew-gaff,2013,ND,MID,21.0,63,3,107.07,2704.0,120.53,113.54,101.21,120.53,118.21,0.88,1,0
andrew-gaff,2014,ND,MID,22.0,85,4,107.07,2775.3,119.13,112.03,101.84,119.13,115.06,0.765,1,0
andrew-gaff,2015,ND,MID,23.0,110,5,107.07,2477.5,128.78,122.24,111.27,128.78,124.87,0.777,1,0
andrew-gaff,2016,ND,MID,24.0,132,6,107.07,2425.4,122.62,116.26,103.2,122.62,116.12,0.665,1,0
andrew-gaff,2017,ND,MID,25.0,156,7,107.07,2343.5,120.73,115.66,99.57,120.73,112.47,0.61,1,0
andrew-gaff,2018,ND,MID,26.0,175,8,107.07,1776.7,122.82,119.78,107.35,122.82,118.27,0.705,1,0
andrew-gaff,2019,ND,MID,27.0,197,9,101.4,1170.0,123.45,121.71,107.21,123.45,118.72,0.709,1,0
jared-polec,2010,ND,MID,18.0,0,0,90.4,512.4,118.89,109.43,88.04,118.89,118.89,1.0,1,0
jared-polec,2011,ND,MID,19.0,3,1,90.4,584.1,118.67,108.22,85.79,118.67,118.67,1.0,1,0
jared-polec,2012,ND,MID,20.0,15,2,90.4,665.9,112.97,104.56,83.43,112.97,112.97,1.0,1,0
jared-polec,2013,ND,MID,21.0,16,3,90.4,759.1,110.27,94.56,70.12,110.27,105.45,0.88,1,0
jared-polec,2014,ND,MID,22.0,40,4,90.4,714.2,119.11,108.66,95.2,119.11,113.38,0.76,1,0
jared-polec,2015,ND,MID,23.0,45,5,90.4,808.5,113.05,102.19,83.63,113.05,103.34,0.67,1,0
jared-polec,2016,ND,MID,24.0,62,6,90.4,889.3,105.42,94.63,82.0,105.42,95.58,0.58,1,0
jared-polec,2017,ND,MID,25.0,84,7,90.4,892.0,108.6,99.45,83.57,108.6,96.59,0.52,1,0
jared-polec,2018,ND,MID,26.0,106,8,90.4,522.4,113.01,104.89,94.65,113.01,104.78,0.552,1,0
jared-polec,2019,ND,MID,27.0,128,9,88.3,293.8,107.9,100.25,90.47,107.9,98.51,0.461,1,0
reece-conca,2010,ND,SD,18.0,0,0,75.13,99.2,104.29,95.5,78.83,104.29,104.29,1.0,1,0
reece-conca,2011,ND,SD,19.0,17,1,75.13,113.0,105.36,94.98,79.91,105.36,105.36,1.0,1,0
reece-conca,2012,ND,SD,20.0,35,2,75.13,114.2,107.29,99.73,89.62,107.29,107.29,1.0,1,0
reece-conca,2013,ND,SD,21.0,52,3,75.13,79.5,106.09,96.68,86.3,106.09,103.72,0.88,1,0
reece-conca,2014,ND,SD,22.0,71,4,72.87,21.4,107.3,97.69,88.89,107.3,102.88,0.76,1,0
reece-conca,2015,ND,SD,23.0,74,5,69.9,24.4,100.81,93.74,81.15,100.81,94.32,0.67,1,0
reece-conca,2016,ND,SD,24.0,80,6,69.9,25.4,87.87,81.97,69.03,87.87,79.96,0.58,1,0
reece-conca,2017,ND,SD,25.0,86,7,69.9,23.6,89.29,81.62,64.36,89.29,77.32,0.52,1,0
reece-conca,2018,ND,SD,26.0,104,8,69.5,8.3,86.42,80.26,71.09,86.42,78.15,0.46,1,0
reece-conca,2019,ND,SD,27.0,126,9,63.83,4.7,86.03,78.07,68.95,86.03,75.78,0.4,1,0
josh-caddy,2010,ND,MID,18.0,0,0,87.4,859.9,114.98,107.99,84.99,114.98,114.98,1.0,1,0
josh-caddy,2011,ND,MID,19.0,2,1,87.4,980.2,114.98,105.78,81.63,114.98,114.98,1.0,1,0
josh-caddy,2012,ND,MID,20.0,24,2,87.4,1116.9,111.59,105.77,89.86,111.59,111.59,1.0,1,0
josh-caddy,2013,ND,MID,21.0,42,3,87.4,1273.2,107.94,101.12,81.83,107.94,104.8,0.88,1,0
josh-caddy,2014,ND,MID,22.0,58,4,87.4,1163.3,110.61,104.07,89.5,110.61,105.55,0.76,1,0
josh-caddy,2015,ND,MID,23.0,77,5,87.4,857.0,119.35,114.33,103.0,119.35,114.65,0.713,1,0
josh-caddy,2016,ND,MID,24.0,95,6,81.8,729.5,113.65,107.54,95.41,113.65,106.43,0.604,1,0
josh-caddy,2017,ND,MID,25.0,117,7,78.83,576.0,105.56,100.24,84.3,105.56,95.35,0.52,1,0
josh-caddy,2018,ND,MID,26.0,139,8,74.03,235.2,104.05,96.57,86.5,104.05,94.57,0.46,1,0
josh-caddy,2019,ND,MID,27.0,157,9,62.9,9.9,101.15,93.16,76.82,101.15,86.55,0.4,1,0
dyson-heppell,2010,ND,MID,18.0,0,0,104.4,2537.8,115.51,108.17,82.98,115.51,115.51,1.0,1,0
dyson-heppell,2011,ND,MID,19.0,23,1,104.4,2690.1,124.73,119.8,102.06,124.73,124.73,1.0,1,0
dyson-heppell,2012,ND,MID,20.0,43,2,104.4,2813.8,121.27,118.82,101.98,121.27,121.27,1.0,1,0
dyson-heppell,2013,ND,MID,21.0,62,3,104.4,2761.1,121.76,116.02,104.34,121.76,119.93,0.895,1,0
dyson-heppell,2014,ND,MID,22.0,84,4,104.4,2302.4,127.12,123.18,116.69,127.12,125.73,0.867,1,0
dyson-heppell,2015,ND,MID,23.0,106,5,101.87,1842.4,126.55,122.28,115.7,126.55,124.65,0.825,1,0
dyson-heppell,2016,ND,MID,24.0,106,6,99.87,2100.3,124.07,119.4,109.11,124.07,120.74,0.778,1,0
dyson-heppell,2017,ND,MID,25.0,129,7,99.87,1770.2,120.78,115.79,106.57,120.78,116.39,0.691,1,0
dyson-heppell,2018,ND,MID,26.0,151,8,98.7,1326.1,116.4,111.83,103.85,116.4,112.29,0.673,1,0
dyson-heppell,2019,ND,MID,27.0,169,9,94.17,986.3,110.07,107.55,100.63,110.07,106.11,0.581,1,0
dion-prestia,2010,ND,MID,18.0,0,0,103.5,2182.5,115.31,107.69,81.9,115.31,115.31,1.0,1,0
dion-prestia,2011,ND,MID,19.0,17,1,103.5,2480.5,116.21,110.86,91.1,116.21,116.21,1.0,1,0
dion-prestia,2012,ND,MID,20.0,31,2,103.5,2738.0,116.65,113.18,97.89,116.65,116.65,1.0,1,0
dion-prestia,2013,ND,MID,21.0,51,3,103.5,2545.1,124.97,119.63,109.46,124.97,123.53,0.907,1,0
dion-prestia,2014,ND,MID,22.0,73,4,103.5,2082.3,126.98,123.26,116.07,126.98,125.54,0.869,1,0
dion-prestia,2015,ND,MID,23.0,81,5,99.33,1770.1,125.97,120.91,111.26,125.97,123.16,0.809,1,0
dion-prestia,2016,ND,MID,24.0,95,6,96.07,1554.3,118.98,111.94,102.47,118.98,113.8,0.686,1,0
dion-prestia,2017,ND,MID,25.0,117,7,93.87,1494.7,111.63,104.67,94.96,111.63,104.33,0.562,1,0
dion-prestia,2018,ND,MID,26.0,130,8,93.87,1429.5,107.15,101.3,90.99,107.15,99.03,0.497,1,0
dion-prestia,2019,ND,MID,27.0,155,9,93.87,884.0,111.59,108.99,102.1,111.59,108.16,0.639,1,0
daniel-gorringe,2010,ND,RUCK,18.0,0,0,48.55,29.2,117.43,94.9,73.6,117.43,117.43,1.0,1,0
daniel-gorringe,2011,ND,RUCK,19.0,7,1,48.55,33.3,112.45,93.85,70.44,112.45,112.45,1.0,1,0
daniel-gorringe,2012,ND,RUCK,20.0,8,2,61.7,38.0,110.45,91.48,66.74,110.45,110.45,1.0,1,0
daniel-gorringe,2013,ND,RUCK,21.0,17,3,61.7,42.5,116.17,89.46,76.52,116.17,111.41,0.88,1,0
daniel-gorringe,2014,ND,RUCK,22.0,20,4,74.3,24.7,115.8,88.17,71.34,115.8,105.13,0.76,1,0
daniel-gorringe,2015,ND,RUCK,23.0,22,5,63.2,28.1,118.31,86.1,65.0,118.31,100.72,0.67,1,0
daniel-gorringe,2016,ND,RUCK,24.0,26,6,63.2,0.0,108.56,83.7,64.97,108.56,90.25,0.58,1,0
tom-lynch-1,2010,ND,KPF,18.0,0,0,92.1,1959.3,88.69,80.29,50.74,88.69,88.69,1.0,1,0
tom-lynch-1,2011,ND,KPF,19.0,13,1,92.1,2231.6,93.64,91.49,73.86,93.64,93.64,1.0,1,0
tom-lynch-1,2012,ND,KPF,20.0,30,2,92.1,2417.9,101.72,96.58,87.4,101.72,101.72,1.0,1,0
tom-lynch-1,2013,ND,KPF,21.0,38,3,92.1,2658.8,102.98,96.3,83.35,102.98,100.63,0.88,1,0
tom-lynch-1,2014,ND,KPF,22.0,60,4,92.1,2483.0,107.31,103.34,94.28,107.31,104.81,0.808,1,0
tom-lynch-1,2015,ND,KPF,23.0,80,5,92.1,2118.9,107.34,105.71,98.32,107.34,105.38,0.783,1,0
tom-lynch-1,2016,ND,KPF,24.0,102,6,90.8,1588.0,114.63,112.07,103.37,114.63,112.04,0.77,1,0
tom-lynch-1,2017,ND,KPF,25.0,121,7,85.9,1208.8,105.65,103.29,96.61,105.65,102.97,0.704,1,0
tom-lynch-1,2018,ND,KPF,26.0,131,8,81.37,965.0,97.97,94.87,87.44,97.97,94.01,0.624,1,0
tom-lynch-1,2019,ND,KPF,27.0,153,9,78.57,876.4,91.79,84.82,77.33,91.79,83.94,0.457,1,0
lucas-cook,2010,ND,KPF,18.0,0,0,0.0,0.0,88.69,80.28,52.12,88.69,88.69,1.0,1,0
sebastian-tape,2010,ND,SD,18.0,0,0,48.03,0.1,106.85,98.38,83.31,106.85,106.85,1.0,1,0
sebastian-tape,2011,ND,SD,19.0,13,1,48.03,0.2,103.08,91.75,76.72,103.08,103.08,1.0,1,0
sebastian-tape,2012,ND,SD,20.0,23,2,49.15,0.2,97.8,89.44,74.64,97.8,97.8,1.0,1,0
sebastian-tape,2013,ND,SD,21.0,30,3,52.1,0.2,98.75,85.17,69.39,98.75,95.23,0.88,1,0
sebastian-tape,2014,ND,SD,22.0,33,4,59.3,0.2,88.53,76.95,62.3,88.53,82.24,0.76,1,0
sebastian-tape,2015,ND,SD,23.0,37,5,59.3,0.2,85.66,73.99,56.92,85.66,76.17,0.67,1,0
sebastian-tape,2016,ND,SD,24.0,40,6,59.3,0.0,81.46,73.67,59.57,81.46,72.26,0.58,1,0
brodie-smith,2010,ND,SD,18.0,0,0,88.83,851.6,106.85,98.19,77.14,106.85,106.85,1.0,1,0
brodie-smith,2011,ND,SD,19.0,14,1,88.83,970.8,100.43,93.06,70.2,100.43,100.43,1.0,1,0
brodie-smith,2012,ND,SD,20.0,36,2,88.83,1100.0,104.44,98.05,84.49,104.44,104.44,1.0,1,0
brodie-smith,2013,ND,SD,21.0,54,3,88.83,1190.9,107.12,99.39,86.9,107.12,104.7,0.88,1,0
brodie-smith,2014,ND,SD,22.0,76,4,88.83,843.4,113.11,110.67,97.91,113.11,109.87,0.787,1,0
brodie-smith,2015,ND,SD,23.0,97,5,85.1,877.2,110.61,103.35,89.4,110.61,103.61,0.67,1,0
brodie-smith,2016,ND,SD,24.0,120,6,85.1,919.3,102.2,100.07,85.97,102.2,95.38,0.58,1,0
brodie-smith,2017,ND,SD,25.0,143,7,85.1,901.5,100.45,97.47,83.89,100.45,92.5,0.52,1,0
brodie-smith,2018,ND,SD,26.0,145,8,85.1,873.0,100.47,93.18,80.63,100.47,89.76,0.46,1,0
brodie-smith,2019,ND,SD,27.0,167,9,85.1,618.6,102.5,98.96,88.24,102.5,94.88,0.466,1,0
billie-smedts,2010,ND,MID,18.0,0,0,48.6,0.7,115.53,103.06,79.63,115.53,115.53,1.0,1,0
billie-smedts,2011,ND,MID,19.0,0,1,48.6,0.8,115.53,101.68,76.89,115.53,115.53,1.0,1,0
billie-smedts,2012,ND,MID,20.0,14,2,48.6,0.7,107.13,96.99,71.17,107.13,107.13,1.0,1,0
billie-smedts,2013,ND,MID,21.0,27,3,45.8,0.1,105.9,96.02,70.71,105.9,101.68,0.88,1,0
billie-smedts,2014,ND,MID,22.0,33,4,41.75,0.1,93.43,85.61,55.74,93.43,84.38,0.76,1,0
billie-smedts,2015,ND,MID,23.0,37,5,43.3,0.1,90.26,77.51,44.73,90.26,75.24,0.67,1,0
billie-smedts,2016,ND,MID,24.0,38,6,43.3,0.0,81.71,71.01,39.03,81.71,63.78,0.58,1,0
billie-smedts,2017,ND,MID,25.0,47,7,43.3,0.0,80.37,68.15,39.37,80.37,60.69,0.52,1,0
ben-jacobs,2010,ND,MID,18.0,0,0,67.27,41.0,115.46,102.76,79.14,115.46,115.46,1.0,1,0
ben-jacobs,2011,ND,MID,19.0,12,1,67.27,46.6,114.42,103.47,79.84,114.42,114.42,1.0,1,0
ben-jacobs,2012,ND,MID,20.0,26,2,67.27,52.9,109.95,102.39,80.56,109.95,109.95,1.0,1,0
ben-jacobs,2013,ND,MID,21.0,33,3,65.33,60.3,105.82,96.0,70.44,105.82,101.58,0.88,1,0
ben-jacobs,2014,ND,MID,22.0,47,4,65.33,68.7,93.04,84.71,57.44,93.04,84.49,0.76,1,0
ben-jacobs,2015,ND,MID,23.0,70,5,65.33,76.5,94.39,90.25,71.44,94.39,86.82,0.67,1,0
ben-jacobs,2016,ND,MID,24.0,77,6,66.1,87.2,84.74,81.44,61.16,84.74,74.84,0.58,1,0
ben-jacobs,2017,ND,MID,25.0,77,7,80.2,99.4,84.3,78.09,55.83,84.3,70.63,0.52,1,0
ben-jacobs,2018,ND,MID,26.0,90,8,80.2,0.0,101.95,93.94,74.34,101.95,87.04,0.46,1,0
mitchell-wallis,2010,ND,MID,18.0,0,0,92.63,1294.2,115.46,99.99,77.34,115.46,115.46,1.0,1,0
mitchell-wallis,2011,ND,MID,19.0,6,1,92.63,1475.4,114.27,99.98,74.71,114.27,114.27,1.0,1,0
mitchell-wallis,2012,ND,MID,20.0,25,2,92.63,1391.1,120.07,114.27,95.36,120.07,120.07,1.0,1,0
mitchell-wallis,2013,ND,MID,21.0,43,3,92.63,1573.3,117.61,105.17,89.31,117.61,114.21,0.88,1,0
mitchell-wallis,2014,ND,MID,22.0,56,4,92.63,1792.7,107.52,97.3,80.4,107.52,101.01,0.76,1,0
mitchell-wallis,2015,ND,MID,23.0,76,5,92.63,1447.7,122.45,114.33,103.05,122.45,117.4,0.74,1,0
mitchell-wallis,2016,ND,MID,24.0,93,6,88.93,1365.0,115.2,110.2,98.7,115.2,108.99,0.624,1,0
mitchell-wallis,2017,ND,MID,25.0,105,7,87.8,994.0,111.98,104.27,93.24,111.98,103.81,0.564,1,0
mitchell-wallis,2018,ND,MID,26.0,123,8,81.67,455.3,112.73,103.83,93.1,112.73,103.88,0.549,1,0
mitchell-wallis,2019,ND,MID,27.0,133,9,66.27,72.4,105.98,96.53,81.53,105.98,92.11,0.433,1,0
shaun-atley,2010,ND,SD,18.0,0,0,74.2,135.8,107.06,96.0,76.76,107.06,107.06,1.0,1,0
shaun-atley,2011,ND,SD,19.0,16,1,74.2,154.8,103.43,92.41,72.66,103.43,103.43,1.0,1,0
shaun-atley,2012,ND,SD,20.0,39,2,74.2,168.9,105.15,97.35,84.07,105.15,105.15,1.0,1,0
shaun-atley,2013,ND,SD,21.0,61,3,74.2,159.3,107.34,97.53,82.83,107.34,104.4,0.88,1,0
shaun-atley,2014,ND,SD,22.0,86,4,73.37,165.5,101.72,95.37,82.87,101.72,97.2,0.76,1,0
shaun-atley,2015,ND,SD,23.0,109,5,72.5,184.4,96.43,91.63,76.26,96.43,89.78,0.67,1,0
shaun-atley,2016,ND,SD,24.0,132,6,72.5,207.8,85.6,79.99,70.12,85.6,79.1,0.58,1,0
shaun-atley,2017,ND,SD,25.0,154,7,72.5,229.8,84.44,79.56,71.15,84.44,78.06,0.52,1,0
shaun-atley,2018,ND,SD,26.0,176,8,72.23,212.5,80.16,77.36,70.28,80.16,74.83,0.46,1,0
shaun-atley,2019,ND,SD,27.0,197,9,71.33,52.0,85.33,79.11,72.08,85.33,77.38,0.4,1,0
matthew-watson-1,2010,ND,KPD,18.0,0,0,64.2,167.9,95.11,89.05,69.89,95.11,95.11,1.0,1,0
matthew-watson-1,2011,ND,KPD,19.0,3,1,64.2,189.3,95.61,87.68,72.07,95.61,95.61,1.0,1,0
matthew-watson-1,2012,ND,KPD,20.0,11,2,64.2,176.9,95.36,85.47,72.67,95.36,95.36,1.0,1,0
matthew-watson-1,2013,ND,KPD,21.0,16,3,79.3,189.9,93.93,82.39,73.52,93.93,91.48,0.88,1,0
matthew-watson-1,2014,ND,KPD,22.0,19,4,79.3,1.1,91.07,81.48,69.73,91.07,85.95,0.76,1,0
matthew-watson-1,2015,ND,KPD,23.0,23,5,52.5,0.0,84.08,72.52,61.99,84.08,76.79,0.67,1,0
isaac-smith,2010,ND,MID,21.0,0,0,89.73,1413.1,102.61,84.14,53.4,102.61,96.7,0.88,1,0
isaac-smith,2011,ND,MID,22.0,16,1,89.73,1320.0,107.22,95.26,75.01,107.22,99.49,0.76,1,0
isaac-smith,2012,ND,MID,23.0,38,2,89.73,1486.2,104.29,96.96,75.3,104.29,94.73,0.67,1,0
isaac-smith,2013,ND,MID,24.0,62,3,89.73,1565.9,106.88,101.37,85.07,106.88,97.72,0.58,1,0
isaac-smith,2014,ND,MID,25.0,86,4,89.73,1408.5,108.59,103.11,92.3,108.59,101.48,0.564,1,0
isaac-smith,2015,ND,MID,26.0,111,5,87.83,1279.1,109.5,100.86,95.94,109.5,102.92,0.515,1,0
isaac-smith,2016,ND,MID,27.0,135,6,86.1,1320.9,102.55,97.0,88.66,102.55,94.22,0.4,1,0
isaac-smith,2017,ND,MID,28.0,157,7,86.1,1031.0,100.91,95.49,86.26,100.91,92.16,0.402,1,0
isaac-smith,2018,ND,MID,29.0,181,8,85.53,987.7,98.04,85.94,82.79,98.04,88.89,0.4,1,0
isaac-smith,2019,ND,MID,30.0,200,9,84.57,948.2,97.77,87.84,81.28,97.77,87.88,0.4,1,0
charlie-dixon,2010,ND,KPF,19.0,0,0,90.4,2008.6,88.79,78.83,59.34,88.79,88.79,1.0,1,0
charlie-dixon,2011,ND,KPF,20.0,10,1,90.4,2289.7,91.02,81.21,58.49,91.02,91.02,1.0,1,0
charlie-dixon,2012,ND,KPF,21.0,22,2,90.4,2333.1,97.87,85.34,71.67,97.87,94.73,0.88,1,0
charlie-dixon,2013,ND,KPF,22.0,35,3,90.4,1950.8,106.63,102.67,88.23,106.63,103.38,0.823,1,0
charlie-dixon,2014,ND,KPF,23.0,49,4,89.7,2095.6,97.53,92.81,77.11,97.53,91.08,0.684,1,0
charlie-dixon,2015,ND,KPF,24.0,65,5,89.7,2208.8,92.23,88.7,77.72,92.23,86.13,0.58,1,0
charlie-dixon,2016,ND,KPF,25.0,83,6,89.7,2431.9,85.97,81.18,71.16,85.97,78.86,0.52,1,0
charlie-dixon,2017,ND,KPF,26.0,106,7,89.7,1976.0,98.32,97.38,89.57,98.32,95.07,0.628,1,0
charlie-dixon,2018,ND,KPF,27.0,126,8,88.07,1842.5,96.91,89.85,81.25,96.91,89.67,0.538,1,0
charlie-dixon,2019,ND,KPF,28.0,135,9,88.07,2033.3,88.48,82.84,72.99,88.48,80.13,0.461,1,0
jayden-pitt,2010,ND,MID,18.0,0,0,40.2,0.0,116.67,100.34,67.36,116.67,116.67,1.0,1,0
jayden-pitt,2011,ND,MID,19.0,8,1,40.2,0.0,104.36,97.68,68.34,104.36,104.36,1.0,1,0
jayden-pitt,2012,ND,MID,20.0,10,2,15.0,0.0,103.68,90.56,59.25,103.68,103.68,1.0,1,0
jed-lamb,2010,ND,SF,18.0,0,0,58.9,5.7,91.34,83.81,62.28,91.34,91.34,1.0,1,0
jed-lamb,2011,ND,SF,19.0,0,1,58.9,6.5,91.34,83.39,62.41,91.34,91.34,1.0,1,0
jed-lamb,2012,ND,SF,20.0,0,2,58.9,7.4,93.75,81.58,56.64,93.75,93.75,1.0,1,0
jed-lamb,2013,ND,SF,21.0,12,3,58.9,8.4,86.17,68.73,56.51,86.17,82.61,0.88,1,0
jed-lamb,2014,ND,SF,22.0,20,4,58.9,9.5,79.19,66.05,55.81,79.19,73.58,0.76,1,0
jed-lamb,2015,ND,SF,23.0,22,5,58.9,10.9,75.94,62.26,51.02,75.94,67.72,0.67,1,0
jed-lamb,2016,ND,SF,24.0,37,6,58.9,10.6,75.29,70.03,58.25,75.29,68.13,0.58,1,0
jed-lamb,2017,ND,SF,25.0,48,7,60.2,4.5,74.84,67.54,59.59,74.84,67.52,0.52,1,0
jed-lamb,2018,ND,SF,26.0,66,8,59.6,0.0,71.71,66.15,58.9,71.71,64.79,0.46,1,0
thomas-liberatore,2010,ND,MID,18.0,0,0,112.43,2728.7,111.2,97.68,64.73,111.2,111.2,1.0,1,0
thomas-liberatore,2011,ND,MID,19.0,16,1,112.43,3077.5,121.87,111.52,91.06,121.87,121.87,1.0,1,0
thomas-liberatore,2012,ND,MID,20.0,33,2,112.43,3328.1,119.58,116.3,96.23,119.58,119.58,1.0,1,0
thomas-liberatore,2013,ND,MID,21.0,55,3,112.43,2948.7,127.78,122.37,112.72,127.78,126.75,0.931,1,0
thomas-liberatore,2014,ND,MID,22.0,77,4,112.43,2375.1,126.42,123.43,115.88,126.42,125.33,0.897,1,0
thomas-liberatore,2015,ND,MID,23.0,77,5,110.63,2707.6,124.96,120.41,112.28,124.96,123.16,0.858,1,0
thomas-liberatore,2016,ND,MID,24.0,98,6,110.63,2710.0,118.65,111.59,100.23,118.65,112.25,0.652,1,0
thomas-liberatore,2017,ND,MID,25.0,116,7,110.63,2997.8,105.57,98.3,87.55,105.57,96.92,0.52,1,0
thomas-liberatore,2018,ND,MID,26.0,117,8,110.63,3417.5,103.36,93.21,78.69,103.36,90.04,0.46,1,0
thomas-liberatore,2019,ND,MID,27.0,132,9,110.63,3733.0,102.32,90.62,77.96,102.32,87.71,0.4,1,0
cameron-guthrie,2010,ND,MID,18.0,0,0,103.47,1098.1,110.31,97.02,64.3,110.31,110.31,1.0,1,0
cameron-guthrie,2011,ND,MID,19.0,2,1,103.47,1251.8,108.54,94.22,61.05,108.54,108.54,1.0,1,0
cameron-guthrie,2012,ND,MID,20.0,20,2,103.47,1427.1,104.98,94.07,66.1,104.98,104.98,1.0,1,0
cameron-guthrie,2013,ND,MID,21.0,40,3,103.47,1626.2,106.2,95.17,71.78,106.2,102.07,0.88,1,0
cameron-guthrie,2014,ND,MID,22.0,64,4,103.47,1705.0,113.83,105.57,91.35,113.83,108.43,0.76,1,0
cameron-guthrie,2015,ND,MID,23.0,85,5,103.47,1378.8,122.19,115.27,104.09,122.19,117.31,0.73,1,0
cameron-guthrie,2016,ND,MID,24.0,108,6,103.47,1350.7,109.52,104.99,94.74,109.52,103.61,0.601,1,0
cameron-guthrie,2017,ND,MID,25.0,128,7,103.47,1526.4,101.88,91.67,81.47,101.88,92.09,0.52,1,0
cameron-guthrie,2018,ND,MID,26.0,141,8,103.47,1739.4,86.46,82.41,68.89,86.46,76.98,0.46,1,0
cameron-guthrie,2019,ND,MID,27.0,161,9,103.47,1863.2,99.22,90.37,75.97,99.22,85.27,0.4,1,0
jamie-cripps,2010,ND,SF,18.0,0,0,79.0,551.7,90.07,83.03,58.02,90.07,90.07,1.0,1,0
jamie-cripps,2011,ND,SF,19.0,4,1,79.0,629.0,86.28,73.44,55.59,86.28,86.28,1.0,1,0
jamie-cripps,2012,ND,SF,20.0,16,2,79.0,717.0,84.87,72.83,58.87,84.87,84.87,1.0,1,0
jamie-cripps,2013,ND,SF,21.0,31,3,79.0,817.4,85.62,72.49,62.23,85.62,82.81,0.88,1,0
jamie-cripps,2014,ND,SF,22.0,50,4,79.0,924.2,83.47,76.51,64.53,83.47,78.92,0.76,1,0
jamie-cripps,2015,ND,SF,23.0,75,5,79.0,814.0,90.19,85.36,72.41,90.19,84.33,0.67,1,0
jamie-cripps,2016,ND,SF,24.0,98,6,78.33,866.4,84.97,80.35,70.91,84.97,79.07,0.58,1,0
jamie-cripps,2017,ND,SF,25.0,119,7,78.33,973.9,78.25,71.18,65.54,78.25,72.15,0.52,1,0
jamie-cripps,2018,ND,SF,26.0,144,8,78.33,702.9,91.86,86.97,78.28,91.86,84.87,0.486,1,0
jamie-cripps,2019,ND,SF,27.0,163,9,75.33,499.5,90.87,85.63,76.78,90.87,82.99,0.441,1,0
patrick-karnezis,2010,ND,KPF,18.0,0,0,50.0,1.6,88.47,77.04,46.71,88.47,88.47,1.0,1,0
patrick-karnezis,2011,ND,KPF,19.0,11,1,50.0,0.6,91.61,84.07,66.41,91.61,91.61,1.0,1,0
patrick-karnezis,2012,ND,KPF,20.0,18,2,49.0,0.2,94.25,87.2,67.7,94.25,94.25,1.0,1,0
patrick-karnezis,2013,ND,KPF,21.0,21,3,47.3,0.0,93.21,77.46,63.54,93.21,89.65,0.88,1,0
patrick-karnezis,2014,ND,KPF,22.0,21,4,36.0,0.0,83.59,69.97,53.01,83.59,76.25,0.76,1,0
patrick-karnezis,2015,ND,KPF,23.0,25,5,36.0,0.0,77.69,69.77,47.54,77.69,67.74,0.67,1,0
jack-darling,2010,ND,KPF,18.0,0,0,84.97,2113.2,89.11,80.31,46.43,89.11,89.11,1.0,1,0
jack-darling,2011,ND,KPF,19.0,23,1,84.97,2201.0,105.25,101.33,83.05,105.25,105.25,1.0,1,0
jack-darling,2012,ND,KPF,20.0,47,2,84.97,2132.5,106.79,106.55,94.34,106.79,106.79,1.0,1,0
jack-darling,2013,ND,KPF,21.0,68,3,84.97,2068.4,107.76,103.29,92.66,107.76,106.17,0.895,1,0
jack-darling,2014,ND,KPF,22.0,90,4,84.97,1897.2,107.54,105.14,93.27,107.54,104.73,0.803,1,0
jack-darling,2015,ND,KPF,23.0,105,5,84.97,1797.4,104.33,101.59,89.14,104.33,100.11,0.722,1,0
jack-darling,2016,ND,KPF,24.0,128,6,84.97,1725.2,100.11,94.32,86.05,100.11,94.92,0.63,1,0
jack-darling,2017,ND,KPF,25.0,151,7,84.97,1737.7,90.68,85.27,80.0,90.68,85.85,0.548,1,0
jack-darling,2018,ND,KPF,26.0,172,8,84.97,1297.5,95.68,92.17,88.08,95.68,92.63,0.598,1,0
jack-darling,2019,ND,KPF,27.0,196,9,80.73,891.7,95.99,91.24,86.96,95.99,92.17,0.577,1,0
kieran-harper,2010,ND,SF,18.0,0,0,51.8,0.8,91.37,86.51,57.86,91.37,91.37,1.0,1,0
kieran-harper,2011,ND,SF,19.0,14,1,51.8,0.2,91.67,89.97,66.22,91.67,91.67,1.0,1,0
kieran-harper,2012,ND,SF,20.0,37,2,50.0,0.0,88.55,80.44,63.93,88.55,88.55,1.0,1,0
kieran-harper,2013,ND,SF,21.0,40,3,39.0,0.0,87.03,75.23,61.44,87.03,83.96,0.88,1,0
ryan-lester,2010,ND,SD,18.0,0,0,77.47,274.7,100.32,89.46,65.96,100.32,100.32,1.0,1,0
ryan-lester,2011,ND,SD,19.0,3,1,77.47,313.2,98.45,87.54,67.55,98.45,98.45,1.0,1,0
ryan-lester,2012,ND,SD,20.0,22,2,77.47,348.4,102.42,94.93,73.35,102.42,102.42,1.0,1,0
ryan-lester,2013,ND,SD,21.0,38,3,77.47,386.1,104.95,96.93,80.09,104.95,101.96,0.88,1,0
ryan-lester,2014,ND,SD,22.0,52,4,77.47,357.6,104.47,97.77,87.63,104.47,100.43,0.76,1,0
ryan-lester,2015,ND,SD,23.0,61,5,75.91,403.5,97.78,92.11,77.24,97.78,91.0,0.67,1,0
ryan-lester,2016,ND,SD,24.0,80,6,75.91,459.9,83.78,78.84,67.24,83.78,76.83,0.58,1,0
ryan-lester,2017,ND,SD,25.0,102,7,75.91,208.7,94.69,88.32,80.8,94.69,88.02,0.52,1,0
ryan-lester,2018,ND,SD,26.0,117,8,73.61,171.8,86.67,82.92,74.37,86.67,80.03,0.46,1,0
ryan-lester,2019,ND,SD,27.0,126,9,73.61,195.3,81.75,76.19,68.75,81.75,73.95,0.4,1,0
scott-lycett,2010,ND,RUCK,18.0,0,0,96.53,1138.2,115.99,107.56,61.32,115.99,115.99,1.0,1,0
scott-lycett,2011,ND,RUCK,19.0,1,1,96.53,1293.6,121.16,110.3,74.7,121.16,121.16,1.0,1,0
scott-lycett,2012,ND,RUCK,20.0,3,2,96.53,1474.7,114.95,106.85,70.92,114.95,114.95,1.0,1,0
scott-lycett,2013,ND,RUCK,21.0,10,3,96.53,1607.6,125.14,109.56,80.23,125.14,119.75,0.88,1,0
scott-lycett,2014,ND,RUCK,22.0,22,4,96.53,1735.3,125.43,116.87,96.99,125.43,118.61,0.76,1,0
scott-lycett,2015,ND,RUCK,23.0,28,5,96.53,1798.9,124.25,110.94,89.46,124.25,112.77,0.67,1,0
scott-lycett,2016,ND,RUCK,24.0,49,6,96.53,1505.5,120.39,116.53,98.11,120.39,111.03,0.58,1,0
scott-lycett,2017,ND,RUCK,25.0,50,7,96.53,1701.1,116.46,110.92,88.27,116.46,102.93,0.52,1,0
scott-lycett,2018,ND,RUCK,26.0,75,8,96.53,1838.0,110.83,107.25,87.89,110.83,98.44,0.46,1,0
scott-lycett,2019,ND,RUCK,27.0,93,9,96.53,1033.5,116.42,116.41,101.5,116.42,110.13,0.578,1,0
jake-batchelor,2010,ND,SD,18.0,0,0,60.93,5.9,100.51,89.46,64.83,100.51,100.51,1.0,1,0
jake-batchelor,2011,ND,SD,19.0,16,1,60.93,6.6,102.23,94.0,75.15,102.23,102.23,1.0,1,0
jake-batchelor,2012,ND,SD,20.0,30,2,60.93,0.4,103.86,97.71,78.48,103.86,103.86,1.0,1,0
jake-batchelor,2013,ND,SD,21.0,39,3,53.53,0.1,102.06,93.42,73.96,102.06,98.69,0.88,1,0
jake-batchelor,2014,ND,SD,22.0,52,4,47.67,0.1,87.29,79.7,63.19,87.29,81.5,0.76,1,0
jake-batchelor,2015,ND,SD,23.0,75,5,48.6,0.0,84.65,76.89,69.0,84.65,79.48,0.67,1,0
jake-batchelor,2016,ND,SD,24.0,83,6,40.8,0.0,74.26,66.47,54.08,74.26,65.79,0.58,1,0
jake-batchelor,2017,ND,SD,25.0,84,7,47.0,0.0,73.78,63.96,49.63,73.78,62.19,0.52,1,0
ariel-steinberg,2010,ND,KPF,18.0,0,0,52.4,0.5,89.27,83.95,45.48,89.27,89.27,1.0,1,0
ariel-steinberg,2011,ND,KPF,19.0,0,1,52.4,0.6,89.27,84.48,57.99,89.27,89.27,1.0,1,0
ariel-steinberg,2012,ND,KPF,20.0,0,2,52.4,0.6,90.78,80.7,60.2,90.78,90.78,1.0,1,0
ariel-steinberg,2013,ND,KPF,21.0,0,3,52.4,0.7,93.44,77.63,59.11,93.44,89.32,0.88,1,0
ariel-steinberg,2014,ND,KPF,22.0,3,4,52.4,0.8,86.27,73.79,55.9,86.27,78.98,0.76,1,0
ariel-steinberg,2015,ND,KPF,23.0,10,5,52.4,0.0,82.07,69.34,51.84,82.07,72.09,0.67,1,0
joshua-green,2010,ND,SF,18.0,0,0,64.4,46.5,88.87,82.23,57.29,88.87,88.87,1.0,1,0
joshua-green,2011,ND,SF,19.0,5,1,64.4,53.0,89.0,78.79,62.18,89.0,89.0,1.0,1,0
joshua-green,2012,ND,SF,20.0,17,2,64.4,60.2,92.97,84.79,67.98,92.97,92.97,1.0,1,0
joshua-green,2013,ND,SF,21.0,34,3,64.4,67.4,91.91,81.81,67.47,91.91,88.98,0.88,1,0
joshua-green,2014,ND,SF,22.0,54,4,64.4,38.8,87.42,80.28,68.12,87.42,82.78,0.76,1,0
joshua-green,2015,ND,SF,23.0,70,5,61.0,9.1,86.63,79.03,68.93,86.63,80.79,0.67,1,0
joshua-green,2016,ND,SF,24.0,81,6,57.27,2.1,78.35,72.61,64.74,78.35,72.63,0.58,1,0
joshua-green,2017,ND,SF,25.0,98,7,55.35,0.8,71.8,67.65,59.3,71.8,65.8,0.52,1,0
joshua-green,2018,ND,SF,26.0,105,8,54.7,0.0,70.3,66.19,55.62,70.3,62.37,0.46,1,0
jeremy-howe,2010,ND,SD,20.0,0,0,93.07,2143.4,95.92,81.08,60.73,95.92,95.92,1.0,1,0
jeremy-howe,2011,ND,SD,21.0,13,1,93.07,2425.4,100.77,84.78,65.81,100.77,96.57,0.88,1,0
jeremy-howe,2012,ND,SD,22.0,35,2,93.07,2446.6,101.99,93.38,81.93,101.99,97.18,0.76,1,0
jeremy-howe,2013,ND,SD,23.0,56,3,93.07,2642.7,99.37,94.07,78.2,99.37,92.39,0.67,1,0
jeremy-howe,2014,ND,SD,24.0,78,4,93.07,2518.2,107.56,101.01,88.74,107.56,99.65,0.58,1,0
jeremy-howe,2015,ND,SD,25.0,100,5,93.07,2818.7,101.03,97.79,84.73,101.03,93.21,0.52,1,0
jeremy-howe,2016,ND,SD,26.0,120,6,93.07,2532.7,104.29,100.27,93.75,104.29,99.14,0.512,1,0
jeremy-howe,2017,ND,SD,27.0,141,7,90.67,2356.2,109.29,107.11,96.64,109.29,103.3,0.527,1,0
jeremy-howe,2018,ND,SD,28.0,162,8,87.2,2183.1,107.13,102.01,93.5,107.13,100.88,0.542,1,0
jeremy-howe,2019,ND,SD,29.0,183,9,83.87,2246.6,98.89,94.56,86.55,98.89,92.25,0.462,1,0
patrick-mccarthy,2010,ND,KPD,18.0,0,0,36.0,0.0,93.62,87.08,63.71,93.62,93.62,1.0,1,0
patrick-mccarthy,2011,ND,KPD,19.0,0,1,36.0,0.0,93.62,86.53,64.76,93.62,93.62,1.0,1,0
patrick-mccarthy,2012,ND,KPD,20.0,1,2,36.0,0.0,91.28,82.13,63.02,91.28,91.28,1.0,1,0
ben-newton,2010,ND,MID,18.0,0,0,67.6,31.7,105.42,91.21,59.01,105.42,105.42,1.0,1,0
ben-newton,2011,ND,MID,19.0,0,1,67.6,36.1,105.42,91.13,61.87,105.42,105.42,1.0,1,0
ben-newton,2012,ND,MID,20.0,0,2,67.6,41.1,104.08,89.73,60.06,104.08,104.08,1.0,1,0
ben-newton,2013,ND,MID,21.0,0,3,67.6,46.9,100.94,86.7,58.27,100.94,95.82,0.88,1,0
ben-newton,2014,ND,MID,22.0,4,4,67.6,53.5,93.2,79.49,54.29,93.2,83.86,0.76,1,0
ben-newton,2015,ND,MID,23.0,15,5,67.6,57.5,100.06,88.36,64.9,100.06,88.46,0.67,1,0
ben-newton,2016,ND,MID,24.0,17,6,72.5,0.0,95.4,84.94,64.68,95.4,82.5,0.58,1,0
aaron-young,2010,ND,SF,18.0,0,0,65.13,39.5,89.32,83.51,53.36,89.32,89.32,1.0,1,0
aaron-young,2011,ND,SF,19.0,0,1,65.13,45.0,89.32,83.49,55.85,89.32,89.32,1.0,1,0
aaron-young,2012,ND,SF,20.0,12,2,65.13,51.3,81.13,74.05,54.39,81.13,81.13,1.0,1,0
aaron-young,2013,ND,SF,21.0,17,3,65.13,57.8,85.32,70.31,55.66,85.32,81.76,0.88,1,0
aaron-young,2014,ND,SF,22.0,31,4,65.13,65.9,72.68,66.27,50.85,72.68,67.44,0.76,1,0
aaron-young,2015,ND,SF,23.0,42,5,65.13,75.0,69.74,61.09,49.23,69.74,62.97,0.67,1,0
aaron-young,2016,ND,SF,24.0,63,6,65.13,6.5,87.65,85.0,71.51,87.65,80.87,0.58,1,0
aaron-young,2017,ND,SF,25.0,76,7,58.5,5.2,76.42,70.73,63.56,76.42,70.25,0.52,1,0
aaron-young,2018,ND,SF,26.0,98,8,60.0,0.0,73.74,68.49,61.19,73.74,66.97,0.46,1,0
aaron-young,2019,ND,SF,27.0,100,9,43.5,0.0,70.81,67.13,57.73,70.81,62.96,0.4,1,0
george-horlin-smith,2010,ND,MID,18.0,0,0,67.6,15.4,106.04,92.54,57.91,106.04,106.04,1.0,1,0
george-horlin-smith,2011,ND,MID,19.0,0,1,67.6,17.6,106.04,92.64,61.12,106.04,106.04,1.0,1,0
george-horlin-smith,2012,ND,MID,20.0,3,2,67.6,20.0,104.53,89.66,57.11,104.53,104.53,1.0,1,0
george-horlin-smith,2013,ND,MID,21.0,11,3,67.6,22.5,104.92,88.13,56.52,104.92,99.11,0.88,1,0
george-horlin-smith,2014,ND,MID,22.0,32,4,65.23,23.5,102.08,96.88,74.72,102.08,95.51,0.76,1,0
george-horlin-smith,2015,ND,MID,23.0,39,5,58.33,26.8,93.99,86.98,66.1,93.99,84.78,0.67,1,0
george-horlin-smith,2016,ND,MID,24.0,40,6,60.5,30.6,87.59,80.24,60.18,87.59,76.08,0.58,1,0
george-horlin-smith,2017,ND,MID,25.0,47,7,60.5,0.3,97.8,86.98,70.01,97.8,84.46,0.52,1,0
george-horlin-smith,2018,ND,MID,26.0,51,8,45.3,0.0,87.61,80.94,61.6,87.61,73.56,0.46,1,0
george-horlin-smith,2019,ND,MID,27.0,58,9,45.3,0.0,76.74,65.49,43.33,76.74,56.69,0.4,1,0
mitchell-hallahan,2010,ND,SF,18.0,0,0,71.7,53.1,90.31,84.64,55.51,90.31,90.31,1.0,1,0
mitchell-hallahan,2011,ND,SF,19.0,0,1,71.7,60.6,90.31,84.62,58.35,90.31,90.31,1.0,1,0
mitchell-hallahan,2012,ND,SF,20.0,0,2,71.7,69.1,92.66,82.45,56.47,92.66,92.66,1.0,1,0
mitchell-hallahan,2013,ND,SF,21.0,0,3,71.7,78.7,91.04,79.26,57.23,91.04,86.98,0.88,1,0
mitchell-hallahan,2014,ND,SF,22.0,6,4,71.7,88.8,85.85,78.78,59.69,85.85,79.57,0.76,1,0
mitchell-hallahan,2015,ND,SF,23.0,18,5,78.9,13.3,95.1,88.76,72.58,95.1,87.87,0.679,1,0
mitchell-hallahan,2016,ND,SF,24.0,23,6,74.7,15.1,85.48,79.85,66.8,85.48,77.63,0.58,1,0
mitchell-hallahan,2017,ND,SF,25.0,26,7,74.7,0.0,83.89,78.88,65.37,83.89,75.0,0.52,1,0
jeremy-taylor,2010,ND,SD,18.0,0,0,40.2,114.1,101.87,89.29,61.21,101.87,101.87,1.0,1,0
jeremy-taylor,2011,ND,SD,19.0,2,1,40.2,0.0,105.43,91.92,63.79,105.43,105.43,1.0,1,0
jeremy-taylor,2012,ND,SD,20.0,10,2,40.2,0.0,97.09,83.46,60.43,97.09,97.09,1.0,1,0
luke-parker,2010,ND,SD,18.0,0,0,109.1,3337.0,101.34,88.89,61.21,101.34,101.34,1.0,1,0
luke-parker,2011,ND,SD,19.0,13,1,109.1,3804.1,100.4,89.99,67.05,100.4,100.4,1.0,1,0
luke-parker,2012,ND,SD,20.0,32,2,109.1,4336.1,102.64,94.77,72.58,102.64,102.64,1.0,1,0
luke-parker,2013,ND,SD,21.0,57,3,109.1,4630.4,113.31,107.4,94.33,113.31,111.03,0.88,1,0
luke-parker,2014,ND,SD,22.0,82,4,109.1,4059.1,127.03,121.74,112.51,127.03,125.04,0.863,1,0
luke-parker,2015,ND,SD,23.0,101,5,107.93,3989.1,125.97,119.82,112.18,125.97,123.3,0.806,1,0
luke-parker,2016,ND,SD,24.0,127,6,107.93,3633.4,126.92,123.22,114.31,126.92,124.55,0.812,1,0
luke-parker,2017,ND,SD,25.0,151,7,106.73,3534.8,121.74,115.94,110.71,121.74,118.76,0.73,1,0
luke-parker,2018,ND,SD,26.0,173,8,106.73,3323.6,119.35,110.89,107.99,119.35,115.98,0.703,1,0
luke-parker,2019,ND,SD,27.0,195,9,106.73,2997.9,113.97,109.85,106.12,113.97,111.61,0.699,1,0
luke-mitchell,2010,ND,SD,18.0,0,0,39.0,0.0,101.34,88.43,61.36,101.34,101.34,1.0,1,0
luke-mitchell,2011,ND,SD,19.0,0,1,39.0,0.0,101.34,88.31,63.15,101.34,101.34,1.0,1,0
luke-mitchell,2012,ND,SD,20.0,1,2,39.0,0.0,94.55,81.54,58.21,94.55,94.55,1.0,1,0
sam-crocker,2010,ND,MID,18.0,0,0,0.0,0.0,106.38,91.38,58.38,106.38,106.38,1.0,1,0
viv-michie,2010,ND,SF,18.0,0,0,62.55,1.1,89.78,82.33,51.27,89.78,89.78,1.0,1,0
viv-michie,2011,ND,SF,19.0,0,1,62.55,1.3,89.78,82.69,55.91,89.78,89.78,1.0,1,0
viv-michie,2012,ND,SF,20.0,0,2,62.55,1.5,92.13,80.52,55.52,92.13,92.13,1.0,1,0
viv-michie,2013,ND,SF,21.0,1,3,62.55,1.7,90.51,78.52,55.61,90.51,86.32,0.88,1,0
viv-michie,2014,ND,SF,22.0,7,4,62.55,0.2,82.51,75.36,56.88,82.51,76.36,0.76,1,0
viv-michie,2015,ND,SF,23.0,18,5,58.8,0.0,83.42,74.17,58.85,83.42,75.31,0.67,1,0
viv-michie,2016,ND,SF,24.0,22,6,49.2,0.0,77.12,69.24,58.31,77.12,69.22,0.58,1,0
alex-fasolo,2010,ND,SF,18.0,0,0,74.8,390.4,89.78,80.2,51.27,89.78,89.78,1.0,1,0
alex-fasolo,2011,ND,SF,19.0,13,1,74.8,444.9,93.93,85.06,67.04,93.93,93.93,1.0,1,0
alex-fasolo,2012,ND,SF,20.0,37,2,74.8,360.7,100.1,92.72,81.2,100.1,100.1,1.0,1,0
alex-fasolo,2013,ND,SF,21.0,40,3,73.37,411.2,98.4,88.22,75.86,98.4,95.69,0.88,1,0
alex-fasolo,2014,ND,SF,22.0,52,4,73.37,405.7,92.58,83.92,71.94,92.58,87.63,0.76,1,0
alex-fasolo,2015,ND,SF,23.0,69,5,72.57,238.8,95.02,87.89,77.3,95.02,89.17,0.67,1,0
alex-fasolo,2016,ND,SF,24.0,81,6,71.05,30.0,94.25,88.13,77.46,94.25,87.25,0.583,1,0
alex-fasolo,2017,ND,SF,25.0,100,7,65.8,0.0,83.25,76.3,67.14,83.25,75.51,0.52,1,0
alex-fasolo,2018,ND,SF,26.0,101,8,29.7,0.0,78.25,74.28,64.33,78.25,70.73,0.46,1,0
alex-fasolo,2019,ND,SF,27.0,104,9,29.7,0.0,67.89,59.42,51.82,67.89,58.25,0.4,1,0
daniel-farmer,2010,ND,SF,18.0,0,0,0.0,0.0,90.02,77.64,51.67,90.02,90.02,1.0,1,0
bradley-helbig,2010,ND,SF,18.0,0,0,38.9,0.0,90.25,78.35,50.4,90.25,90.25,1.0,1,0
bradley-helbig,2011,ND,SF,19.0,10,1,38.9,0.0,88.09,83.36,51.6,88.09,88.09,1.0,1,0
bradley-helbig,2012,ND,SF,20.0,15,2,27.8,0.0,83.36,75.4,50.79,83.36,83.36,1.0,1,0
bradley-helbig,2013,ND,SF,21.0,16,3,17.0,0.0,83.69,70.98,45.47,83.69,79.1,0.88,1,0
steven-may,2010,ND,KPD,18.0,0,0,92.73,1891.9,94.47,83.36,60.07,94.47,94.47,1.0,1,0
steven-may,2011,ND,KPD,19.0,9,1,92.73,2154.2,93.14,85.62,68.97,93.14,93.14,1.0,1,0
steven-may,2012,ND,KPD,20.0,17,2,92.73,2417.9,94.06,88.09,72.07,94.06,94.06,1.0,1,0
steven-may,2013,ND,KPD,21.0,34,3,92.73,2743.0,95.46,88.86,73.28,95.46,92.8,0.88,1,0
steven-may,2014,ND,KPD,22.0,53,4,92.73,2797.7,95.37,89.46,82.26,95.37,92.22,0.76,1,0
steven-may,2015,ND,KPD,23.0,71,5,92.73,2917.6,95.31,91.85,84.42,95.31,91.79,0.676,1,0
steven-may,2016,ND,KPD,24.0,88,6,92.73,2721.6,100.26,97.95,90.47,100.26,96.99,0.666,1,0
steven-may,2017,ND,KPD,25.0,106,7,92.73,2574.3,97.36,96.12,90.33,97.36,94.81,0.637,1,0
steven-may,2018,ND,KPD,26.0,123,8,92.73,2474.0,95.77,92.3,87.87,95.77,92.47,0.583,1,0
steven-may,2019,ND,KPD,27.0,131,9,92.73,2672.4,92.27,88.12,77.12,92.27,84.41,0.481,1,0
alex-browne,2010,ND,MID,18.0,0,0,56.7,0.1,106.32,85.29,54.49,106.32,106.32,1.0,1,0
alex-browne,2011,ND,MID,19.0,2,1,56.7,0.1,99.23,85.38,52.68,99.23,99.23,1.0,1,0
alex-browne,2012,ND,MID,20.0,8,2,56.7,0.0,102.04,87.15,57.86,102.04,102.04,1.0,1,0
alex-browne,2013,ND,MID,21.0,8,3,40.3,0.0,103.37,84.58,54.39,103.37,97.49,0.88,1,0
alex-browne,2014,ND,MID,22.0,8,4,40.3,0.0,95.01,83.47,55.97,95.01,85.64,0.76,1,0
alex-browne,2015,ND,MID,23.0,11,5,40.3,0.0,89.75,77.78,49.39,89.75,76.43,0.67,1,0
troy-davis,2010,ND,KPD,18.0,0,0,34.5,0.0,95.01,83.36,59.62,95.01,95.01,1.0,1,0
troy-davis,2011,ND,KPD,19.0,0,1,34.5,0.0,95.01,85.35,62.83,95.01,95.01,1.0,1,0
troy-davis,2012,ND,KPD,20.0,0,2,34.5,0.0,93.08,82.64,61.33,93.08,93.08,1.0,1,0
troy-davis,2013,ND,KPD,21.0,2,3,34.5,0.0,89.01,73.55,57.28,89.01,85.2,0.88,1,0
dean-macdonald,2010,ND,SD,18.0,0,0,0.0,0.0,99.29,82.11,52.29,99.29,99.29,1.0,1,0
cameron-o-shea,2010,ND,SD,18.0,0,0,67.7,48.0,99.29,82.11,52.29,99.29,99.29,1.0,1,0
cameron-o-shea,2011,ND,SD,19.0,18,1,67.7,54.6,101.29,92.45,69.64,101.29,101.29,1.0,1,0
cameron-o-shea,2012,ND,SD,20.0,22,2,67.7,62.3,97.23,85.23,63.77,97.23,97.23,1.0,1,0
cameron-o-shea,2013,ND,SD,21.0,46,3,67.7,20.3,108.34,97.99,80.96,108.34,105.06,0.88,1,0
cameron-o-shea,2014,ND,SD,22.0,58,4,59.57,0.2,102.26,95.29,82.01,102.26,97.4,0.76,1,0
cameron-o-shea,2015,ND,SD,23.0,68,5,47.97,0.0,90.47,83.9,72.1,90.47,84.41,0.67,1,0
cameron-o-shea,2016,ND,SD,24.0,81,6,43.65,0.0,78.68,74.32,57.12,78.68,69.63,0.58,1,0
cameron-o-shea,2017,ND,SD,25.0,81,7,37.0,0.0,77.08,70.21,52.92,77.08,65.48,0.52,1,0
cameron-o-shea,2018,ND,SD,26.0,92,8,37.0,0.0,66.75,56.01,44.63,66.75,54.81,0.46,1,0
tom-mcdonald,2010,ND,KPD,18.0,0,0,94.3,2200.2,95.01,83.61,56.08,95.01,95.01,1.0,1,0
tom-mcdonald,2011,ND,KPD,19.0,2,1,94.3,2372.0,97.12,84.37,63.35,97.12,97.12,1.0,1,0
tom-mcdonald,2012,ND,KPD,20.0,22,2,94.3,2477.7,102.12,99.7,85.46,102.12,102.12,1.0,1,0
tom-mcdonald,2013,ND,KPD,21.0,39,3,94.3,2560.9,100.12,96.65,86.6,100.12,98.56,0.885,1,0
tom-mcdonald,2014,ND,KPD,22.0,60,4,94.3,2751.6,95.66,92.47,84.98,95.66,93.1,0.76,1,0
tom-mcdonald,2015,ND,KPD,23.0,82,5,94.3,2275.4,107.22,105.72,99.25,107.22,105.5,0.784,1,0
tom-mcdonald,2016,ND,KPD,24.0,104,6,90.57,1907.7,108.41,108.67,101.53,108.67,106.81,0.739,1,0
tom-mcdonald,2017,ND,KPD,25.0,126,7,87.77,1629.6,100.25,99.78,92.81,100.25,97.82,0.674,1,0
tom-mcdonald,2018,ND,KPD,26.0,146,8,86.03,911.6,107.71,103.28,98.31,107.71,105.0,0.712,1,0
tom-mcdonald,2019,ND,KPD,27.0,161,9,78.5,820.7,95.1,89.09,85.53,95.1,90.63,0.532,1,0
jordan-schroder,2010,ND,SD,18.0,0,0,47.5,0.0,99.62,83.3,48.95,99.62,99.62,1.0,1,0
jordan-schroder,2011,ND,SD,19.0,0,1,47.5,0.0,99.62,85.82,57.48,99.62,99.62,1.0,1,0
jordan-schroder,2012,ND,SD,20.0,1,2,47.5,0.0,94.83,81.19,55.54,94.83,94.83,1.0,1,0
jordan-schroder,2013,ND,SD,21.0,5,3,47.5,0.0,97.81,80.23,55.76,97.81,92.77,0.88,1,0
angus-dewar,2010,ND,SD,18.0,0,0,49.0,0.1,98.96,81.57,45.0,98.96,98.96,1.0,1,0
angus-dewar,2011,ND,SD,19.0,0,1,49.0,0.1,98.96,84.34,55.86,98.96,98.96,1.0,1,0
angus-dewar,2012,ND,SD,20.0,0,2,49.0,0.1,94.17,79.02,53.83,94.17,94.17,1.0,1,0
angus-dewar,2013,ND,SD,21.0,0,3,49.0,0.2,96.5,77.97,57.62,96.5,91.84,0.88,1,0
angus-dewar,2014,ND,SD,22.0,13,4,49.0,0.0,93.57,78.22,60.14,93.57,85.55,0.76,1,0
angus-dewar,2015,ND,SD,23.0,19,5,45.2,0.0,84.11,71.96,52.96,84.11,73.83,0.67,1,0
angus-dewar,2016,ND,SD,24.0,25,6,47.6,0.0,79.21,70.19,53.35,79.21,68.35,0.58,1,0
angus-dewar,2017,ND,SD,25.0,25,7,54.0,0.0,77.01,67.98,48.04,77.01,63.1,0.52,1,0
angus-dewar,2018,ND,SD,26.0,25,8,54.0,0.0,71.75,63.44,41.2,71.75,55.25,0.46,1,0
angus-dewar,2019,ND,SD,27.0,25,9,54.0,0.0,69.99,60.83,42.62,69.99,53.57,0.4,1,0
josh-mellington,2010,ND,MID,18.0,0,0,58.0,0.7,106.18,85.84,47.62,106.18,106.18,1.0,1,0
josh-mellington,2011,ND,MID,19.0,2,1,58.0,0.8,96.9,81.85,50.52,96.9,96.9,1.0,1,0
josh-mellington,2012,ND,MID,20.0,5,2,58.0,0.9,101.86,85.91,51.93,101.86,101.86,1.0,1,0
josh-mellington,2013,ND,MID,21.0,6,3,58.0,0.0,102.87,84.64,53.37,102.87,96.93,0.88,1,0
alex-johnson,2010,ND,SD,18.0,0,0,63.0,64.7,98.96,81.88,45.24,98.96,98.96,1.0,1,0
alex-johnson,2011,ND,SD,19.0,20,1,63.0,42.3,107.6,96.43,70.4,107.6,107.6,1.0,1,0
alex-johnson,2012,ND,SD,20.0,45,2,64.6,0.0,103.46,96.79,77.36,103.46,103.46,1.0,1,0
alex-johnson,2013,ND,SD,21.0,45,3,39.5,0.0,102.17,93.32,72.95,102.17,98.67,0.88,1,0
alex-johnson,2014,ND,SD,22.0,45,4,39.5,0.0,94.03,86.53,66.65,94.03,87.46,0.76,1,0
alex-johnson,2015,ND,SD,23.0,45,5,39.5,0.0,89.3,79.25,60.67,89.3,79.85,0.67,1,0
alex-johnson,2016,ND,SD,24.0,45,6,39.5,0.0,81.7,74.63,58.4,81.7,71.91,0.58,1,0
alex-johnson,2017,ND,SD,25.0,45,7,39.5,0.0,76.76,70.13,52.93,76.76,65.32,0.52,1,0
alex-johnson,2018,ND,SD,26.0,47,8,39.5,0.0,72.49,60.93,34.42,72.49,51.93,0.46,1,0
tom-ledger,2010,ND,SF,18.0,0,0,58.0,0.0,89.71,73.86,46.77,89.71,89.71,1.0,1,0
tom-ledger,2011,ND,SF,19.0,2,1,58.0,0.1,85.84,66.09,44.71,85.84,85.84,1.0,1,0
tom-ledger,2012,ND,SF,20.0,6,2,58.0,0.1,86.6,68.14,52.41,86.6,86.6,1.0,1,0
tom-ledger,2013,ND,SF,21.0,8,3,58.0,0.0,90.57,73.2,54.88,90.57,86.29,0.88,1,0
kirk-ugle,2010,ND,KPF,18.0,0,0,24.0,0.0,90.2,71.74,27.21,90.2,90.2,1.0,1,0
kirk-ugle,2011,ND,KPF,19.0,0,1,24.0,0.0,90.2,75.47,50.67,90.2,90.2,1.0,1,0
kirk-ugle,2012,ND,KPF,20.0,3,2,24.0,0.0,87.15,73.5,48.64,87.15,87.15,1.0,1,0
jarryd-lyons,2010,ND,MID,18.0,0,0,108.97,1444.0,103.33,80.72,42.18,103.33,103.33,1.0,1,0
jarryd-lyons,2011,ND,MID,19.0,0,1,108.97,1646.2,103.33,84.26,57.22,103.33,103.33,1.0,1,0
jarryd-lyons,2012,ND,MID,20.0,3,2,108.97,1876.7,100.21,82.23,55.42,100.21,100.21,1.0,1,0
jarryd-lyons,2013,ND,MID,21.0,12,3,108.97,2120.6,102.55,87.23,60.84,102.55,97.55,0.88,1,0
jarryd-lyons,2014,ND,MID,22.0,22,4,108.97,2411.6,95.71,86.05,61.87,95.71,87.59,0.76,1,0
jarryd-lyons,2015,ND,MID,23.0,35,5,108.97,2749.2,86.49,76.03,53.35,86.49,75.55,0.67,1,0
jarryd-lyons,2016,ND,MID,24.0,55,6,108.97,2532.5,106.59,100.26,88.16,106.59,98.85,0.58,1,0
jarryd-lyons,2017,ND,MID,25.0,73,7,108.97,2527.1,109.05,101.77,93.13,109.05,102.16,0.567,1,0
jarryd-lyons,2018,ND,MID,26.0,92,8,108.97,2445.5,109.9,103.83,94.25,109.9,102.91,0.554,1,0
jarryd-lyons,2019,ND,MID,27.0,116,9,108.97,2129.8,109.03,106.34,100.17,109.03,105.52,0.604,1,0
jacob-brennan,2010,ND,MID,20.0,0,0,47.6,0.0,97.69,81.69,52.05,97.69,97.69,1.0,1,0
jacob-brennan,2011,ND,MID,21.0,0,1,47.6,0.0,96.0,77.18,47.37,96.0,90.16,0.88,1,0
jacob-brennan,2012,ND,MID,22.0,16,2,47.6,0.0,90.3,76.91,49.62,90.3,80.54,0.76,1,0
jacob-brennan,2013,ND,MID,23.0,26,3,46.7,0.0,85.78,77.2,50.64,85.78,74.19,0.67,1,0
jacob-brennan,2014,ND,MID,24.0,28,4,45.0,0.0,79.25,67.84,45.15,79.25,64.93,0.58,1,0
tom-derickx,2010,ND,RUCK,22.0,0,0,56.2,0.1,99.61,85.04,54.66,99.61,88.83,0.76,1,0
tom-derickx,2011,ND,RUCK,23.0,0,1,56.2,0.1,98.58,83.83,51.6,98.58,83.08,0.67,1,0
tom-derickx,2012,ND,RUCK,24.0,2,2,56.2,0.1,92.59,83.83,46.6,92.59,73.27,0.58,1,0
tom-derickx,2013,ND,RUCK,25.0,2,3,56.2,0.1,91.42,84.12,52.09,91.42,72.54,0.52,1,0
tom-derickx,2014,ND,RUCK,26.0,14,4,56.2,0.0,90.16,86.13,59.69,90.16,73.71,0.46,1,0
tom-derickx,2015,ND,RUCK,27.0,15,5,34.0,0.0,89.06,80.8,57.31,89.06,70.01,0.4,1,0
luke-davis,2010,ND,RUCK,18.0,0,0,0.0,0.0,109.77,97.34,27.86,109.77,109.77,1.0,1,0
paul-puopolo,2010,ND,SF,22.0,0,0,78.07,662.7,80.77,69.9,53.82,80.77,74.3,0.76,1,0
paul-puopolo,2011,ND,SF,23.0,20,1,78.07,604.3,93.96,87.8,72.73,93.96,87.38,0.69,1,0
paul-puopolo,2012,ND,SF,24.0,41,2,76.13,688.8,78.69,74.37,63.31,78.69,72.23,0.58,1,0
paul-puopolo,2013,ND,SF,25.0,63,3,76.13,561.4,84.75,80.82,70.66,84.75,77.98,0.52,1,0
paul-puopolo,2014,ND,SF,26.0,88,4,75.33,477.0,87.67,86.1,72.24,87.67,79.34,0.46,1,0
paul-puopolo,2015,ND,SF,27.0,111,5,73.77,353.6,88.37,83.46,75.98,88.37,80.94,0.4,1,0
paul-puopolo,2016,ND,SF,28.0,133,6,71.0,101.3,87.62,90.75,77.69,90.75,83.25,0.426,1,0
paul-puopolo,2017,ND,SF,29.0,148,7,66.1,47.8,79.98,77.87,69.95,79.98,73.96,0.4,1,0
paul-puopolo,2018,ND,SF,30.0,168,8,62.43,18.4,77.73,70.7,62.13,77.73,68.37,0.4,1,0
paul-puopolo,2019,ND,SF,31.0,190,9,60.65,1.8,72.08,64.97,60.23,72.08,64.97,0.4,1,0
andrew-mcinnes,2010,ND,SD,18.0,0,0,55.55,0.2,108.91,98.01,61.68,108.91,108.91,1.0,1,0
andrew-mcinnes,2011,ND,SD,19.0,0,1,55.55,0.2,108.91,97.97,76.77,108.91,108.91,1.0,1,0
andrew-mcinnes,2012,ND,SD,20.0,8,2,55.55,0.1,100.95,89.85,65.14,100.95,100.95,1.0,1,0
andrew-mcinnes,2013,ND,SD,21.0,16,3,55.9,0.0,99.37,83.22,64.42,99.37,95.18,0.88,1,0
andrew-mcinnes,2014,ND,SD,22.0,17,4,53.0,0.0,95.27,79.42,59.5,95.27,86.69,0.76,1,0
cameron-delaney,2010,ND,KPD,18.0,0,0,90.0,160.4,103.09,97.89,65.17,103.09,103.09,1.0,1,0
cameron-delaney,2011,ND,KPD,19.0,0,1,90.0,182.9,103.09,97.58,79.88,103.09,103.09,1.0,1,0
cameron-delaney,2012,ND,KPD,20.0,5,2,90.0,192.7,98.01,89.61,73.15,98.01,98.01,1.0,1,0
cameron-delaney,2013,ND,KPD,21.0,6,3,90.0,0.0,96.41,86.58,69.35,96.41,93.16,0.88,1,0
nicholas-duigan,2010,ND,SD,26.0,0,0,63.7,7.7,76.88,70.67,58.06,76.88,66.72,0.46,1,0
nicholas-duigan,2011,ND,SD,27.0,22,1,63.7,0.5,84.68,76.47,63.06,84.68,71.71,0.4,1,0
nicholas-duigan,2012,ND,SD,28.0,38,2,58.9,0.2,76.36,68.91,58.06,76.36,65.38,0.4,1,0
nicholas-duigan,2013,ND,SD,29.0,43,3,58.2,0.0,75.25,65.03,52.2,75.25,61.42,0.4,1,0
ben-mabon,2010,ND,SD,18.0,0,0,0.0,0.0,108.91,98.01,61.68,108.91,108.91,1.0,1,0
jayden-schofield,2010,ND,SD,18.0,0,0,45.7,0.0,108.91,98.01,61.68,108.91,108.91,1.0,1,0
jayden-schofield,2011,ND,SD,19.0,7,1,45.7,0.0,106.3,96.43,70.82,106.3,106.3,1.0,1,0
arryn-siposs,2010,ND,SF,18.0,0,0,54.8,4.3,97.91,83.99,50.25,97.91,97.91,1.0,1,0
arryn-siposs,2011,ND,SF,19.0,5,1,54.8,4.9,93.69,84.09,59.27,93.69,93.69,1.0,1,0
arryn-siposs,2012,ND,SF,20.0,16,2,54.8,1.0,93.65,86.43,63.6,93.65,93.65,1.0,1,0
arryn-siposs,2013,ND,SF,21.0,25,3,50.4,1.0,92.55,80.85,61.98,92.55,88.88,0.88,1,0
arryn-siposs,2014,ND,SF,22.0,28,4,56.7,0.0,83.54,75.68,58.96,83.54,77.64,0.76,1,0
paul-seedsman,2010,ND,SD,18.0,0,0,85.6,307.0,108.91,98.01,61.68,108.91,108.91,1.0,1,0
paul-seedsman,2011,ND,SD,19.0,0,1,85.6,350.0,108.91,97.97,76.77,108.91,108.91,1.0,1,0
paul-seedsman,2012,ND,SD,20.0,11,2,85.6,399.0,98.78,86.03,64.32,98.78,98.78,1.0,1,0
paul-seedsman,2013,ND,SD,21.0,28,3,85.6,377.5,107.42,99.96,83.98,107.42,104.61,0.88,1,0
paul-seedsman,2014,ND,SD,22.0,37,4,85.6,424.4,102.65,93.81,79.13,102.65,97.01,0.76,1,0
paul-seedsman,2015,ND,SD,23.0,49,5,85.6,483.2,91.35,84.11,69.95,91.35,84.29,0.67,1,0
paul-seedsman,2016,ND,SD,24.0,64,6,85.6,544.4,90.48,85.58,72.72,90.48,83.02,0.58,1,0
paul-seedsman,2017,ND,SD,25.0,69,7,85.6,546.3,91.72,84.23,70.31,91.72,81.44,0.52,1,0
paul-seedsman,2018,ND,SD,26.0,88,8,85.6,450.0,98.67,93.75,81.41,98.67,89.35,0.46,1,0
paul-seedsman,2019,ND,SD,27.0,101,9,82.7,497.4,94.57,85.15,73.79,94.57,82.1,0.4,1,0
trent-stubbs,2010,ND,MID,18.0,0,0,0.0,0.0,112.82,94.9,52.22,112.82,112.82,1.0,1,0
michael-ross,2010,ND,SF,19.0,0,0,30.5,0.0,97.91,85.19,61.5,97.91,97.91,1.0,1,0
michael-ross,2011,ND,SF,20.0,2,1,30.5,0.0,91.17,80.57,54.51,91.17,91.17,1.0,1,0
zephaniah-skinner,2010,ND,SF,21.0,0,0,33.4,0.0,89.88,75.0,55.43,89.88,85.74,0.88,1,0
zephaniah-skinner,2011,ND,SF,22.0,1,1,33.4,0.0,79.82,70.26,51.46,79.82,73.01,0.76,1,0
zephaniah-skinner,2012,ND,SF,23.0,8,2,33.4,0.0,71.89,63.08,43.96,71.89,62.67,0.67,1,0
tom-hill,2010,ND,SF,19.0,0,0,0.0,0.0,97.91,85.19,61.5,97.91,97.91,1.0,1,0
thomas-young,2010,ND,SD,18.0,0,0,56.1,4.3,108.91,98.01,61.68,108.91,108.91,1.0,1,0
thomas-young,2011,ND,SD,19.0,2,1,56.1,4.8,108.59,98.05,75.47,108.59,108.59,1.0,1,0
thomas-young,2012,ND,SD,20.0,9,2,56.1,5.5,100.33,87.63,63.13,100.33,100.33,1.0,1,0
thomas-young,2013,ND,SD,21.0,24,3,67.6,0.0,106.08,96.14,72.87,106.08,102.09,0.88,1,0
thomas-young,2014,ND,SD,22.0,28,4,44.2,0.0,94.02,83.98,65.04,94.02,87.06,0.76,1,0
blayne-wilson,2010,RD,SD,18.0,0,0,66.1,3.8,108.91,98.01,61.68,108.91,108.91,1.0,1,0
blayne-wilson,2011,RD,SD,19.0,0,1,66.1,4.3,108.91,97.97,76.77,108.91,108.91,1.0,1,0
blayne-wilson,2012,RD,SD,20.0,0,2,66.1,4.9,102.54,91.23,71.23,102.54,102.54,1.0,1,0
blayne-wilson,2013,RD,SD,21.0,7,3,66.1,2.4,102.35,89.8,66.67,102.35,98.07,0.88,1,0
blayne-wilson,2014,RD,SD,22.0,9,4,67.5,0.0,96.35,85.58,63.47,96.35,88.46,0.76,1,0
michael-hibberd,2010,RD,SD,21.0,0,0,95.37,1113.3,100.4,85.93,66.31,100.4,96.31,0.88,1,0
michael-hibberd,2011,RD,SD,22.0,9,1,95.37,1230.0,97.39,86.71,69.39,97.39,90.67,0.76,1,0
michael-hibberd,2012,RD,SD,23.0,22,2,95.37,1362.1,97.7,90.58,71.29,97.7,88.98,0.67,1,0
michael-hibberd,2013,RD,SD,24.0,44,3,95.37,970.9,111.9,106.61,93.6,111.9,105.92,0.673,1,0
michael-hibberd,2014,RD,SD,25.0,63,4,90.77,663.0,109.94,106.58,94.68,109.94,104.14,0.62,1,0
michael-hibberd,2015,RD,SD,26.0,84,5,85.0,555.4,103.75,100.94,90.59,103.75,97.09,0.494,1,0
michael-hibberd,2016,RD,SD,27.0,84,6,81.1,633.2,102.7,98.21,84.93,102.7,92.71,0.438,1,0
michael-hibberd,2017,RD,SD,28.0,102,7,81.1,46.8,109.24,107.87,98.22,109.24,104.82,0.599,1,0
michael-hibberd,2018,RD,SD,29.0,123,8,69.47,14.3,96.46,88.72,77.49,96.46,85.08,0.4,1,0
michael-hibberd,2019,RD,SD,30.0,142,9,65.33,14.1,83.54,72.82,64.35,83.54,72.03,0.4,1,0
stephen-clifton,2010,RD,MID,23.0,0,0,49.4,0.1,86.27,74.81,47.39,86.27,73.44,0.67,1,0
stephen-clifton,2011,RD,MID,24.0,0,1,49.4,0.1,79.95,70.81,45.76,79.95,65.59,0.58,1,0
stephen-clifton,2012,RD,MID,25.0,5,2,49.4,0.0,78.53,69.61,42.77,78.53,61.36,0.52,1,0
rhys-cooyou,2010,RD,MID,19.0,0,0,41.0,0.0,112.82,94.86,66.85,112.82,112.82,1.0,1,0
rhys-cooyou,2011,RD,MID,20.0,0,1,41.0,0.0,103.87,89.07,57.78,103.87,103.87,1.0,1,0
rhys-cooyou,2012,RD,MID,21.0,1,2,41.0,0.0,101.44,86.5,55.44,101.44,95.92,0.88,1,0
andrew-phillips-1,2010,RD,RUCK,19.0,0,0,66.8,166.8,115.06,104.01,74.36,115.06,115.06,1.0,1,0
andrew-phillips-1,2011,RD,RUCK,20.0,0,1,66.8,190.2,110.94,99.7,72.41,110.94,110.94,1.0,1,0
andrew-phillips-1,2012,RD,RUCK,21.0,9,2,66.8,216.8,112.03,94.66,62.66,112.03,106.11,0.88,1,0
andrew-phillips-1,2013,RD,RUCK,22.0,9,3,66.8,247.2,108.13,93.4,60.91,108.13,96.8,0.76,1,0
andrew-phillips-1,2014,RD,RUCK,23.0,10,4,66.8,281.8,107.1,90.89,61.18,107.1,91.95,0.67,1,0
andrew-phillips-1,2015,RD,RUCK,24.0,14,5,66.8,316.7,101.42,90.82,65.28,101.42,86.24,0.58,1,0
andrew-phillips-1,2016,RD,RUCK,25.0,30,6,66.8,354.1,102.89,94.02,67.03,102.89,85.68,0.52,1,0
andrew-phillips-1,2017,RD,RUCK,26.0,31,7,65.73,403.7,97.69,89.38,63.89,97.69,79.43,0.46,1,0
andrew-phillips-1,2018,RD,RUCK,27.0,36,8,65.73,458.8,97.34,87.77,67.94,97.34,79.7,0.4,1,0
andrew-phillips-1,2019,RD,RUCK,28.0,41,9,65.73,177.4,105.27,94.81,78.36,105.27,89.78,0.424,1,0
jimmi-savage,2010,RD,SF,18.0,0,0,0.0,0.0,97.91,83.99,50.25,97.91,97.91,1.0,1,0
isiah-stevens,2010,RD,SF,18.0,0,0,0.0,0.0,97.91,83.99,50.25,97.91,97.91,1.0,1,0
rory-thompson,2010,RD,KPD,19.0,0,0,65.8,142.0,103.09,97.58,79.88,103.09,103.09,1.0,1,0
rory-thompson,2011,RD,KPD,20.0,8,1,65.8,154.1,99.55,94.26,77.09,99.55,99.55,1.0,1,0
rory-thompson,2012,RD,KPD,21.0,13,2,62.33,125.7,98.46,88.68,72.74,98.46,95.37,0.88,1,0
rory-thompson,2013,RD,KPD,22.0,34,3,62.33,14.9,95.84,90.78,76.93,95.84,91.3,0.76,1,0
rory-thompson,2014,RD,KPD,23.0,53,4,57.9,9.2,84.4,80.99,70.83,84.4,79.92,0.67,1,0
rory-thompson,2015,RD,KPD,24.0,65,5,54.73,10.2,74.85,74.18,62.75,74.85,69.77,0.58,1,0
rory-thompson,2016,RD,KPD,25.0,79,6,54.73,8.2,73.06,68.88,61.52,73.06,67.52,0.52,1,0
rory-thompson,2017,RD,KPD,26.0,86,7,54.15,0.3,71.79,70.46,60.28,71.79,65.58,0.46,1,0
rory-thompson,2018,RD,KPD,27.0,103,8,48.9,0.0,67.85,64.03,52.03,67.85,58.36,0.4,1,0
rory-thompson,2019,RD,KPD,28.0,103,9,37.3,0.0,66.27,63.12,48.54,66.27,55.63,0.4,1,0
tom-hickey,2010,RD,RUCK,19.0,0,0,93.6,815.1,115.06,104.01,74.36,115.06,115.06,1.0,1,0
tom-hickey,2011,RD,RUCK,20.0,2,1,93.6,929.2,111.21,100.96,71.25,111.21,111.21,1.0,1,0
tom-hickey,2012,RD,RUCK,21.0,12,2,93.6,1059.1,113.46,98.02,74.63,113.46,108.8,0.88,1,0
tom-hickey,2013,RD,RUCK,22.0,24,3,93.6,1207.1,113.25,100.25,75.1,113.25,104.09,0.76,1,0
tom-hickey,2014,RD,RUCK,23.0,30,4,93.6,1095.2,114.35,102.71,84.96,114.35,104.65,0.67,1,0
tom-hickey,2015,RD,RUCK,24.0,41,5,92.07,1238.4,107.97,100.11,78.78,107.97,95.71,0.58,1,0
tom-hickey,2016,RD,RUCK,25.0,61,6,92.07,849.7,111.61,105.17,94.33,111.61,103.31,0.52,1,0
tom-hickey,2017,RD,RUCK,26.0,66,7,90.27,937.1,109.04,101.87,87.09,109.04,97.18,0.46,1,0
tom-hickey,2018,RD,RUCK,27.0,79,8,90.27,677.7,109.8,102.53,90.86,109.8,99.87,0.476,1,0
tom-hickey,2019,RD,RUCK,28.0,97,9,86.13,665.5,106.16,94.54,81.67,106.16,91.47,0.4,1,0
ben-jakobi,2010,RD,MID,19.0,0,0,0.0,0.0,112.82,94.86,66.85,112.82,112.82,1.0,1,0
josh-jenkins,2010,RD,KPF,21.0,0,0,80.03,958.2,97.44,85.05,66.34,97.44,93.71,0.88,1,0
josh-jenkins,2011,RD,KPF,22.0,0,1,80.03,1092.4,88.86,79.0,62.92,88.86,82.64,0.76,1,0
josh-jenkins,2012,RD,KPF,23.0,11,2,80.03,1238.8,93.39,82.16,66.09,93.39,84.38,0.67,1,0
josh-jenkins,2013,RD,KPF,24.0,28,3,80.03,1254.0,91.33,87.08,72.65,91.33,83.48,0.58,1,0
josh-jenkins,2014,RD,KPF,25.0,48,4,80.03,1264.1,90.27,83.61,71.77,90.27,81.39,0.52,1,0
josh-jenkins,2015,RD,KPF,26.0,69,5,80.03,1263.4,89.74,85.84,75.15,89.74,81.86,0.46,1,0
josh-jenkins,2016,RD,KPF,27.0,93,6,80.03,889.4,97.59,95.31,84.04,97.59,90.92,0.508,1,0
josh-jenkins,2017,RD,KPF,28.0,114,7,75.07,667.9,92.09,93.17,81.4,93.17,87.13,0.487,1,0
josh-jenkins,2018,RD,KPF,29.0,136,8,74.6,281.1,95.65,88.58,80.2,95.65,88.21,0.518,1,0
josh-jenkins,2019,RD,KPF,30.0,147,9,68.4,173.9,87.44,82.27,71.79,87.44,78.99,0.46,1,0
brad-harvey,2010,RD,RUCK,18.0,0,0,0.0,0.0,115.06,103.63,54.35,115.06,115.06,1.0,1,0
daniel-nicholson,2010,RD,KPD,20.0,0,0,61.43,20.4,97.65,90.86,74.34,97.65,97.65,1.0,1,0
daniel-nicholson,2011,RD,KPD,21.0,9,1,61.43,23.2,92.55,79.43,58.94,92.55,88.52,0.88,1,0
daniel-nicholson,2012,RD,KPD,22.0,20,2,66.65,0.7,93.39,85.24,71.4,93.39,88.11,0.76,1,0
daniel-nicholson,2013,RD,KPD,23.0,31,3,61.1,0.0,90.46,85.42,73.05,90.46,84.72,0.67,1,0
daniel-nicholson,2014,RD,KPD,24.0,32,4,47.0,0.0,83.81,76.35,66.06,83.81,76.35,0.58,1,0
tim-milera,2010,RD,SF,18.0,0,0,0.0,0.0,97.91,83.99,50.25,97.91,97.91,1.0,1,0
thomas-jonas,2010,RD,SD,19.0,0,0,79.67,174.9,108.91,97.97,76.77,108.91,108.91,1.0,1,0
thomas-jonas,2011,RD,SD,20.0,4,1,79.67,199.4,99.95,87.5,60.75,99.95,99.95,1.0,1,0
thomas-jonas,2012,RD,SD,21.0,13,2,79.67,227.2,98.57,81.29,61.5,98.57,94.12,0.88,1,0
thomas-jonas,2013,RD,SD,22.0,34,3,79.67,259.0,90.94,82.26,63.85,90.94,84.44,0.76,1,0
thomas-jonas,2014,RD,SD,23.0,56,4,79.67,290.6,90.83,83.86,69.67,90.83,83.85,0.67,1,0
thomas-jonas,2015,RD,SD,24.0,73,5,79.67,331.0,84.55,79.68,65.85,84.55,76.69,0.58,1,0
thomas-jonas,2016,RD,SD,25.0,82,6,79.67,375.0,83.44,75.86,64.84,83.44,74.51,0.52,1,0
thomas-jonas,2017,RD,SD,26.0,103,7,79.67,410.4,88.3,83.97,71.6,88.3,79.28,0.46,1,0
thomas-jonas,2018,RD,SD,27.0,121,8,79.67,141.3,99.64,91.84,81.91,99.64,89.0,0.4,1,0
thomas-jonas,2019,RD,SD,28.0,139,9,75.17,76.8,93.89,89.26,77.51,93.89,84.06,0.4,1,0
cameron-pedersen,2010,RD,KPD,23.0,0,0,82.87,1140.2,88.06,77.58,62.99,88.06,79.79,0.67,1,0
cameron-pedersen,2011,RD,KPD,24.0,14,1,82.87,771.6,97.05,92.68,77.11,97.05,89.8,0.637,1,0
cameron-pedersen,2012,RD,KPD,25.0,16,2,78.4,879.1,93.5,83.63,72.54,93.5,84.37,0.564,1,0
cameron-pedersen,2013,RD,KPD,26.0,26,3,78.4,914.3,82.66,79.04,67.98,82.66,74.73,0.46,1,0
cameron-pedersen,2014,RD,KPD,27.0,45,4,78.4,665.7,91.74,86.78,72.41,91.74,81.41,0.466,1,0
cameron-pedersen,2015,RD,KPD,28.0,52,5,74.7,589.1,85.27,82.13,69.35,85.27,76.26,0.434,1,0
cameron-pedersen,2016,RD,KPD,29.0,61,6,76.7,549.8,78.28,71.92,63.54,78.28,69.43,0.4,1,0
cameron-pedersen,2017,RD,KPD,30.0,76,7,85.8,5.4,91.36,87.84,79.42,91.36,85.75,0.53,1,0
cameron-pedersen,2018,RD,KPD,31.0,80,8,57.5,0.0,85.85,78.85,68.03,85.85,76.18,0.457,1,0
sam-menegola,2010,RD,MID,18.0,0,0,101.2,1158.5,112.82,94.9,52.22,112.82,112.82,1.0,1,0
sam-menegola,2011,RD,MID,19.0,0,1,101.2,1320.7,112.82,94.86,66.85,112.82,112.82,1.0,1,0
sam-menegola,2012,RD,MID,20.0,0,2,101.2,1505.6,103.9,91.12,61.06,103.9,103.9,1.0,1,0
sam-menegola,2013,RD,MID,21.0,0,3,101.2,1716.4,105.0,90.59,64.4,105.0,100.13,0.88,1,0
sam-menegola,2014,RD,MID,22.0,0,4,101.2,1956.7,99.77,89.64,66.0,99.77,91.66,0.76,1,0
sam-menegola,2015,RD,MID,23.0,0,5,101.2,2230.7,101.38,90.33,69.88,101.38,90.99,0.67,1,0
sam-menegola,2016,RD,MID,24.0,8,6,101.2,2151.0,103.36,95.55,75.16,103.36,91.52,0.58,1,0
sam-menegola,2017,RD,MID,25.0,30,7,101.2,1850.5,115.88,107.65,92.16,115.88,106.33,0.597,1,0
sam-menegola,2018,RD,MID,26.0,53,8,98.63,1253.9,112.86,105.89,96.52,112.86,106.9,0.635,1,0
sam-menegola,2019,RD,MID,27.0,65,9,93.03,1047.2,106.52,98.61,85.34,106.52,94.91,0.452,1,0
gavin-roberts,2010,RD,SD,19.0,0,0,0.0,0.0,108.91,97.97,76.77,108.91,108.91,1.0,1,0
max-otten,2010,RD,SD,18.0,0,0,0.0,0.0,108.91,98.01,61.68,108.91,108.91,1.0,1,0
luke-dahlhaus,2010,RD,SF,18.0,0,0,97.9,2401.3,97.91,83.99,50.25,97.91,97.91,1.0,1,0
luke-dahlhaus,2011,RD,SF,19.0,11,1,97.9,2705.2,98.94,92.81,71.38,98.94,98.94,1.0,1,0
luke-dahlhaus,2012,RD,SF,20.0,28,2,97.9,2631.6,104.73,100.64,84.41,104.73,104.73,1.0,1,0
luke-dahlhaus,2013,RD,SF,21.0,50,3,97.9,2684.5,109.16,100.56,88.73,109.16,106.97,0.893,1,0
luke-dahlhaus,2014,RD,SF,22.0,71,4,97.9,2388.2,111.49,105.33,91.69,111.49,108.15,0.831,1,0
luke-dahlhaus,2015,RD,SF,23.0,94,5,97.57,1683.2,126.48,114.36,104.61,126.48,123.33,0.856,1,0
luke-dahlhaus,2016,RD,SF,24.0,115,6,89.93,1088.6,123.66,112.4,103.46,123.66,119.7,0.804,1,0
luke-dahlhaus,2017,RD,SF,25.0,137,7,83.2,597.0,111.49,105.1,93.33,111.49,106.46,0.723,1,0
luke-dahlhaus,2018,RD,SF,26.0,154,8,76.27,417.0,97.73,92.71,86.1,97.73,92.76,0.572,1,0
luke-dahlhaus,2019,RD,SF,27.0,178,9,69.5,82.0,95.05,90.05,82.16,95.05,88.65,0.504,1,0
joshua-walker,2010,RD,KPD,18.0,0,0,65.6,117.7,103.09,97.89,65.17,103.09,103.09,1.0,1,0
joshua-walker,2011,RD,KPD,19.0,0,1,65.6,134.1,103.09,97.58,79.88,103.09,103.09,1.0,1,0
joshua-walker,2012,RD,KPD,20.0,7,2,65.6,152.8,95.14,86.86,64.5,95.14,95.14,1.0,1,0
joshua-walker,2013,RD,KPD,21.0,10,3,65.6,174.1,91.93,77.77,56.87,91.93,87.73,0.88,1,0
joshua-walker,2014,RD,KPD,22.0,17,4,65.6,192.7,83.89,74.58,58.22,83.89,77.72,0.76,1,0
joshua-walker,2015,RD,KPD,23.0,33,5,65.6,216.9,80.56,77.64,63.07,80.56,74.79,0.67,1,0
joshua-walker,2016,RD,KPD,24.0,49,6,65.6,246.0,74.53,72.13,56.52,74.53,66.97,0.58,1,0
joshua-walker,2017,RD,KPD,25.0,60,7,65.6,253.8,73.26,71.12,60.84,73.26,67.3,0.52,1,0
joshua-walker,2018,RD,KPD,26.0,74,8,65.6,57.8,79.28,74.96,68.68,79.28,73.56,0.46,1,0
joshua-walker,2019,RD,KPD,27.0,85,9,61.6,28.8,75.31,70.57,62.7,75.31,67.74,0.4,1,0
thomas-curren,2010,RD,MID,18.0,0,0,64.45,15.9,112.82,94.9,52.22,112.82,112.82,1.0,1,0
thomas-curren,2011,RD,MID,19.0,0,1,64.45,18.1,112.82,94.86,66.85,112.82,112.82,1.0,1,0
thomas-curren,2012,RD,MID,20.0,0,2,64.45,20.7,103.9,91.12,61.06,103.9,103.9,1.0,1,0
thomas-curren,2013,RD,MID,21.0,7,3,64.45,0.1,108.98,94.46,71.84,108.98,104.53,0.88,1,0
thomas-curren,2014,RD,MID,22.0,23,4,54.6,0.0,99.1,89.45,62.89,99.1,90.41,0.76,1,0
thomas-curren,2015,RD,MID,23.0,25,5,44.5,0.0,90.66,80.09,57.62,90.66,79.76,0.67,1,0
thomas-gordon,2010,RD,MID,18.0,0,0,0.0,0.0,112.82,94.9,52.22,112.82,112.82,1.0,1,0
anton-hamp,2010,RD,SF,18.0,0,0,0.0,0.0,97.91,83.99,50.25,97.91,97.91,1.0,1,0
brad-miller,2010,RD,KPF,27.0,0,0,59.8,36.9,73.64,67.9,57.37,73.64,63.88,0.4,1,0
brad-miller,2011,RD,KPF,28.0,14,1,59.8,31.6,73.97,64.75,51.95,73.97,60.76,0.4,1,0
brad-miller,2012,RD,KPF,29.0,24,2,61.9,0.0,73.84,64.25,53.2,73.84,61.45,0.4,1,0
michael-evans,2010,RD,KPF,18.0,0,0,64.1,0.7,105.48,97.39,61.85,105.48,105.48,1.0,1,0
michael-evans,2011,RD,KPF,19.0,4,1,64.1,0.8,101.0,92.66,70.76,101.0,101.0,1.0,1,0
michael-evans,2012,RD,KPF,20.0,4,2,64.1,0.9,97.23,86.57,64.37,97.23,97.23,1.0,1,0
michael-evans,2013,RD,KPF,21.0,13,3,64.1,0.0,98.18,87.23,67.81,98.18,94.53,0.88,1,0
michael-evans,2014,RD,KPF,22.0,16,4,29.7,0.0,92.76,78.61,60.29,92.76,84.97,0.76,1,0
jake-von-bertouch,2010,RD,KPF,18.0,0,0,0.0,0.0,105.48,97.39,61.85,105.48,105.48,1.0,1,0
callum-hay,2010,RD,RUCK,18.0,0,0,0.0,0.0,115.06,103.63,54.35,115.06,115.06,1.0,1,0
aaron-mullett,2010,RD,SD,18.0,0,0,73.1,108.8,108.91,98.01,61.68,108.91,108.91,1.0,1,0
aaron-mullett,2011,RD,SD,19.0,3,1,73.1,124.1,104.61,93.98,70.41,104.61,104.61,1.0,1,0
aaron-mullett,2012,RD,SD,20.0,9,2,73.1,141.4,103.19,89.85,63.71,103.19,103.19,1.0,1,0
aaron-mullett,2013,RD,SD,21.0,31,3,73.1,92.0,108.76,101.63,88.86,108.76,106.37,0.88,1,0
aaron-mullett,2014,RD,SD,22.0,48,4,67.37,104.6,98.04,91.18,72.74,98.04,91.97,0.76,1,0
aaron-mullett,2015,RD,SD,23.0,52,5,67.37,119.2,89.83,82.93,66.68,89.83,82.19,0.67,1,0
aaron-mullett,2016,RD,SD,24.0,67,6,67.37,135.1,87.3,79.87,65.44,87.3,78.12,0.58,1,0
aaron-mullett,2017,RD,SD,25.0,85,7,70.4,0.6,99.61,90.55,78.67,99.61,89.56,0.52,1,0
aaron-mullett,2018,RD,SD,26.0,98,8,60.6,0.0,83.57,79.15,68.98,83.57,75.69,0.46,1,0
thomas-schneider,2010,RD,KPD,18.0,0,0,0.0,0.0,103.09,97.89,65.17,103.09,103.09,1.0,1,0
ben-haren,2010,RD,SD,18.0,0,0,0.0,0.0,108.91,98.01,61.68,108.91,108.91,1.0,1,0
jason-johannisen,2010,RD,SD,18.0,0,0,87.47,655.1,108.91,98.01,61.68,108.91,108.91,1.0,1,0
jason-johannisen,2011,RD,SD,19.0,0,1,87.47,746.8,108.91,97.97,76.77,108.91,108.91,1.0,1,0
jason-johannisen,2012,RD,SD,20.0,3,2,87.47,851.2,103.62,92.18,70.55,103.62,103.62,1.0,1,0
jason-johannisen,2013,RD,SD,21.0,16,3,87.47,968.1,104.35,92.29,71.78,104.35,100.44,0.88,1,0
jason-johannisen,2014,RD,SD,22.0,27,4,87.47,1101.6,97.8,90.08,68.85,97.8,90.85,0.76,1,0
jason-johannisen,2015,RD,SD,23.0,47,5,87.47,1160.5,105.97,97.48,80.45,105.97,97.55,0.67,1,0
jason-johannisen,2016,RD,SD,24.0,64,6,87.47,808.8,110.89,105.12,92.84,110.89,104.14,0.626,1,0
jason-johannisen,2017,RD,SD,25.0,84,7,83.87,724.2,103.63,101.07,89.4,103.63,96.99,0.534,1,0
jason-johannisen,2018,RD,SD,26.0,106,8,83.87,526.5,102.15,99.14,87.9,102.15,94.95,0.495,1,0
jason-johannisen,2019,RD,SD,27.0,126,9,81.67,373.9,101.04,95.29,84.94,101.04,91.72,0.421,1,0
george-burbury,2010,RD,SD,18.0,0,0,57.0,0.9,108.91,98.01,61.68,108.91,108.91,1.0,1,0
george-burbury,2011,RD,SD,19.0,0,1,57.0,1.0,108.91,97.97,76.77,108.91,108.91,1.0,1,0
george-burbury,2012,RD,SD,20.0,0,2,57.0,1.1,102.54,91.23,71.23,102.54,102.54,1.0,1,0
george-burbury,2013,RD,SD,21.0,2,3,57.0,0.3,100.09,86.76,64.92,100.09,95.87,0.88,1,0
george-burbury,2014,RD,SD,22.0,7,4,52.6,0.0,88.68,79.39,57.36,88.68,81.16,0.76,1,0
warrick-andreoli,2010,RD,MID,18.0,0,0,0.0,0.0,112.82,94.9,52.22,112.82,112.82,1.0,1,0
jack-stanley,2010,RD,MID,20.0,0,0,0.0,0.0,103.87,89.07,57.78,103.87,103.87,1.0,1,0
declan-reilly,2010,RD,SF,18.0,0,0,0.0,0.0,97.91,83.99,50.25,97.91,97.91,1.0,1,0
jeremy-mcgovern,2010,RD,KPD,18.0,0,0,97.77,2343.5,103.09,97.89,65.17,103.09,103.09,1.0,1,0
jeremy-mcgovern,2011,RD,KPD,19.0,0,1,97.77,2671.6,103.09,97.58,79.88,103.09,103.09,1.0,1,0
jeremy-mcgovern,2012,RD,KPD,20.0,0,2,97.77,3045.7,97.65,90.86,74.34,97.65,97.65,1.0,1,0
jeremy-mcgovern,2013,RD,KPD,21.0,0,3,97.77,3472.1,98.07,84.5,69.42,98.07,94.64,0.88,1,0
jeremy-mcgovern,2014,RD,KPD,22.0,13,4,97.77,3429.9,103.55,98.8,84.75,103.55,99.56,0.788,1,0
jeremy-mcgovern,2015,RD,KPD,23.0,33,5,97.77,3558.5,100.86,96.44,83.59,100.86,95.82,0.708,1,0
jeremy-mcgovern,2016,RD,KPD,24.0,55,6,97.77,3460.7,102.16,102.01,91.26,102.16,98.78,0.69,1,0
jeremy-mcgovern,2017,RD,KPD,25.0,79,7,97.77,3165.8,109.84,105.68,97.52,109.84,106.31,0.713,1,0
jeremy-mcgovern,2018,RD,KPD,26.0,103,8,96.5,2942.4,106.04,101.99,96.4,106.04,102.87,0.671,1,0
jeremy-mcgovern,2019,RD,KPD,27.0,126,9,96.5,2755.6,98.94,96.7,93.48,98.94,96.82,0.612,1,0
kelvin-lawrence,2010,RD,SF,18.0,0,0,0.0,0.0,97.91,83.99,50.25,97.91,97.91,1.0,1,0
lachlan-roach,2010,RD,KPF,18.0,0,0,0.0,0.0,105.48,97.39,61.85,105.48,105.48,1.0,1,0
jarrad-irons,2010,RD,MID,18.0,0,0,43.3,0.0,112.82,94.9,52.22,112.82,112.82,1.0,1,0
jarrad-irons,2011,RD,MID,19.0,3,1,43.3,0.0,113.74,93.99,62.11,113.74,113.74,1.0,1,0
wayde-twomey,2010,RD,RUCK,24.0,0,0,41.5,0.0,100.49,88.22,61.3,100.49,84.03,0.58,1,0
wayde-twomey,2011,RD,RUCK,25.0,2,1,41.5,0.0,94.44,86.88,56.98,94.44,76.46,0.52,1,0
derick-wanganeen,2010,RD,KPD,19.0,0,0,0.0,0.0,103.09,97.58,79.88,103.09,103.09,1.0,1,0
jack-perham,2010,RD,SD,20.0,0,0,0.0,0.0,102.54,91.23,71.23,102.54,102.54,1.0,1,0
cameron-johnston,2010,RD,SD,18.0,0,0,0.0,0.0,108.91,98.01,61.68,108.91,108.91,1.0,1,0
ian-callinan,2010,RD,SF,28.0,0,0,66.35,51.6,66.22,59.73,47.16,66.22,54.79,0.4,1,0
ian-callinan,2011,RD,SF,29.0,3,1,66.35,58.0,65.7,58.33,44.88,65.7,53.21,0.4,1,0
ian-callinan,2012,RD,SF,30.0,26,2,66.35,28.0,73.23,66.44,53.38,73.23,61.32,0.4,1,0
ian-callinan,2013,RD,SF,31.0,32,3,66.5,0.0,73.85,63.62,54.62,73.85,62.31,0.4,1,0
mitch-curnow,2010,RD,RUCK,18.0,0,0,0.0,0.0,115.06,103.63,54.35,115.06,115.06,1.0,1,0
mitchell-carter,2010,RD,MID,19.0,0,0,0.0,0.0,112.82,94.86,66.85,112.82,112.82,1.0,1,0
ryan-bathie,2010,RD,MID,23.0,0,0,0.0,0.0,86.27,74.81,47.39,86.27,73.44,0.67,1,0
jye-bolton,2010,RD,SF,18.0,0,0,0.0,0.0,97.91,83.99,50.25,97.91,97.91,1.0,1,0
robert-campbell,2010,RD,SF,28.0,0,0,0.0,0.0,66.22,59.73,47.16,66.22,54.79,0.4,1,0
paul-cribbin,2010,IRE,SD,18.0,0,0,0.0,0.0,108.91,98.01,61.68,108.91,108.91,1.0,0,1
james-webster,2010,PDS,SD,18.0,0,0,0.0,0.0,108.91,98.01,61.68,108.91,108.91,1.0,0,1
jackson-ferguson,2010,PDS,KPD,18.0,0,0,8.0,0.0,103.09,97.89,65.17,103.09,103.09,1.0,0,1
jackson-ferguson,2011,PDS,KPD,19.0,0,1,8.0,0.0,103.09,97.58,79.88,103.09,103.09,1.0,0,1
jackson-ferguson,2012,PDS,KPD,20.0,0,2,8.0,0.0,97.65,90.86,74.34,97.65,97.65,1.0,0,1
jackson-ferguson,2013,PDS,KPD,21.0,1,3,8.0,0.0,93.74,83.95,65.73,93.74,90.38,0.88,0,1
blake-bray,2010,PDS,SD,18.0,0,0,0.0,0.0,108.91,98.01,61.68,108.91,108.91,1.0,0,1
sam-martyn,2010,PDS,SD,18.0,0,0,0.0,0.0,108.91,98.01,61.68,108.91,108.91,1.0,0,1
william-langford,2010,PDS,MID,18.0,0,0,75.53,91.5,112.82,94.9,52.22,112.82,112.82,1.0,0,1
william-langford,2011,PDS,MID,19.0,0,1,75.53,104.3,112.82,94.86,66.85,112.82,112.82,1.0,0,1
william-langford,2012,PDS,MID,20.0,0,2,75.53,118.9,103.9,91.12,61.06,103.9,103.9,1.0,0,1
william-langford,2013,PDS,MID,21.0,1,3,75.53,135.5,104.5,91.1,59.77,104.5,99.13,0.88,0,1
william-langford,2014,PDS,MID,22.0,20,4,75.53,57.2,113.59,103.18,83.44,113.59,106.36,0.76,0,1
william-langford,2015,PDS,MID,23.0,33,5,72.07,18.3,110.34,101.61,80.79,110.34,100.59,0.67,0,1
william-langford,2016,PDS,MID,24.0,46,6,58.93,2.7,101.51,94.7,77.41,101.51,91.39,0.58,0,1
william-langford,2017,PDS,MID,25.0,66,7,52.0,0.0,93.35,86.2,69.08,93.35,81.7,0.52,0,1
william-langford,2018,PDS,MID,26.0,72,8,36.8,0.0,76.89,70.6,48.75,76.89,61.69,0.46,0,1
jack-mahony-haw,2010,PDS,SF,18.0,0,0,0.0,0.0,97.91,83.99,50.25,97.91,97.91,1.0,0,1
jake-crawford,2010,PDA,MID,18.0,0,0,0.0,0.0,112.82,94.9,52.22,112.82,112.82,1.0,0,1
eugene-kreuger,2010,PDA,RUCK,19.0,0,0,0.0,0.0,115.06,104.01,74.36,115.06,115.06,1.0,0,1
karmichael-hunt,2010,UNR,SF,23.0,0,0,46.33,0.2,76.67,66.8,52.97,76.67,68.85,0.67,0,1
karmichael-hunt,2011,UNR,SF,24.0,16,1,46.33,0.2,66.39,61.34,42.86,66.39,56.51,0.58,0,1
karmichael-hunt,2012,UNR,SF,25.0,34,2,50.7,0.0,70.15,62.21,51.66,70.15,61.27,0.52,0,1
karmichael-hunt,2013,UNR,SF,26.0,43,3,43.3,0.0,66.15,60.33,48.57,66.15,56.66,0.46,0,1
karmichael-hunt,2014,UNR,SF,27.0,44,4,25.0,0.0,63.82,56.06,39.44,63.82,49.19,0.4,0,1
tom-scully,2009,ND,MID,18.0,0,0,89.67,616.3,116.37,113.28,101.48,116.37,116.37,1.0,1,0
tom-scully,2010,ND,MID,19.0,21,1,89.67,692.2,117.49,114.11,103.31,117.49,117.49,1.0,1,0
tom-scully,2011,ND,MID,20.0,31,2,89.67,715.1,115.52,112.19,101.75,115.52,115.52,1.0,1,0
tom-scully,2012,ND,MID,21.0,50,3,89.67,719.8,116.32,108.12,96.36,116.32,113.92,0.88,1,0
tom-scully,2013,ND,MID,22.0,71,4,89.67,798.3,110.4,103.95,93.01,110.4,106.22,0.76,1,0
tom-scully,2014,ND,MID,23.0,86,5,89.67,820.3,108.49,99.58,88.23,108.49,101.81,0.67,1,0
tom-scully,2015,ND,MID,24.0,103,6,89.67,739.8,106.0,101.66,90.69,106.0,99.57,0.58,1,0
tom-scully,2016,ND,MID,25.0,125,7,83.67,275.7,109.69,104.71,95.72,109.69,104.61,0.637,1,0
tom-scully,2017,ND,MID,26.0,146,8,69.27,1.5,106.26,96.28,91.05,106.26,99.08,0.528,1,0
tom-scully,2018,ND,MID,27.0,147,9,59.85,1.7,103.98,95.89,81.91,103.98,91.76,0.446,1,0
tom-scully,2019,ND,MID,28.0,168,10,59.85,0.0,84.59,74.84,62.65,84.59,71.42,0.4,1,0
jack-trengove,2009,ND,MID,18.0,0,0,79.2,307.7,119.95,118.28,101.21,119.95,119.95,1.0,1,0
jack-trengove,2010,ND,MID,19.0,18,1,79.2,319.4,121.69,124.25,108.83,124.25,124.25,1.0,1,0
jack-trengove,2011,ND,MID,20.0,37,2,79.2,62.3,120.04,119.46,108.76,120.04,120.04,1.0,1,0
jack-trengove,2012,ND,MID,21.0,59,3,74.95,37.8,118.55,114.64,102.12,118.55,116.58,0.88,1,0
jack-trengove,2013,ND,MID,22.0,79,4,75.0,8.9,115.51,110.26,96.82,115.51,111.02,0.76,1,0
jack-trengove,2014,ND,MID,23.0,81,5,72.5,2.7,110.54,101.44,86.88,110.54,102.73,0.67,1,0
jack-trengove,2015,ND,MID,24.0,81,6,69.3,3.1,105.2,94.16,74.51,105.2,92.31,0.58,1,0
jack-trengove,2016,ND,MID,25.0,84,7,69.3,0.2,94.26,85.3,61.47,94.26,78.52,0.52,1,0
jack-trengove,2017,ND,MID,26.0,86,8,62.0,0.3,80.73,73.41,46.43,80.73,62.21,0.46,1,0
jack-trengove,2018,ND,MID,27.0,89,9,62.0,0.0,79.62,69.93,43.49,79.62,57.94,0.4,1,0
dustin-martin,2009,ND,MID,18.0,0,0,111.53,4419.6,115.02,110.27,90.57,115.02,115.02,1.0,1,0
dustin-martin,2010,ND,MID,19.0,21,1,111.53,4967.5,122.58,122.81,107.68,122.81,122.81,1.0,1,0
dustin-martin,2011,ND,MID,20.0,43,2,111.53,5047.3,119.34,119.38,112.68,119.38,119.38,1.0,1,0
dustin-martin,2012,ND,MID,21.0,63,3,111.53,5172.0,118.7,117.09,111.38,118.7,117.94,0.897,1,0
dustin-martin,2013,ND,MID,22.0,86,4,111.53,4978.3,120.97,119.7,112.6,120.97,119.63,0.839,1,0
dustin-martin,2014,ND,MID,23.0,108,5,111.53,4788.4,120.3,117.76,109.86,120.3,118.04,0.784,1,0
dustin-martin,2015,ND,MID,24.0,131,6,111.53,4439.3,119.69,119.79,112.73,119.79,118.11,0.763,1,0
dustin-martin,2016,ND,MID,25.0,153,7,111.53,3909.8,122.26,120.0,110.8,122.26,119.65,0.773,1,0
dustin-martin,2017,ND,MID,26.0,178,8,109.53,2846.1,126.68,128.36,119.45,128.36,126.43,0.784,1,0
dustin-martin,2018,ND,MID,27.0,201,9,102.77,2538.5,116.7,110.22,103.12,116.7,112.68,0.704,1,0
dustin-martin,2019,ND,MID,28.0,224,10,100.17,2202.0,111.15,101.3,97.64,111.15,106.51,0.656,1,0
anthony-morabito,2009,ND,MID,18.0,0,0,53.7,0.0,119.56,113.34,89.43,119.56,119.56,1.0,1,0
anthony-morabito,2010,ND,MID,19.0,23,1,53.7,0.0,119.29,111.16,84.42,119.29,119.29,1.0,1,0
anthony-morabito,2011,ND,MID,20.0,23,2,35.7,0.0,112.27,108.79,84.11,112.27,112.27,1.0,1,0
anthony-morabito,2012,ND,MID,21.0,23,3,35.7,0.0,110.12,97.82,69.55,110.12,105.25,0.88,1,0
anthony-morabito,2013,ND,MID,22.0,23,4,35.7,0.0,97.24,86.63,53.29,97.24,86.69,0.76,1,0
anthony-morabito,2014,ND,MID,23.0,26,5,35.7,0.0,90.87,76.04,38.13,90.87,73.47,0.67,1,0
ben-cunnington,2009,ND,MID,18.0,0,0,102.33,1658.3,118.89,109.43,88.04,118.89,118.89,1.0,1,0
ben-cunnington,2010,ND,MID,19.0,18,1,102.33,1890.4,116.97,110.48,83.1,116.97,116.97,1.0,1,0
ben-cunnington,2011,ND,MID,20.0,34,2,102.33,2155.0,111.71,105.03,79.49,111.71,111.71,1.0,1,0
ben-cunnington,2012,ND,MID,21.0,54,3,102.33,2379.4,117.37,110.23,96.69,117.37,114.88,0.88,1,0
ben-cunnington,2013,ND,MID,22.0,74,4,102.33,2184.2,123.44,116.02,106.59,123.44,120.05,0.799,1,0
ben-cunnington,2014,ND,MID,23.0,99,5,102.33,2051.8,122.64,115.78,106.51,122.64,118.33,0.733,1,0
ben-cunnington,2015,ND,MID,24.0,123,6,102.33,1867.1,118.94,111.42,104.68,118.94,114.24,0.671,1,0
ben-cunnington,2016,ND,MID,25.0,145,7,102.33,1988.9,107.74,102.79,90.37,107.74,99.45,0.523,1,0
ben-cunnington,2017,ND,MID,26.0,165,8,102.33,1871.1,111.54,103.53,96.31,111.54,104.32,0.526,1,0
ben-cunnington,2018,ND,MID,27.0,187,9,102.33,1590.7,110.3,104.57,98.07,110.3,104.79,0.549,1,0
ben-cunnington,2019,ND,MID,28.0,209,10,93.93,1110.2,111.09,109.2,98.2,111.09,106.27,0.626,1,0
gary-rohan,2009,ND,SF,18.0,0,0,67.67,58.5,100.63,92.93,74.92,100.63,100.63,1.0,1,0
gary-rohan,2010,ND,SF,19.0,9,1,67.67,61.3,100.76,93.63,79.22,100.76,100.76,1.0,1,0
gary-rohan,2011,ND,SF,20.0,18,2,67.67,69.5,95.42,85.62,72.63,95.42,95.42,1.0,1,0
gary-rohan,2012,ND,SF,21.0,22,3,67.67,79.1,94.51,80.46,69.85,94.51,91.55,0.88,1,0
gary-rohan,2013,ND,SF,22.0,27,4,67.67,90.2,81.9,68.31,57.46,81.9,76.03,0.76,1,0
gary-rohan,2014,ND,SF,23.0,43,5,67.67,102.0,81.69,72.96,57.2,81.69,73.61,0.67,1,0
gary-rohan,2015,ND,SF,24.0,61,6,67.67,116.2,75.99,71.26,60.53,75.99,69.5,0.58,1,0
gary-rohan,2016,ND,SF,25.0,79,7,67.67,119.8,75.66,70.4,62.71,75.66,69.44,0.52,1,0
gary-rohan,2017,ND,SF,26.0,95,8,67.67,96.5,75.07,70.68,64.23,75.07,69.22,0.46,1,0
gary-rohan,2018,ND,SF,27.0,106,9,66.0,109.8,69.24,61.31,54.49,69.24,60.39,0.4,1,0
gary-rohan,2019,ND,SF,28.0,125,10,66.0,121.4,70.16,64.48,53.84,70.16,60.37,0.4,1,0
bradley-sheppard,2009,ND,SD,18.0,0,0,82.7,201.7,104.8,96.12,77.94,104.8,104.8,1.0,1,0
bradley-sheppard,2010,ND,SD,19.0,14,1,82.7,229.4,105.68,99.19,85.37,105.68,105.68,1.0,1,0
bradley-sheppard,2011,ND,SD,20.0,20,2,82.7,261.4,100.64,91.99,79.1,100.64,100.64,1.0,1,0
bradley-sheppard,2012,ND,SD,21.0,32,3,82.7,297.9,100.07,87.29,72.74,100.07,96.79,0.88,1,0
bradley-sheppard,2013,ND,SD,22.0,45,4,82.7,339.6,88.45,79.22,62.68,88.45,82.27,0.76,1,0
bradley-sheppard,2014,ND,SD,23.0,59,5,82.7,384.6,90.03,84.0,70.44,90.03,83.57,0.67,1,0
bradley-sheppard,2015,ND,SD,24.0,84,6,82.7,366.1,95.94,92.11,81.0,95.94,89.67,0.58,1,0
bradley-sheppard,2016,ND,SD,25.0,107,7,81.9,413.9,89.32,83.85,71.71,89.32,80.86,0.52,1,0
bradley-sheppard,2017,ND,SD,26.0,131,8,81.9,471.2,78.82,75.74,65.96,78.82,71.87,0.46,1,0
bradley-sheppard,2018,ND,SD,27.0,154,9,81.9,497.0,84.52,81.86,73.31,84.52,77.8,0.4,1,0
bradley-sheppard,2019,ND,SD,28.0,178,10,80.13,368.7,91.5,92.95,78.5,92.95,84.28,0.4,1,0
john-butcher,2009,ND,KPF,18.0,0,0,45.6,85.6,88.33,79.4,49.03,88.33,88.33,1.0,1,0
john-butcher,2010,ND,KPF,19.0,0,1,45.6,97.6,88.33,79.29,59.84,88.33,88.33,1.0,1,0
john-butcher,2011,ND,KPF,20.0,4,2,45.6,53.3,95.85,84.99,65.88,95.85,95.85,1.0,1,0
john-butcher,2012,ND,KPF,21.0,12,3,45.6,60.4,92.78,78.12,61.45,92.78,89.02,0.88,1,0
john-butcher,2013,ND,KPF,22.0,20,4,43.8,68.8,85.21,73.06,56.32,85.21,78.27,0.76,1,0
john-butcher,2014,ND,KPF,23.0,23,5,70.0,78.1,82.62,69.98,50.17,82.62,71.91,0.67,1,0
john-butcher,2015,ND,KPF,24.0,28,6,70.0,89.0,75.27,63.34,46.37,75.27,63.13,0.58,1,0
john-butcher,2016,ND,KPF,25.0,31,7,70.0,0.0,76.82,68.56,51.99,76.82,64.9,0.52,1,0
andrew-moore,2009,ND,SD,18.0,0,0,57.03,2.3,105.33,97.67,80.23,105.33,105.33,1.0,1,0
andrew-moore,2010,ND,SD,19.0,7,1,57.03,2.6,101.37,90.39,72.81,101.37,101.37,1.0,1,0
andrew-moore,2011,ND,SD,20.0,13,2,57.03,2.9,95.38,87.13,63.23,95.38,95.38,1.0,1,0
andrew-moore,2012,ND,SD,21.0,24,3,57.03,3.3,95.75,83.1,65.4,95.75,92.11,0.88,1,0
andrew-moore,2013,ND,SD,22.0,41,4,58.3,0.6,94.31,88.39,76.01,94.31,89.92,0.76,1,0
andrew-moore,2014,ND,SD,23.0,50,5,49.4,0.7,86.99,80.17,65.78,86.99,79.99,0.67,1,0
andrew-moore,2015,ND,SD,24.0,55,6,62.8,0.4,82.91,77.69,66.26,82.91,75.92,0.58,1,0
andrew-moore,2016,ND,SD,25.0,60,7,62.8,0.0,82.35,75.2,65.11,82.35,74.07,0.52,1,0
jake-melksham,2009,ND,KPF,18.0,0,0,70.7,76.6,88.69,80.29,51.56,88.69,88.69,1.0,1,0
jake-melksham,2010,ND,KPF,19.0,14,1,70.7,87.2,99.87,91.88,75.93,99.87,99.87,1.0,1,0
jake-melksham,2011,ND,KPF,20.0,37,2,70.7,98.8,100.02,94.33,86.1,100.02,100.02,1.0,1,0
jake-melksham,2012,ND,KPF,21.0,59,3,70.7,112.4,99.75,92.61,83.32,99.75,97.77,0.88,1,0
jake-melksham,2013,ND,KPF,22.0,80,4,70.7,95.8,99.15,93.28,83.74,99.15,95.45,0.76,1,0
jake-melksham,2014,ND,KPF,23.0,96,5,67.47,109.1,89.76,84.65,76.92,89.76,85.52,0.67,1,0
jake-melksham,2015,ND,KPF,24.0,114,6,67.47,116.5,82.33,78.73,72.3,82.33,78.12,0.58,1,0
jake-melksham,2016,ND,KPF,25.0,114,7,67.47,132.8,80.13,74.64,69.47,80.13,75.01,0.52,1,0
jake-melksham,2017,ND,KPF,26.0,133,8,67.47,149.9,76.72,74.18,68.15,76.72,72.09,0.46,1,0
jake-melksham,2018,ND,KPF,27.0,156,9,66.83,55.5,84.84,78.73,72.47,84.84,77.42,0.4,1,0
jake-melksham,2019,ND,KPF,28.0,168,10,61.53,25.2,82.55,76.53,69.01,82.55,74.42,0.4,1,0
jordan-gysberts,2009,ND,MID,18.0,0,0,75.6,32.3,115.75,104.8,82.61,115.75,115.75,1.0,1,0
jordan-gysberts,2010,ND,MID,19.0,3,1,75.6,35.2,116.8,106.86,84.7,116.8,116.8,1.0,1,0
jordan-gysberts,2011,ND,MID,20.0,18,2,75.6,0.0,116.3,111.48,95.04,116.3,116.3,1.0,1,0
jordan-gysberts,2012,ND,MID,21.0,19,3,28.0,0.0,112.99,102.14,81.85,112.99,109.26,0.88,1,0
kane-lucas,2009,ND,MID,18.0,0,0,55.57,4.4,115.75,104.79,83.3,115.75,115.75,1.0,1,0
kane-lucas,2010,ND,MID,19.0,8,1,55.57,5.0,109.19,103.16,79.41,109.19,109.19,1.0,1,0
kane-lucas,2011,ND,MID,20.0,10,2,52.7,5.7,108.32,98.49,75.73,108.32,108.32,1.0,1,0
kane-lucas,2012,ND,MID,21.0,18,3,52.7,6.5,102.23,87.36,57.44,102.23,96.86,0.88,1,0
kane-lucas,2013,ND,MID,22.0,35,4,58.75,0.0,107.55,101.37,79.25,107.55,100.76,0.76,1,0
kane-lucas,2014,ND,MID,23.0,42,5,47.6,0.0,94.7,89.78,66.93,94.7,85.54,0.67,1,0
daniel-talia,2009,ND,KPD,18.0,0,0,71.97,283.5,96.02,91.75,72.8,96.02,96.02,1.0,1,0
daniel-talia,2010,ND,KPD,19.0,0,1,71.97,323.1,96.02,90.81,71.83,96.02,96.02,1.0,1,0
daniel-talia,2011,ND,KPD,20.0,9,2,71.97,323.8,96.38,86.27,74.65,96.38,96.38,1.0,1,0
daniel-talia,2012,ND,KPD,21.0,32,3,71.97,368.6,94.69,87.08,75.18,94.69,92.35,0.88,1,0
daniel-talia,2013,ND,KPD,22.0,54,4,71.97,416.2,85.14,80.33,69.3,85.14,81.34,0.76,1,0
daniel-talia,2014,ND,KPD,23.0,76,5,71.97,466.9,81.32,79.04,68.15,81.32,76.97,0.67,1,0
daniel-talia,2015,ND,KPD,24.0,98,6,71.97,531.9,75.41,71.66,61.64,75.41,69.63,0.58,1,0
daniel-talia,2016,ND,KPD,25.0,122,7,71.97,285.3,84.19,80.71,72.75,84.19,78.7,0.52,1,0
daniel-talia,2017,ND,KPD,26.0,146,8,68.4,272.0,76.69,76.69,71.86,76.69,74.09,0.46,1,0
daniel-talia,2018,ND,KPD,27.0,164,9,68.4,170.5,79.41,77.56,70.98,79.41,74.35,0.4,1,0
daniel-talia,2019,ND,KPD,28.0,186,10,67.75,59.3,78.77,75.55,70.31,78.77,73.69,0.4,1,0
lewis-jetta,2009,ND,SF,20.0,0,0,77.57,341.9,91.05,84.44,61.67,91.05,91.05,1.0,1,0
lewis-jetta,2010,ND,SF,21.0,20,1,77.57,389.8,89.68,78.35,62.06,89.68,86.37,0.88,1,0
lewis-jetta,2011,ND,SF,22.0,40,2,77.57,444.3,73.07,69.07,53.27,73.07,68.32,0.76,1,0
lewis-jetta,2012,ND,SF,23.0,65,3,77.57,409.3,90.88,89.27,74.87,90.88,85.6,0.67,1,0
lewis-jetta,2013,ND,SF,24.0,78,4,74.83,464.2,87.94,86.77,74.43,87.94,82.27,0.58,1,0
lewis-jetta,2014,ND,SF,25.0,103,5,74.83,366.1,87.1,83.38,73.2,87.1,80.43,0.52,1,0
lewis-jetta,2015,ND,SF,26.0,127,6,73.37,71.4,95.37,94.38,82.98,95.37,89.02,0.488,1,0
lewis-jetta,2016,ND,SF,27.0,139,7,69.57,81.2,81.96,79.96,70.02,81.96,74.8,0.4,1,0
lewis-jetta,2017,ND,SF,28.0,154,8,69.57,20.2,80.69,77.57,66.74,80.69,72.32,0.4,1,0
lewis-jetta,2018,ND,SF,29.0,174,9,67.77,22.2,74.86,72.56,63.33,74.86,67.94,0.4,1,0
lewis-jetta,2019,ND,SF,30.0,196,10,69.95,6.0,78.81,74.4,64.01,78.81,69.93,0.4,1,0
christian-howard,2009,ND,SD,18.0,0,0,52.8,0.6,106.85,98.19,78.73,106.85,106.85,1.0,1,0
christian-howard,2010,ND,SD,19.0,0,1,52.8,0.6,106.85,97.4,77.22,106.85,106.85,1.0,1,0
christian-howard,2011,ND,SD,20.0,6,2,52.8,0.7,99.23,85.87,66.28,99.23,99.23,1.0,1,0
christian-howard,2012,ND,SD,21.0,17,3,61.4,0.0,101.35,89.29,74.81,101.35,98.16,0.88,1,0
christian-howard,2013,ND,SD,22.0,17,4,24.0,0.0,94.59,80.65,65.95,94.59,87.71,0.76,1,0
christian-howard,2014,ND,SD,23.0,19,5,24.0,0.0,84.93,70.33,49.28,84.93,73.17,0.67,1,0
jasper-mcmillan-pittard,2009,ND,SD,18.0,0,0,83.93,340.7,106.77,97.71,78.24,106.77,106.77,1.0,1,0
jasper-mcmillan-pittard,2010,ND,SD,19.0,0,1,83.93,388.4,106.77,96.91,76.73,106.77,106.77,1.0,1,0
jasper-mcmillan-pittard,2011,ND,SD,20.0,13,2,83.93,442.3,103.65,93.74,78.44,103.65,103.65,1.0,1,0
jasper-mcmillan-pittard,2012,ND,SD,21.0,14,3,83.93,504.2,100.34,83.91,68.68,100.34,96.54,0.88,1,0
jasper-mcmillan-pittard,2013,ND,SD,22.0,31,4,83.93,573.8,94.2,87.53,73.41,94.2,89.21,0.76,1,0
jasper-mcmillan-pittard,2014,ND,SD,23.0,56,5,83.93,649.7,93.21,88.04,73.73,93.21,86.78,0.67,1,0
jasper-mcmillan-pittard,2015,ND,SD,24.0,76,6,83.93,580.0,99.99,93.72,82.0,99.99,92.43,0.58,1,0
jasper-mcmillan-pittard,2016,ND,SD,25.0,98,7,83.1,194.9,104.4,102.43,91.55,104.4,98.8,0.565,1,0
jasper-mcmillan-pittard,2017,ND,SD,26.0,115,8,75.43,117.0,99.21,93.37,83.52,99.21,90.74,0.46,1,0
jasper-mcmillan-pittard,2018,ND,SD,27.0,126,9,71.9,127.5,92.87,84.64,74.0,92.87,81.55,0.4,1,0
jasper-mcmillan-pittard,2019,ND,SD,28.0,148,10,74.15,8.1,92.9,88.14,75.46,92.9,82.43,0.4,1,0
daniel-menzel,2009,ND,SF,18.0,0,0,71.8,202.4,91.5,83.16,63.19,91.5,91.5,1.0,1,0
daniel-menzel,2010,ND,SF,19.0,3,1,71.8,230.7,91.5,82.49,61.4,91.5,91.5,1.0,1,0
daniel-menzel,2011,ND,SF,20.0,21,2,71.8,254.4,96.24,87.35,73.92,96.24,96.24,1.0,1,0
daniel-menzel,2012,ND,SF,21.0,21,3,71.8,290.0,94.53,82.78,67.72,94.53,91.32,0.88,1,0
daniel-menzel,2013,ND,SF,22.0,21,4,71.8,330.6,86.17,72.27,59.26,86.17,79.71,0.76,1,0
daniel-menzel,2014,ND,SF,23.0,21,5,71.8,376.9,78.2,68.21,52.8,78.2,69.82,0.67,1,0
daniel-menzel,2015,ND,SF,24.0,23,6,71.8,395.9,73.18,66.19,51.75,73.18,64.18,0.58,1,0
daniel-menzel,2016,ND,SF,25.0,41,7,71.8,94.2,97.09,88.69,71.79,97.09,86.45,0.579,1,0
daniel-menzel,2017,ND,SF,26.0,60,8,60.2,30.0,83.76,75.85,64.26,83.76,73.23,0.46,1,0
daniel-menzel,2018,ND,SF,27.0,73,9,55.75,0.0,80.48,72.54,62.82,80.48,69.88,0.4,1,0
daniel-menzel,2019,ND,SF,28.0,80,10,45.7,0.0,71.15,63.58,49.22,71.15,57.99,0.4,1,0
luke-tapscott,2009,ND,MID,18.0,0,0,50.4,2.1,114.29,101.05,70.13,114.29,114.29,1.0,1,0
luke-tapscott,2010,ND,MID,19.0,0,1,50.4,2.4,114.29,99.67,68.1,114.29,114.29,1.0,1,0
luke-tapscott,2011,ND,MID,20.0,15,2,50.4,0.0,111.09,100.98,79.04,111.09,111.09,1.0,1,0
luke-tapscott,2012,ND,MID,21.0,29,3,46.8,0.0,105.95,95.34,70.48,105.95,101.7,0.88,1,0
luke-tapscott,2013,ND,MID,22.0,45,4,41.5,0.0,92.37,78.69,53.49,92.37,83.04,0.76,1,0
luke-tapscott,2014,ND,MID,23.0,48,5,43.0,0.0,88.64,73.15,49.62,88.64,75.77,0.67,1,0
benjamin-griffiths,2009,ND,KPF,18.0,0,0,66.47,140.6,88.79,78.63,51.25,88.79,88.79,1.0,1,0
benjamin-griffiths,2010,ND,KPF,19.0,5,1,66.47,160.3,92.83,79.98,65.84,92.83,92.83,1.0,1,0
benjamin-griffiths,2011,ND,KPF,20.0,9,2,66.47,182.7,90.57,84.25,62.22,90.57,90.57,1.0,1,0
benjamin-griffiths,2012,ND,KPF,21.0,18,3,66.47,207.9,85.42,73.1,62.3,85.42,82.65,0.88,1,0
benjamin-griffiths,2013,ND,KPF,22.0,19,4,66.47,231.5,85.84,72.29,56.56,85.84,78.82,0.76,1,0
benjamin-griffiths,2014,ND,KPF,23.0,35,5,66.47,186.5,88.21,81.05,69.65,88.21,82.08,0.67,1,0
benjamin-griffiths,2015,ND,KPF,24.0,48,6,66.4,171.4,82.93,76.9,67.93,82.93,76.63,0.58,1,0
benjamin-griffiths,2016,ND,KPF,25.0,61,7,70.4,0.1,85.02,78.95,68.64,85.02,77.16,0.52,1,0
benjamin-griffiths,2017,ND,KPF,26.0,63,8,45.0,0.0,79.08,73.06,64.7,79.08,71.32,0.46,1,0
nathan-fyfe,2009,ND,MID,18.0,0,0,121.4,5294.3,114.29,100.4,69.86,114.29,114.29,1.0,1,0
nathan-fyfe,2010,ND,MID,19.0,18,1,121.4,5852.9,122.72,113.23,94.61,122.72,122.72,1.0,1,0
nathan-fyfe,2011,ND,MID,20.0,39,2,121.4,5525.0,126.41,123.88,110.71,126.41,126.41,1.0,1,0
nathan-fyfe,2012,ND,MID,21.0,50,3,121.4,5657.3,125.62,120.51,106.07,125.62,123.87,0.911,1,0
nathan-fyfe,2013,ND,MID,22.0,72,4,121.4,5587.0,126.71,122.84,117.25,126.71,125.58,0.88,1,0
nathan-fyfe,2014,ND,MID,23.0,92,5,121.4,4741.1,126.45,122.98,120.21,126.45,125.63,0.868,1,0
nathan-fyfe,2015,ND,MID,24.0,112,6,118.63,3788.2,127.37,122.47,118.62,127.37,125.9,0.832,1,0
nathan-fyfe,2016,ND,MID,25.0,117,7,115.7,3752.7,127.03,121.61,116.54,127.03,125.01,0.808,1,0
nathan-fyfe,2017,ND,MID,26.0,138,8,115.7,3359.9,124.33,117.13,108.39,124.33,120.75,0.775,1,0
nathan-fyfe,2018,ND,MID,27.0,153,9,115.7,2666.5,125.06,118.45,112.38,125.06,122.02,0.76,1,0
nathan-fyfe,2019,ND,MID,28.0,173,10,111.2,1536.0,125.59,120.94,114.21,125.59,122.86,0.76,1,0
ryan-bastinac,2009,ND,MID,18.0,0,0,85.1,421.6,114.56,100.71,68.41,114.56,114.56,1.0,1,0
ryan-bastinac,2010,ND,MID,19.0,22,1,85.1,471.8,121.64,112.95,89.22,121.64,121.64,1.0,1,0
ryan-bastinac,2011,ND,MID,20.0,34,2,85.1,531.1,116.47,110.3,88.71,116.47,116.47,1.0,1,0
ryan-bastinac,2012,ND,MID,21.0,57,3,85.1,567.4,115.28,107.01,90.36,115.28,112.29,0.88,1,0
ryan-bastinac,2013,ND,MID,22.0,79,4,85.1,197.4,120.72,114.98,105.14,120.72,117.41,0.788,1,0
ryan-bastinac,2014,ND,MID,23.0,104,5,78.23,217.9,107.63,100.72,83.72,107.63,99.74,0.67,1,0
ryan-bastinac,2015,ND,MID,24.0,121,6,78.23,232.3,99.49,95.5,81.27,99.49,91.84,0.58,1,0
ryan-bastinac,2016,ND,MID,25.0,143,7,81.15,77.1,105.3,97.91,85.86,105.3,95.97,0.52,1,0
ryan-bastinac,2017,ND,MID,26.0,159,8,78.9,0.0,104.8,94.84,82.56,104.8,92.79,0.46,1,0
ryan-bastinac,2018,ND,MID,27.0,161,9,56.5,0.0,99.49,91.06,72.32,99.49,83.19,0.4,1,0
ryan-bastinac,2019,ND,MID,28.0,164,10,48.0,0.0,80.04,70.44,55.69,80.04,65.43,0.4,1,0
gerrick-weedon,2009,ND,SF,18.0,0,0,5.0,0.0,92.0,84.46,62.54,92.0,92.0,1.0,1,0
gerrick-weedon,2010,ND,SF,19.0,0,1,5.0,0.0,92.0,84.05,62.68,92.0,92.0,1.0,1,0
gerrick-weedon,2011,ND,SF,20.0,1,2,5.0,0.0,90.86,80.46,56.79,90.86,90.86,1.0,1,0
koby-stevens,2009,ND,MID,18.0,0,0,83.87,457.5,111.65,100.23,65.94,111.65,111.65,1.0,1,0
koby-stevens,2010,ND,MID,19.0,5,1,83.87,521.3,113.9,98.5,70.49,113.9,113.9,1.0,1,0
koby-stevens,2011,ND,MID,20.0,7,2,83.87,594.3,107.3,94.12,60.6,107.3,107.3,1.0,1,0
koby-stevens,2012,ND,MID,21.0,11,3,83.87,677.5,105.43,86.91,53.54,105.43,99.21,0.88,1,0
koby-stevens,2013,ND,MID,22.0,30,4,83.87,768.3,107.05,98.44,74.39,107.05,99.21,0.76,1,0
koby-stevens,2014,ND,MID,23.0,50,5,83.87,873.2,100.51,93.87,74.29,100.51,91.86,0.67,1,0
koby-stevens,2015,ND,MID,24.0,62,6,83.87,470.0,109.75,100.32,85.18,109.75,99.43,0.58,1,0
koby-stevens,2016,ND,MID,25.0,74,7,82.55,280.2,105.58,99.86,87.4,105.58,96.91,0.523,1,0
koby-stevens,2017,ND,MID,26.0,89,8,79.1,1.1,104.22,94.09,79.6,104.22,90.93,0.46,1,0
koby-stevens,2018,ND,MID,27.0,91,9,67.0,0.0,99.43,89.57,68.89,99.43,81.11,0.4,1,0
jake-carlisle,2009,ND,KPD,18.0,0,0,75.63,716.5,94.46,88.34,64.52,94.46,94.46,1.0,1,0
jake-carlisle,2010,ND,KPD,19.0,3,1,75.63,816.8,93.01,83.02,66.36,93.01,93.01,1.0,1,0
jake-carlisle,2011,ND,KPD,20.0,10,2,75.63,739.5,94.7,84.96,66.62,94.7,94.7,1.0,1,0
jake-carlisle,2012,ND,KPD,21.0,28,3,75.03,808.9,98.42,91.54,76.56,98.42,95.8,0.88,1,0
jake-carlisle,2013,ND,KPD,22.0,49,4,75.03,625.9,94.68,90.63,80.3,94.68,91.25,0.761,1,0
jake-carlisle,2014,ND,KPD,23.0,68,5,73.37,530.8,91.64,88.56,75.81,91.64,86.42,0.67,1,0
jake-carlisle,2015,ND,KPD,24.0,85,6,72.47,449.2,86.8,84.9,74.78,86.8,81.75,0.58,1,0
jake-carlisle,2016,ND,KPD,25.0,85,7,72.33,512.1,84.78,79.86,69.61,84.78,77.5,0.52,1,0
jake-carlisle,2017,ND,KPD,26.0,107,8,72.33,437.3,80.97,77.55,69.25,80.97,74.64,0.46,1,0
jake-carlisle,2018,ND,KPD,27.0,124,9,69.7,147.0,85.92,80.75,73.15,85.92,78.57,0.425,1,0
jake-carlisle,2019,ND,KPD,28.0,134,10,65.65,152.5,79.17,73.12,64.93,79.17,70.63,0.4,1,0
aaron-black,2009,ND,KPF,18.0,0,0,66.65,258.0,88.47,77.68,46.7,88.47,88.47,1.0,1,0
aaron-black,2010,ND,KPF,19.0,0,1,66.65,294.1,88.47,77.57,57.54,88.47,88.47,1.0,1,0
aaron-black,2011,ND,KPF,20.0,1,2,66.65,335.3,91.82,79.89,61.09,91.82,91.82,1.0,1,0
aaron-black,2012,ND,KPF,21.0,4,3,66.65,381.8,95.05,75.24,59.8,95.05,90.82,0.88,1,0
aaron-black,2013,ND,KPF,22.0,22,4,66.65,72.6,100.16,94.86,82.87,100.16,96.25,0.774,1,0
aaron-black,2014,ND,KPF,23.0,47,5,56.7,75.2,87.12,82.75,72.4,87.12,82.26,0.67,1,0
aaron-black,2015,ND,KPF,24.0,50,6,66.3,85.7,80.49,74.58,66.03,80.49,74.41,0.58,1,0
aaron-black,2016,ND,KPF,25.0,50,7,66.3,97.7,78.02,71.32,61.96,78.02,70.31,0.52,1,0
aaron-black,2017,ND,KPF,26.0,54,8,66.3,48.6,76.12,69.23,60.2,76.12,67.52,0.46,1,0
aaron-black,2018,ND,KPF,27.0,57,9,66.3,0.0,73.4,66.03,57.26,73.4,63.71,0.4,1,0
travis-colyer,2009,ND,SF,18.0,0,0,70.1,55.4,90.07,83.03,58.02,90.07,90.07,1.0,1,0
travis-colyer,2010,ND,SF,19.0,11,1,70.1,59.5,99.38,92.5,73.16,99.38,99.38,1.0,1,0
travis-colyer,2011,ND,SF,20.0,21,2,68.93,67.9,88.56,77.47,63.85,88.56,88.56,1.0,1,0
travis-colyer,2012,ND,SF,21.0,27,3,68.93,77.3,91.2,80.38,64.51,91.2,88.0,0.88,1,0
travis-colyer,2013,ND,SF,22.0,34,4,68.93,87.9,85.22,76.6,64.14,85.22,80.16,0.76,1,0
travis-colyer,2014,ND,SF,23.0,46,5,68.93,67.9,90.18,84.38,68.48,90.18,83.02,0.67,1,0
travis-colyer,2015,ND,SF,24.0,57,6,63.83,20.1,85.03,79.43,67.32,85.03,77.59,0.58,1,0
travis-colyer,2016,ND,SF,25.0,57,7,59.17,22.9,82.76,74.58,62.43,82.76,73.0,0.52,1,0
travis-colyer,2017,ND,SF,26.0,79,8,59.17,4.4,74.22,68.22,61.97,74.22,67.6,0.46,1,0
travis-colyer,2018,ND,SF,27.0,87,9,55.47,4.7,71.78,64.58,56.2,71.78,62.43,0.4,1,0
travis-colyer,2019,ND,SF,28.0,97,10,55.47,4.5,70.41,60.22,52.8,70.41,59.84,0.4,1,0
callum-bartlett,2009,ND,MID,18.0,0,0,0.0,0.0,108.54,94.56,62.89,108.54,108.54,1.0,1,0
mitchell-duncan,2009,ND,SD,18.0,0,0,108.6,2231.5,101.88,91.23,65.68,101.88,101.88,1.0,1,0
mitchell-duncan,2010,ND,SD,19.0,8,1,108.6,2541.3,103.04,95.83,71.25,103.04,103.04,1.0,1,0
mitchell-duncan,2011,ND,SD,20.0,29,2,108.6,2809.2,105.45,100.28,81.65,105.45,105.45,1.0,1,0
mitchell-duncan,2012,ND,SD,21.0,51,3,108.6,3091.2,110.57,104.22,92.89,110.57,108.45,0.88,1,0
mitchell-duncan,2013,ND,SD,22.0,76,4,108.6,3384.4,110.8,107.28,92.73,110.8,106.46,0.76,1,0
mitchell-duncan,2014,ND,SD,23.0,100,5,108.6,3222.7,120.51,119.12,106.66,120.51,117.06,0.751,1,0
mitchell-duncan,2015,ND,SD,24.0,111,6,108.6,3269.3,117.88,114.37,102.54,117.88,112.93,0.677,1,0
mitchell-duncan,2016,ND,SD,25.0,135,7,108.6,3330.8,114.96,113.2,100.69,114.96,109.54,0.621,1,0
mitchell-duncan,2017,ND,SD,26.0,159,8,108.6,2728.2,122.06,118.77,109.53,122.06,118.92,0.75,1,0
mitchell-duncan,2018,ND,SD,27.0,180,9,104.8,2325.1,115.94,113.38,105.72,115.94,113.04,0.716,1,0
mitchell-duncan,2019,ND,SD,28.0,203,10,102.8,1984.0,113.77,107.84,102.39,113.77,110.07,0.675,1,0
jack-gunston,2009,ND,KPF,18.0,0,0,94.17,2577.3,89.83,80.76,46.43,89.83,89.83,1.0,1,0
jack-gunston,2010,ND,KPF,19.0,2,1,94.17,2937.8,89.83,80.9,57.99,89.83,89.83,1.0,1,0
jack-gunston,2011,ND,KPF,20.0,14,2,94.17,3343.4,95.39,88.62,67.18,95.39,95.39,1.0,1,0
jack-gunston,2012,ND,KPF,21.0,33,3,94.17,3600.8,103.65,97.77,81.67,103.65,101.01,0.88,1,0
jack-gunston,2013,ND,KPF,22.0,56,4,94.17,3415.8,110.78,106.95,93.43,110.78,107.75,0.825,1,0
jack-gunston,2014,ND,KPF,23.0,79,5,94.17,3151.2,109.78,108.11,98.97,109.78,107.58,0.797,1,0
jack-gunston,2015,ND,KPF,24.0,103,6,94.17,2668.9,115.99,113.7,104.46,115.99,113.64,0.796,1,0
jack-gunston,2016,ND,KPF,25.0,127,7,91.4,2274.4,111.64,109.65,99.7,111.64,108.69,0.753,1,0
jack-gunston,2017,ND,KPF,26.0,149,8,89.87,1954.5,101.35,100.98,94.43,101.35,99.15,0.683,1,0
jack-gunston,2018,ND,KPF,27.0,172,9,88.27,1347.0,104.67,102.18,95.09,104.67,101.8,0.7,1,0
jack-gunston,2019,ND,KPF,28.0,192,10,83.2,1083.3,95.48,94.97,87.05,95.48,92.13,0.602,1,0
jason-tutt,2009,ND,SF,18.0,0,0,59.8,194.9,88.89,84.43,58.55,88.89,88.89,1.0,1,0
jason-tutt,2010,ND,SF,19.0,0,1,59.8,222.2,88.89,84.4,60.39,88.89,88.89,1.0,1,0
jason-tutt,2011,ND,SF,20.0,3,2,59.8,101.4,93.14,84.9,63.15,93.14,93.14,1.0,1,0
jason-tutt,2012,ND,SF,21.0,8,3,59.8,115.6,91.48,77.84,60.17,91.48,87.72,0.88,1,0
jason-tutt,2013,ND,SF,22.0,19,4,59.8,131.8,76.35,62.06,50.77,76.35,70.21,0.76,1,0
jason-tutt,2014,ND,SF,23.0,26,5,68.45,17.9,84.73,74.82,62.68,84.73,77.45,0.67,1,0
jason-tutt,2015,ND,SF,24.0,39,6,63.9,0.6,78.79,74.4,65.09,78.79,73.03,0.58,1,0
jason-tutt,2016,ND,SF,25.0,40,7,66.0,0.0,76.7,69.7,61.04,76.7,69.18,0.52,1,0
nicholas-winmar,2009,ND,MID,18.0,0,0,20.5,0.0,107.23,95.74,61.94,107.23,107.23,1.0,1,0
nicholas-winmar,2010,ND,MID,19.0,0,1,20.5,0.0,107.23,95.22,64.53,107.23,107.23,1.0,1,0
nicholas-winmar,2011,ND,MID,20.0,2,2,20.5,0.0,102.36,94.31,59.33,102.36,102.36,1.0,1,0
anthony-long,2009,ND,SD,18.0,0,0,0.0,0.0,100.51,89.46,64.83,100.51,100.51,1.0,1,0
max-gawn,2009,ND,RUCK,18.0,0,0,131.9,4361.6,116.18,107.56,67.2,116.18,116.18,1.0,1,0
max-gawn,2010,ND,RUCK,19.0,0,1,131.9,4972.2,116.18,108.08,78.34,116.18,116.18,1.0,1,0
max-gawn,2011,ND,RUCK,20.0,4,2,131.9,5668.3,120.66,110.46,79.95,120.66,120.66,1.0,1,0
max-gawn,2012,ND,RUCK,21.0,4,3,131.9,6461.8,125.9,108.92,87.54,125.9,121.3,0.88,1,0
max-gawn,2013,ND,RUCK,22.0,17,4,131.9,7361.3,126.5,112.99,91.46,126.5,118.09,0.76,1,0
max-gawn,2014,ND,RUCK,23.0,26,5,131.9,8390.6,123.54,111.07,86.56,123.54,111.34,0.67,1,0
max-gawn,2015,ND,RUCK,24.0,39,6,131.9,8483.6,128.01,126.44,109.43,128.01,122.66,0.712,1,0
max-gawn,2016,ND,RUCK,25.0,61,7,131.9,8206.8,134.81,135.94,128.45,135.94,134.5,0.808,1,0
max-gawn,2017,ND,RUCK,26.0,74,8,131.9,8900.7,123.8,125.02,111.25,125.02,120.52,0.673,1,0
max-gawn,2018,ND,RUCK,27.0,99,9,131.9,8332.4,134.34,134.97,133.11,134.97,134.53,0.76,1,0
max-gawn,2019,ND,RUCK,28.0,120,10,131.9,7475.6,133.72,133.63,131.4,133.72,133.16,0.76,1,0
david-astbury,2009,ND,KPD,18.0,0,0,69.37,214.4,93.62,87.08,67.16,93.62,93.62,1.0,1,0
david-astbury,2010,ND,KPD,19.0,17,1,69.37,244.0,89.52,86.25,74.32,89.52,89.52,1.0,1,0
david-astbury,2011,ND,KPD,20.0,22,2,69.37,278.2,83.88,77.05,68.17,83.88,83.88,1.0,1,0
david-astbury,2012,ND,KPD,21.0,24,3,69.37,317.0,82.01,69.78,62.74,82.01,79.7,0.88,1,0
david-astbury,2013,ND,KPD,22.0,29,4,69.37,360.5,82.61,71.13,61.5,82.61,77.54,0.76,1,0
david-astbury,2014,ND,KPD,23.0,37,5,69.37,309.5,83.93,75.9,68.29,83.93,78.77,0.67,1,0
david-astbury,2015,ND,KPD,24.0,41,6,68.93,349.5,79.29,70.76,64.91,79.29,73.25,0.58,1,0
david-astbury,2016,ND,KPD,25.0,60,7,68.93,336.8,80.39,73.71,68.19,80.39,74.54,0.52,1,0
david-astbury,2017,ND,KPD,26.0,85,8,68.93,244.4,81.95,78.6,72.06,81.95,76.61,0.46,1,0
david-astbury,2018,ND,KPD,27.0,107,9,67.9,201.3,79.78,75.22,70.45,79.78,74.18,0.4,1,0
david-astbury,2019,ND,KPD,28.0,129,10,66.57,141.6,79.12,72.63,68.45,79.12,72.71,0.4,1,0
joel-houghton,2009,ND,KPF,18.0,0,0,0.0,0.0,90.66,81.37,43.77,90.66,90.66,1.0,1,0
jamie-macmillan,2009,ND,MID,18.0,0,0,83.87,378.0,105.42,91.3,59.01,105.42,105.42,1.0,1,0
jamie-macmillan,2010,ND,MID,19.0,4,1,83.87,430.9,100.35,84.18,58.67,100.35,100.35,1.0,1,0
jamie-macmillan,2011,ND,MID,20.0,13,2,83.87,491.3,99.01,87.85,59.91,99.01,99.01,1.0,1,0
jamie-macmillan,2012,ND,MID,21.0,36,3,83.87,559.5,106.03,96.02,72.33,106.03,101.99,0.88,1,0
jamie-macmillan,2013,ND,MID,22.0,58,4,83.87,619.7,106.76,99.08,83.05,106.76,101.07,0.76,1,0
jamie-macmillan,2014,ND,MID,23.0,64,5,83.87,706.3,97.01,89.86,74.18,97.01,89.47,0.67,1,0
jamie-macmillan,2015,ND,MID,24.0,81,6,83.87,420.2,109.39,104.46,93.99,109.39,103.21,0.599,1,0
jamie-macmillan,2016,ND,MID,25.0,104,7,80.67,346.2,105.27,97.29,84.07,105.27,95.09,0.52,1,0
jamie-macmillan,2017,ND,MID,26.0,117,8,79.97,305.0,101.74,93.2,80.22,101.74,90.12,0.46,1,0
jamie-macmillan,2018,ND,MID,27.0,139,9,77.27,172.4,102.35,89.88,79.43,102.35,88.6,0.4,1,0
jamie-macmillan,2019,ND,MID,28.0,157,10,75.35,8.9,100.84,88.3,79.53,100.84,88.05,0.4,1,0
sam-reid-syd,2009,ND,KPF,18.0,0,0,79.23,696.4,90.66,81.59,41.98,90.66,90.66,1.0,1,0
sam-reid-syd,2010,ND,KPF,19.0,1,1,79.23,735.4,89.07,81.37,54.93,89.07,89.07,1.0,1,0
sam-reid-syd,2011,ND,KPF,20.0,24,2,79.23,821.3,98.37,90.28,72.13,98.37,98.37,1.0,1,0
sam-reid-syd,2012,ND,KPF,21.0,46,3,79.23,920.7,99.28,89.71,73.81,99.28,96.23,0.88,1,0
sam-reid-syd,2013,ND,KPF,22.0,56,4,79.23,1037.4,89.92,81.45,69.53,89.92,85.03,0.76,1,0
sam-reid-syd,2014,ND,KPF,23.0,76,5,79.23,1165.0,84.52,78.13,69.73,84.52,79.64,0.67,1,0
sam-reid-syd,2015,ND,KPF,24.0,98,6,79.23,1130.3,87.69,82.64,73.62,87.69,81.78,0.58,1,0
sam-reid-syd,2016,ND,KPF,25.0,98,7,79.23,1288.5,85.17,78.18,69.62,85.17,77.71,0.52,1,0
sam-reid-syd,2017,ND,KPF,26.0,120,8,79.23,1150.6,88.96,82.97,77.54,88.96,83.16,0.492,1,0
sam-reid-syd,2018,ND,KPF,27.0,121,9,79.23,952.7,87.52,80.88,71.66,87.52,78.68,0.443,1,0
sam-reid-syd,2019,ND,KPF,28.0,143,10,79.23,670.2,90.01,87.44,74.07,90.01,81.97,0.496,1,0
sam-grimley,2009,ND,RUCK,18.0,0,0,65.7,1.0,110.21,95.65,50.64,110.21,110.21,1.0,1,0
sam-grimley,2010,ND,RUCK,19.0,0,1,65.7,1.2,110.21,95.93,64.47,110.21,110.21,1.0,1,0
sam-grimley,2011,ND,RUCK,20.0,0,2,65.7,1.3,108.25,93.83,63.47,108.25,108.25,1.0,1,0
sam-grimley,2012,ND,RUCK,21.0,0,3,65.7,1.5,116.81,96.06,71.62,116.81,111.38,0.88,1,0
sam-grimley,2013,ND,RUCK,22.0,3,4,65.7,0.0,112.48,94.95,71.43,112.48,102.63,0.76,1,0
sam-grimley,2014,ND,RUCK,23.0,3,5,32.0,0.0,108.67,94.37,75.31,108.67,97.66,0.67,1,0
sam-grimley,2015,ND,RUCK,24.0,3,6,32.0,0.0,104.57,93.97,74.44,104.57,91.91,0.58,1,0
sam-grimley,2016,ND,RUCK,25.0,7,7,32.0,0.0,97.17,89.24,60.53,97.17,79.58,0.52,1,0
allen-christensen,2009,ND,SF,18.0,0,0,88.83,1117.2,89.32,84.64,55.02,89.32,89.32,1.0,1,0
allen-christensen,2010,ND,SF,19.0,0,1,88.83,1273.7,89.32,84.62,57.86,89.32,89.32,1.0,1,0
allen-christensen,2011,ND,SF,20.0,19,2,88.83,1448.0,96.31,92.56,73.26,96.31,96.31,1.0,1,0
allen-christensen,2012,ND,SF,21.0,36,3,88.83,1299.2,102.58,96.88,83.25,102.58,100.36,0.885,1,0
allen-christensen,2013,ND,SF,22.0,57,4,88.83,873.8,109.34,104.11,91.74,109.34,106.2,0.821,1,0
allen-christensen,2014,ND,SF,23.0,65,5,83.3,654.3,110.65,103.62,88.81,110.65,105.57,0.767,1,0
allen-christensen,2015,ND,SF,24.0,87,6,76.27,220.4,106.35,101.88,88.14,106.35,100.79,0.695,1,0
allen-christensen,2016,ND,SF,25.0,98,7,70.37,167.0,97.61,94.46,79.78,97.61,89.74,0.558,1,0
allen-christensen,2017,ND,SF,26.0,98,8,70.8,190.3,95.87,90.22,73.79,95.87,84.9,0.503,1,0
allen-christensen,2018,ND,SF,27.0,120,9,70.8,63.5,84.86,80.82,70.49,84.86,76.24,0.4,1,0
allen-christensen,2019,ND,SF,28.0,133,10,68.8,0.0,80.74,76.34,66.44,80.74,72.16,0.4,1,0
ayden-kennedy,2009,ND,SF,18.0,0,0,0.0,0.0,90.31,84.64,55.51,90.31,90.31,1.0,1,0
nathan-vardy,2009,ND,RUCK,18.0,0,0,66.43,107.9,108.1,99.5,51.81,108.1,108.1,1.0,1,0
nathan-vardy,2010,ND,RUCK,19.0,0,1,66.43,123.1,108.1,99.78,65.99,108.1,108.1,1.0,1,0
nathan-vardy,2011,ND,RUCK,20.0,9,2,66.43,140.2,109.63,100.42,68.44,109.63,109.63,1.0,1,0
nathan-vardy,2012,ND,RUCK,21.0,11,3,66.43,159.8,112.46,97.75,66.09,112.46,106.89,0.88,1,0
nathan-vardy,2013,ND,RUCK,22.0,21,4,66.43,177.4,117.16,103.17,79.44,117.16,108.11,0.76,1,0
nathan-vardy,2014,ND,RUCK,23.0,21,5,61.83,202.2,113.17,97.72,73.88,113.17,100.21,0.67,1,0
nathan-vardy,2015,ND,RUCK,24.0,24,6,61.83,15.0,107.46,95.81,72.62,107.46,92.82,0.58,1,0
nathan-vardy,2016,ND,RUCK,25.0,25,7,61.83,8.3,97.18,90.69,66.66,97.18,82.53,0.52,1,0
nathan-vardy,2017,ND,RUCK,26.0,47,8,61.83,4.1,98.29,95.55,73.69,98.29,85.0,0.46,1,0
nathan-vardy,2018,ND,RUCK,27.0,57,9,53.2,2.1,97.92,91.35,71.89,97.92,82.3,0.4,1,0
nathan-vardy,2019,ND,RUCK,28.0,68,10,47.3,0.0,94.91,86.82,62.77,94.91,75.62,0.4,1,0
marcus-davies,2009,ND,SD,18.0,0,0,38.8,0.0,101.34,88.89,61.21,101.34,101.34,1.0,1,0
marcus-davies,2010,ND,SD,19.0,5,1,38.8,0.0,97.11,86.18,63.11,97.11,97.11,1.0,1,0
marcus-davies,2011,ND,SD,20.0,13,2,38.8,0.0,94.14,88.41,57.07,94.14,94.14,1.0,1,0
marcus-davies,2012,ND,SD,21.0,15,3,37.5,0.0,93.31,78.7,50.0,93.31,88.12,0.88,1,0
marcus-davies,2013,ND,SD,22.0,17,4,37.5,0.0,81.36,68.41,45.56,81.36,72.77,0.76,1,0
matthew-dea,2009,ND,SD,18.0,0,0,69.57,29.9,101.34,88.43,61.36,101.34,101.34,1.0,1,0
matthew-dea,2010,ND,SD,19.0,3,1,69.57,34.1,99.16,86.24,62.37,99.16,99.16,1.0,1,0
matthew-dea,2011,ND,SD,20.0,7,2,69.57,38.8,95.73,81.55,59.06,95.73,95.73,1.0,1,0
matthew-dea,2012,ND,SD,21.0,21,3,69.57,44.2,96.29,82.69,61.13,96.29,92.07,0.88,1,0
matthew-dea,2013,ND,SD,22.0,24,4,69.57,50.4,88.0,75.39,55.84,88.0,80.28,0.76,1,0
matthew-dea,2014,ND,SD,23.0,31,5,69.57,57.3,85.97,77.5,60.75,85.97,77.64,0.67,1,0
matthew-dea,2015,ND,SD,24.0,31,6,69.57,65.4,81.75,72.09,56.73,81.75,71.24,0.58,1,0
matthew-dea,2016,ND,SD,25.0,52,7,69.57,17.2,94.28,87.19,75.54,94.28,85.28,0.52,1,0
matthew-dea,2017,ND,SD,26.0,58,8,66.75,0.7,89.84,83.37,72.47,89.84,80.46,0.46,1,0
matthew-dea,2018,ND,SD,27.0,70,9,61.5,0.0,80.51,72.81,63.87,80.51,70.53,0.4,1,0
sam-shaw,2009,ND,SD,18.0,0,0,56.85,42.3,101.34,88.43,61.17,101.34,101.34,1.0,1,0
sam-shaw,2010,ND,SD,19.0,0,1,56.85,48.2,101.34,88.31,62.96,101.34,101.34,1.0,1,0
sam-shaw,2011,ND,SD,20.0,0,2,56.85,54.9,97.55,83.31,59.07,97.55,97.55,1.0,1,0
sam-shaw,2012,ND,SD,21.0,14,3,56.85,3.9,100.92,89.12,68.5,100.92,97.03,0.88,1,0
sam-shaw,2013,ND,SD,22.0,16,4,48.3,0.2,95.6,85.39,65.83,95.6,88.45,0.76,1,0
sam-shaw,2014,ND,SD,23.0,22,5,48.3,0.0,86.16,75.73,57.43,86.16,76.68,0.67,1,0
sam-shaw,2015,ND,SD,24.0,24,6,39.5,0.0,81.66,70.73,53.13,81.66,69.68,0.58,1,0
benjamin-stratton,2009,ND,SD,20.0,0,0,65.73,177.5,96.66,82.5,58.22,96.66,96.66,1.0,1,0
benjamin-stratton,2010,ND,SD,21.0,21,1,65.73,101.2,103.01,92.79,70.92,103.01,99.16,0.88,1,0
benjamin-stratton,2011,ND,SD,22.0,27,2,63.5,100.9,94.34,85.59,65.63,94.34,87.45,0.76,1,0
benjamin-stratton,2012,ND,SD,23.0,52,3,63.23,100.4,90.21,83.88,68.55,90.21,83.06,0.67,1,0
benjamin-stratton,2013,ND,SD,24.0,77,4,63.07,46.8,85.81,80.07,69.94,85.81,79.14,0.58,1,0
benjamin-stratton,2014,ND,SD,25.0,92,5,60.9,19.2,85.42,77.97,71.02,85.42,78.51,0.52,1,0
benjamin-stratton,2015,ND,SD,26.0,117,6,58.47,20.7,77.12,69.86,56.25,77.12,65.85,0.46,1,0
benjamin-stratton,2016,ND,SD,27.0,138,7,58.47,12.6,75.83,69.74,60.22,75.83,66.46,0.4,1,0
benjamin-stratton,2017,ND,SD,28.0,146,8,53.13,11.1,75.13,68.4,57.86,75.13,64.77,0.4,1,0
benjamin-stratton,2018,ND,SD,29.0,169,9,47.67,0.1,74.53,65.27,56.38,74.53,63.64,0.4,1,0
benjamin-stratton,2019,ND,SD,30.0,188,10,41.55,0.0,65.4,55.15,46.76,65.4,54.22,0.4,1,0
ryan-harwood,2009,ND,SD,18.0,0,0,70.6,123.5,101.34,87.28,58.52,101.34,101.34,1.0,1,0
ryan-harwood,2010,ND,SD,19.0,6,1,70.6,140.5,107.25,91.73,66.51,107.25,107.25,1.0,1,0
ryan-harwood,2011,ND,SD,20.0,13,2,70.6,160.2,99.77,86.52,66.27,99.77,99.77,1.0,1,0
ryan-harwood,2012,ND,SD,21.0,29,3,70.6,182.2,102.84,91.95,71.43,102.84,99.07,0.88,1,0
ryan-harwood,2013,ND,SD,22.0,42,4,70.0,201.3,97.24,90.14,73.41,97.24,91.52,0.76,1,0
ryan-harwood,2014,ND,SD,23.0,56,5,64.07,0.4,105.79,100.2,83.72,105.79,98.51,0.67,1,0
ryan-harwood,2015,ND,SD,24.0,59,6,54.5,0.3,97.32,91.26,77.84,97.32,89.14,0.58,1,0
ryan-harwood,2016,ND,SD,25.0,72,7,54.5,0.0,83.3,74.63,63.28,83.3,73.69,0.52,1,0
ryan-harwood,2017,ND,SD,26.0,81,8,49.9,0.0,74.99,66.91,54.61,74.99,63.99,0.46,1,0
jesse-crichton,2009,ND,MID,18.0,0,0,0.0,0.0,106.32,86.53,55.84,106.32,106.32,1.0,1,0
dylan-roberton,2009,ND,SD,18.0,0,0,86.53,433.8,101.28,83.94,57.25,101.28,101.28,1.0,1,0
dylan-roberton,2010,ND,SD,19.0,13,1,86.53,493.2,107.42,94.4,76.6,107.42,107.42,1.0,1,0
dylan-roberton,2011,ND,SD,20.0,27,2,86.53,562.3,98.48,88.37,66.47,98.48,98.48,1.0,1,0
dylan-roberton,2012,ND,SD,21.0,37,3,86.53,641.0,96.72,85.45,64.09,96.72,92.8,0.88,1,0
dylan-roberton,2013,ND,SD,22.0,57,4,86.53,676.1,101.97,93.03,78.38,101.97,96.31,0.76,1,0
dylan-roberton,2014,ND,SD,23.0,64,5,86.53,770.8,90.37,83.07,68.06,90.37,83.01,0.67,1,0
dylan-roberton,2015,ND,SD,24.0,84,6,86.53,446.1,105.97,104.75,92.05,105.97,100.51,0.608,1,0
dylan-roberton,2016,ND,SD,25.0,102,7,84.5,432.9,102.34,97.74,85.39,102.34,94.2,0.52,1,0
dylan-roberton,2017,ND,SD,26.0,124,8,92.6,4.6,105.15,103.28,95.1,105.15,100.53,0.54,1,0
dylan-roberton,2018,ND,SD,27.0,128,9,68.5,0.0,100.46,96.62,83.03,100.46,90.77,0.444,1,0
dylan-roberton,2019,ND,SD,28.0,128,10,26.0,0.0,98.75,94.97,79.43,98.75,88.02,0.444,1,0
jack-fitzpatrick,2009,ND,RUCK,18.0,0,0,64.5,8.1,109.43,93.26,49.71,109.43,109.43,1.0,1,0
jack-fitzpatrick,2010,ND,RUCK,19.0,0,1,64.5,9.3,109.43,96.33,66.17,109.43,109.43,1.0,1,0
jack-fitzpatrick,2011,ND,RUCK,20.0,1,2,64.5,10.6,107.91,95.91,65.4,107.91,107.91,1.0,1,0
jack-fitzpatrick,2012,ND,RUCK,21.0,3,3,64.5,12.1,111.52,94.12,68.98,111.52,106.42,0.88,1,0
jack-fitzpatrick,2013,ND,RUCK,22.0,14,4,64.5,11.6,112.71,96.68,76.53,112.71,104.03,0.76,1,0
jack-fitzpatrick,2014,ND,RUCK,23.0,19,5,73.0,12.6,112.26,93.04,72.73,112.26,99.21,0.67,1,0
jack-fitzpatrick,2015,ND,RUCK,24.0,22,6,73.0,12.4,106.23,91.61,67.23,106.23,89.85,0.58,1,0
jack-fitzpatrick,2016,ND,RUCK,25.0,25,7,73.0,8.5,100.49,90.7,67.34,100.49,84.58,0.52,1,0
jack-fitzpatrick,2017,ND,RUCK,26.0,26,8,73.0,0.0,94.19,86.27,68.98,94.19,80.57,0.46,1,0
troy-taylor,2009,ND,SF,18.0,0,0,42.2,0.0,90.25,78.35,50.68,90.25,90.25,1.0,1,0
troy-taylor,2010,ND,SF,19.0,4,1,42.2,0.0,88.58,75.68,56.72,88.58,88.58,1.0,1,0
justin-bollenhagen,2009,ND,RUCK,18.0,0,0,38.7,0.0,109.43,89.9,44.61,109.43,109.43,1.0,1,0
justin-bollenhagen,2010,ND,RUCK,19.0,3,1,38.7,0.0,110.22,92.48,63.67,110.22,110.22,1.0,1,0
justin-bollenhagen,2011,ND,RUCK,20.0,4,2,10.0,0.0,108.87,91.63,62.6,108.87,108.87,1.0,1,0
brayden-norris,2009,ND,KPD,18.0,0,0,0.0,0.0,95.01,83.61,57.2,95.01,95.01,1.0,1,0
byron-sumner,2009,ND,SF,18.0,0,0,44.0,0.0,91.89,79.34,50.83,91.89,91.89,1.0,1,0
byron-sumner,2010,ND,SF,19.0,0,1,44.0,0.0,91.89,81.85,55.47,91.89,91.89,1.0,1,0
byron-sumner,2011,ND,SF,20.0,1,2,44.0,0.0,90.63,79.16,54.71,90.63,90.63,1.0,1,0
trent-dennis-lane,2009,ND,SF,21.0,0,0,52.37,30.1,85.74,67.75,50.86,85.74,81.56,0.88,1,0
trent-dennis-lane,2010,ND,SF,22.0,8,1,52.37,0.3,82.86,74.28,52.67,82.86,75.61,0.76,1,0
trent-dennis-lane,2011,ND,SF,23.0,11,2,45.45,0.3,78.63,69.75,50.97,78.63,69.5,0.67,1,0
trent-dennis-lane,2012,ND,SF,24.0,19,3,45.45,0.4,74.02,62.6,48.06,74.02,63.12,0.58,1,0
trent-dennis-lane,2013,ND,SF,25.0,28,4,52.0,0.0,70.53,61.72,51.11,70.53,61.21,0.52,1,0
trent-dennis-lane,2014,ND,SF,26.0,29,5,27.0,0.0,66.12,57.62,44.58,66.12,54.48,0.46,1,0
josh-cowan,2009,ND,SD,18.0,0,0,65.7,1.3,99.62,83.3,48.95,99.62,99.62,1.0,1,0
josh-cowan,2010,ND,SD,19.0,0,1,65.7,1.5,99.62,85.82,57.48,99.62,99.62,1.0,1,0
josh-cowan,2011,ND,SD,20.0,3,2,65.7,1.7,96.86,83.26,56.03,96.86,96.86,1.0,1,0
josh-cowan,2012,ND,SD,21.0,3,3,65.7,1.9,97.1,79.27,55.46,97.1,92.11,0.88,1,0
josh-cowan,2013,ND,SD,22.0,3,4,65.7,2.2,87.14,75.55,54.89,87.14,79.4,0.76,1,0
josh-cowan,2014,ND,SD,23.0,3,5,65.7,2.5,82.8,71.98,55.41,82.8,73.77,0.67,1,0
josh-cowan,2015,ND,SD,24.0,5,6,65.7,2.8,78.43,69.68,51.69,78.43,67.2,0.58,1,0
josh-cowan,2016,ND,SD,25.0,14,7,65.7,0.0,83.24,71.96,58.23,83.24,71.23,0.52,1,0
josh-cowan,2017,ND,SD,26.0,16,8,51.0,0.0,73.26,66.73,51.53,73.26,61.52,0.46,1,0
jordan-williams,2009,ND,SD,18.0,0,0,0.0,0.0,98.96,81.57,45.0,98.96,98.96,1.0,1,0
rohan-kerr,2009,ND,SD,18.0,0,0,0.0,0.0,98.96,82.84,46.4,98.96,98.96,1.0,1,0
james-craig,2009,ND,RUCK,18.0,0,0,0.0,0.0,109.42,87.01,31.3,109.42,109.42,1.0,1,0
ben-sinclair,2009,ND,SD,18.0,0,0,58.73,2.2,98.69,81.69,45.04,98.69,98.69,1.0,1,0
ben-sinclair,2010,ND,SD,19.0,0,1,58.73,2.5,98.69,84.95,57.04,98.69,98.69,1.0,1,0
ben-sinclair,2011,ND,SD,20.0,4,2,58.73,2.8,95.53,80.19,55.31,95.53,95.53,1.0,1,0
ben-sinclair,2012,ND,SD,21.0,24,3,58.73,3.2,97.83,82.39,60.87,97.83,93.39,0.88,1,0
ben-sinclair,2013,ND,SD,22.0,39,4,58.73,2.3,88.17,79.68,60.12,88.17,81.43,0.76,1,0
ben-sinclair,2014,ND,SD,23.0,44,5,60.3,1.9,85.48,78.94,62.33,85.48,77.84,0.67,1,0
ben-sinclair,2015,ND,SD,24.0,50,6,60.3,2.1,80.25,76.13,60.77,80.25,72.07,0.58,1,0
ben-sinclair,2016,ND,SD,25.0,63,7,64.6,0.0,82.66,75.14,63.08,82.66,73.26,0.52,1,0
jeromey-webberley,2009,ND,MID,21.0,0,0,58.3,0.3,96.0,75.35,47.12,96.0,90.13,0.88,1,0
jeromey-webberley,2010,ND,MID,22.0,10,1,58.3,0.0,88.11,72.49,41.39,88.11,76.9,0.76,1,0
jeromey-webberley,2011,ND,MID,23.0,15,2,21.2,0.0,78.18,65.78,36.71,78.18,64.49,0.67,1,0
jeromey-webberley,2012,ND,MID,24.0,16,3,20.0,0.0,75.47,65.74,34.07,75.47,58.08,0.58,1,0
taylor-duryea,2009,ND,SD,18.0,0,0,75.63,138.8,96.11,81.65,40.67,96.11,96.11,1.0,1,0
taylor-duryea,2010,ND,SD,19.0,0,1,75.63,158.3,96.11,85.02,56.83,96.11,96.11,1.0,1,0
taylor-duryea,2011,ND,SD,20.0,0,2,75.63,180.4,91.59,79.92,54.93,91.59,91.59,1.0,1,0
taylor-duryea,2012,ND,SD,21.0,0,3,75.63,205.7,93.93,78.66,57.53,93.93,89.56,0.88,1,0
taylor-duryea,2013,ND,SD,22.0,18,4,75.63,234.4,87.1,82.4,61.39,87.1,80.93,0.76,1,0
taylor-duryea,2014,ND,SD,23.0,41,5,75.63,266.5,87.29,83.46,65.47,87.29,80.09,0.67,1,0
taylor-duryea,2015,ND,SD,24.0,63,6,75.63,242.2,90.44,90.74,76.5,90.74,84.76,0.58,1,0
taylor-duryea,2016,ND,SD,25.0,86,7,73.93,261.0,88.37,86.08,73.81,88.37,81.38,0.52,1,0
taylor-duryea,2017,ND,SD,26.0,101,8,71.97,295.3,80.75,80.29,70.52,80.75,75.23,0.46,1,0
taylor-duryea,2018,ND,SD,27.0,118,9,70.97,327.1,74.0,71.18,63.45,74.0,67.67,0.4,1,0
taylor-duryea,2019,ND,SD,28.0,132,10,70.57,257.5,83.04,80.54,72.77,83.04,76.88,0.4,1,0
ben-nason,2009,ND,SF,20.0,0,0,49.8,0.0,83.43,67.67,52.39,83.43,83.43,1.0,1,0
ben-nason,2010,ND,SF,21.0,19,1,49.8,0.0,81.74,68.86,54.8,81.74,78.5,0.88,1,0
ben-nason,2011,ND,SF,22.0,23,2,40.0,0.0,75.66,63.88,53.55,75.66,70.36,0.76,1,0
jesse-o-brien,2009,ND,MID,18.0,0,0,47.0,0.1,103.33,83.59,39.84,103.33,103.33,1.0,1,0
jesse-o-brien,2010,ND,MID,19.0,1,1,47.0,0.1,100.28,87.66,57.23,100.28,100.28,1.0,1,0
jesse-o-brien,2011,ND,MID,20.0,13,2,47.0,0.0,99.91,84.31,58.72,99.91,99.91,1.0,1,0
jesse-o-brien,2012,ND,MID,21.0,15,3,56.0,0.0,98.09,79.63,49.28,98.09,92.24,0.88,1,0
jesse-o-brien,2013,ND,MID,22.0,17,4,56.0,0.0,89.3,77.21,45.08,89.3,78.68,0.76,1,0
josh-thomas,2009,ND,SF,18.0,0,0,74.9,128.1,88.24,78.57,39.69,88.24,88.24,1.0,1,0
josh-thomas,2010,ND,SF,19.0,0,1,74.9,146.0,88.24,80.42,53.48,88.24,88.24,1.0,1,0
josh-thomas,2011,ND,SF,20.0,0,2,74.9,166.4,86.72,75.48,53.29,86.72,86.72,1.0,1,0
josh-thomas,2012,ND,SF,21.0,0,3,74.9,189.7,92.71,77.53,55.8,92.71,88.28,0.88,1,0
josh-thomas,2013,ND,SF,22.0,19,4,74.9,153.2,97.55,91.74,78.34,97.55,93.08,0.767,1,0
josh-thomas,2014,ND,SF,23.0,32,5,70.77,161.7,93.87,88.99,74.13,93.87,87.35,0.67,1,0
josh-thomas,2015,ND,SF,24.0,32,6,68.0,184.4,89.34,82.87,72.37,89.34,82.21,0.58,1,0
josh-thomas,2016,ND,SF,25.0,32,7,68.0,210.2,86.62,78.5,67.75,86.62,77.56,0.52,1,0
josh-thomas,2017,ND,SF,26.0,41,8,68.0,213.7,76.93,70.12,61.16,76.93,68.42,0.46,1,0
josh-thomas,2018,ND,SF,27.0,67,9,66.03,19.9,85.86,80.17,69.74,85.86,76.19,0.4,1,0
josh-thomas,2019,ND,SF,28.0,89,10,59.97,5.6,78.05,73.01,63.95,78.05,69.59,0.4,1,0
shane-thorne,2009,ND,MID,22.0,0,0,0.0,0.0,91.67,78.06,49.36,91.67,81.51,0.76,1,0
will-johnson,2009,ND,SF,20.0,0,0,14.0,0.0,91.52,80.26,57.28,91.52,91.52,1.0,1,0
will-johnson,2010,ND,SF,21.0,0,1,14.0,0.0,89.88,75.0,55.43,89.88,85.74,0.88,1,0
will-johnson,2011,ND,SF,22.0,1,2,14.0,0.0,80.05,70.65,53.92,80.05,73.78,0.76,1,0
bryce-retzlaff,2009,ND,KPF,18.0,0,0,37.6,0.0,105.48,97.39,61.85,105.48,105.48,1.0,1,0
bryce-retzlaff,2010,ND,KPF,19.0,0,1,37.6,0.0,105.48,97.35,76.94,105.48,105.48,1.0,1,0
bryce-retzlaff,2011,ND,KPF,20.0,11,2,37.6,0.0,94.19,85.47,61.14,94.19,94.19,1.0,1,0
dylan-grimes,2009,RD,SD,18.0,0,0,74.53,404.4,108.91,98.01,61.68,108.91,108.91,1.0,1,0
dylan-grimes,2010,RD,SD,19.0,1,1,74.53,461.1,108.59,97.98,72.93,108.59,108.59,1.0,1,0
dylan-grimes,2011,RD,SD,20.0,8,2,74.53,501.4,101.23,90.65,66.23,101.23,101.23,1.0,1,0
dylan-grimes,2012,RD,SD,21.0,17,3,74.53,235.5,106.05,96.87,79.03,106.05,102.81,0.88,1,0
dylan-grimes,2013,RD,SD,22.0,26,4,71.8,268.3,94.14,84.53,64.87,94.14,87.11,0.76,1,0
dylan-grimes,2014,RD,SD,23.0,45,5,71.8,305.7,85.88,77.7,60.03,85.88,77.35,0.67,1,0
dylan-grimes,2015,RD,SD,24.0,63,6,71.8,347.6,78.5,75.49,56.98,78.5,69.46,0.58,1,0
dylan-grimes,2016,RD,SD,25.0,79,7,71.8,379.2,78.93,74.65,61.48,78.93,70.56,0.52,1,0
dylan-grimes,2017,RD,SD,26.0,104,8,71.8,430.5,74.34,67.78,52.71,74.34,62.66,0.46,1,0
dylan-grimes,2018,RD,SD,27.0,127,9,71.8,457.5,75.76,70.53,60.58,75.76,66.65,0.4,1,0
dylan-grimes,2019,RD,SD,28.0,151,10,71.8,268.7,83.2,77.03,68.05,83.2,74.11,0.4,1,0
ryan-neates,2009,RD,KPD,18.0,0,0,18.0,0.0,103.09,97.89,65.17,103.09,103.09,1.0,1,0
ryan-neates,2010,RD,KPD,19.0,0,1,18.0,0.0,103.09,97.58,79.88,103.09,103.09,1.0,1,0
ryan-neates,2011,RD,KPD,20.0,0,2,18.0,0.0,97.65,90.86,74.34,97.65,97.65,1.0,1,0
ryan-neates,2012,RD,KPD,21.0,1,3,18.0,0.0,93.74,83.95,66.11,93.74,90.43,0.88,1,0
kyle-hardingham,2009,RD,SD,21.0,0,0,67.3,162.2,100.4,85.93,66.31,100.4,96.31,0.88,1,0
kyle-hardingham,2010,RD,SD,22.0,6,1,67.3,184.9,90.5,79.42,59.24,90.5,83.0,0.76,1,0
kyle-hardingham,2011,RD,SD,23.0,28,2,67.3,2.7,98.22,92.55,73.55,98.22,90.07,0.67,1,0
kyle-hardingham,2012,RD,SD,24.0,49,3,57.67,1.0,90.48,86.71,73.81,90.48,83.48,0.58,1,0
kyle-hardingham,2013,RD,SD,25.0,57,4,54.45,0.0,86.49,78.84,67.45,86.49,77.35,0.52,1,0
kyle-hardingham,2014,RD,SD,26.0,65,5,46.1,0.0,75.44,70.47,56.97,75.44,65.47,0.46,1,0
robert-hicks,2009,RD,SD,18.0,0,0,45.3,0.0,108.91,98.01,61.68,108.91,108.91,1.0,1,0
robert-hicks,2010,RD,SD,19.0,3,1,45.3,0.0,104.61,93.98,70.0,104.61,104.61,1.0,1,0
michael-barlow,2009,RD,MID,22.0,0,0,111.63,3365.2,91.67,78.06,49.36,91.67,81.51,0.76,1,0
michael-barlow,2010,RD,MID,23.0,13,1,111.63,2557.0,122.08,110.0,92.92,122.08,115.34,0.769,1,0
michael-barlow,2011,RD,MID,24.0,22,2,105.63,2729.7,108.65,98.65,81.25,108.65,98.25,0.62,1,0
michael-barlow,2012,RD,MID,25.0,46,3,105.63,2600.5,115.27,106.31,93.37,115.27,107.4,0.64,1,0
michael-barlow,2013,RD,MID,26.0,70,4,105.63,2030.3,119.46,112.21,103.04,119.46,115.16,0.738,1,0
michael-barlow,2014,RD,MID,27.0,89,5,100.13,1359.2,121.3,116.58,109.83,121.3,118.34,0.742,1,0
michael-barlow,2015,RD,MID,28.0,113,6,91.63,1108.4,110.13,104.48,98.13,110.13,104.86,0.561,1,0
michael-barlow,2016,RD,MID,29.0,126,7,91.1,413.5,109.43,107.39,98.87,109.43,105.0,0.581,1,0
michael-barlow,2017,RD,MID,30.0,138,8,84.2,263.3,101.36,94.11,86.1,101.36,93.0,0.453,1,0
michael-barlow,2018,RD,MID,31.0,141,9,87.3,0.0,100.9,92.65,83.69,100.9,91.44,0.45,1,0
majak-daw,2009,RD,KPF,18.0,0,0,71.13,230.9,105.48,97.39,61.85,105.48,105.48,1.0,1,0
majak-daw,2010,RD,KPF,19.0,0,1,71.13,263.2,105.48,97.35,76.94,105.48,105.48,1.0,1,0
majak-daw,2011,RD,KPF,20.0,0,2,71.13,300.1,99.57,90.39,71.26,99.57,99.57,1.0,1,0
majak-daw,2012,RD,KPF,21.0,0,3,71.13,342.1,97.44,85.05,66.34,97.44,93.71,0.88,1,0
majak-daw,2013,RD,KPF,22.0,6,4,71.13,389.9,86.83,77.54,57.27,86.83,79.74,0.76,1,0
majak-daw,2014,RD,KPF,23.0,14,5,71.13,442.8,83.68,72.34,57.76,83.68,75.13,0.67,1,0
majak-daw,2015,RD,KPF,24.0,16,6,71.13,473.9,78.43,71.3,58.25,78.43,69.96,0.58,1,0
majak-daw,2016,RD,KPF,25.0,25,7,71.13,385.6,82.99,73.72,63.53,82.99,73.65,0.52,1,0
majak-daw,2017,RD,KPF,26.0,32,8,72.15,358.1,79.09,73.23,64.04,79.09,70.96,0.46,1,0
majak-daw,2018,RD,KPF,27.0,50,9,78.2,0.9,91.74,83.71,71.36,91.74,80.28,0.438,1,0
majak-daw,2019,RD,KPF,28.0,50,10,54.0,1.0,86.37,82.06,66.56,86.37,75.23,0.438,1,0
lewis-broome,2009,RD,MID,18.0,0,0,0.0,0.0,112.82,94.9,52.22,112.82,112.82,1.0,1,0
cameron-hitchcock,2009,RD,SF,19.0,0,0,48.7,0.2,97.91,85.19,61.5,97.91,97.91,1.0,1,0
cameron-hitchcock,2010,RD,SF,20.0,17,1,48.7,0.1,87.3,76.56,58.79,87.3,87.3,1.0,1,0
cameron-hitchcock,2011,RD,SF,21.0,30,2,47.8,0.0,85.47,75.72,57.82,85.47,82.15,0.88,1,0
cameron-hitchcock,2012,RD,SF,22.0,32,3,31.0,0.0,73.33,66.53,47.8,73.33,67.21,0.76,1,0
cameron-hitchcock,2013,RD,SF,23.0,35,4,31.0,0.0,70.35,61.99,47.02,70.35,62.65,0.67,1,0
wayde-skipper,2009,RD,RUCK,26.0,0,0,64.4,1.8,89.8,84.79,58.39,89.8,72.84,0.46,1,0
wayde-skipper,2010,RD,RUCK,27.0,14,1,64.4,0.0,94.23,85.85,58.52,94.23,72.8,0.4,1,0
taite-silverlock,2009,RD,KPD,18.0,0,0,0.0,0.0,103.09,97.89,65.17,103.09,103.09,1.0,1,0
jaryd-cachia,2009,RD,MID,18.0,0,0,61.4,0.3,112.82,94.9,52.22,112.82,112.82,1.0,1,0
jaryd-cachia,2010,RD,MID,19.0,0,1,61.4,0.3,112.82,94.86,66.85,112.82,112.82,1.0,1,0
jaryd-cachia,2011,RD,MID,20.0,0,2,61.4,0.3,103.9,91.12,61.06,103.9,103.9,1.0,1,0
jaryd-cachia,2012,RD,MID,21.0,0,3,61.4,0.4,105.0,90.59,64.4,105.0,100.13,0.88,1,0
jaryd-cachia,2013,RD,MID,22.0,14,4,61.4,0.0,101.54,90.49,61.72,101.54,91.98,0.76,1,0
mitchell-golby,2009,RD,SD,18.0,0,0,69.73,76.2,108.91,98.01,61.68,108.91,108.91,1.0,1,0
mitchell-golby,2010,RD,SD,19.0,0,1,69.73,86.8,108.91,97.97,76.77,108.91,108.91,1.0,1,0
mitchell-golby,2011,RD,SD,20.0,8,2,69.73,98.9,100.95,89.85,64.67,100.95,100.95,1.0,1,0
mitchell-golby,2012,RD,SD,21.0,21,3,69.73,43.6,106.18,98.36,80.67,106.18,103.12,0.88,1,0
mitchell-golby,2013,RD,SD,22.0,39,4,66.6,0.3,105.75,99.36,86.42,105.75,101.11,0.76,1,0
mitchell-golby,2014,RD,SD,23.0,51,5,58.6,0.0,94.21,87.56,71.33,94.21,86.66,0.67,1,0
mitchell-golby,2015,RD,SD,24.0,56,6,49.4,0.0,87.47,79.46,64.43,87.47,77.8,0.58,1,0
luke-thompson,2009,RD,KPD,18.0,0,0,58.85,39.8,103.09,97.89,65.17,103.09,103.09,1.0,1,0
luke-thompson,2010,RD,KPD,19.0,0,1,58.85,45.3,103.09,97.58,79.88,103.09,103.09,1.0,1,0
luke-thompson,2011,RD,KPD,20.0,11,2,58.85,2.3,99.88,93.54,78.97,99.88,99.88,1.0,1,0
luke-thompson,2012,RD,KPD,21.0,14,3,53.0,0.8,97.38,86.35,67.91,97.38,93.85,0.88,1,0
luke-thompson,2013,RD,KPD,22.0,14,4,53.0,0.9,85.66,79.3,59.82,85.66,79.46,0.76,1,0
luke-thompson,2014,RD,KPD,23.0,20,5,53.0,0.0,82.97,71.24,59.98,82.97,75.38,0.67,1,0
thomas-hunter,2009,RD,SF,18.0,0,0,0.0,0.0,97.91,83.99,50.25,97.91,97.91,1.0,1,0
mark-hutchings,2009,RD,MID,18.0,0,0,79.53,296.6,112.82,94.9,52.22,112.82,112.82,1.0,1,0
mark-hutchings,2010,RD,MID,19.0,0,1,79.53,338.1,112.82,94.86,66.85,112.82,112.82,1.0,1,0
mark-hutchings,2011,RD,MID,20.0,0,2,79.53,385.5,103.9,91.12,61.06,103.9,103.9,1.0,1,0
mark-hutchings,2012,RD,MID,21.0,0,3,79.53,439.4,105.0,90.59,64.4,105.0,100.13,0.88,1,0
mark-hutchings,2013,RD,MID,22.0,9,4,79.53,156.9,113.36,99.79,77.77,113.36,104.82,0.76,1,0
mark-hutchings,2014,RD,MID,23.0,25,5,73.67,157.8,109.39,98.86,77.9,109.39,99.0,0.67,1,0
mark-hutchings,2015,RD,MID,24.0,38,6,70.83,141.9,105.42,95.89,76.98,105.42,93.47,0.58,1,0
mark-hutchings,2016,RD,MID,25.0,56,7,62.57,19.9,98.1,89.5,76.51,98.1,87.74,0.52,1,0
mark-hutchings,2017,RD,MID,26.0,75,8,54.6,22.6,77.2,74.15,55.77,77.2,65.63,0.46,1,0
mark-hutchings,2018,RD,MID,27.0,95,9,56.6,0.0,78.84,72.41,60.65,78.84,67.93,0.4,1,0
mark-hutchings,2019,RD,MID,28.0,113,10,48.4,0.0,75.43,69.28,51.61,75.43,61.14,0.4,1,0
jack-weston,2009,RD,SF,18.0,0,0,0.0,0.0,97.91,83.99,50.25,97.91,97.91,1.0,1,0
pat-contin,2009,RD,KPF,18.0,0,0,0.0,0.0,105.48,97.39,61.85,105.48,105.48,1.0,1,0
alex-silvagni,2009,RD,SD,22.0,0,0,67.67,260.7,92.12,80.19,62.89,92.12,85.1,0.76,1,0
alex-silvagni,2010,RD,SD,23.0,15,1,67.67,286.1,89.7,78.25,61.38,89.7,80.35,0.67,1,0
alex-silvagni,2011,RD,SD,24.0,24,2,66.27,45.1,91.56,86.05,68.22,91.56,81.76,0.58,1,0
alex-silvagni,2012,RD,SD,25.0,29,3,58.87,50.1,84.81,74.99,62.95,84.81,74.32,0.52,1,0
alex-silvagni,2013,RD,SD,26.0,39,4,58.87,55.4,76.39,71.63,59.67,76.39,67.36,0.46,1,0
alex-silvagni,2014,RD,SD,27.0,46,5,61.5,60.8,73.47,69.07,54.46,73.47,62.06,0.4,1,0
alex-silvagni,2015,RD,SD,28.0,48,6,67.7,69.3,71.87,61.07,43.72,71.87,54.98,0.4,1,0
alex-silvagni,2016,RD,SD,29.0,53,7,67.7,71.4,74.22,63.73,51.41,74.22,60.54,0.4,1,0
alex-silvagni,2017,RD,SD,30.0,60,8,67.7,0.0,79.1,67.39,56.48,79.1,65.53,0.4,1,0
matthew-scott,2009,RD,MID,18.0,0,0,0.0,0.0,112.82,94.9,52.22,112.82,112.82,1.0,1,0
andrew-strijk,2009,RD,SD,22.0,0,0,65.2,2.5,92.12,80.19,62.89,92.12,85.1,0.76,1,0
andrew-strijk,2010,RD,SD,23.0,10,1,65.2,0.0,88.54,77.82,60.87,88.54,79.41,0.67,1,0
andrew-strijk,2011,RD,SD,24.0,11,2,20.0,0.0,83.0,74.1,56.04,83.0,71.67,0.58,1,0
andrew-strijk,2012,RD,SD,25.0,13,3,18.0,0.0,76.22,69.12,49.4,76.22,63.35,0.52,1,0
daniel-webb,2009,RD,RUCK,20.0,0,0,0.0,0.0,110.94,99.7,72.41,110.94,110.94,1.0,1,0
jarrod-kayler-thomson,2009,RD,MID,24.0,0,0,0.0,0.0,79.95,70.81,45.76,79.95,65.59,0.58,1,0
ben-howlett,2009,RD,MID,21.0,0,0,80.63,476.6,101.41,83.1,53.03,101.41,95.61,0.88,1,0
ben-howlett,2010,RD,MID,22.0,15,1,80.63,511.9,106.63,94.69,69.61,106.63,97.74,0.76,1,0
ben-howlett,2011,RD,MID,23.0,38,2,80.63,441.7,111.1,102.01,83.06,111.1,101.85,0.67,1,0
ben-howlett,2012,RD,MID,24.0,57,3,78.33,310.7,109.93,102.8,86.66,109.93,100.16,0.58,1,0
ben-howlett,2013,RD,MID,25.0,76,4,74.57,323.7,106.67,100.62,83.1,106.67,95.36,0.52,1,0
ben-howlett,2014,RD,MID,26.0,97,5,69.57,227.1,99.83,91.94,80.18,99.83,89.22,0.46,1,0
ben-howlett,2015,RD,MID,27.0,117,6,68.2,3.3,101.94,92.12,80.51,101.94,89.08,0.4,1,0
ben-howlett,2016,RD,MID,28.0,117,7,59.6,3.8,97.26,89.5,75.84,97.26,84.41,0.4,1,0
ben-howlett,2017,RD,MID,29.0,124,8,59.6,0.0,78.37,68.83,57.21,78.37,65.67,0.4,1,0
joe-dare,2009,RD,KPD,18.0,0,0,0.0,0.0,103.09,97.89,65.17,103.09,103.09,1.0,1,0
josh-dyson,2009,RD,SD,18.0,0,0,30.0,0.0,108.91,98.01,61.68,108.91,108.91,1.0,1,0
josh-dyson,2010,RD,SD,19.0,0,1,30.0,0.0,108.91,97.97,76.77,108.91,108.91,1.0,1,0
josh-dyson,2011,RD,SD,20.0,1,2,30.0,0.0,102.22,92.07,67.44,102.22,102.22,1.0,1,0
matthew-wright,2009,RD,SF,20.0,0,0,84.17,912.1,91.52,80.26,57.28,91.52,91.52,1.0,1,0
matthew-wright,2010,RD,SF,21.0,0,1,84.17,1039.9,89.88,75.0,55.43,89.88,85.74,0.88,1,0
matthew-wright,2011,RD,SF,22.0,19,2,84.17,1180.4,90.96,83.47,68.95,90.96,85.68,0.76,1,0
matthew-wright,2012,RD,SF,23.0,41,3,84.17,783.6,109.2,96.67,81.74,109.2,101.93,0.735,1,0
matthew-wright,2013,RD,SF,24.0,58,4,80.27,773.6,94.73,89.21,77.11,94.73,87.51,0.59,1,0
matthew-wright,2014,RD,SF,25.0,78,5,80.27,547.0,99.6,94.42,80.65,99.6,91.27,0.56,1,0
matthew-wright,2015,RD,SF,26.0,94,6,75.23,622.6,74.41,72.35,65.17,74.41,69.42,0.46,1,0
matthew-wright,2016,RD,SF,27.0,116,7,75.23,226.6,95.42,91.64,80.76,95.42,87.48,0.458,1,0
matthew-wright,2017,RD,SF,28.0,138,8,70.35,21.4,90.3,87.79,76.69,90.3,82.55,0.43,1,0
matthew-wright,2018,RD,SF,29.0,159,9,64.6,0.0,77.87,71.41,63.57,77.87,69.29,0.4,1,0
jack-carter,2009,RD,SD,18.0,0,0,0.0,0.0,108.91,98.01,61.68,108.91,108.91,1.0,1,0
andrew-hooper,2009,RD,SF,18.0,0,0,47.8,0.0,97.91,83.99,50.25,97.91,97.91,1.0,1,0
andrew-hooper,2010,RD,SF,19.0,0,1,47.8,0.0,97.91,85.19,61.5,97.91,97.91,1.0,1,0
andrew-hooper,2011,RD,SF,20.0,5,2,47.8,0.0,92.22,81.31,55.88,92.22,92.22,1.0,1,0
andrew-hooper,2012,RD,SF,21.0,6,3,40.0,0.0,92.48,79.69,56.17,92.48,88.13,0.88,1,0
daniel-archer,2009,RD,MID,18.0,0,0,52.0,0.4,112.82,94.9,52.22,112.82,112.82,1.0,1,0
daniel-archer,2010,RD,MID,19.0,0,1,52.0,0.5,112.82,94.86,66.85,112.82,112.82,1.0,1,0
daniel-archer,2011,RD,MID,20.0,1,2,52.0,0.0,103.9,91.85,60.44,103.9,103.9,1.0,1,0
ben-johnson,2009,RD,MID,22.0,0,0,72.4,133.3,91.67,78.06,49.36,91.67,81.51,0.76,1,0
ben-johnson,2010,RD,MID,23.0,23,1,72.4,85.8,102.16,96.27,70.32,102.16,91.66,0.67,1,0
ben-johnson,2011,RD,MID,24.0,39,2,69.8,0.6,104.93,95.72,77.41,104.93,93.37,0.58,1,0
ben-johnson,2012,RD,MID,25.0,47,3,60.2,0.4,93.16,84.86,65.91,93.16,80.08,0.52,1,0
ben-johnson,2013,RD,MID,26.0,50,4,63.0,0.0,85.67,80.3,62.47,85.67,73.14,0.46,1,0
relton-roberts,2009,RD,SF,23.0,0,0,14.0,0.0,76.67,66.8,52.97,76.67,68.85,0.67,1,0
relton-roberts,2010,RD,SF,24.0,2,1,14.0,0.0,69.48,63.85,46.57,69.48,59.86,0.58,1,0
ashton-hams,2009,RD,SF,23.0,0,0,63.53,32.4,76.67,66.8,52.97,76.67,68.85,0.67,1,0
ashton-hams,2010,RD,SF,24.0,11,1,63.53,8.9,83.13,74.6,63.0,83.13,74.68,0.58,1,0
ashton-hams,2011,RD,SF,25.0,15,2,59.05,10.1,76.48,67.38,56.35,76.48,66.82,0.52,1,0
ashton-hams,2012,RD,SF,26.0,31,3,59.05,1.4,75.86,71.0,62.04,75.86,68.4,0.46,1,0
ashton-hams,2013,RD,SF,27.0,39,4,56.4,0.0,71.84,67.14,55.76,71.84,62.19,0.4,1,0
cameron-cloke,2009,RD,KPF,25.0,0,0,34.0,0.0,77.34,70.83,58.25,77.34,68.18,0.52,1,0
cameron-cloke,2010,RD,KPF,26.0,1,1,34.0,0.0,73.09,67.94,54.4,73.09,63.0,0.46,1,0
stewart-crameri,2009,RD,SF,21.0,0,0,78.3,770.2,89.88,75.0,55.43,89.88,85.74,0.88,1,0
stewart-crameri,2010,RD,SF,22.0,3,1,78.3,877.4,82.63,70.77,51.68,82.63,75.2,0.76,1,0
stewart-crameri,2011,RD,SF,23.0,23,2,78.3,822.5,98.55,90.42,73.36,98.55,90.95,0.698,1,0
stewart-crameri,2012,RD,SF,24.0,41,3,74.77,521.9,96.44,94.67,76.23,96.44,88.88,0.626,1,0
stewart-crameri,2013,RD,SF,25.0,57,4,71.27,347.4,91.89,85.59,74.48,91.89,83.56,0.521,1,0
stewart-crameri,2014,RD,SF,26.0,79,5,70.7,258.7,84.79,81.9,70.61,84.79,77.13,0.46,1,0
stewart-crameri,2015,RD,SF,27.0,96,6,73.4,20.4,84.91,82.75,70.19,84.91,76.08,0.4,1,0
stewart-crameri,2016,RD,SF,28.0,96,7,62.0,23.3,81.86,80.09,65.65,81.86,72.13,0.4,1,0
stewart-crameri,2017,RD,SF,29.0,98,8,62.0,20.6,77.76,69.56,58.98,77.76,66.49,0.4,1,0
stewart-crameri,2018,RD,SF,30.0,102,9,62.0,0.0,73.6,66.29,55.93,73.6,63.0,0.4,1,0
levi-casboult,2009,RD,KPF,19.0,0,0,68.57,244.1,105.48,97.35,76.94,105.48,105.48,1.0,1,0
levi-casboult,2010,RD,KPF,20.0,0,1,68.57,278.3,99.57,90.39,71.26,99.57,99.57,1.0,1,0
levi-casboult,2011,RD,KPF,21.0,0,2,68.57,317.3,97.44,85.05,66.34,97.44,93.71,0.88,1,0
levi-casboult,2012,RD,KPF,22.0,6,3,68.57,305.6,90.36,81.68,61.85,90.36,83.51,0.76,1,0
levi-casboult,2013,RD,KPF,23.0,17,4,68.57,345.7,89.34,77.36,62.43,89.34,80.46,0.67,1,0
levi-casboult,2014,RD,KPF,24.0,36,5,68.57,321.8,83.43,79.6,67.59,83.43,76.78,0.58,1,0
levi-casboult,2015,RD,KPF,25.0,52,6,68.57,305.2,81.39,76.04,67.7,81.39,74.82,0.52,1,0
levi-casboult,2016,RD,KPF,26.0,72,7,68.57,347.5,73.06,68.45,56.25,73.06,63.99,0.46,1,0
levi-casboult,2017,RD,KPF,27.0,94,8,68.57,294.9,76.23,69.98,63.95,76.23,68.86,0.4,1,0
levi-casboult,2018,RD,KPF,28.0,104,9,65.67,326.1,73.31,68.12,59.36,73.31,64.94,0.4,1,0
levi-casboult,2019,RD,KPF,29.0,124,10,64.67,72.7,82.97,75.76,67.46,82.97,73.66,0.4,1,0
matthew-jaensch,2009,RD,SD,20.0,0,0,82.73,466.3,102.54,91.23,71.23,102.54,102.54,1.0,1,0
matthew-jaensch,2010,RD,SD,21.0,11,1,82.73,523.0,100.82,87.71,66.58,100.82,96.71,0.88,1,0
matthew-jaensch,2011,RD,SD,22.0,24,2,82.73,395.8,102.45,94.37,77.3,102.45,96.41,0.76,1,0
matthew-jaensch,2012,RD,SD,23.0,34,3,78.07,450.6,94.0,87.01,71.8,94.0,86.68,0.67,1,0
matthew-jaensch,2013,RD,SD,24.0,45,4,76.27,513.5,87.99,81.45,66.66,87.99,79.03,0.58,1,0
matthew-jaensch,2014,RD,SD,25.0,67,5,86.75,183.7,104.96,101.26,89.74,104.96,97.94,0.538,1,0
matthew-jaensch,2015,RD,SD,26.0,74,6,84.0,0.0,102.64,99.35,88.37,102.64,95.24,0.481,1,0
matthew-panos,2009,RD,KPF,18.0,0,0,0.0,0.0,105.48,97.39,61.85,105.48,105.48,1.0,1,0
james-podsiadly,2009,RD,KPF,28.0,0,0,82.47,1516.2,72.99,66.21,55.84,72.99,62.7,0.4,1,0
james-podsiadly,2010,RD,KPF,29.0,17,1,82.47,937.7,93.19,84.64,71.67,93.19,83.41,0.545,1,0
james-podsiadly,2011,RD,KPF,30.0,37,2,76.37,630.8,89.07,83.28,68.02,89.07,79.81,0.56,1,0
james-podsiadly,2012,RD,KPF,31.0,54,3,73.07,441.9,88.34,81.85,66.74,88.34,77.24,0.486,1,0
james-podsiadly,2013,RD,KPF,32.0,74,4,72.85,149.4,92.34,85.4,74.36,92.34,82.98,0.48,1,0
james-podsiadly,2014,RD,KPF,33.0,95,5,69.4,0.0,86.75,81.16,71.41,86.75,77.8,0.417,1,0
nick-westhoff,2009,RD,KPF,18.0,0,0,0.0,0.0,105.48,97.39,61.85,105.48,105.48,1.0,1,0
marcus-marigliani,2009,RD,MID,24.0,0,0,66.0,0.8,79.95,70.81,45.76,79.95,65.59,0.58,1,0
marcus-marigliani,2010,RD,MID,25.0,2,1,66.0,0.0,77.02,68.47,42.72,77.02,60.56,0.52,1,0
simon-white,2009,RD,SD,21.0,0,0,61.2,55.4,100.4,85.93,66.31,100.4,96.31,0.88,1,0
simon-white,2010,RD,SD,22.0,6,1,61.2,59.6,88.68,79.39,57.36,88.68,81.16,0.76,1,0
simon-white,2011,RD,SD,23.0,12,2,60.7,65.8,86.96,73.93,55.5,86.96,76.57,0.67,1,0
simon-white,2012,RD,SD,24.0,17,3,60.1,73.5,81.78,71.77,58.32,81.78,71.93,0.58,1,0
simon-white,2013,RD,SD,25.0,26,4,60.1,75.9,80.89,71.93,60.88,80.89,71.28,0.52,1,0
simon-white,2014,RD,SD,26.0,45,5,57.2,85.0,75.31,72.18,56.59,75.31,65.2,0.46,1,0
simon-white,2015,RD,SD,27.0,59,6,55.73,96.1,73.32,64.26,49.39,73.32,58.96,0.4,1,0
simon-white,2016,RD,SD,28.0,76,7,58.65,0.3,76.41,69.36,58.84,76.41,65.87,0.4,1,0
simon-white,2017,RD,SD,29.0,87,8,49.0,0.0,72.95,64.09,53.21,72.95,61.11,0.4,1,0
eddie-prato,2009,RD,SF,19.0,0,0,0.0,0.0,97.91,85.19,61.5,97.91,97.91,1.0,1,0
jesse-stringer,2009,RD,MID,18.0,0,0,51.3,0.0,112.82,94.9,52.22,112.82,112.82,1.0,1,0
jesse-stringer,2010,RD,MID,19.0,0,1,51.3,0.0,112.82,94.86,66.85,112.82,112.82,1.0,1,0
jesse-stringer,2011,RD,MID,20.0,0,2,51.3,0.0,103.9,91.12,61.06,103.9,103.9,1.0,1,0
jesse-stringer,2012,RD,MID,21.0,8,3,51.3,0.0,104.15,88.25,57.12,104.15,98.5,0.88,1,0
jesse-stringer,2013,RD,MID,22.0,15,4,49.0,0.0,95.0,81.07,51.72,95.0,84.61,0.76,1,0
jesse-stringer,2014,RD,MID,23.0,19,5,51.8,0.0,89.92,78.81,49.29,89.92,76.51,0.67,1,0
josh-donaldson,2009,RD,KPF,18.0,0,0,0.0,0.0,105.48,97.39,61.85,105.48,105.48,1.0,1,0
patrick-ambrose,2009,RD,KPF,23.0,0,0,57.83,18.0,84.57,75.82,61.27,84.57,76.88,0.67,1,0
patrick-ambrose,2010,RD,KPF,24.0,0,1,57.83,20.5,79.91,74.24,60.45,79.91,71.73,0.58,1,0
patrick-ambrose,2011,RD,KPF,25.0,0,2,57.83,23.4,77.34,70.83,58.25,77.34,68.18,0.52,1,0
patrick-ambrose,2012,RD,KPF,26.0,0,3,57.83,26.7,74.63,69.41,58.31,74.63,65.82,0.46,1,0
patrick-ambrose,2013,RD,KPF,27.0,0,4,57.83,30.4,77.58,70.58,59.1,77.58,66.49,0.4,1,0
patrick-ambrose,2014,RD,KPF,28.0,16,5,57.83,26.9,73.52,64.95,52.33,73.52,60.81,0.4,1,0
patrick-ambrose,2015,RD,KPF,29.0,32,6,57.13,10.2,72.29,63.82,51.99,72.29,60.11,0.4,1,0
patrick-ambrose,2016,RD,KPF,30.0,50,7,54.83,3.8,71.21,63.51,52.03,71.21,59.7,0.4,1,0
patrick-ambrose,2017,RD,KPF,31.0,60,8,53.5,2.0,71.9,64.81,54.66,71.9,61.56,0.4,1,0
patrick-ambrose,2018,RD,KPF,32.0,67,9,52.9,1.1,70.96,60.35,49.68,70.96,58.19,0.4,1,0
patrick-ambrose,2019,RD,KPF,33.0,87,10,52.8,0.0,69.32,61.49,50.21,69.32,57.85,0.4,1,0
tommy-walsh,2009,IRE,KPF,21.0,0,0,44.3,0.0,97.44,85.05,66.34,97.44,93.71,0.88,0,1
tommy-walsh,2010,IRE,KPF,22.0,0,1,44.3,0.1,88.86,79.0,62.92,88.86,82.64,0.76,0,1
tommy-walsh,2011,IRE,KPF,23.0,0,2,44.3,0.1,84.57,75.82,61.27,84.57,76.88,0.67,0,1
tommy-walsh,2012,IRE,KPF,24.0,3,3,44.3,0.0,76.58,68.74,53.53,76.58,66.9,0.58,0,1
tommy-walsh,2013,IRE,KPF,25.0,5,4,16.0,0.0,74.52,66.27,51.19,74.52,63.32,0.52,0,1
jamie-o-reilly,2009,IRE,KPF,21.0,0,0,33.7,0.0,97.44,85.05,66.34,97.44,93.71,0.88,0,1
jamie-o-reilly,2010,IRE,KPF,22.0,3,1,33.7,0.0,86.47,74.78,57.02,86.47,79.4,0.76,0,1
jamie-o-reilly,2011,IRE,KPF,23.0,4,2,27.0,0.0,82.02,71.29,53.97,82.02,72.76,0.67,0,1
chris-mckaigue,2009,IRE,MID,20.0,0,0,0.0,0.0,103.87,89.07,57.78,103.87,103.87,1.0,0,1
nial-mckeever,2009,IRE,KPD,20.0,0,0,47.3,0.9,97.65,90.86,74.34,97.65,97.65,1.0,0,1
nial-mckeever,2010,IRE,KPD,21.0,0,1,47.3,1.0,98.07,84.5,69.42,98.07,94.64,0.88,0,1
nial-mckeever,2011,IRE,KPD,22.0,10,2,47.3,1.1,81.11,70.73,50.94,81.11,73.87,0.76,0,1
nial-mckeever,2012,IRE,KPD,23.0,19,3,53.0,0.0,79.9,70.63,57.72,79.9,72.58,0.67,0,1
nial-mckeever,2013,IRE,KPD,24.0,22,4,40.7,0.0,74.55,67.89,51.49,74.55,64.87,0.58,0,1
zach-tuohy,2009,IRE,SD,20.0,0,0,88.8,512.6,102.54,91.23,71.23,102.54,102.54,1.0,0,1
zach-tuohy,2010,IRE,SD,21.0,0,1,88.8,584.4,100.4,85.93,66.31,100.4,96.31,0.88,0,1
zach-tuohy,2011,IRE,SD,22.0,10,2,88.8,666.2,87.56,74.64,53.71,87.56,79.44,0.76,0,1
zach-tuohy,2012,IRE,SD,23.0,29,3,88.8,759.3,86.46,80.62,62.37,86.46,78.51,0.67,0,1
zach-tuohy,2013,IRE,SD,24.0,51,4,88.8,863.1,85.77,80.01,66.62,85.77,77.73,0.58,0,1
zach-tuohy,2014,IRE,SD,25.0,73,5,88.8,983.4,85.4,78.21,68.27,85.4,77.18,0.52,0,1
zach-tuohy,2015,IRE,SD,26.0,95,6,88.8,988.2,93.97,89.28,80.58,93.97,86.74,0.46,0,1
zach-tuohy,2016,IRE,SD,27.0,117,7,88.8,941.4,98.48,94.6,82.2,98.48,88.71,0.4,0,1
zach-tuohy,2017,IRE,SD,28.0,139,8,88.8,710.5,99.38,95.66,85.32,99.38,91.43,0.434,0,1
zach-tuohy,2018,IRE,SD,29.0,161,9,87.7,538.2,97.12,94.28,84.21,97.12,89.82,0.435,0,1
zach-tuohy,2019,IRE,SD,30.0,176,10,84.57,594.9,90.22,84.95,72.54,90.22,79.61,0.4,0,1
seamus-mcnamara,2009,UNR,RUCK,24.0,0,0,0.0,0.0,100.49,88.22,61.3,100.49,84.03,0.58,0,1
daniel-bass,2009,UNR,RUCK,22.0,0,0,0.0,0.0,106.93,90.76,67.78,106.93,97.54,0.76,0,1
sean-yoshiura,2009,PDA,KPF,18.0,0,0,0.0,0.0,105.48,97.39,61.85,105.48,105.48,1.0,0,1
dylan-mcneil,2009,PDA,MID,18.0,0,0,0.0,0.0,112.82,94.9,52.22,112.82,112.82,1.0,0,1
claye-beams,2009,PDA,SF,18.0,0,0,61.57,5.7,97.91,83.99,50.25,97.91,97.91,1.0,0,1
claye-beams,2010,PDA,SF,19.0,0,1,61.57,6.5,97.91,85.19,61.5,97.91,97.91,1.0,0,1
claye-beams,2011,PDA,SF,20.0,5,2,61.57,7.4,89.74,78.04,55.29,89.74,89.74,1.0,0,1
claye-beams,2012,PDA,SF,21.0,13,3,61.57,6.4,94.83,81.43,61.79,94.83,90.87,0.88,0,1
claye-beams,2013,PDA,SF,22.0,15,4,57.2,7.3,84.05,72.47,55.76,84.05,77.26,0.76,0,1
claye-beams,2014,PDA,SF,23.0,28,5,57.2,8.3,79.39,74.1,58.32,79.39,72.44,0.67,0,1
claye-beams,2015,PDA,SF,24.0,36,6,55.13,0.1,75.42,72.12,61.76,75.42,69.68,0.58,0,1
claye-beams,2016,PDA,SF,25.0,45,7,51.8,0.1,68.96,62.41,52.12,68.96,60.88,0.52,0,1
claye-beams,2017,PDA,SF,26.0,54,8,56.6,0.0,69.8,67.47,54.32,69.8,61.44,0.46,0,1
broc-mccauley,2009,PDA,SF,23.0,0,0,72.3,9.5,76.67,66.8,52.97,76.67,68.85,0.67,0,1
broc-mccauley,2010,PDA,SF,24.0,0,1,72.3,10.9,71.57,64.65,52.37,71.57,63.51,0.58,0,1
broc-mccauley,2011,PDA,SF,25.0,3,2,72.3,12.0,70.84,63.55,50.57,70.84,61.11,0.52,0,1
broc-mccauley,2012,PDA,SF,26.0,6,3,72.3,0.0,71.54,65.32,52.55,71.54,61.29,0.46,0,1
nathan-gordon,2009,PDS,MID,19.0,0,0,49.8,0.0,112.82,94.86,66.85,112.82,112.82,1.0,0,1
nathan-gordon,2010,PDS,MID,20.0,0,1,49.8,0.1,103.87,89.07,57.78,103.87,103.87,1.0,0,1
nathan-gordon,2011,PDS,MID,21.0,2,2,49.8,0.1,102.46,86.63,53.08,102.46,96.53,0.88,0,1
nathan-gordon,2012,PDS,MID,22.0,2,3,49.8,0.1,94.06,83.92,54.44,94.06,84.55,0.76,0,1
nathan-gordon,2013,PDS,MID,23.0,2,4,49.8,0.1,93.81,86.92,58.88,93.81,82.29,0.67,0,1
nathan-gordon,2014,PDS,MID,24.0,14,5,49.8,0.0,86.97,76.03,53.39,86.97,72.87,0.58,0,1
nathan-gordon,2015,PDS,MID,25.0,23,6,43.8,0.0,80.27,72.29,42.92,80.27,62.34,0.52,0,1
jordan-johns,2009,PDS,RUCK,18.0,0,0,0.0,0.0,115.06,103.63,54.35,115.06,115.06,1.0,0,1
aidan-riley,2009,PDS,MID,18.0,0,0,41.2,0.0,112.82,94.9,52.22,112.82,112.82,1.0,0,1
aidan-riley,2010,PDS,MID,19.0,0,1,41.2,0.0,112.82,94.86,66.85,112.82,112.82,1.0,0,1
aidan-riley,2011,PDS,MID,20.0,5,2,41.2,0.0,102.17,85.11,52.2,102.17,102.17,1.0,0,1
aidan-riley,2012,PDS,MID,21.0,10,3,41.2,0.0,103.01,84.02,49.88,103.01,96.63,0.88,0,1
aidan-riley,2013,PDS,MID,22.0,12,4,41.2,0.0,93.09,81.15,49.58,93.09,82.65,0.76,0,1
aidan-riley,2014,PDS,MID,23.0,21,5,41.2,0.0,80.86,73.26,39.95,80.86,67.36,0.67,0,1
aidan-riley,2015,PDS,MID,24.0,25,6,31.0,0.0,77.66,71.13,35.37,77.66,59.89,0.58,0,1
jack-watts,2008,ND,SF,18.0,0,0,82.1,1372.6,102.97,103.28,89.25,103.28,103.28,1.0,1,0
jack-watts,2009,ND,SF,19.0,3,1,82.1,1564.7,97.62,94.28,79.21,97.62,97.62,1.0,1,0
jack-watts,2010,ND,SF,20.0,18,2,82.1,1781.1,94.62,90.28,75.94,94.62,94.62,1.0,1,0
jack-watts,2011,ND,SF,21.0,40,3,82.1,1712.1,99.23,96.69,84.17,99.23,97.42,0.88,1,0
jack-watts,2012,ND,SF,22.0,55,4,82.1,1324.8,107.53,99.6,87.98,107.53,103.37,0.787,1,0
jack-watts,2013,ND,SF,23.0,73,5,78.7,1158.8,100.29,95.46,82.68,100.29,94.81,0.689,1,0
jack-watts,2014,ND,SF,24.0,95,6,78.07,1021.9,92.13,85.48,78.16,92.13,86.3,0.583,1,0
jack-watts,2015,ND,SF,25.0,115,7,76.83,964.6,86.59,79.61,71.81,86.59,79.49,0.52,1,0
jack-watts,2016,ND,SF,26.0,137,8,75.47,526.3,96.75,89.81,78.52,96.75,88.11,0.526,1,0
jack-watts,2017,ND,SF,27.0,153,9,71.15,259.5,93.17,86.92,71.13,93.17,80.81,0.439,1,0
jack-watts,2018,ND,SF,28.0,172,10,66.5,190.7,81.28,75.97,64.65,81.28,71.3,0.4,1,0
jack-watts,2019,ND,SF,29.0,174,11,81.0,0.0,79.61,74.08,60.5,79.61,68.14,0.4,1,0
nicholas-naitanui,2008,ND,RUCK,18.0,0,0,113.43,3119.6,121.78,115.26,103.53,121.78,121.78,1.0,1,0
nicholas-naitanui,2009,ND,RUCK,19.0,10,1,113.43,3556.2,118.61,113.68,101.38,118.61,118.61,1.0,1,0
nicholas-naitanui,2010,ND,RUCK,20.0,32,2,113.43,4035.9,120.37,118.47,111.56,120.37,120.37,1.0,1,0
nicholas-naitanui,2011,ND,RUCK,21.0,55,3,113.43,4061.4,120.99,120.7,115.48,120.99,120.44,0.901,1,0
nicholas-naitanui,2012,ND,RUCK,22.0,77,4,113.43,3437.2,119.52,126.17,125.68,126.17,126.12,0.903,1,0
nicholas-naitanui,2013,ND,RUCK,23.0,88,5,110.87,3003.4,120.32,122.53,119.3,122.53,121.92,0.812,1,0
nicholas-naitanui,2014,ND,RUCK,24.0,108,6,110.87,2991.3,118.87,114.0,110.46,118.87,116.14,0.676,1,0
nicholas-naitanui,2015,ND,RUCK,25.0,131,7,110.87,2672.9,119.16,120.06,114.49,120.06,118.46,0.713,1,0
nicholas-naitanui,2016,ND,RUCK,26.0,146,8,110.87,2186.0,115.28,115.82,113.05,115.82,115.07,0.728,1,0
nicholas-naitanui,2017,ND,RUCK,27.0,146,9,108.1,2492.1,111.86,112.02,108.65,112.02,111.0,0.698,1,0
nicholas-naitanui,2018,ND,RUCK,28.0,161,10,108.1,2245.0,110.98,108.26,103.02,110.98,107.82,0.602,1,0
nicholas-naitanui,2019,ND,RUCK,29.0,166,11,108.1,2312.7,108.28,96.83,92.75,108.28,101.17,0.542,1,0
stephen-hill,2008,ND,MID,18.0,0,0,93.33,881.9,115.02,110.27,90.57,115.02,115.02,1.0,1,0
stephen-hill,2009,ND,MID,19.0,22,1,93.33,1001.1,120.37,117.35,99.17,120.37,120.37,1.0,1,0
stephen-hill,2010,ND,MID,20.0,45,2,93.33,1097.8,117.04,117.1,104.46,117.1,117.1,1.0,1,0
stephen-hill,2011,ND,MID,21.0,67,3,93.33,1191.4,117.61,113.5,101.71,117.61,115.7,0.88,1,0
stephen-hill,2012,ND,MID,22.0,89,4,93.33,1249.0,116.93,110.0,97.89,116.93,112.36,0.76,1,0
stephen-hill,2013,ND,MID,23.0,108,5,93.33,1162.8,115.2,108.08,97.65,115.2,109.45,0.672,1,0
stephen-hill,2014,ND,MID,24.0,128,6,93.33,811.4,116.36,112.66,102.47,116.36,111.71,0.665,1,0
stephen-hill,2015,ND,MID,25.0,151,7,88.37,424.9,114.1,108.2,99.08,114.1,108.61,0.634,1,0
stephen-hill,2016,ND,MID,26.0,172,8,80.67,121.8,110.61,104.51,94.36,110.61,103.23,0.546,1,0
stephen-hill,2017,ND,MID,27.0,190,9,71.67,21.3,105.88,96.29,81.33,105.88,91.15,0.4,1,0
stephen-hill,2018,ND,MID,28.0,203,10,67.3,11.3,97.13,86.75,71.15,97.13,81.54,0.4,1,0
stephen-hill,2019,ND,MID,29.0,206,11,62.9,12.9,83.92,73.93,58.66,83.92,68.77,0.4,1,0
hamish-hartlett,2008,ND,MID,18.0,0,0,96.83,1430.7,119.56,113.34,89.43,119.56,119.56,1.0,1,0
hamish-hartlett,2009,ND,MID,19.0,11,1,96.83,1630.5,120.19,114.2,94.18,120.19,120.19,1.0,1,0
hamish-hartlett,2010,ND,MID,20.0,15,2,96.83,1826.7,118.54,113.4,95.31,118.54,118.54,1.0,1,0
hamish-hartlett,2011,ND,MID,21.0,31,3,96.83,1655.4,125.45,117.11,104.86,125.45,123.36,0.899,1,0
hamish-hartlett,2012,ND,MID,22.0,46,4,96.57,1482.6,123.38,119.46,102.12,123.38,119.12,0.8,1,0
hamish-hartlett,2013,ND,MID,23.0,68,5,95.93,1288.4,121.91,117.14,102.29,121.91,116.28,0.713,1,0
hamish-hartlett,2014,ND,MID,24.0,90,6,92.8,901.0,120.29,115.67,104.15,120.29,115.32,0.692,1,0
hamish-hartlett,2015,ND,MID,25.0,112,7,86.57,349.3,123.35,120.48,107.22,123.35,118.43,0.695,1,0
hamish-hartlett,2016,ND,MID,26.0,127,8,78.83,327.5,105.69,100.06,85.64,105.69,95.06,0.47,1,0
hamish-hartlett,2017,ND,MID,27.0,148,9,78.43,292.5,102.13,92.91,76.26,102.13,86.6,0.4,1,0
hamish-hartlett,2018,ND,MID,28.0,153,10,72.23,221.6,99.38,90.35,73.12,99.38,83.62,0.4,1,0
hamish-hartlett,2019,ND,MID,29.0,164,11,72.23,101.5,101.76,88.88,69.08,101.76,82.16,0.4,1,0
michael-hurley,2008,ND,KPD,18.0,0,0,96.27,2380.0,98.85,96.53,71.82,98.85,98.85,1.0,1,0
michael-hurley,2009,ND,KPD,19.0,10,1,96.27,2339.3,107.59,105.55,95.74,107.59,107.59,1.0,1,0
michael-hurley,2010,ND,KPD,20.0,29,2,96.27,2496.5,105.18,105.34,94.46,105.34,105.34,1.0,1,0
michael-hurley,2011,ND,KPD,21.0,47,3,96.27,2326.2,107.08,103.6,92.94,107.08,105.62,0.897,1,0
michael-hurley,2012,ND,KPD,22.0,63,4,96.27,2385.5,101.68,100.48,91.59,101.68,99.42,0.776,1,0
michael-hurley,2013,ND,KPD,23.0,79,5,96.27,2544.2,94.15,92.33,79.61,94.15,89.35,0.67,1,0
michael-hurley,2014,ND,KPD,24.0,100,6,96.27,2276.2,100.4,98.41,90.99,100.4,97.27,0.667,1,0
michael-hurley,2015,ND,KPD,25.0,119,7,96.27,1764.5,109.26,103.78,96.62,109.26,105.58,0.708,1,0
michael-hurley,2016,ND,KPD,26.0,119,8,91.43,2011.6,105.79,99.97,90.86,105.79,100.9,0.672,1,0
michael-hurley,2017,ND,KPD,27.0,140,9,91.43,1220.0,109.69,107.28,100.06,109.69,107.38,0.76,1,0
michael-hurley,2018,ND,KPD,28.0,160,10,83.53,679.1,104.49,97.34,93.62,104.49,101.23,0.7,1,0
michael-hurley,2019,ND,KPD,29.0,179,11,80.0,369.6,93.41,92.22,79.72,93.41,87.65,0.58,1,0
christopher-yarran,2008,ND,SF,18.0,0,0,81.77,615.3,100.63,92.93,74.92,100.63,100.63,1.0,1,0
christopher-yarran,2009,ND,SF,19.0,6,1,81.77,701.4,96.58,89.0,72.1,96.58,96.58,1.0,1,0
christopher-yarran,2010,ND,SF,20.0,22,2,81.77,789.2,99.17,90.71,80.62,99.17,99.17,1.0,1,0
christopher-yarran,2011,ND,SF,21.0,45,3,81.77,317.8,110.15,98.98,90.22,110.15,108.21,0.902,1,0
christopher-yarran,2012,ND,SF,22.0,63,4,74.83,355.8,98.07,92.26,83.63,98.07,94.6,0.76,1,0
christopher-yarran,2013,ND,SF,23.0,84,5,74.57,400.6,92.56,85.82,75.54,92.56,86.95,0.67,1,0
christopher-yarran,2014,ND,SF,24.0,105,6,78.4,38.1,100.22,94.08,84.54,100.22,94.11,0.61,1,0
christopher-yarran,2015,ND,SF,25.0,119,7,74.1,0.0,93.57,85.88,80.43,93.57,87.42,0.532,1,0
daniel-rich,2008,ND,SD,18.0,0,0,99.77,1624.6,104.8,96.12,77.94,104.8,104.8,1.0,1,0
daniel-rich,2009,ND,SD,19.0,24,1,99.77,1641.3,115.28,110.22,100.38,115.28,115.28,1.0,1,0
daniel-rich,2010,ND,SD,20.0,46,2,99.77,1795.4,110.95,106.05,98.61,110.95,110.95,1.0,1,0
daniel-rich,2011,ND,SD,21.0,62,3,99.77,1823.1,113.42,106.24,97.21,113.42,111.5,0.881,1,0
daniel-rich,2012,ND,SD,22.0,82,4,99.77,1690.5,113.36,110.08,100.89,113.36,110.78,0.793,1,0
daniel-rich,2013,ND,SD,23.0,98,5,99.77,1674.3,110.53,108.02,99.67,110.53,107.32,0.705,1,0
daniel-rich,2014,ND,SD,24.0,101,6,99.77,1837.1,105.75,103.8,93.2,105.75,100.94,0.617,1,0
daniel-rich,2015,ND,SD,25.0,122,7,99.77,1968.2,101.51,97.58,87.15,101.51,94.61,0.52,1,0
daniel-rich,2016,ND,SD,26.0,143,8,99.77,1947.4,100.46,97.7,86.87,100.46,93.49,0.487,1,0
daniel-rich,2017,ND,SD,27.0,165,9,99.77,1812.7,105.93,103.23,93.71,105.93,99.78,0.497,1,0
daniel-rich,2018,ND,SD,28.0,183,10,99.77,1942.5,99.21,95.28,82.08,99.21,89.1,0.41,1,0
daniel-rich,2019,ND,SD,29.0,207,11,99.77,1601.5,107.4,103.77,91.05,107.4,100.0,0.547,1,0
tyrone-vickery,2008,ND,KPF,18.0,0,0,78.4,595.5,88.33,79.4,49.03,88.33,88.33,1.0,1,0
tyrone-vickery,2009,ND,KPF,19.0,9,1,78.4,678.4,88.47,82.53,64.48,88.47,88.47,1.0,1,0
tyrone-vickery,2010,ND,KPF,20.0,23,2,78.4,773.4,95.45,87.2,69.62,95.45,95.45,1.0,1,0
tyrone-vickery,2011,ND,KPF,21.0,45,3,78.4,855.1,103.08,96.03,84.39,103.08,100.84,0.88,1,0
tyrone-vickery,2012,ND,KPF,22.0,54,4,78.4,972.8,94.72,90.23,77.2,94.72,90.52,0.76,1,0
tyrone-vickery,2013,ND,KPF,23.0,75,5,78.4,637.0,102.0,96.22,84.02,102.0,96.74,0.707,1,0
tyrone-vickery,2014,ND,KPF,24.0,87,6,70.6,357.9,99.44,93.91,83.97,99.44,93.75,0.633,1,0
tyrone-vickery,2015,ND,KPF,25.0,102,7,62.77,9.1,96.82,95.93,80.78,96.82,90.27,0.591,1,0
tyrone-vickery,2016,ND,KPF,26.0,119,8,55.2,1.7,76.52,74.07,66.36,76.52,71.03,0.46,1,0
tyrone-vickery,2017,ND,KPF,27.0,125,9,53.3,0.0,74.15,69.21,61.6,74.15,66.62,0.4,1,0
jack-ziebell,2008,ND,MID,18.0,0,0,99.03,1516.7,115.31,107.69,81.9,115.31,115.31,1.0,1,0
jack-ziebell,2009,ND,MID,19.0,10,1,99.03,1722.4,115.51,108.72,87.54,115.51,115.51,1.0,1,0
jack-ziebell,2010,ND,MID,20.0,24,2,99.03,1951.4,111.41,106.19,88.0,111.41,111.41,1.0,1,0
jack-ziebell,2011,ND,MID,21.0,45,3,99.03,2134.8,117.39,108.66,95.8,117.39,114.8,0.88,1,0
jack-ziebell,2012,ND,MID,22.0,62,4,99.03,2263.4,117.33,109.69,94.32,117.33,111.81,0.76,1,0
jack-ziebell,2013,ND,MID,23.0,80,5,99.03,2068.9,122.05,116.11,104.65,122.05,117.37,0.731,1,0
jack-ziebell,2014,ND,MID,24.0,100,6,97.6,2193.0,108.72,105.94,93.63,108.72,102.43,0.583,1,0
jack-ziebell,2015,ND,MID,25.0,124,7,97.6,1974.6,106.78,103.91,92.79,106.78,100.38,0.542,1,0
jack-ziebell,2016,ND,MID,26.0,147,8,97.6,1765.0,111.25,104.52,96.75,111.25,104.93,0.564,1,0
jack-ziebell,2017,ND,MID,27.0,166,9,96.1,1652.2,107.69,101.46,93.66,107.69,100.52,0.489,1,0
jack-ziebell,2018,ND,MID,28.0,188,10,96.03,1667.6,102.58,95.83,85.5,102.58,92.72,0.423,1,0
jack-ziebell,2019,ND,MID,29.0,210,11,96.03,1251.5,104.86,95.69,90.34,104.86,97.28,0.478,1,0
phil-davis,2008,ND,KPD,18.0,0,0,75.6,398.6,96.02,91.77,72.11,96.02,96.02,1.0,1,0
phil-davis,2009,ND,KPD,19.0,0,1,75.6,454.4,96.02,90.82,71.7,96.02,96.02,1.0,1,0
phil-davis,2010,ND,KPD,20.0,15,2,75.6,493.7,96.97,92.26,81.59,96.97,96.97,1.0,1,0
phil-davis,2011,ND,KPD,21.0,18,3,75.6,562.3,93.31,81.52,72.89,93.31,90.86,0.88,1,0
phil-davis,2012,ND,KPD,22.0,40,4,75.6,435.5,95.33,91.36,83.45,95.33,92.48,0.76,1,0
phil-davis,2013,ND,KPD,23.0,53,5,73.33,466.8,88.73,86.21,75.45,88.73,84.34,0.67,1,0
phil-davis,2014,ND,KPD,24.0,64,6,73.33,521.0,81.21,77.06,69.85,81.21,76.44,0.58,1,0
phil-davis,2015,ND,KPD,25.0,76,7,73.33,547.0,78.72,74.51,69.06,78.72,74.08,0.52,1,0
phil-davis,2016,ND,KPD,26.0,97,8,73.33,570.3,78.41,75.47,70.2,78.41,73.98,0.46,1,0
phil-davis,2017,ND,KPD,27.0,121,9,73.33,588.5,77.31,72.87,68.08,77.31,71.77,0.4,1,0
phil-davis,2018,ND,KPD,28.0,143,10,69.5,311.1,83.43,79.9,74.28,83.43,78.03,0.41,1,0
phil-davis,2019,ND,KPD,29.0,166,11,61.0,44.6,84.19,81.75,72.83,84.19,77.79,0.437,1,0
steele-sidebottom,2008,ND,MID,18.0,0,0,109.6,3349.1,115.75,104.8,82.61,115.75,115.75,1.0,1,0
steele-sidebottom,2009,ND,MID,19.0,11,1,109.6,3745.6,117.54,110.27,94.23,117.54,117.54,1.0,1,0
steele-sidebottom,2010,ND,MID,20.0,36,2,109.6,4079.8,120.15,117.21,103.84,120.15,120.15,1.0,1,0
steele-sidebottom,2011,ND,MID,21.0,61,3,109.6,4440.2,120.14,112.31,104.37,120.14,118.25,0.88,1,0
steele-sidebottom,2012,ND,MID,22.0,85,4,109.6,4042.4,127.51,121.36,113.18,127.51,125.29,0.845,1,0
steele-sidebottom,2013,ND,MID,23.0,108,5,109.6,3854.2,127.0,121.32,115.68,127.0,124.88,0.812,1,0
steele-sidebottom,2014,ND,MID,24.0,127,6,109.6,3267.6,126.14,125.65,118.52,126.14,124.86,0.832,1,0
steele-sidebottom,2015,ND,MID,25.0,143,7,106.6,2959.7,123.81,119.74,111.42,123.81,120.85,0.762,1,0
steele-sidebottom,2016,ND,MID,26.0,163,8,105.9,2548.5,123.16,118.9,108.94,123.16,119.39,0.735,1,0
steele-sidebottom,2017,ND,MID,27.0,185,9,102.5,2371.4,110.15,108.49,102.17,110.15,106.9,0.593,1,0
steele-sidebottom,2018,ND,MID,28.0,211,10,102.33,1997.3,109.55,105.63,101.45,109.55,106.62,0.639,1,0
steele-sidebottom,2019,ND,MID,29.0,234,11,99.07,1757.1,106.23,98.64,93.12,106.23,100.69,0.577,1,0
lewis-johnston,2008,ND,KPF,18.0,0,0,70.0,70.0,88.69,80.28,52.12,88.69,88.69,1.0,1,0
lewis-johnston,2009,ND,KPF,19.0,0,1,70.0,79.8,88.69,80.17,62.19,88.69,88.69,1.0,1,0
lewis-johnston,2010,ND,KPF,20.0,0,2,70.0,91.0,91.79,79.7,63.71,91.79,91.79,1.0,1,0
lewis-johnston,2011,ND,KPF,21.0,2,3,70.0,103.8,93.66,76.42,61.54,93.66,89.81,0.88,1,0
lewis-johnston,2012,ND,KPF,22.0,3,4,70.0,118.2,84.32,73.6,58.77,84.32,78.18,0.76,1,0
lewis-johnston,2013,ND,KPF,23.0,8,5,70.0,3.8,82.04,73.24,57.68,82.04,74.0,0.67,1,0
lewis-johnston,2014,ND,KPF,24.0,10,6,57.5,0.0,79.75,73.07,56.46,79.75,69.97,0.58,1,0
tom-lynch,2008,ND,SF,18.0,0,0,87.33,1050.7,101.48,94.16,68.42,101.48,101.48,1.0,1,0
tom-lynch,2009,ND,SF,19.0,0,1,87.33,1197.8,101.48,93.27,67.32,101.48,101.48,1.0,1,0
tom-lynch,2010,ND,SF,20.0,1,2,87.33,1365.5,96.52,87.0,63.73,96.52,96.52,1.0,1,0
tom-lynch,2011,ND,SF,21.0,6,3,87.33,1556.4,95.96,84.83,63.81,95.96,92.1,0.88,1,0
tom-lynch,2012,ND,SF,22.0,12,4,87.33,1774.3,86.67,75.13,49.54,86.67,77.76,0.76,1,0
tom-lynch,2013,ND,SF,23.0,29,5,87.33,1701.6,99.6,93.77,75.93,99.6,91.88,0.674,1,0
tom-lynch,2014,ND,SF,24.0,37,6,87.33,1930.2,89.0,86.8,68.11,89.0,80.23,0.58,1,0
tom-lynch,2015,ND,SF,25.0,60,7,87.33,1660.9,101.94,99.55,86.42,101.94,96.1,0.624,1,0
tom-lynch,2016,ND,SF,26.0,83,8,86.57,1328.4,100.74,99.65,84.0,100.74,94.19,0.609,1,0
tom-lynch,2017,ND,SF,27.0,106,9,84.1,972.0,101.31,98.3,81.72,101.31,92.84,0.568,1,0
tom-lynch,2018,ND,SF,28.0,123,10,80.37,751.0,98.42,94.16,82.77,98.42,90.85,0.516,1,0
tom-lynch,2019,ND,SF,29.0,139,11,78.83,381.4,96.52,92.87,81.39,96.52,89.38,0.528,1,0
ayce-cordy,2008,ND,RUCK,18.0,0,0,46.6,2.4,108.3,87.35,55.2,108.3,108.3,1.0,1,0
ayce-cordy,2009,ND,RUCK,19.0,0,1,46.6,2.8,108.3,87.24,66.35,108.3,108.3,1.0,1,0
ayce-cordy,2010,ND,RUCK,20.0,0,2,46.6,3.1,106.32,85.28,63.61,106.32,106.32,1.0,1,0
ayce-cordy,2011,ND,RUCK,21.0,2,3,46.6,3.6,114.17,87.35,69.93,114.17,108.86,0.88,1,0
ayce-cordy,2012,ND,RUCK,22.0,14,4,46.6,4.1,115.13,85.06,56.45,115.13,101.05,0.76,1,0
ayce-cordy,2013,ND,RUCK,23.0,19,5,47.7,4.6,113.4,82.39,54.42,113.4,93.94,0.67,1,0
ayce-cordy,2014,ND,RUCK,24.0,20,6,47.7,0.3,107.07,81.83,55.54,107.07,85.43,0.58,1,0
ayce-cordy,2015,ND,RUCK,25.0,27,7,47.7,0.0,102.41,80.69,56.6,102.41,80.42,0.52,1,0
mitchell-brown-1,2008,ND,KPF,18.0,0,0,68.1,169.7,88.69,80.25,49.96,88.69,88.69,1.0,1,0
mitchell-brown-1,2009,ND,KPF,19.0,0,1,68.1,193.5,88.69,80.14,60.3,88.69,88.69,1.0,1,0
mitchell-brown-1,2010,ND,KPF,20.0,0,2,68.1,220.6,92.08,80.11,61.97,92.08,92.08,1.0,1,0
mitchell-brown-1,2011,ND,KPF,21.0,2,3,68.1,251.2,94.75,78.24,66.08,94.75,91.31,0.88,1,0
mitchell-brown-1,2012,ND,KPF,22.0,5,4,68.1,286.3,86.08,73.99,61.48,86.08,80.18,0.76,1,0
mitchell-brown-1,2013,ND,KPF,23.0,10,5,68.1,326.0,83.01,71.01,53.48,83.01,73.27,0.67,1,0
mitchell-brown-1,2014,ND,KPF,24.0,15,6,68.1,371.0,81.09,69.81,55.92,81.09,70.52,0.58,1,0
mitchell-brown-1,2015,ND,KPF,25.0,15,7,68.1,422.9,74.78,67.26,55.34,74.78,65.45,0.52,1,0
mitchell-brown-1,2016,ND,KPF,26.0,36,8,68.1,382.9,79.22,74.93,64.68,79.22,71.37,0.46,1,0
mitchell-brown-1,2017,ND,KPF,27.0,40,9,69.05,349.7,78.62,74.35,63.69,78.62,69.66,0.4,1,0
mitchell-brown-1,2018,ND,KPF,28.0,54,10,69.05,124.1,82.58,75.54,65.04,82.58,72.53,0.427,1,0
mitchell-brown-1,2019,ND,KPF,29.0,70,11,63.1,92.1,76.78,70.41,61.71,76.78,67.74,0.4,1,0
ryan-schoenmakers,2008,ND,KPD,18.0,0,0,66.13,156.9,96.17,91.25,69.6,96.17,96.17,1.0,1,0
ryan-schoenmakers,2009,ND,KPD,19.0,13,1,66.13,178.8,90.62,85.11,66.67,90.62,90.62,1.0,1,0
ryan-schoenmakers,2010,ND,KPD,20.0,24,2,66.13,203.6,87.09,82.36,67.85,87.09,87.09,1.0,1,0
ryan-schoenmakers,2011,ND,KPD,21.0,35,3,66.13,183.9,94.87,87.17,78.69,94.87,92.92,0.88,1,0
ryan-schoenmakers,2012,ND,KPD,22.0,60,4,66.1,146.6,88.79,85.76,76.11,88.79,85.75,0.76,1,0
ryan-schoenmakers,2013,ND,KPD,23.0,64,5,62.47,151.3,86.08,81.98,71.47,86.08,81.26,0.67,1,0
ryan-schoenmakers,2014,ND,KPD,24.0,79,6,62.47,125.5,81.51,77.99,69.76,81.51,76.57,0.58,1,0
ryan-schoenmakers,2015,ND,KPD,25.0,95,7,57.07,3.5,82.95,79.06,69.66,82.95,76.57,0.52,1,0
ryan-schoenmakers,2016,ND,KPD,26.0,101,8,46.13,4.0,73.33,70.32,58.49,73.33,65.31,0.46,1,0
ryan-schoenmakers,2017,ND,KPD,27.0,112,9,51.55,0.4,71.31,63.08,54.1,71.31,60.98,0.4,1,0
ryan-schoenmakers,2018,ND,KPD,28.0,121,10,48.3,0.0,70.33,59.91,46.98,70.33,56.32,0.4,1,0
sam-blease,2008,ND,MID,18.0,0,0,44.0,0.1,115.46,99.99,77.34,115.46,115.46,1.0,1,0
sam-blease,2009,ND,MID,19.0,0,1,44.0,0.1,115.46,98.61,74.6,115.46,115.46,1.0,1,0
sam-blease,2010,ND,MID,20.0,0,2,44.0,0.1,109.9,98.12,71.96,109.9,109.9,1.0,1,0
sam-blease,2011,ND,MID,21.0,5,3,44.0,0.0,109.95,93.96,67.8,109.95,104.89,0.88,1,0
sam-blease,2012,ND,MID,22.0,21,4,44.0,0.0,99.67,88.69,66.11,99.67,91.61,0.76,1,0
sam-blease,2013,ND,MID,23.0,31,5,33.2,0.0,89.38,74.44,48.65,89.38,75.94,0.67,1,0
sam-blease,2014,ND,MID,24.0,33,6,33.0,0.0,82.92,70.24,40.93,82.92,65.29,0.58,1,0
sam-blease,2015,ND,MID,25.0,34,7,19.0,0.0,81.3,65.26,33.81,81.3,58.5,0.52,1,0
luke-shuey,2008,ND,MID,18.0,0,0,103.43,2441.6,114.29,101.05,70.13,114.29,114.29,1.0,1,0
luke-shuey,2009,ND,MID,19.0,0,1,103.43,2783.4,114.29,99.67,68.1,114.29,114.29,1.0,1,0
luke-shuey,2010,ND,MID,20.0,6,2,103.43,3154.2,113.73,104.06,77.95,113.73,113.73,1.0,1,0
luke-shuey,2011,ND,MID,21.0,31,3,103.43,3121.1,121.88,114.95,99.22,121.88,119.45,0.893,1,0
luke-shuey,2012,ND,MID,22.0,52,4,103.43,2820.9,126.31,119.85,108.98,126.31,123.77,0.853,1,0
luke-shuey,2013,ND,MID,23.0,66,5,102.33,2830.8,122.45,115.04,104.47,122.45,117.88,0.746,1,0
luke-shuey,2014,ND,MID,24.0,86,6,102.33,2583.2,121.5,116.3,107.77,121.5,117.7,0.723,1,0
luke-shuey,2015,ND,MID,25.0,111,7,101.9,2419.4,116.25,112.29,102.12,116.25,111.37,0.655,1,0
luke-shuey,2016,ND,MID,26.0,134,8,101.9,1935.8,118.64,111.73,104.95,118.64,114.61,0.706,1,0
luke-shuey,2017,ND,MID,27.0,157,9,98.03,1599.5,109.34,105.89,99.25,109.34,105.48,0.617,1,0
luke-shuey,2018,ND,MID,28.0,177,10,96.17,1331.8,107.68,97.12,92.63,107.68,101.1,0.563,1,0
luke-shuey,2019,ND,MID,29.0,201,11,94.63,843.3,108.27,101.81,94.44,108.27,103.02,0.62,1,0
james-strauss,2008,ND,MID,18.0,0,0,50.17,0.0,114.29,99.52,70.9,114.29,114.29,1.0,1,0
james-strauss,2009,ND,MID,19.0,0,1,50.17,0.0,114.29,98.14,68.87,114.29,114.29,1.0,1,0
james-strauss,2010,ND,MID,20.0,2,2,50.17,0.0,106.12,95.45,65.54,106.12,106.12,1.0,1,0
james-strauss,2011,ND,MID,21.0,11,3,50.17,0.0,105.36,86.3,64.85,105.36,100.5,0.88,1,0
james-strauss,2012,ND,MID,22.0,18,4,49.05,0.0,95.51,83.53,55.63,95.51,85.94,0.76,1,0
james-strauss,2013,ND,MID,23.0,24,5,49.8,0.0,90.37,77.29,51.07,90.37,77.4,0.67,1,0
tom-swift,2008,ND,MID,18.0,0,0,53.37,0.2,114.29,100.4,69.86,114.29,114.29,1.0,1,0
tom-swift,2009,ND,MID,19.0,10,1,53.37,0.1,114.36,100.74,75.97,114.36,114.36,1.0,1,0
tom-swift,2010,ND,MID,20.0,23,2,50.75,0.0,109.83,101.26,78.64,109.83,109.83,1.0,1,0
tom-swift,2011,ND,MID,21.0,28,3,45.3,0.0,106.56,92.45,66.03,106.56,101.7,0.88,1,0
tom-swift,2012,ND,MID,22.0,34,4,45.3,0.0,94.98,82.91,53.76,94.98,85.09,0.76,1,0
hayden-ballantyne,2008,ND,SF,21.0,0,0,74.8,510.5,86.41,67.59,57.19,86.41,82.91,0.88,1,0
hayden-ballantyne,2009,ND,SF,22.0,8,1,74.8,581.7,77.83,64.1,49.37,77.83,71.0,0.76,1,0
hayden-ballantyne,2010,ND,SF,23.0,27,2,74.8,452.4,88.36,81.32,68.55,88.36,81.82,0.67,1,0
hayden-ballantyne,2011,ND,SF,24.0,44,3,73.73,383.0,86.04,83.11,69.72,86.04,79.18,0.58,1,0
hayden-ballantyne,2012,ND,SF,25.0,65,4,72.97,225.9,87.78,82.1,72.88,87.78,80.63,0.52,1,0
hayden-ballantyne,2013,ND,SF,26.0,86,5,67.8,171.5,84.66,79.79,70.52,84.66,77.03,0.46,1,0
hayden-ballantyne,2014,ND,SF,27.0,106,6,64.17,7.7,86.42,81.81,74.38,86.42,79.19,0.4,1,0
hayden-ballantyne,2015,ND,SF,28.0,121,7,56.73,5.0,76.5,69.02,61.19,76.5,67.31,0.4,1,0
hayden-ballantyne,2016,ND,SF,29.0,141,8,53.53,0.5,71.98,62.36,56.96,71.98,62.97,0.4,1,0
hayden-ballantyne,2017,ND,SF,30.0,151,9,50.5,0.2,68.89,61.57,52.32,68.89,58.95,0.4,1,0
hayden-ballantyne,2018,ND,SF,31.0,168,10,49.1,0.0,66.83,52.72,47.21,66.83,55.05,0.4,1,0
hayden-ballantyne,2019,ND,SF,32.0,171,11,46.7,0.0,66.81,52.37,46.29,66.81,54.5,0.4,1,0
jackson-trengove,2008,ND,KPD,18.0,0,0,73.33,424.8,95.11,89.0,66.61,95.11,95.11,1.0,1,0
jackson-trengove,2009,ND,KPD,19.0,0,1,73.33,484.2,95.11,88.05,65.69,95.11,95.11,1.0,1,0
jackson-trengove,2010,ND,KPD,20.0,19,2,73.33,550.9,91.57,85.36,75.08,91.57,91.57,1.0,1,0
jackson-trengove,2011,ND,KPD,21.0,41,3,73.33,414.7,99.35,92.14,80.4,99.35,97.07,0.88,1,0
jackson-trengove,2012,ND,KPD,22.0,61,4,71.93,359.4,93.26,87.58,76.7,93.26,89.28,0.76,1,0
jackson-trengove,2013,ND,KPD,23.0,78,5,71.3,407.9,83.94,78.85,70.05,83.94,79.35,0.67,1,0
jackson-trengove,2014,ND,KPD,24.0,98,6,71.3,387.7,79.76,75.91,69.31,79.76,75.37,0.58,1,0
jackson-trengove,2015,ND,KPD,25.0,113,7,70.83,437.8,74.35,69.89,64.35,74.35,69.55,0.52,1,0
jackson-trengove,2016,ND,KPD,26.0,134,8,70.83,262.2,82.5,78.34,71.07,82.5,76.33,0.46,1,0
jackson-trengove,2017,ND,KPD,27.0,153,9,67.2,297.7,76.76,70.63,66.33,76.76,70.5,0.4,1,0
jackson-trengove,2018,ND,KPD,28.0,169,10,69.45,56.7,80.19,73.54,69.22,80.19,73.61,0.4,1,0
jackson-trengove,2019,ND,KPD,29.0,185,11,65.2,8.7,76.68,69.73,63.48,76.68,68.76,0.4,1,0
david-zaharakis,2008,ND,MID,18.0,0,0,91.57,1427.8,111.65,100.23,65.94,111.65,111.65,1.0,1,0
david-zaharakis,2009,ND,MID,19.0,10,1,91.57,1627.6,116.06,100.92,71.71,116.06,116.06,1.0,1,0
david-zaharakis,2010,ND,MID,20.0,30,2,91.57,1849.0,114.22,107.62,87.28,114.22,114.22,1.0,1,0
david-zaharakis,2011,ND,MID,21.0,53,3,91.57,1506.2,119.74,112.48,99.93,119.74,117.45,0.884,1,0
david-zaharakis,2012,ND,MID,22.0,66,4,91.57,1138.1,118.41,113.18,98.78,118.41,114.06,0.778,1,0
david-zaharakis,2013,ND,MID,23.0,87,5,91.57,1068.4,114.2,108.56,95.46,114.2,108.2,0.68,1,0
david-zaharakis,2014,ND,MID,24.0,110,6,91.57,866.5,114.59,111.25,99.48,114.59,108.92,0.625,1,0
david-zaharakis,2015,ND,MID,25.0,126,7,90.73,931.8,105.53,98.2,84.63,105.53,95.49,0.52,1,0
david-zaharakis,2016,ND,MID,26.0,147,8,90.73,779.6,104.4,98.5,89.76,104.4,96.8,0.481,1,0
david-zaharakis,2017,ND,MID,27.0,170,9,88.07,484.2,107.22,99.06,92.14,107.22,99.46,0.486,1,0
david-zaharakis,2018,ND,MID,28.0,187,10,79.4,80.0,109.09,98.68,90.25,109.09,100.05,0.52,1,0
david-zaharakis,2019,ND,MID,29.0,207,11,61.07,1.5,100.09,86.99,79.73,100.09,87.88,0.4,1,0
nicholas-suban,2008,ND,SD,18.0,0,0,67.0,18.0,102.13,89.22,65.15,102.13,102.13,1.0,1,0
nicholas-suban,2009,ND,SD,19.0,22,1,67.0,20.3,109.46,95.52,73.4,109.46,109.46,1.0,1,0
nicholas-suban,2010,ND,SD,20.0,38,2,67.0,22.9,102.45,93.69,74.44,102.45,102.45,1.0,1,0
nicholas-suban,2011,ND,SD,21.0,48,3,67.0,25.9,100.5,87.19,71.11,100.5,96.97,0.88,1,0
nicholas-suban,2012,ND,SD,22.0,62,4,67.0,29.5,86.33,77.06,62.67,86.33,80.65,0.76,1,0
nicholas-suban,2013,ND,SD,23.0,84,5,67.0,10.0,93.73,87.07,75.23,93.73,87.62,0.67,1,0
nicholas-suban,2014,ND,SD,24.0,105,6,64.07,10.0,87.41,81.32,70.07,87.41,80.13,0.58,1,0
nicholas-suban,2015,ND,SD,25.0,129,7,62.97,1.6,82.19,74.87,65.2,82.19,74.04,0.52,1,0
nicholas-suban,2016,ND,SD,26.0,144,8,63.65,1.0,77.83,71.98,63.56,77.83,70.12,0.46,1,0
nicholas-suban,2017,ND,SD,27.0,156,9,64.2,0.0,76.57,69.52,62.7,76.57,68.25,0.4,1,0
jack-redden,2008,ND,MID,18.0,0,0,102.93,2240.4,110.31,97.02,64.3,110.31,110.31,1.0,1,0
jack-redden,2009,ND,MID,19.0,10,1,102.93,2553.9,113.97,100.92,72.12,113.97,113.97,1.0,1,0
jack-redden,2010,ND,MID,20.0,32,2,102.93,2865.6,115.67,110.9,91.85,115.67,115.67,1.0,1,0
jack-redden,2011,ND,MID,21.0,54,3,102.93,2538.2,125.22,121.09,107.87,125.22,123.78,0.917,1,0
jack-redden,2012,ND,MID,22.0,76,4,101.43,2167.7,125.81,121.96,113.73,125.81,124.08,0.857,1,0
jack-redden,2013,ND,MID,23.0,98,5,99.83,1880.8,125.79,117.28,109.09,125.79,122.15,0.782,1,0
jack-redden,2014,ND,MID,24.0,112,6,99.0,1409.9,124.26,117.99,110.52,124.26,120.82,0.75,1,0
jack-redden,2015,ND,MID,25.0,129,7,95.9,1087.4,120.0,112.75,105.46,120.0,115.06,0.661,1,0
jack-redden,2016,ND,MID,26.0,144,8,94.5,1238.5,92.79,87.58,72.87,92.79,82.03,0.46,1,0
jack-redden,2017,ND,MID,27.0,163,9,94.5,1308.8,100.36,90.84,76.49,100.36,86.04,0.4,1,0
jack-redden,2018,ND,MID,28.0,188,10,94.5,890.4,109.25,99.35,94.93,109.25,102.84,0.552,1,0
jack-redden,2019,ND,MID,29.0,211,11,91.9,632.9,105.58,95.21,90.74,105.58,98.22,0.504,1,0
jayden-post,2008,ND,KPF,19.0,0,0,48.83,1.1,88.47,77.03,57.65,88.47,88.47,1.0,1,0
jayden-post,2009,ND,KPF,20.0,7,1,48.83,1.2,90.27,81.42,58.49,90.27,90.27,1.0,1,0
jayden-post,2010,ND,KPF,21.0,14,2,46.03,1.3,87.24,80.38,57.52,87.24,83.67,0.88,1,0
jayden-post,2011,ND,KPF,22.0,22,3,50.7,1.3,78.64,68.45,54.92,78.64,72.95,0.76,1,0
jayden-post,2012,ND,KPF,23.0,30,4,53.6,0.0,80.51,70.61,53.52,80.51,71.6,0.67,1,0
samuel-wright,2008,ND,SD,18.0,0,0,73.53,176.6,101.24,87.96,65.68,101.24,101.24,1.0,1,0
samuel-wright,2009,ND,SD,19.0,4,1,73.53,200.8,99.37,85.92,67.24,99.37,99.37,1.0,1,0
samuel-wright,2010,ND,SD,20.0,24,2,73.53,228.0,98.25,88.25,69.14,98.25,98.25,1.0,1,0
samuel-wright,2011,ND,SD,21.0,32,3,73.53,256.3,100.84,87.38,72.06,100.84,97.38,0.88,1,0
samuel-wright,2012,ND,SD,22.0,53,4,73.53,148.0,101.29,92.06,78.03,101.29,95.71,0.76,1,0
samuel-wright,2013,ND,SD,23.0,69,5,71.27,168.6,91.48,81.48,69.51,91.48,84.23,0.67,1,0
samuel-wright,2014,ND,SD,24.0,84,6,71.27,113.1,87.46,80.89,73.14,87.46,81.45,0.58,1,0
samuel-wright,2015,ND,SD,25.0,108,7,68.6,2.8,98.53,89.31,82.82,98.53,90.99,0.52,1,0
samuel-wright,2016,ND,SD,26.0,116,8,63.4,2.5,85.9,81.05,73.82,85.9,79.38,0.46,1,0
samuel-wright,2017,ND,SD,27.0,116,9,65.6,2.9,85.39,77.08,69.41,85.39,75.8,0.4,1,0
samuel-wright,2018,ND,SD,28.0,132,10,65.6,0.0,79.84,71.87,64.42,79.84,70.59,0.4,1,0
samuel-wright,2019,ND,SD,29.0,136,11,52.2,0.0,75.47,63.6,52.42,75.47,61.64,0.4,1,0
shaun-mckernan,2008,ND,KPF,18.0,0,0,73.93,407.9,89.11,80.31,46.43,89.11,89.11,1.0,1,0
shaun-mckernan,2009,ND,KPF,19.0,1,1,73.93,465.0,89.11,82.61,59.08,89.11,89.11,1.0,1,0
shaun-mckernan,2010,ND,KPF,20.0,1,2,73.93,530.1,92.46,82.13,61.12,92.46,92.46,1.0,1,0
shaun-mckernan,2011,ND,KPF,21.0,17,3,73.93,603.3,94.06,80.58,64.51,94.06,90.51,0.88,1,0
shaun-mckernan,2012,ND,KPF,22.0,23,4,73.93,681.3,87.62,77.18,63.06,87.62,81.72,0.76,1,0
shaun-mckernan,2013,ND,KPF,23.0,32,5,73.93,731.0,87.86,79.63,65.96,87.86,80.63,0.67,1,0
shaun-mckernan,2014,ND,KPF,24.0,34,6,73.93,833.2,80.67,71.71,62.74,80.67,73.14,0.58,1,0
shaun-mckernan,2015,ND,KPF,25.0,43,7,73.93,416.6,97.74,87.06,74.97,97.74,87.7,0.559,1,0
shaun-mckernan,2016,ND,KPF,26.0,49,8,63.03,474.9,77.6,71.37,61.04,77.6,68.66,0.46,1,0
shaun-mckernan,2017,ND,KPF,27.0,52,9,61.3,301.3,83.21,74.7,62.45,83.21,70.76,0.4,1,0
shaun-mckernan,2018,ND,KPF,28.0,62,10,61.3,58.1,83.77,78.21,62.89,83.77,71.85,0.429,1,0
shaun-mckernan,2019,ND,KPF,29.0,78,11,55.05,0.2,77.85,69.89,59.26,77.85,66.7,0.4,1,0
dayne-beams,2008,ND,MID,18.0,0,0,117.03,3393.5,109.9,99.65,62.82,109.9,109.9,1.0,1,0
dayne-beams,2009,ND,MID,19.0,18,1,117.03,3848.2,121.6,117.25,89.22,121.6,121.6,1.0,1,0
dayne-beams,2010,ND,MID,20.0,43,2,117.03,4297.2,118.6,117.1,96.15,118.6,118.6,1.0,1,0
dayne-beams,2011,ND,MID,21.0,59,3,117.03,4435.3,120.77,119.9,101.81,120.77,118.74,0.893,1,0
dayne-beams,2012,ND,MID,22.0,83,4,117.03,3168.4,125.77,129.46,122.14,129.46,128.76,0.904,1,0
dayne-beams,2013,ND,MID,23.0,91,5,112.03,2843.8,125.87,127.49,117.66,127.49,126.19,0.868,1,0
dayne-beams,2014,ND,MID,24.0,110,6,110.53,1990.4,126.23,127.8,118.17,127.8,126.18,0.832,1,0
dayne-beams,2015,ND,MID,25.0,126,7,105.83,1132.1,126.35,125.25,116.63,126.35,124.48,0.808,1,0
dayne-beams,2016,ND,MID,26.0,128,8,95.13,1246.2,125.95,122.43,106.32,125.95,121.54,0.775,1,0
dayne-beams,2017,ND,MID,27.0,147,9,95.13,734.4,113.14,113.04,98.98,113.14,108.12,0.646,1,0
dayne-beams,2018,ND,MID,28.0,168,10,92.0,114.2,112.74,109.95,98.84,112.74,107.95,0.656,1,0
dayne-beams,2019,ND,MID,29.0,177,11,81.3,0.0,105.68,100.85,85.58,105.68,95.51,0.494,1,0
daniel-hannebery,2008,ND,MID,18.0,0,0,108.13,1925.9,107.55,95.74,63.21,107.55,107.55,1.0,1,0
daniel-hannebery,2009,ND,MID,19.0,7,1,108.13,2195.5,102.04,97.44,68.89,102.04,102.04,1.0,1,0
daniel-hannebery,2010,ND,MID,20.0,28,2,108.13,2393.7,114.11,111.94,93.25,114.11,114.11,1.0,1,0
daniel-hannebery,2011,ND,MID,21.0,52,3,108.13,2589.3,117.24,111.94,95.4,117.24,114.62,0.88,1,0
daniel-hannebery,2012,ND,MID,22.0,77,4,108.13,2712.2,117.05,112.04,98.64,117.05,112.67,0.762,1,0
daniel-hannebery,2013,ND,MID,23.0,101,5,108.13,2667.7,120.45,114.55,103.85,120.45,115.76,0.718,1,0
daniel-hannebery,2014,ND,MID,24.0,120,6,108.13,2417.0,121.83,116.88,110.12,121.83,118.35,0.702,1,0
daniel-hannebery,2015,ND,MID,25.0,144,7,107.33,1564.4,123.95,121.95,120.83,123.95,123.35,0.808,1,0
daniel-hannebery,2016,ND,MID,26.0,170,8,92.33,778.4,121.99,116.62,113.63,121.99,120.18,0.784,1,0
daniel-hannebery,2017,ND,MID,27.0,193,9,76.23,330.9,108.17,101.69,99.47,108.17,104.89,0.624,1,0
daniel-hannebery,2018,ND,MID,28.0,208,10,65.95,376.6,92.6,84.22,72.09,92.6,80.29,0.4,1,0
daniel-hannebery,2019,ND,MID,29.0,213,11,69.4,51.7,99.11,91.76,81.08,99.11,88.29,0.4,1,0
jordan-roughead,2008,ND,KPD,18.0,0,0,71.03,192.6,93.51,88.68,67.06,93.51,93.51,1.0,1,0
jordan-roughead,2009,ND,KPD,19.0,0,1,71.03,219.6,93.51,88.12,67.85,93.51,93.51,1.0,1,0
jordan-roughead,2010,ND,KPD,20.0,8,2,71.03,250.3,92.61,85.13,67.04,92.61,92.61,1.0,1,0
jordan-roughead,2011,ND,KPD,21.0,17,3,71.03,284.9,91.85,80.7,67.93,91.85,88.98,0.88,1,0
jordan-roughead,2012,ND,KPD,22.0,35,4,71.03,320.9,88.19,84.24,74.06,88.19,84.8,0.76,1,0
jordan-roughead,2013,ND,KPD,23.0,57,5,71.03,254.6,88.72,83.96,76.69,88.72,84.75,0.67,1,0
jordan-roughead,2014,ND,KPD,24.0,72,6,71.03,274.1,79.16,75.75,69.17,79.16,74.97,0.58,1,0
jordan-roughead,2015,ND,KPD,25.0,88,7,71.03,266.7,77.01,73.17,69.29,77.01,73.31,0.52,1,0
jordan-roughead,2016,ND,KPD,26.0,113,8,71.03,157.6,81.93,79.0,72.67,81.93,76.93,0.46,1,0
jordan-roughead,2017,ND,KPD,27.0,126,9,70.97,159.9,82.35,77.27,71.87,82.35,76.06,0.4,1,0
jordan-roughead,2018,ND,KPD,28.0,138,10,68.13,170.4,80.54,75.04,69.47,80.54,73.9,0.4,1,0
jordan-roughead,2019,ND,KPD,29.0,162,11,63.67,146.1,76.28,68.41,63.42,76.28,68.57,0.4,1,0
liam-jones,2008,ND,KPD,18.0,0,0,73.37,268.6,93.69,88.68,67.16,93.69,93.69,1.0,1,0
liam-jones,2009,ND,KPD,19.0,0,1,73.37,306.2,93.69,88.37,67.96,93.69,93.69,1.0,1,0
liam-jones,2010,ND,KPD,20.0,5,2,73.37,349.0,91.43,82.13,65.01,91.43,91.43,1.0,1,0
liam-jones,2011,ND,KPD,21.0,25,3,73.37,395.9,90.22,80.83,70.41,90.22,87.84,0.88,1,0
liam-jones,2012,ND,KPD,22.0,37,4,73.37,450.3,82.83,76.25,67.02,82.83,79.04,0.76,1,0
liam-jones,2013,ND,KPD,23.0,56,5,73.37,512.0,77.09,75.13,65.85,77.09,73.38,0.67,1,0
liam-jones,2014,ND,KPD,24.0,66,6,73.37,574.5,73.86,71.17,63.56,73.86,69.53,0.58,1,0
liam-jones,2015,ND,KPD,25.0,75,7,73.37,654.8,70.22,58.54,54.81,70.22,62.82,0.52,1,0
liam-jones,2016,ND,KPD,26.0,83,8,73.37,733.3,71.54,66.01,56.28,71.54,63.3,0.46,1,0
liam-jones,2017,ND,KPD,27.0,95,9,73.37,448.2,82.13,76.92,69.38,82.13,74.48,0.4,1,0
liam-jones,2018,ND,KPD,28.0,112,10,70.53,352.7,80.73,76.54,71.36,80.73,75.1,0.4,1,0
liam-jones,2019,ND,KPD,29.0,125,11,69.87,332.9,78.45,73.42,65.51,78.45,70.69,0.4,1,0
thomas-gillies,2008,ND,KPD,18.0,0,0,36.5,14.7,93.69,88.68,67.16,93.69,93.69,1.0,1,0
thomas-gillies,2009,ND,KPD,19.0,6,1,36.5,16.8,89.24,85.0,71.19,89.24,89.24,1.0,1,0
thomas-gillies,2010,ND,KPD,20.0,6,2,63.4,19.1,89.16,81.13,64.93,89.16,89.16,1.0,1,0
thomas-gillies,2011,ND,KPD,21.0,8,3,63.4,21.8,87.97,74.23,61.87,87.97,84.84,0.88,1,0
thomas-gillies,2012,ND,KPD,22.0,13,4,63.4,0.0,81.86,73.38,57.14,81.86,75.93,0.76,1,0
thomas-gillies,2013,ND,KPD,23.0,15,5,36.5,0.0,78.56,69.46,53.86,78.56,70.41,0.67,1,0
liam-shiels,2008,ND,MID,18.0,0,0,91.63,808.0,106.66,90.51,61.55,106.66,106.66,1.0,1,0
liam-shiels,2009,ND,MID,19.0,11,1,91.63,921.1,107.97,94.41,70.39,107.97,107.97,1.0,1,0
liam-shiels,2010,ND,MID,20.0,17,2,91.63,1050.0,102.07,90.49,65.36,102.07,102.07,1.0,1,0
liam-shiels,2011,ND,MID,21.0,42,3,91.63,851.0,118.06,109.45,98.34,118.06,115.87,0.889,1,0
liam-shiels,2012,ND,MID,22.0,64,4,91.1,959.4,110.95,103.1,89.86,110.95,105.89,0.76,1,0
liam-shiels,2013,ND,MID,23.0,81,5,91.1,1093.2,97.01,90.05,73.43,97.01,89.23,0.67,1,0
liam-shiels,2014,ND,MID,24.0,102,6,91.1,944.4,108.34,102.3,91.79,108.34,101.39,0.58,1,0
liam-shiels,2015,ND,MID,25.0,124,7,90.8,627.2,115.5,109.04,98.18,115.5,108.5,0.596,1,0
liam-shiels,2016,ND,MID,26.0,142,8,85.87,701.6,100.58,92.58,80.59,100.58,89.79,0.46,1,0
liam-shiels,2017,ND,MID,27.0,163,9,85.87,732.3,98.47,89.03,76.1,98.47,85.05,0.4,1,0
liam-shiels,2018,ND,MID,28.0,186,10,85.87,396.5,104.34,96.99,91.41,104.34,97.56,0.476,1,0
liam-shiels,2019,ND,MID,29.0,205,11,80.87,174.8,102.02,92.22,88.39,102.02,94.49,0.447,1,0
jamie-bennell,2008,ND,SF,18.0,0,0,54.0,0.2,88.87,81.87,55.76,88.87,88.87,1.0,1,0
jamie-bennell,2009,ND,SF,19.0,16,1,54.0,0.2,85.39,77.64,58.77,85.39,85.39,1.0,1,0
jamie-bennell,2010,ND,SF,20.0,35,2,53.63,0.2,86.98,77.65,61.71,86.98,86.98,1.0,1,0
jamie-bennell,2011,ND,SF,21.0,51,3,49.3,0.2,85.83,70.81,60.8,85.83,82.82,0.88,1,0
jamie-bennell,2012,ND,SF,22.0,57,4,43.5,0.2,73.18,60.49,49.82,73.18,67.58,0.76,1,0
jamie-bennell,2013,ND,SF,23.0,57,5,50.65,0.2,70.75,55.44,48.0,70.75,63.24,0.67,1,0
jamie-bennell,2014,ND,SF,24.0,76,6,50.65,0.0,75.15,70.17,59.76,75.15,68.68,0.58,1,0
jamie-bennell,2015,ND,SF,25.0,85,7,42.3,0.1,66.81,52.96,45.25,66.81,56.46,0.52,1,0
jamie-bennell,2016,ND,SF,26.0,87,8,56.0,0.0,66.06,57.27,47.6,66.06,56.09,0.46,1,0
ashley-smith,2008,ND,SD,18.0,0,0,62.63,4.3,100.43,86.9,61.77,100.43,100.43,1.0,1,0
ashley-smith,2009,ND,SD,19.0,0,1,62.63,4.9,100.43,86.65,63.21,100.43,100.43,1.0,1,0
ashley-smith,2010,ND,SD,20.0,8,2,62.63,1.6,100.29,86.86,64.98,100.29,100.29,1.0,1,0
ashley-smith,2011,ND,SD,21.0,26,3,60.7,0.6,101.99,90.93,72.88,101.99,98.5,0.88,1,0
ashley-smith,2012,ND,SD,22.0,31,4,58.8,0.3,94.28,84.01,65.66,94.28,87.41,0.76,1,0
ashley-smith,2013,ND,SD,23.0,43,5,58.8,0.0,90.29,80.9,67.22,90.29,82.68,0.67,1,0
ashley-smith,2014,ND,SD,24.0,45,6,41.5,0.0,82.38,74.4,59.91,82.38,72.94,0.58,1,0
zachary-clarke,2008,ND,RUCK,18.0,0,0,82.43,434.3,109.76,93.81,51.07,109.76,109.76,1.0,1,0
zachary-clarke,2009,ND,RUCK,19.0,5,1,82.43,495.1,109.76,94.6,65.17,109.76,109.76,1.0,1,0
zachary-clarke,2010,ND,RUCK,20.0,8,2,82.43,564.4,112.64,98.71,62.8,112.64,112.64,1.0,1,0
zachary-clarke,2011,ND,RUCK,21.0,21,3,82.43,419.6,121.25,105.2,93.04,121.25,117.87,0.88,1,0
zachary-clarke,2012,ND,RUCK,22.0,36,4,78.67,456.1,117.98,105.68,90.34,117.98,111.35,0.76,1,0
zachary-clarke,2013,ND,RUCK,23.0,53,5,76.43,95.8,122.69,114.61,98.74,122.69,115.66,0.707,1,0
zachary-clarke,2014,ND,RUCK,24.0,74,6,67.4,73.1,111.91,103.61,89.0,111.91,102.29,0.58,1,0
zachary-clarke,2015,ND,RUCK,25.0,88,7,60.37,2.5,103.36,96.64,74.39,103.36,89.45,0.52,1,0
zachary-clarke,2016,ND,RUCK,26.0,101,8,57.95,1.0,95.58,92.18,66.06,95.58,79.64,0.46,1,0
zachary-clarke,2017,ND,RUCK,27.0,101,9,63.4,1.1,96.25,88.09,63.86,96.25,76.81,0.4,1,0
zachary-clarke,2018,ND,RUCK,28.0,101,10,63.4,1.2,94.82,85.36,59.03,94.82,73.35,0.4,1,0
zachary-clarke,2019,ND,RUCK,29.0,110,11,63.4,0.0,95.73,80.59,56.94,95.73,72.45,0.4,1,0
matthew-broadbent,2008,ND,SD,18.0,0,0,84.4,451.2,100.89,89.07,61.33,100.89,100.89,1.0,1,0
matthew-broadbent,2009,ND,SD,19.0,3,1,84.4,513.8,102.23,90.84,64.67,102.23,102.23,1.0,1,0
matthew-broadbent,2010,ND,SD,20.0,14,2,84.4,580.4,102.57,93.72,72.13,102.57,102.57,1.0,1,0
matthew-broadbent,2011,ND,SD,21.0,33,3,84.4,660.8,102.27,93.18,72.82,102.27,98.74,0.88,1,0
matthew-broadbent,2012,ND,SD,22.0,55,4,84.4,537.5,109.46,105.46,91.58,109.46,105.17,0.76,1,0
matthew-broadbent,2013,ND,SD,23.0,79,5,82.9,503.5,106.85,102.11,90.81,106.85,101.55,0.67,1,0
matthew-broadbent,2014,ND,SD,24.0,104,6,82.73,436.7,106.22,100.31,89.25,106.22,99.09,0.58,1,0
matthew-broadbent,2015,ND,SD,25.0,125,7,79.3,266.2,101.44,97.2,90.03,101.44,95.96,0.52,1,0
matthew-broadbent,2016,ND,SD,26.0,146,8,74.5,15.4,98.78,95.48,88.39,98.78,93.4,0.482,1,0
matthew-broadbent,2017,ND,SD,27.0,161,9,69.05,8.0,95.25,86.16,78.29,95.25,85.08,0.4,1,0
matthew-broadbent,2018,ND,SD,28.0,161,10,69.2,9.1,91.96,84.68,72.42,91.96,80.24,0.4,1,0
matthew-broadbent,2019,ND,SD,29.0,171,11,69.2,0.0,83.12,75.97,65.04,83.12,72.27,0.4,1,0
steven-motlop,2008,ND,SF,18.0,0,0,84.9,839.8,89.32,84.64,55.02,89.32,89.32,1.0,1,0
steven-motlop,2009,ND,SF,19.0,0,1,84.9,957.3,89.32,84.62,57.86,89.32,89.32,1.0,1,0
steven-motlop,2010,ND,SF,20.0,1,2,84.9,1091.4,86.44,79.34,54.59,86.44,86.44,1.0,1,0
steven-motlop,2011,ND,SF,21.0,5,3,84.9,1244.1,91.01,77.38,55.11,91.01,86.7,0.88,1,0
steven-motlop,2012,ND,SF,22.0,27,4,84.9,1409.7,87.66,83.85,65.33,87.66,82.3,0.76,1,0
steven-motlop,2013,ND,SF,23.0,51,5,84.9,1157.6,102.35,97.41,82.74,102.35,96.35,0.694,1,0
steven-motlop,2014,ND,SF,24.0,68,6,82.5,1069.4,98.82,95.88,82.57,98.82,92.36,0.602,1,0
steven-motlop,2015,ND,SF,25.0,88,7,82.23,648.6,99.26,98.2,86.03,99.26,94.32,0.627,1,0
steven-motlop,2016,ND,SF,26.0,112,8,76.43,318.0,97.74,93.03,85.95,97.74,92.61,0.565,1,0
steven-motlop,2017,ND,SF,27.0,135,9,70.83,133.5,92.25,87.39,78.51,92.25,84.67,0.448,1,0
steven-motlop,2018,ND,SF,28.0,156,10,66.37,45.0,81.08,79.43,73.54,81.08,76.56,0.4,1,0
steven-motlop,2019,ND,SF,29.0,170,11,63.37,38.8,78.32,72.11,62.93,78.32,69.08,0.4,1,0
mitch-robinson,2008,ND,MID,19.0,0,0,92.8,1876.3,106.91,92.64,61.19,106.91,106.91,1.0,1,0
mitch-robinson,2009,ND,MID,20.0,10,1,92.8,2139.0,102.67,87.67,58.4,102.67,102.67,1.0,1,0
mitch-robinson,2010,ND,MID,21.0,26,2,92.8,2435.2,107.5,97.71,72.21,107.5,103.27,0.88,1,0
mitch-robinson,2011,ND,MID,22.0,49,3,92.8,2377.1,117.16,110.51,95.42,117.16,112.37,0.78,1,0
mitch-robinson,2012,ND,MID,23.0,67,4,92.8,2122.4,115.52,109.84,96.73,115.52,109.94,0.703,1,0
mitch-robinson,2013,ND,MID,24.0,88,5,92.8,2031.7,108.95,102.94,92.2,108.95,101.91,0.58,1,0
mitch-robinson,2014,ND,MID,25.0,100,6,92.8,1886.4,106.33,100.28,90.22,106.33,98.6,0.52,1,0
mitch-robinson,2015,ND,MID,26.0,121,7,92.8,1452.9,112.21,107.58,97.62,112.21,105.62,0.548,1,0
mitch-robinson,2016,ND,MID,27.0,142,8,90.23,1175.9,104.32,97.26,87.69,104.32,94.83,0.429,1,0
mitch-robinson,2017,ND,MID,28.0,149,9,89.3,1210.1,101.68,95.11,80.14,101.68,88.83,0.404,1,0
mitch-robinson,2018,ND,MID,29.0,168,10,87.2,713.0,104.02,96.7,89.3,104.02,96.52,0.491,1,0
mitch-robinson,2019,ND,MID,30.0,191,11,81.87,67.2,105.08,96.87,90.12,105.08,98.09,0.533,1,0
todd-banfield,2008,ND,SF,18.0,0,0,53.47,10.2,90.31,83.93,54.17,90.31,90.31,1.0,1,0
todd-banfield,2009,ND,SF,19.0,0,1,53.47,11.7,90.31,83.91,57.01,90.31,90.31,1.0,1,0
todd-banfield,2010,ND,SF,20.0,22,2,53.47,13.3,90.05,79.96,60.64,90.05,90.05,1.0,1,0
todd-banfield,2011,ND,SF,21.0,41,3,53.4,0.0,96.7,89.14,68.1,96.7,93.27,0.88,1,0
todd-banfield,2012,ND,SF,22.0,53,4,43.8,0.0,78.98,69.61,56.45,78.98,73.57,0.76,1,0
mitchell-banner,2008,ND,MID,18.0,0,0,62.35,1.0,106.38,92.13,58.42,106.38,106.38,1.0,1,0
mitchell-banner,2009,ND,MID,19.0,0,1,62.35,1.2,106.38,92.42,61.63,106.38,106.38,1.0,1,0
mitchell-banner,2010,ND,MID,20.0,10,2,62.35,0.3,107.91,94.56,65.9,107.91,107.91,1.0,1,0
mitchell-banner,2011,ND,MID,21.0,19,3,60.9,0.0,105.95,93.46,66.34,105.95,101.2,0.88,1,0
liam-anthony,2008,ND,MID,21.0,0,0,88.57,744.9,98.78,80.04,50.91,98.78,93.03,0.88,1,0
liam-anthony,2009,ND,MID,22.0,10,1,88.57,337.8,102.86,94.46,68.51,102.86,95.67,0.791,1,0
liam-anthony,2010,ND,MID,23.0,17,2,80.4,238.4,109.7,96.3,76.54,109.7,99.03,0.678,1,0
liam-anthony,2011,ND,MID,24.0,30,3,79.15,262.3,96.39,90.93,68.43,96.39,84.65,0.58,1,0
liam-anthony,2012,ND,MID,25.0,49,4,87.6,0.0,105.44,99.43,85.49,105.44,96.19,0.536,1,0
liam-anthony,2013,ND,MID,26.0,54,5,44.4,0.0,89.26,83.14,67.03,89.26,77.26,0.46,1,0
liam-anthony,2014,ND,MID,27.0,58,6,34.2,0.0,78.0,70.5,51.08,78.0,61.84,0.4,1,0
rory-sloane,2008,ND,MID,18.0,0,0,110.67,3108.1,106.38,91.38,58.38,106.38,106.38,1.0,1,0
rory-sloane,2009,ND,MID,19.0,1,1,110.67,3543.2,102.92,92.05,61.03,102.92,102.92,1.0,1,0
rory-sloane,2010,ND,MID,20.0,15,2,110.67,4003.2,114.6,107.09,83.5,114.6,114.6,1.0,1,0
rory-sloane,2011,ND,MID,21.0,33,3,110.67,4245.3,118.82,111.14,96.77,118.82,116.32,0.886,1,0
rory-sloane,2012,ND,MID,22.0,57,4,110.67,4082.8,126.84,121.35,111.63,126.84,124.63,0.855,1,0
rory-sloane,2013,ND,MID,23.0,78,5,110.67,3802.3,126.08,120.97,113.84,126.08,124.05,0.834,1,0
rory-sloane,2014,ND,MID,24.0,100,6,110.67,3121.8,126.38,123.79,117.76,126.38,124.93,0.832,1,0
rory-sloane,2015,ND,MID,25.0,118,7,107.23,2785.0,125.41,117.96,108.8,125.41,121.6,0.771,1,0
rory-sloane,2016,ND,MID,26.0,141,8,106.73,2279.9,124.53,119.13,109.92,124.53,120.98,0.757,1,0
rory-sloane,2017,ND,MID,27.0,165,9,103.0,1673.0,119.06,116.05,108.32,119.06,116.28,0.742,1,0
rory-sloane,2018,ND,MID,28.0,177,10,98.87,1356.4,112.31,105.78,100.03,112.31,107.9,0.641,1,0
rory-sloane,2019,ND,MID,29.0,199,11,95.93,814.8,111.84,105.15,98.15,111.84,107.16,0.659,1,0
jarrad-blight,2008,ND,SD,18.0,0,0,0.0,0.0,101.34,87.94,58.52,101.34,101.34,1.0,1,0
luke-rounds,2008,ND,MID,18.0,0,0,40.0,0.0,106.38,88.96,55.73,106.38,106.38,1.0,1,0
luke-rounds,2009,ND,MID,19.0,0,1,40.0,0.0,106.38,89.45,60.74,106.38,106.38,1.0,1,0
luke-rounds,2010,ND,MID,20.0,0,2,40.0,0.0,105.44,88.01,56.53,105.44,105.44,1.0,1,0
luke-rounds,2011,ND,MID,21.0,5,3,40.0,0.0,102.75,83.26,51.92,102.75,96.65,0.88,1,0
luke-rounds,2012,ND,MID,22.0,6,4,36.0,0.0,92.98,79.52,52.9,92.98,83.36,0.76,1,0
rhys-stanley,2008,ND,RUCK,18.0,0,0,91.33,874.9,109.43,94.71,50.45,109.43,109.43,1.0,1,0
rhys-stanley,2009,ND,RUCK,19.0,0,1,91.33,997.4,109.43,97.24,66.73,109.43,109.43,1.0,1,0
rhys-stanley,2010,ND,RUCK,20.0,7,2,91.33,1137.0,109.01,97.5,65.48,109.01,109.01,1.0,1,0
rhys-stanley,2011,ND,RUCK,21.0,9,3,91.33,1296.2,105.86,89.95,65.12,105.86,100.97,0.88,1,0
rhys-stanley,2012,ND,RUCK,22.0,21,4,91.33,1406.9,114.45,98.29,79.06,114.45,105.96,0.76,1,0
rhys-stanley,2013,ND,RUCK,23.0,39,5,91.33,1597.1,114.88,100.02,81.92,114.88,104.0,0.67,1,0
rhys-stanley,2014,ND,RUCK,24.0,58,6,91.33,1650.4,107.45,100.45,84.58,107.45,97.84,0.58,1,0
rhys-stanley,2015,ND,RUCK,25.0,66,7,91.33,1650.5,102.41,95.9,82.74,102.41,92.96,0.52,1,0
rhys-stanley,2016,ND,RUCK,26.0,87,8,91.33,1693.8,98.07,94.66,81.5,98.07,89.12,0.46,1,0
rhys-stanley,2017,ND,RUCK,27.0,100,9,91.33,1631.9,98.3,91.99,82.96,98.3,89.1,0.4,1,0
rhys-stanley,2018,ND,RUCK,28.0,115,10,91.33,1145.8,105.22,100.65,88.14,105.22,95.72,0.444,1,0
rhys-stanley,2019,ND,RUCK,29.0,133,11,90.4,996.2,103.47,98.4,89.15,103.47,95.63,0.452,1,0
nicholas-heyne,2008,ND,SF,18.0,0,0,23.7,0.0,90.25,78.35,50.4,90.25,90.25,1.0,1,0
nicholas-heyne,2009,ND,SF,19.0,0,1,23.7,0.0,90.25,80.86,55.05,90.25,90.25,1.0,1,0
nicholas-heyne,2010,ND,SF,20.0,3,2,23.7,0.0,87.4,72.29,52.4,87.4,87.4,1.0,1,0
taylor-hunt,2008,ND,SD,18.0,0,0,67.2,8.0,101.28,83.94,58.16,101.28,101.28,1.0,1,0
taylor-hunt,2009,ND,SD,19.0,0,1,67.2,9.1,101.28,86.23,61.93,101.28,101.28,1.0,1,0
taylor-hunt,2010,ND,SD,20.0,7,2,67.2,10.3,96.32,82.56,62.04,96.32,96.32,1.0,1,0
taylor-hunt,2011,ND,SD,21.0,20,3,67.2,11.7,97.73,82.91,63.88,97.73,93.67,0.88,1,0
taylor-hunt,2012,ND,SD,22.0,41,4,67.2,10.8,94.51,86.62,69.86,94.51,88.59,0.76,1,0
taylor-hunt,2013,ND,SD,23.0,56,5,65.6,12.3,85.26,80.32,65.04,85.26,78.59,0.67,1,0
taylor-hunt,2014,ND,SD,24.0,63,6,65.6,13.8,80.47,75.82,63.06,80.47,73.16,0.58,1,0
taylor-hunt,2015,ND,SD,25.0,86,7,68.4,10.0,85.67,78.29,68.85,85.67,77.59,0.52,1,0
taylor-hunt,2016,ND,SD,26.0,103,8,69.5,0.0,85.03,80.78,70.78,85.03,77.33,0.46,1,0
taylor-hunt,2017,ND,SD,27.0,105,9,39.0,0.0,80.84,75.14,66.47,80.84,72.21,0.4,1,0
jordan-lisle,2008,ND,KPD,18.0,0,0,70.1,195.6,95.01,83.36,59.62,95.01,95.01,1.0,1,0
jordan-lisle,2009,ND,KPD,19.0,0,1,70.1,223.0,95.01,85.35,62.83,95.01,95.01,1.0,1,0
jordan-lisle,2010,ND,KPD,20.0,0,2,70.1,254.2,93.08,82.64,61.33,93.08,93.08,1.0,1,0
jordan-lisle,2011,ND,KPD,21.0,5,3,70.1,288.5,90.86,76.35,57.78,90.86,86.89,0.88,1,0
jordan-lisle,2012,ND,KPD,22.0,10,4,70.1,176.3,82.82,75.08,59.2,82.82,77.15,0.76,1,0
jordan-lisle,2013,ND,KPD,23.0,18,5,70.1,33.0,89.25,79.72,67.39,89.25,82.03,0.67,1,0
jordan-lisle,2014,ND,KPD,24.0,23,6,63.4,0.0,83.28,76.53,67.15,83.28,76.51,0.58,1,0
neville-jetta,2008,ND,SD,18.0,0,0,66.53,6.0,99.43,83.45,58.04,99.43,99.43,1.0,1,0
neville-jetta,2009,ND,SD,19.0,15,1,66.53,6.8,101.51,90.24,68.65,101.51,101.51,1.0,1,0
neville-jetta,2010,ND,SD,20.0,21,2,66.53,6.9,100.04,89.34,67.76,100.04,100.04,1.0,1,0
neville-jetta,2011,ND,SD,21.0,30,3,66.53,6.7,102.67,91.27,68.94,102.67,98.62,0.88,1,0
neville-jetta,2012,ND,SD,22.0,36,4,65.73,7.7,90.31,81.89,61.71,90.31,83.45,0.76,1,0
neville-jetta,2013,ND,SD,23.0,41,5,65.73,8.7,84.77,75.33,56.92,84.77,75.58,0.67,1,0
neville-jetta,2014,ND,SD,24.0,57,6,65.73,9.4,86.19,78.92,65.24,86.19,77.39,0.58,1,0
neville-jetta,2015,ND,SD,25.0,73,7,64.37,10.7,78.1,72.88,61.19,78.1,69.98,0.52,1,0
neville-jetta,2016,ND,SD,26.0,94,8,64.37,5.9,80.66,75.18,68.38,80.66,74.03,0.46,1,0
neville-jetta,2017,ND,SD,27.0,116,9,58.47,0.2,82.33,76.11,69.03,82.33,74.35,0.4,1,0
neville-jetta,2018,ND,SD,28.0,141,10,47.47,0.0,75.26,67.25,56.76,75.26,64.16,0.4,1,0
neville-jetta,2019,ND,SD,29.0,148,11,42.3,0.0,71.44,64.04,53.61,71.44,60.74,0.4,1,0
jordan-jones,2008,ND,KPD,18.0,0,0,34.5,0.0,95.01,83.61,57.2,95.01,95.01,1.0,1,0
jordan-jones,2009,ND,KPD,19.0,0,1,34.5,0.0,95.01,85.6,62.52,95.01,95.01,1.0,1,0
jordan-jones,2010,ND,KPD,20.0,2,2,34.5,0.0,91.31,80.04,58.6,91.31,91.31,1.0,1,0
michael-walters,2008,ND,SF,18.0,0,0,95.83,1652.4,91.89,79.34,50.83,91.89,91.89,1.0,1,0
michael-walters,2009,ND,SF,19.0,3,1,95.83,1883.6,91.42,80.08,56.34,91.42,91.42,1.0,1,0
michael-walters,2010,ND,SF,20.0,8,2,95.83,2120.4,95.13,83.09,59.1,95.13,95.13,1.0,1,0
michael-walters,2011,ND,SF,21.0,11,3,95.83,2416.8,96.86,81.68,57.34,96.86,92.12,0.88,1,0
michael-walters,2012,ND,SF,22.0,21,4,95.83,2389.7,98.34,92.45,78.31,98.34,93.74,0.77,1,0
michael-walters,2013,ND,SF,23.0,42,5,95.83,2181.9,109.37,102.79,88.25,109.37,104.19,0.755,1,0
michael-walters,2014,ND,SF,24.0,50,6,95.83,2210.1,104.66,98.33,84.1,104.66,97.64,0.659,1,0
michael-walters,2015,ND,SF,25.0,72,7,95.83,2100.9,101.21,97.82,85.95,101.21,95.22,0.607,1,0
michael-walters,2016,ND,SF,26.0,94,8,95.83,2090.5,98.55,92.96,80.23,98.55,89.79,0.522,1,0
michael-walters,2017,ND,SF,27.0,111,9,95.83,1843.6,97.8,94.2,82.89,97.8,90.75,0.527,1,0
michael-walters,2018,ND,SF,28.0,129,10,95.83,1539.6,99.0,96.46,81.37,99.0,91.25,0.56,1,0
michael-walters,2019,ND,SF,29.0,151,11,89.23,826.0,105.71,105.36,91.82,105.71,101.54,0.7,1,0
jarrad-redden,2008,ND,RUCK,18.0,0,0,68.3,8.2,109.43,90.13,38.76,109.43,109.43,1.0,1,0
jarrad-redden,2009,ND,RUCK,19.0,0,1,68.3,9.3,109.43,93.2,60.51,109.43,109.43,1.0,1,0
jarrad-redden,2010,ND,RUCK,20.0,0,2,68.3,10.6,107.12,92.52,59.82,107.12,107.12,1.0,1,0
jarrad-redden,2011,ND,RUCK,21.0,0,3,68.3,12.1,110.54,92.84,65.68,110.54,105.15,0.88,1,0
jarrad-redden,2012,ND,RUCK,22.0,9,4,68.3,3.3,107.98,94.16,73.29,107.98,99.65,0.76,1,0
jarrad-redden,2013,ND,RUCK,23.0,15,5,67.0,0.0,112.65,95.13,73.94,112.65,99.88,0.67,1,0
jarrad-redden,2014,ND,RUCK,24.0,15,6,36.0,0.0,101.94,90.74,68.06,101.94,87.71,0.58,1,0
jarrad-redden,2015,ND,RUCK,25.0,16,7,36.0,0.0,95.21,89.52,59.93,95.21,78.28,0.52,1,0
michael-still,2008,ND,KPF,18.0,0,0,0.0,0.0,92.97,77.54,33.12,92.97,92.97,1.0,1,0
benjamin-bucovaz,2008,ND,SF,18.0,0,0,31.0,0.0,91.8,79.27,48.75,91.8,91.8,1.0,1,0
benjamin-bucovaz,2009,ND,SF,19.0,0,1,31.0,0.0,91.8,82.1,54.32,91.8,91.8,1.0,1,0
benjamin-bucovaz,2010,ND,SF,20.0,0,2,31.0,0.0,91.66,81.28,54.9,91.66,91.66,1.0,1,0
benjamin-bucovaz,2011,ND,SF,21.0,2,3,31.0,0.0,91.9,77.64,53.38,91.9,87.28,0.88,1,0
aaron-cornelius,2008,ND,KPF,18.0,0,0,48.2,11.6,92.44,76.86,29.75,92.44,92.44,1.0,1,0
aaron-cornelius,2009,ND,KPF,19.0,1,1,48.2,4.4,91.66,79.32,49.39,91.66,91.66,1.0,1,0
aaron-cornelius,2010,ND,KPF,20.0,6,2,48.2,0.7,92.47,80.37,54.73,92.47,92.47,1.0,1,0
aaron-cornelius,2011,ND,KPF,21.0,14,3,48.2,0.4,92.52,77.35,55.45,92.52,88.07,0.88,1,0
aaron-cornelius,2012,ND,KPF,22.0,22,4,47.9,0.0,85.12,75.65,56.27,85.12,78.2,0.76,1,0
aaron-cornelius,2013,ND,KPF,23.0,25,5,42.0,0.0,79.66,71.3,52.56,79.66,70.72,0.67,1,0
nathan-o-keefe,2008,ND,KPF,18.0,0,0,36.0,0.0,92.44,72.71,28.6,92.44,92.44,1.0,1,0
nathan-o-keefe,2009,ND,KPF,19.0,0,1,36.0,0.0,92.44,76.33,49.37,92.44,92.44,1.0,1,0
nathan-o-keefe,2010,ND,KPF,20.0,2,2,36.0,0.0,88.68,72.19,51.55,88.68,88.68,1.0,1,0
thomas-lee,2008,ND,KPF,18.0,0,0,61.0,14.7,92.44,72.51,30.44,92.44,92.44,1.0,1,0
thomas-lee,2009,ND,KPF,19.0,0,1,61.0,16.7,92.44,76.13,51.22,92.44,92.44,1.0,1,0
thomas-lee,2010,ND,KPF,20.0,0,2,61.0,19.1,91.51,74.78,55.05,91.51,91.51,1.0,1,0
thomas-lee,2011,ND,KPF,21.0,0,3,61.0,21.8,92.77,72.05,54.87,92.77,88.22,0.88,1,0
thomas-lee,2012,ND,KPF,22.0,0,4,61.0,24.8,85.22,70.46,55.99,85.22,78.2,0.76,1,0
thomas-lee,2013,ND,KPF,23.0,10,5,61.0,0.2,82.84,68.97,54.96,82.84,73.64,0.67,1,0
thomas-lee,2014,ND,KPF,24.0,13,6,47.8,0.1,79.23,67.13,53.23,79.23,68.31,0.58,1,0
thomas-lee,2015,ND,KPF,25.0,13,7,47.8,0.1,74.37,65.05,50.98,74.37,63.14,0.52,1,0
thomas-lee,2016,ND,KPF,26.0,17,8,47.8,0.0,70.38,60.25,42.95,70.38,55.57,0.46,1,0
campbell-heath,2008,ND,SD,18.0,0,0,56.5,0.1,96.11,81.65,40.42,96.11,96.11,1.0,1,0
campbell-heath,2009,ND,SD,19.0,0,1,56.5,0.1,96.11,85.02,56.17,96.11,96.11,1.0,1,0
campbell-heath,2010,ND,SD,20.0,2,2,56.5,0.1,91.59,80.08,55.11,91.59,91.59,1.0,1,0
campbell-heath,2011,ND,SD,21.0,2,3,56.5,0.1,94.6,79.42,54.99,94.6,89.84,0.88,1,0
campbell-heath,2012,ND,SD,22.0,2,4,56.5,0.1,84.03,75.94,55.06,84.03,77.08,0.76,1,0
campbell-heath,2013,ND,SD,23.0,14,5,56.5,0.0,85.88,74.66,58.86,85.88,76.96,0.67,1,0
alistair-smith,2008,ND,MID,18.0,0,0,40.3,0.0,103.33,80.72,42.18,103.33,103.33,1.0,1,0
alistair-smith,2009,ND,MID,19.0,0,1,40.3,0.0,103.33,84.26,57.22,103.33,103.33,1.0,1,0
alistair-smith,2010,ND,MID,20.0,0,2,40.3,0.0,101.87,85.78,55.1,101.87,101.87,1.0,1,0
alistair-smith,2011,ND,MID,21.0,3,3,40.3,0.0,102.61,83.33,53.92,102.61,96.76,0.88,1,0
luke-lowden,2008,ND,MID,18.0,0,0,82.0,27.8,103.33,83.59,39.84,103.33,103.33,1.0,1,0
luke-lowden,2009,ND,MID,19.0,0,1,82.0,31.7,103.33,87.13,57.3,103.33,103.33,1.0,1,0
luke-lowden,2010,ND,MID,20.0,0,2,82.0,36.1,101.87,85.78,55.1,101.87,101.87,1.0,1,0
luke-lowden,2011,ND,MID,21.0,0,3,82.0,41.1,98.55,84.4,57.47,98.55,93.62,0.88,1,0
luke-lowden,2012,ND,MID,22.0,0,4,82.0,46.9,96.47,83.96,61.85,96.47,88.16,0.76,1,0
luke-lowden,2013,ND,MID,23.0,0,5,82.0,53.5,96.18,85.77,66.32,96.18,86.32,0.67,1,0
luke-lowden,2014,ND,MID,24.0,1,6,82.0,0.0,94.85,87.5,65.92,94.85,82.7,0.58,1,0
rohan-bail,2008,ND,SF,20.0,0,0,72.87,63.7,83.43,65.3,52.34,83.43,83.43,1.0,1,0
rohan-bail,2009,ND,SF,21.0,1,1,72.87,72.6,79.48,60.87,42.87,79.48,75.09,0.88,1,0
rohan-bail,2010,ND,SF,22.0,10,2,72.87,53.7,82.03,69.73,55.26,82.03,75.61,0.76,1,0
rohan-bail,2011,ND,SF,23.0,18,3,68.8,2.1,89.24,80.08,65.14,89.24,81.29,0.67,1,0
rohan-bail,2012,ND,SF,24.0,36,4,57.3,1.8,82.08,76.64,67.47,82.08,75.94,0.58,1,0
rohan-bail,2013,ND,SF,25.0,44,5,49.27,2.1,75.83,66.99,59.98,75.83,68.22,0.52,1,0
rohan-bail,2014,ND,SF,26.0,65,6,52.35,0.0,72.15,67.44,62.26,72.15,66.81,0.46,1,0
rohan-bail,2015,ND,SF,27.0,71,7,38.3,0.0,67.54,63.39,54.26,67.54,59.57,0.4,1,0
rhys-o-keeffe,2008,ND,SF,18.0,0,0,35.0,0.0,88.24,78.57,39.69,88.24,88.24,1.0,1,0
rhys-o-keeffe,2009,ND,SF,19.0,0,1,35.0,0.0,88.24,80.42,53.48,88.24,88.24,1.0,1,0
rhys-o-keeffe,2010,ND,SF,20.0,0,2,35.0,0.0,86.72,75.48,53.29,86.72,86.72,1.0,1,0
rhys-o-keeffe,2011,ND,SF,21.0,1,3,35.0,0.0,90.19,75.49,53.52,90.19,85.79,0.88,1,0
rhys-o-keeffe,2012,ND,SF,22.0,3,4,35.0,0.0,80.83,70.51,49.32,80.83,73.27,0.76,1,0
glenn-dawson,2008,ND,SF,18.0,0,0,0.0,0.0,97.91,83.99,50.25,97.91,97.91,1.0,1,0
tyson-slattery,2008,ND,KPF,18.0,0,0,85.0,134.7,105.48,97.39,61.85,105.48,105.48,1.0,1,0
tyson-slattery,2009,ND,KPF,19.0,0,1,85.0,153.6,105.48,97.35,76.94,105.48,105.48,1.0,1,0
tyson-slattery,2010,ND,KPF,20.0,1,2,85.0,0.0,99.57,91.09,71.11,99.57,99.57,1.0,1,0
tim-ruffles,2008,ND,SF,18.0,0,0,35.3,0.0,97.91,83.99,50.25,97.91,97.91,1.0,1,0
tim-ruffles,2009,ND,SF,19.0,3,1,35.3,0.0,93.69,84.54,58.22,93.69,93.69,1.0,1,0
tim-ruffles,2010,ND,SF,20.0,5,2,15.5,0.0,87.9,72.27,55.97,87.9,87.9,1.0,1,0
bart-mcculloch,2008,ND,MID,18.0,0,0,0.0,0.0,112.82,94.9,52.22,112.82,112.82,1.0,1,0
warren-benjamin,2008,ND,RUCK,18.0,0,0,0.0,0.0,115.06,103.63,54.35,115.06,115.06,1.0,1,0
william-young,2008,ND,KPD,18.0,0,0,15.5,0.0,103.09,97.89,65.17,103.09,103.09,1.0,1,0
william-young,2009,ND,KPD,19.0,0,1,15.5,0.0,103.09,97.58,79.88,103.09,103.09,1.0,1,0
william-young,2010,ND,KPD,20.0,2,2,15.5,0.0,91.59,85.13,63.58,91.59,91.59,1.0,1,0
paul-cahill,2008,ND,SD,18.0,0,0,0.0,0.0,108.91,98.01,61.68,108.91,108.91,1.0,1,0
shane-savage,2008,ND,MID,18.0,0,0,86.67,418.9,112.82,94.9,52.22,112.82,112.82,1.0,1,0
shane-savage,2009,ND,MID,19.0,0,1,86.67,477.6,112.82,94.86,66.85,112.82,112.82,1.0,1,0
shane-savage,2010,ND,MID,20.0,0,2,86.67,544.4,103.9,91.12,61.06,103.9,103.9,1.0,1,0
shane-savage,2011,ND,MID,21.0,17,3,86.67,574.9,113.02,102.0,84.94,113.02,109.65,0.88,1,0
shane-savage,2012,ND,MID,22.0,38,4,86.67,655.3,97.55,89.28,67.01,97.55,90.22,0.76,1,0
shane-savage,2013,ND,MID,23.0,53,5,86.67,746.2,94.24,87.28,67.57,94.24,85.44,0.67,1,0
shane-savage,2014,ND,MID,24.0,67,6,86.67,845.0,93.46,89.22,72.33,93.46,84.58,0.58,1,0
shane-savage,2015,ND,MID,25.0,87,7,86.67,923.1,98.39,90.39,77.94,98.39,88.57,0.52,1,0
shane-savage,2016,ND,MID,26.0,108,8,86.67,846.8,103.43,94.75,82.43,103.43,92.09,0.46,1,0
shane-savage,2017,ND,MID,27.0,120,9,86.67,627.7,103.7,96.49,81.36,103.7,90.48,0.408,1,0
shane-savage,2018,ND,MID,28.0,138,10,86.4,336.1,104.88,97.94,89.39,104.88,96.42,0.454,1,0
shane-savage,2019,ND,MID,29.0,160,11,84.1,130.3,100.09,92.09,81.6,100.09,89.17,0.409,1,0
chris-hall,2008,ND,SD,18.0,0,0,0.0,0.0,108.91,98.01,61.68,108.91,108.91,1.0,1,0
caleb-tiller,2008,ND,MID,18.0,0,0,0.0,0.0,112.82,94.9,52.22,112.82,112.82,1.0,1,0
keiran-king,2008,ND,MID,18.0,0,0,0.0,0.0,112.82,94.9,52.22,112.82,112.82,1.0,1,0
liam-jurrah,2008,RD,SF,20.0,0,0,71.9,296.7,91.52,80.26,57.28,91.52,91.52,1.0,1,0
liam-jurrah,2009,RD,SF,21.0,9,1,71.9,188.1,96.52,82.28,62.39,96.52,92.43,0.88,1,0
liam-jurrah,2010,RD,SF,22.0,17,2,71.35,97.6,94.43,85.52,66.57,94.43,87.74,0.76,1,0
liam-jurrah,2011,RD,SF,23.0,35,3,70.9,0.0,90.96,85.45,68.83,90.96,83.65,0.67,1,0
liam-jurrah,2012,RD,SF,24.0,36,4,43.0,0.0,86.12,80.39,66.72,86.12,77.97,0.58,1,0
tom-rockliff,2008,RD,MID,18.0,0,0,118.77,4189.0,112.82,94.9,52.22,112.82,112.82,1.0,1,0
tom-rockliff,2009,RD,MID,19.0,1,1,118.77,4775.5,113.74,93.99,60.08,113.74,113.74,1.0,1,0
tom-rockliff,2010,RD,MID,20.0,20,2,118.77,4935.5,119.37,115.06,92.48,119.37,119.37,1.0,1,0
tom-rockliff,2011,RD,MID,21.0,40,3,118.77,4484.2,129.3,124.62,114.82,129.3,128.54,0.948,1,0
tom-rockliff,2012,RD,MID,22.0,62,4,117.47,4547.1,128.72,121.21,111.44,128.72,126.03,0.844,1,0
tom-rockliff,2013,RD,MID,23.0,83,5,117.47,3972.7,127.28,123.16,113.98,127.28,125.24,0.846,1,0
tom-rockliff,2014,RD,MID,24.0,101,6,116.23,2358.7,128.96,124.23,119.44,128.96,127.36,0.832,1,0
tom-rockliff,2015,RD,MID,25.0,117,7,106.27,1988.5,126.71,120.79,110.27,126.71,123.17,0.785,1,0
tom-rockliff,2016,RD,MID,26.0,134,8,104.4,1252.4,126.09,119.22,113.04,126.09,123.27,0.784,1,0
tom-rockliff,2017,RD,MID,27.0,154,9,97.8,885.3,111.9,108.25,100.22,111.9,107.3,0.606,1,0
tom-rockliff,2018,RD,MID,28.0,172,10,90.6,977.8,101.02,89.5,78.5,101.02,87.51,0.4,1,0
tom-rockliff,2019,RD,MID,29.0,190,11,98.55,715.7,103.59,96.71,88.25,103.59,95.38,0.465,1,0
jordie-mckenzie,2008,RD,MID,18.0,0,0,75.23,161.3,112.82,94.9,52.22,112.82,112.82,1.0,1,0
jordie-mckenzie,2009,RD,MID,19.0,3,1,75.23,183.8,112.82,94.86,65.12,112.82,112.82,1.0,1,0
jordie-mckenzie,2010,RD,MID,20.0,22,2,75.23,140.4,114.62,109.16,88.55,114.62,114.62,1.0,1,0
jordie-mckenzie,2011,RD,MID,21.0,37,3,68.53,1.8,118.68,110.39,90.99,118.68,115.36,0.88,1,0
jordie-mckenzie,2012,RD,MID,22.0,57,4,58.13,0.1,107.6,98.88,78.6,107.6,100.64,0.76,1,0
jordie-mckenzie,2013,RD,MID,23.0,69,5,54.35,0.0,93.49,87.55,67.25,93.49,84.83,0.67,1,0
jordie-mckenzie,2014,RD,MID,24.0,78,6,51.0,0.0,81.58,77.11,52.96,81.58,69.56,0.58,1,0
jordie-mckenzie,2015,RD,MID,25.0,79,7,14.0,0.0,80.86,74.66,47.16,80.86,64.69,0.52,1,0
liam-bedford,2008,RD,RUCK,20.0,0,0,0.0,0.0,110.94,99.7,72.41,110.94,110.94,1.0,1,0
casey-sibosado,2008,RD,KPF,18.0,0,0,52.0,0.4,105.48,97.39,61.85,105.48,105.48,1.0,1,0
casey-sibosado,2009,RD,KPF,19.0,0,1,52.0,0.4,105.48,97.35,76.94,105.48,105.48,1.0,1,0
casey-sibosado,2010,RD,KPF,20.0,0,2,52.0,0.5,99.57,90.39,71.26,99.57,99.57,1.0,1,0
casey-sibosado,2011,RD,KPF,21.0,1,3,52.0,0.0,97.44,85.5,62.95,97.44,93.3,0.88,1,0
wade-thompson,2008,RD,SF,20.0,0,0,35.0,0.0,91.52,80.26,57.28,91.52,91.52,1.0,1,0
wade-thompson,2009,RD,SF,21.0,2,1,35.0,0.0,89.32,74.97,53.17,89.32,84.98,0.88,1,0
bryce-carroll,2008,RD,KPD,18.0,0,0,0.0,0.0,103.09,97.89,65.17,103.09,103.09,1.0,1,0
jeff-garlett,2008,RD,SF,19.0,0,0,74.3,508.6,97.91,85.19,61.5,97.91,97.91,1.0,1,0
jeff-garlett,2009,RD,SF,20.0,10,1,74.3,579.7,86.52,72.88,54.76,86.52,86.52,1.0,1,0
jeff-garlett,2010,RD,SF,21.0,30,2,74.3,525.8,98.03,90.49,75.78,98.03,95.36,0.88,1,0
jeff-garlett,2011,RD,SF,22.0,54,3,74.3,419.2,95.29,90.44,76.71,95.29,90.83,0.76,1,0
jeff-garlett,2012,RD,SF,23.0,76,4,72.8,317.3,93.85,92.08,74.61,93.85,87.5,0.67,1,0
jeff-garlett,2013,RD,SF,24.0,98,5,71.47,130.1,93.95,89.51,78.82,93.95,87.59,0.58,1,0
jeff-garlett,2014,RD,SF,25.0,107,6,68.6,148.2,80.07,73.59,67.02,80.07,73.81,0.52,1,0
jeff-garlett,2015,RD,SF,26.0,129,7,68.6,118.3,78.97,76.05,68.09,78.97,73.09,0.46,1,0
jeff-garlett,2016,RD,SF,27.0,146,8,65.37,132.1,72.14,67.72,60.24,72.14,65.0,0.4,1,0
jeff-garlett,2017,RD,SF,28.0,167,9,63.4,68.1,77.51,72.86,65.74,77.51,70.45,0.4,1,0
jeff-garlett,2018,RD,SF,29.0,178,10,60.4,0.3,77.65,71.51,62.31,77.65,68.45,0.4,1,0
jeff-garlett,2019,RD,SF,30.0,185,11,51.7,0.0,70.47,61.86,53.73,70.47,60.43,0.4,1,0
daniel-murray,2008,RD,SD,18.0,0,0,0.0,0.0,108.91,98.01,61.68,108.91,108.91,1.0,1,0
robin-nahas,2008,RD,SF,21.0,0,0,75.23,500.3,89.88,75.0,55.43,89.88,85.74,0.88,1,0
robin-nahas,2009,RD,SF,22.0,19,1,75.23,487.8,90.96,83.24,66.56,90.96,85.11,0.76,1,0
robin-nahas,2010,RD,SF,23.0,33,2,73.63,549.2,84.06,78.2,64.63,84.06,77.65,0.67,1,0
robin-nahas,2011,RD,SF,24.0,55,3,73.63,106.2,100.08,95.37,80.83,100.08,93.14,0.639,1,0
robin-nahas,2012,RD,SF,25.0,77,4,65.93,27.7,92.2,86.57,76.78,92.2,84.79,0.52,1,0
robin-nahas,2013,RD,SF,26.0,83,5,58.47,31.5,78.94,73.87,66.38,78.94,72.16,0.46,1,0
robin-nahas,2014,RD,SF,27.0,91,6,58.47,14.2,76.82,71.61,63.94,76.82,69.09,0.4,1,0
robin-nahas,2015,RD,SF,28.0,108,7,55.4,0.1,73.11,68.72,58.61,73.11,64.41,0.4,1,0
robin-nahas,2016,RD,SF,29.0,116,8,47.6,0.0,68.06,63.36,53.62,68.06,59.39,0.4,1,0
marcus-white,2008,RD,SD,18.0,0,0,33.0,0.0,108.91,98.01,61.68,108.91,108.91,1.0,1,0
marcus-white,2009,RD,SD,19.0,0,1,33.0,0.0,108.91,97.97,76.77,108.91,108.91,1.0,1,0
marcus-white,2010,RD,SD,20.0,2,2,33.0,0.0,98.97,88.0,62.74,98.97,98.97,1.0,1,0
ricky-henderson,2008,RD,MID,20.0,0,0,87.87,523.8,103.87,89.07,57.78,103.87,103.87,1.0,1,0
ricky-henderson,2009,RD,MID,21.0,0,1,87.87,597.2,101.41,83.1,53.03,101.41,95.61,0.88,1,0
ricky-henderson,2010,RD,MID,22.0,12,2,87.87,677.5,98.39,84.7,55.19,98.39,88.02,0.76,1,0
ricky-henderson,2011,RD,MID,23.0,30,3,87.87,771.3,90.03,84.56,59.09,90.03,79.82,0.67,1,0
ricky-henderson,2012,RD,MID,24.0,42,4,87.87,872.3,85.04,79.58,60.22,85.04,74.62,0.58,1,0
ricky-henderson,2013,RD,MID,25.0,56,5,87.87,502.8,106.83,99.29,83.04,106.83,95.41,0.52,1,0
ricky-henderson,2014,RD,MID,26.0,64,6,85.17,572.8,88.07,84.98,69.43,88.07,78.0,0.46,1,0
ricky-henderson,2015,RD,MID,27.0,81,7,85.17,572.2,100.27,90.75,77.32,100.27,86.5,0.4,1,0
ricky-henderson,2016,RD,MID,28.0,90,8,85.17,567.2,96.22,87.48,73.36,96.22,82.5,0.4,1,0
ricky-henderson,2017,RD,MID,29.0,108,9,85.17,556.9,93.47,87.65,69.07,93.47,78.83,0.4,1,0
ricky-henderson,2018,RD,MID,30.0,130,10,82.97,444.6,98.66,88.72,77.92,98.66,86.22,0.4,1,0
ricky-henderson,2019,RD,MID,31.0,152,11,82.7,6.7,102.88,94.31,87.48,102.88,95.36,0.512,1,0
tristan-francis,2008,RD,MID,19.0,0,0,0.0,0.0,112.82,94.86,66.85,112.82,112.82,1.0,1,0
jamason-daniels,2008,RD,MID,18.0,0,0,0.0,0.0,112.82,94.9,52.22,112.82,112.82,1.0,1,0
adam-varcoe,2008,RD,SF,18.0,0,0,0.0,0.0,97.91,83.99,50.25,97.91,97.91,1.0,1,0
riley-milne,2008,RD,KPD,18.0,0,0,40.0,0.0,103.09,97.89,65.17,103.09,103.09,1.0,1,0
riley-milne,2009,RD,KPD,19.0,2,1,40.0,0.0,101.83,95.17,76.31,101.83,101.83,1.0,1,0
riley-milne,2010,RD,KPD,20.0,2,2,18.0,0.0,95.88,90.3,70.81,95.88,95.88,1.0,1,0
riley-milne,2011,RD,KPD,21.0,3,3,18.0,0.0,93.17,83.65,62.53,93.17,89.49,0.88,1,0
rhys-healey,2008,RD,SF,18.0,0,0,0.0,0.0,97.91,83.99,50.25,97.91,97.91,1.0,1,0
adam-cockie,2008,RD,KPF,19.0,0,0,0.0,0.0,105.48,97.35,76.94,105.48,105.48,1.0,1,0
matthew-deboer,2008,RD,MID,18.0,0,0,79.1,441.6,112.82,94.9,52.22,112.82,112.82,1.0,1,0
matthew-deboer,2009,RD,MID,19.0,17,1,79.1,503.2,113.85,100.79,76.7,113.85,113.85,1.0,1,0
matthew-deboer,2010,RD,MID,20.0,37,2,79.1,573.5,107.15,98.81,69.52,107.15,107.15,1.0,1,0
matthew-deboer,2011,RD,MID,21.0,53,3,79.1,579.8,109.97,101.66,78.32,109.97,106.17,0.88,1,0
matthew-deboer,2012,RD,MID,22.0,76,4,79.1,429.3,119.04,109.83,94.37,119.04,113.12,0.76,1,0
matthew-deboer,2013,RD,MID,23.0,101,5,74.73,336.0,108.11,99.85,83.71,108.11,100.06,0.67,1,0
matthew-deboer,2014,RD,MID,24.0,115,6,73.27,316.9,96.79,93.07,75.93,96.79,88.03,0.58,1,0
matthew-deboer,2015,RD,MID,25.0,134,7,72.17,360.2,80.75,76.33,58.53,80.75,70.08,0.52,1,0
matthew-deboer,2016,RD,MID,26.0,138,8,72.17,367.9,80.69,75.55,61.69,80.69,70.43,0.46,1,0
matthew-deboer,2017,RD,MID,27.0,153,9,72.17,391.3,83.75,76.31,64.3,83.75,72.08,0.4,1,0
matthew-deboer,2018,RD,MID,28.0,168,10,71.43,119.5,95.82,87.13,72.65,95.82,81.92,0.4,1,0
matthew-deboer,2019,RD,MID,29.0,187,11,65.9,1.2,87.36,79.47,68.98,87.36,76.33,0.4,1,0
thomas-german,2008,RD,MID,18.0,0,0,0.0,0.0,112.82,94.9,52.22,112.82,112.82,1.0,1,0
luke-stanton,2008,RD,RUCK,18.0,0,0,0.0,0.0,115.06,103.63,54.35,115.06,115.06,1.0,1,0
luke-delaney,2008,RD,SD,19.0,0,0,50.73,2.8,108.91,97.97,76.77,108.91,108.91,1.0,1,0
luke-delaney,2009,RD,SD,20.0,0,1,50.73,3.2,102.54,91.23,71.23,102.54,102.54,1.0,1,0
luke-delaney,2010,RD,SD,21.0,0,2,50.73,3.7,100.4,85.93,66.31,100.4,96.31,0.88,1,0
luke-delaney,2011,RD,SD,22.0,8,3,50.73,2.0,89.11,78.67,55.72,89.11,81.1,0.76,1,0
luke-delaney,2012,RD,SD,23.0,21,4,47.03,1.3,85.62,77.17,60.01,85.62,77.17,0.67,1,0
luke-delaney,2013,RD,SD,24.0,26,5,44.55,0.2,80.32,73.12,58.77,80.32,71.27,0.58,1,0
luke-delaney,2014,RD,SD,25.0,48,6,44.55,0.1,70.82,63.71,48.95,70.82,60.33,0.52,1,0
luke-delaney,2015,RD,SD,26.0,59,7,45.4,0.0,68.31,61.37,46.97,68.31,56.79,0.46,1,0
luke-delaney,2016,RD,SD,27.0,63,8,44.8,0.0,65.0,58.78,43.27,65.0,51.96,0.4,1,0
jarryd-blair,2008,RD,SF,18.0,0,0,80.43,754.7,97.91,83.99,50.25,97.91,97.91,1.0,1,0
jarryd-blair,2009,RD,SF,19.0,0,1,80.43,860.4,97.91,85.19,61.5,97.91,97.91,1.0,1,0
jarryd-blair,2010,RD,SF,20.0,12,2,80.43,950.3,100.54,93.56,76.06,100.54,100.54,1.0,1,0
jarryd-blair,2011,RD,SF,21.0,36,3,80.43,1057.5,99.66,93.36,78.28,99.66,97.09,0.88,1,0
jarryd-blair,2012,RD,SF,22.0,59,4,80.43,649.1,110.61,101.14,90.61,110.61,106.77,0.808,1,0
jarryd-blair,2013,RD,SF,23.0,81,5,76.23,481.7,104.21,96.87,86.02,104.21,98.8,0.703,1,0
jarryd-blair,2014,RD,SF,24.0,102,6,74.27,293.5,99.74,95.66,82.21,99.74,92.85,0.607,1,0
jarryd-blair,2015,RD,SF,25.0,122,7,68.6,126.5,93.6,87.22,80.3,93.6,87.37,0.532,1,0
jarryd-blair,2016,RD,SF,26.0,143,8,65.4,30.9,84.35,79.61,75.24,84.35,79.43,0.46,1,0
jarryd-blair,2017,RD,SF,27.0,155,9,59.8,29.7,77.78,73.86,66.62,77.78,71.09,0.4,1,0
jarryd-blair,2018,RD,SF,28.0,157,10,69.0,0.0,77.64,72.24,63.24,77.64,69.0,0.4,1,0
taylor-gilchrist,2008,RD,KPD,18.0,0,0,0.0,0.0,103.09,97.89,65.17,103.09,103.09,1.0,1,0
tom-simpkin,2008,RD,MID,18.0,0,0,55.8,0.3,112.82,94.9,52.22,112.82,112.82,1.0,1,0
tom-simpkin,2009,RD,MID,19.0,0,1,55.8,0.3,112.82,94.86,66.85,112.82,112.82,1.0,1,0
tom-simpkin,2010,RD,MID,20.0,0,2,55.8,0.4,103.9,91.12,61.06,103.9,103.9,1.0,1,0
tom-simpkin,2011,RD,MID,21.0,2,3,55.8,0.1,104.69,91.17,63.02,104.69,99.68,0.88,1,0
tom-simpkin,2012,RD,MID,22.0,21,4,55.8,0.0,99.02,89.15,61.25,99.02,89.95,0.76,1,0
tom-simpkin,2013,RD,MID,23.0,26,5,47.6,0.0,89.24,81.29,54.98,89.24,77.93,0.67,1,0
tom-simpkin,2014,RD,MID,24.0,31,6,42.4,0.0,82.47,76.5,45.5,82.47,66.94,0.58,1,0
liam-picken,2008,RD,SD,22.0,0,0,87.27,403.6,92.12,80.19,62.89,92.12,85.1,0.76,1,0
liam-picken,2009,RD,SD,23.0,23,1,87.27,459.7,90.53,82.76,66.5,90.53,82.6,0.67,1,0
liam-picken,2010,RD,SD,24.0,43,2,87.27,522.8,86.17,80.56,68.19,86.17,78.62,0.58,1,0
liam-picken,2011,RD,SD,25.0,65,3,87.27,594.7,83.96,76.6,67.47,83.96,76.05,0.52,1,0
liam-picken,2012,RD,SD,26.0,87,4,87.27,660.9,93.9,88.92,75.14,93.9,83.77,0.46,1,0
liam-picken,2013,RD,SD,27.0,107,5,87.27,752.7,86.87,78.37,69.66,86.87,76.54,0.4,1,0
liam-picken,2014,RD,SD,28.0,129,6,87.27,843.8,88.04,80.55,69.52,88.04,76.93,0.4,1,0
liam-picken,2015,RD,SD,29.0,150,7,87.27,286.9,101.64,99.08,93.11,101.64,97.23,0.483,1,0
liam-picken,2016,RD,SD,30.0,176,8,81.3,30.8,100.15,95.41,92.88,100.15,96.33,0.475,1,0
liam-picken,2017,RD,SD,31.0,198,9,75.1,0.0,92.96,85.84,78.52,92.96,84.3,0.4,1,0
bryn-weadon,2008,RD,SD,19.0,0,0,0.0,0.0,108.91,97.97,76.77,108.91,108.91,1.0,1,0
haydn-kiel,2008,RD,SD,20.0,0,0,0.0,0.0,102.54,91.23,71.23,102.54,102.54,1.0,1,0
daniel-hughes,2008,RD,MID,22.0,0,0,0.0,0.0,91.67,78.06,49.36,91.67,81.51,0.76,1,0
hamish-shepheard,2008,RD,MID,18.0,0,0,0.0,0.0,112.82,94.9,52.22,112.82,112.82,1.0,1,0
daniel-stewart,2008,RD,KPF,20.0,0,0,48.87,2.6,99.57,90.39,71.26,99.57,99.57,1.0,1,0
daniel-stewart,2009,RD,KPF,21.0,0,1,48.87,3.0,97.44,85.05,66.34,97.44,93.71,0.88,1,0
daniel-stewart,2010,RD,KPF,22.0,11,2,48.87,2.1,90.74,77.15,58.01,90.74,82.88,0.76,1,0
daniel-stewart,2011,RD,KPF,23.0,23,3,47.55,2.3,83.55,74.83,56.92,83.55,74.76,0.67,1,0
daniel-stewart,2012,RD,KPF,24.0,35,4,53.4,0.0,78.22,75.42,56.93,78.22,69.28,0.58,1,0
daniel-stewart,2013,RD,KPF,25.0,36,5,23.0,0.0,75.98,71.76,52.47,75.98,64.7,0.52,1,0
christian-bock,2008,RD,RUCK,18.0,0,0,0.0,0.0,115.06,103.63,54.35,115.06,115.06,1.0,1,0
andrew-browne-1,2008,RD,RUCK,18.0,0,0,61.9,0.5,115.06,103.63,54.35,115.06,115.06,1.0,1,0
andrew-browne-1,2009,RD,RUCK,19.0,0,1,61.9,0.6,115.06,104.01,74.36,115.06,115.06,1.0,1,0
andrew-browne-1,2010,RD,RUCK,20.0,4,2,61.9,0.7,112.51,98.52,66.62,112.51,112.51,1.0,1,0
andrew-browne-1,2011,RD,RUCK,21.0,11,3,61.9,0.0,112.76,95.02,71.5,112.76,107.8,0.88,1,0
benjamin-speight,2008,RD,SF,18.0,0,0,48.0,0.0,97.91,83.99,50.25,97.91,97.91,1.0,1,0
benjamin-speight,2009,RD,SF,19.0,0,1,48.0,0.0,97.91,85.19,61.5,97.91,97.91,1.0,1,0
benjamin-speight,2010,RD,SF,20.0,2,2,48.0,0.0,91.52,81.01,57.31,91.52,91.52,1.0,1,0
benjamin-speight,2011,RD,SF,21.0,10,3,48.0,0.0,88.1,73.94,52.77,88.1,83.86,0.88,1,0
johnny-bennell,2008,RD,KPF,18.0,0,0,0.0,0.0,105.48,97.39,61.85,105.48,105.48,1.0,1,0
tom-allwright,2008,RD,MID,18.0,0,0,0.0,0.0,112.82,94.9,52.22,112.82,112.82,1.0,1,0
luke-breust,2008,RD,SF,18.0,0,0,88.57,1503.2,97.91,83.99,50.25,97.91,97.91,1.0,1,0
luke-breust,2009,RD,SF,19.0,0,1,88.57,1713.6,97.91,85.19,61.5,97.91,97.91,1.0,1,0
luke-breust,2010,RD,SF,20.0,0,2,88.57,1953.6,92.12,82.31,59.64,92.12,92.12,1.0,1,0
luke-breust,2011,RD,SF,21.0,16,3,88.57,2157.9,97.22,88.92,72.33,97.22,94.23,0.88,1,0
luke-breust,2012,RD,SF,22.0,37,4,88.57,1957.1,111.8,102.1,84.53,111.8,106.37,0.801,1,0
luke-breust,2013,RD,SF,23.0,59,5,87.57,1815.3,107.97,98.65,89.2,107.97,102.86,0.728,1,0
luke-breust,2014,RD,SF,24.0,81,6,87.57,1589.0,103.25,98.69,88.11,103.25,98.24,0.669,1,0
luke-breust,2015,RD,SF,25.0,102,7,86.8,1395.7,99.82,95.85,87.14,99.82,94.89,0.611,1,0
luke-breust,2016,RD,SF,26.0,124,8,86.43,1172.5,97.73,92.24,86.13,97.73,92.62,0.559,1,0
luke-breust,2017,RD,SF,27.0,145,9,84.53,1217.0,88.97,83.07,76.11,88.97,81.35,0.408,1,0
luke-breust,2018,RD,SF,28.0,167,10,84.53,619.2,97.89,95.71,86.15,97.89,93.04,0.587,1,0
luke-breust,2019,RD,SF,29.0,189,11,76.57,444.9,91.77,86.0,77.99,91.77,84.66,0.484,1,0
clancee-pearce,2008,RD,MID,18.0,0,0,79.6,403.5,112.82,94.9,52.22,112.82,112.82,1.0,1,0
clancee-pearce,2009,RD,MID,19.0,8,1,79.6,459.8,111.71,98.25,68.03,111.71,111.71,1.0,1,0
clancee-pearce,2010,RD,MID,20.0,14,2,79.6,524.1,105.49,93.89,63.41,105.49,105.49,1.0,1,0
clancee-pearce,2011,RD,MID,21.0,26,3,79.6,596.7,107.26,95.97,67.64,107.26,102.5,0.88,1,0
clancee-pearce,2012,RD,MID,22.0,50,4,79.6,58.9,118.78,112.02,94.53,118.78,113.36,0.776,1,0
clancee-pearce,2013,RD,MID,23.0,69,5,66.93,37.4,111.39,104.91,85.1,111.39,102.71,0.67,1,0
clancee-pearce,2014,RD,MID,24.0,78,6,63.15,42.6,87.29,82.32,66.98,87.29,78.76,0.58,1,0
clancee-pearce,2015,RD,MID,25.0,96,7,74.4,1.6,98.39,90.39,77.97,98.39,88.59,0.52,1,0
clancee-pearce,2016,RD,MID,26.0,100,8,65.2,0.0,89.62,85.46,70.95,89.62,79.54,0.46,1,0
matthew-martin,2008,RD,RUCK,18.0,0,0,0.0,0.0,115.06,103.63,54.35,115.06,115.06,1.0,1,0
kade-klemke,2008,RD,KPD,18.0,0,0,0.0,0.0,103.09,97.89,65.17,103.09,103.09,1.0,1,0
alroy-gilligan,2008,RD,SD,18.0,0,0,0.0,0.0,108.91,98.01,61.68,108.91,108.91,1.0,1,0
steve-gaertner,2008,RD,SD,19.0,0,0,0.0,0.0,108.91,97.97,76.77,108.91,108.91,1.0,1,0
jay-van-berlo,2008,RD,SD,20.0,0,0,52.9,0.1,102.54,91.23,71.23,102.54,102.54,1.0,1,0
jay-van-berlo,2009,RD,SD,21.0,4,1,52.9,0.1,98.31,83.9,60.33,98.31,93.75,0.88,1,0
jay-van-berlo,2010,RD,SD,22.0,22,2,52.9,0.2,89.59,78.51,56.82,89.59,81.73,0.76,1,0
jay-van-berlo,2011,RD,SD,23.0,30,3,59.1,0.0,86.3,79.37,61.51,86.3,78.12,0.67,1,0
jay-van-berlo,2012,RD,SD,24.0,32,4,20.5,0.0,79.84,73.21,51.6,79.84,67.98,0.58,1,0
jesse-laurie,2008,RD,MID,18.0,0,0,0.0,0.0,112.82,94.9,52.22,112.82,112.82,1.0,1,0
adam-spackman,2008,RD,MID,19.0,0,0,0.0,0.0,112.82,94.86,66.85,112.82,112.82,1.0,1,0
ross-tungatulum,2008,RD,SF,18.0,0,0,0.0,0.0,97.91,83.99,50.25,97.91,97.91,1.0,1,0
greg-broughton,2008,RD,SD,22.0,0,0,96.73,1647.7,92.12,80.19,62.89,92.12,85.1,0.76,1,0
greg-broughton,2009,RD,SD,23.0,15,1,96.73,1217.5,111.47,102.7,90.99,111.47,105.99,0.732,1,0
greg-broughton,2010,RD,SD,24.0,32,2,91.37,721.4,118.23,111.12,95.69,118.23,112.38,0.74,1,0
greg-broughton,2011,RD,SD,25.0,53,3,83.6,333.6,115.68,109.49,96.59,115.68,109.04,0.652,1,0
greg-broughton,2012,RD,SD,26.0,68,4,76.73,167.0,106.69,100.33,91.52,106.69,99.48,0.524,1,0
greg-broughton,2013,RD,SD,27.0,85,5,73.8,55.3,98.72,90.54,80.37,98.72,87.71,0.4,1,0
greg-broughton,2014,RD,SD,28.0,105,6,75.6,0.0,94.56,90.58,80.19,94.56,85.94,0.4,1,0
greg-broughton,2015,RD,SD,29.0,110,7,36.2,0.0,81.93,75.4,63.62,81.93,70.94,0.4,1,0
samuel-mcgarry,2008,RD,SF,18.0,0,0,0.0,0.0,97.91,83.99,50.25,97.91,97.91,1.0,1,0
chris-ogle,2008,PDS,SF,18.0,0,0,0.0,0.0,97.91,83.99,50.25,97.91,97.91,1.0,0,1
ranga-ediriwickrama,2008,PDS,SF,18.0,0,0,0.0,0.0,97.91,83.99,50.25,97.91,97.91,1.0,0,1
scott-reed,2008,PDS,KPF,18.0,0,0,0.0,0.0,105.48,97.39,61.85,105.48,105.48,1.0,0,1
blake-mcgrath,2008,PDS,MID,18.0,0,0,0.0,0.0,112.82,94.9,52.22,112.82,112.82,1.0,0,1
william-sierakowski,2008,PDS,KPD,18.0,0,0,36.3,0.0,103.09,97.89,65.17,103.09,103.09,1.0,0,1
william-sierakowski,2009,PDS,KPD,19.0,0,1,36.3,0.0,103.09,97.58,79.88,103.09,103.09,1.0,0,1
william-sierakowski,2010,PDS,KPD,20.0,0,2,36.3,0.0,97.65,90.86,74.34,97.65,97.65,1.0,0,1
william-sierakowski,2011,PDS,KPD,21.0,0,3,36.3,0.0,98.07,84.5,69.42,98.07,94.64,0.88,0,1
william-sierakowski,2012,PDS,KPD,22.0,0,4,36.3,0.0,91.29,79.48,65.74,91.29,85.16,0.76,0,1
william-sierakowski,2013,PDS,KPD,23.0,7,5,36.3,0.0,77.76,68.37,50.2,77.76,68.67,0.67,0,1
michael-quinn,2008,IRE,SD,18.0,0,0,50.6,0.0,108.91,98.01,61.68,108.91,108.91,1.0,0,1
michael-quinn,2009,IRE,SD,19.0,5,1,50.6,0.0,104.61,94.36,71.99,104.61,104.61,1.0,0,1
michael-quinn,2010,IRE,SD,20.0,7,2,15.0,0.0,99.81,86.06,60.2,99.81,99.81,1.0,0,1
kyle-coney,2008,IRE,SD,18.0,0,0,0.0,0.0,108.91,98.01,61.68,108.91,108.91,1.0,0,1
conor-meredith,2008,IRE,SD,19.0,0,0,0.0,0.0,108.91,97.97,76.77,108.91,108.91,1.0,0,1
brian-donnelly,2008,IRE,MID,20.0,0,0,0.0,0.0,103.87,89.07,57.78,103.87,103.87,1.0,0,1
mike-pyke,2008,UNR,RUCK,24.0,0,0,78.83,206.7,100.49,88.22,61.3,100.49,84.03,0.58,0,1
mike-pyke,2009,UNR,RUCK,25.0,8,1,78.83,235.6,94.49,87.87,46.84,94.49,71.62,0.52,0,1
mike-pyke,2010,UNR,RUCK,26.0,26,2,78.83,268.3,94.96,90.49,63.64,94.96,78.05,0.46,0,1
mike-pyke,2011,UNR,RUCK,27.0,28,3,78.83,305.9,93.41,83.14,59.18,93.41,72.87,0.4,0,1
mike-pyke,2012,UNR,RUCK,28.0,46,4,78.83,308.6,96.21,87.28,73.2,96.21,82.4,0.4,0,1
mike-pyke,2013,UNR,RUCK,29.0,71,5,74.8,82.7,104.12,95.22,80.63,104.12,90.27,0.41,0,1
mike-pyke,2014,UNR,RUCK,30.0,90,6,69.75,0.8,101.83,93.67,83.61,101.83,90.9,0.4,0,1
mike-pyke,2015,UNR,RUCK,31.0,110,7,61.9,0.0,98.79,83.78,66.21,98.79,79.24,0.4,0,1
lachlan-keeffe,2008,UNR,KPD,18.0,0,0,65.53,74.3,103.09,97.89,65.17,103.09,103.09,1.0,0,1
lachlan-keeffe,2009,UNR,KPD,19.0,0,1,65.53,84.7,103.09,97.58,79.88,103.09,103.09,1.0,0,1
lachlan-keeffe,2010,UNR,KPD,20.0,0,2,65.53,96.6,97.65,90.86,74.34,97.65,97.65,1.0,0,1
lachlan-keeffe,2011,UNR,KPD,21.0,5,3,65.53,110.1,91.27,81.31,61.12,91.27,87.66,0.88,0,1
lachlan-keeffe,2012,UNR,KPD,22.0,14,4,65.53,119.2,86.54,74.98,60.85,86.54,80.37,0.76,0,1
lachlan-keeffe,2013,UNR,KPD,23.0,22,5,65.53,98.0,84.15,75.41,64.14,84.15,77.55,0.67,0,1
lachlan-keeffe,2014,UNR,KPD,24.0,40,6,64.7,90.7,80.04,76.01,65.22,80.04,73.82,0.58,0,1
lachlan-keeffe,2015,UNR,KPD,25.0,40,7,60.73,103.4,77.58,71.0,61.63,77.58,69.92,0.52,0,1
lachlan-keeffe,2016,UNR,KPD,26.0,40,8,60.73,117.9,73.02,68.01,58.28,73.02,65.06,0.46,0,1
lachlan-keeffe,2017,UNR,KPD,27.0,40,9,60.73,134.4,71.73,65.41,54.81,71.73,61.58,0.4,0,1
lachlan-keeffe,2018,UNR,KPD,28.0,48,10,60.73,153.2,63.49,53.75,38.64,63.49,48.58,0.4,0,1
lachlan-keeffe,2019,UNR,KPD,29.0,58,11,60.73,174.2,66.85,60.09,45.13,66.85,53.81,0.4,0,1
matthew-kreuzer,2007,ND,RUCK,18.0,0,0,101.38,1395.6,117.68,108.75,99.96,117.68,117.68,1.0,1,0
matthew-kreuzer,2008,ND,RUCK,19.0,20,1,101.38,1590.5,115.59,109.37,99.78,115.59,115.59,1.0,1,0
matthew-kreuzer,2009,ND,RUCK,20.0,43,2,101.38,1669.0,116.97,113.44,109.31,116.97,116.97,1.0,1,0
matthew-kreuzer,2010,ND,RUCK,21.0,56,3,101.38,1709.9,117.7,115.55,108.85,117.7,116.64,0.88,1,0
matthew-kreuzer,2011,ND,RUCK,22.0,68,4,101.38,1863.7,115.5,108.0,104.78,115.5,112.93,0.76,1,0
matthew-kreuzer,2012,ND,RUCK,23.0,88,5,101.38,1648.5,116.09,111.05,107.9,116.09,113.87,0.73,1,0
matthew-kreuzer,2013,ND,RUCK,24.0,105,6,101.38,1273.7,114.92,111.77,109.1,114.92,113.2,0.704,1,0
matthew-kreuzer,2014,ND,RUCK,25.0,106,7,98.84,1449.1,112.56,106.81,103.56,112.56,109.42,0.651,1,0
matthew-kreuzer,2015,ND,RUCK,26.0,119,8,98.84,1261.1,108.49,99.66,97.71,108.49,103.65,0.55,1,0
matthew-kreuzer,2016,ND,RUCK,27.0,140,9,95.65,1405.9,100.44,89.46,81.8,100.44,89.25,0.4,1,0
matthew-kreuzer,2017,ND,RUCK,28.0,161,10,95.65,597.4,109.42,109.62,108.99,109.62,109.42,0.68,1,0
matthew-kreuzer,2018,ND,RUCK,29.0,173,11,88.58,542.6,104.06,95.36,89.21,104.06,96.31,0.478,1,0
matthew-kreuzer,2019,ND,RUCK,30.0,188,12,97.4,0.0,104.45,97.75,92.34,104.45,99.36,0.579,1,0
trent-cotchin,2007,ND,MID,18.0,0,0,108.03,2516.3,119.95,118.28,101.21,119.95,119.95,1.0,1,0
trent-cotchin,2008,ND,MID,19.0,15,1,108.03,2865.9,121.12,118.97,107.59,121.12,121.12,1.0,1,0
trent-cotchin,2009,ND,MID,20.0,25,2,108.03,3266.6,115.48,114.11,100.87,115.48,115.48,1.0,1,0
trent-cotchin,2010,ND,MID,21.0,42,3,108.03,3635.3,118.3,113.57,100.06,118.3,116.11,0.88,1,0
trent-cotchin,2011,ND,MID,22.0,64,4,108.03,3480.8,119.37,118.18,108.87,119.37,117.59,0.83,1,0
trent-cotchin,2012,ND,MID,23.0,86,5,108.03,2673.8,120.71,122.69,117.97,122.69,122.07,0.868,1,0
trent-cotchin,2013,ND,MID,24.0,108,6,102.85,2193.0,120.13,122.57,112.78,122.57,120.75,0.814,1,0
trent-cotchin,2014,ND,MID,25.0,131,7,100.65,1832.3,116.92,115.11,106.73,116.92,114.09,0.722,1,0
trent-cotchin,2015,ND,MID,26.0,153,8,99.36,1530.7,112.79,108.45,102.42,112.79,109.01,0.635,1,0
trent-cotchin,2016,ND,MID,27.0,173,9,97.06,1084.1,109.91,107.65,99.9,109.91,106.1,0.619,1,0
trent-cotchin,2017,ND,MID,28.0,198,10,90.79,568.8,111.56,110.72,97.62,111.56,106.37,0.628,1,0
trent-cotchin,2018,ND,MID,29.0,220,11,84.27,284.4,110.07,104.27,88.91,110.07,99.85,0.517,1,0
trent-cotchin,2019,ND,MID,30.0,234,12,80.1,260.7,103.55,90.2,73.78,103.55,85.69,0.4,1,0
chris-masten,2007,ND,MID,18.0,0,0,90.33,621.0,115.02,110.27,90.57,115.02,115.02,1.0,1,0
chris-masten,2008,ND,MID,19.0,9,1,90.33,707.9,115.16,110.6,89.55,115.16,115.16,1.0,1,0
chris-masten,2009,ND,MID,20.0,28,2,90.33,805.5,114.13,112.15,100.66,114.13,114.13,1.0,1,0
chris-masten,2010,ND,MID,21.0,41,3,90.33,918.2,106.12,99.83,74.69,106.12,102.35,0.88,1,0
chris-masten,2011,ND,MID,22.0,54,4,90.33,1046.6,98.76,92.43,74.01,98.76,92.82,0.76,1,0
chris-masten,2012,ND,MID,23.0,78,5,90.33,866.0,114.97,109.3,96.7,114.97,109.04,0.676,1,0
chris-masten,2013,ND,MID,24.0,97,6,88.91,425.1,115.87,111.84,103.39,115.87,111.82,0.675,1,0
chris-masten,2014,ND,MID,25.0,118,7,81.88,271.9,109.75,103.0,90.22,109.75,100.87,0.545,1,0
chris-masten,2015,ND,MID,26.0,140,8,78.32,71.4,105.69,99.35,87.29,105.69,96.09,0.478,1,0
chris-masten,2016,ND,MID,27.0,161,9,74.36,37.9,102.54,94.27,75.55,102.54,86.35,0.4,1,0
chris-masten,2017,ND,MID,28.0,174,10,69.68,21.2,97.07,88.51,71.25,97.07,81.58,0.4,1,0
chris-masten,2018,ND,MID,29.0,198,11,67.8,0.5,93.64,83.25,68.15,93.64,78.35,0.4,1,0
chris-masten,2019,ND,MID,30.0,215,12,61.88,0.0,84.16,72.88,58.57,84.16,68.81,0.4,1,0
cale-morton,2007,ND,MID,18.0,0,0,75.59,240.4,119.56,113.34,89.43,119.56,119.56,1.0,1,0
cale-morton,2008,ND,MID,19.0,19,1,75.59,273.7,120.72,117.09,95.62,120.72,120.72,1.0,1,0
cale-morton,2009,ND,MID,20.0,40,2,75.59,105.5,122.37,120.49,106.41,122.37,122.37,1.0,1,0
cale-morton,2010,ND,MID,21.0,50,3,66.58,0.6,123.55,114.77,99.19,123.55,120.63,0.88,1,0
cale-morton,2011,ND,MID,22.0,64,4,59.62,0.1,107.75,102.06,81.64,107.75,101.49,0.76,1,0
cale-morton,2012,ND,MID,23.0,73,5,57.11,0.0,97.08,90.37,69.57,97.08,88.0,0.67,1,0
cale-morton,2013,ND,MID,24.0,76,6,36.67,0.0,86.18,79.19,51.07,86.18,71.44,0.58,1,0
jarrad-grant,2007,ND,KPF,18.0,0,0,70.18,333.6,92.81,85.22,51.97,92.81,92.81,1.0,1,0
jarrad-grant,2008,ND,KPF,19.0,0,1,70.18,380.3,92.81,85.11,62.78,92.81,92.81,1.0,1,0
jarrad-grant,2009,ND,KPF,20.0,1,2,70.18,433.5,94.76,85.61,64.99,94.76,94.76,1.0,1,0
jarrad-grant,2010,ND,KPF,21.0,21,3,70.18,289.9,108.39,103.37,83.41,108.39,105.39,0.88,1,0
jarrad-grant,2011,ND,KPF,22.0,37,4,66.98,328.9,93.59,89.87,74.92,93.59,89.11,0.76,1,0
jarrad-grant,2012,ND,KPF,23.0,50,5,66.98,345.6,89.2,84.55,69.81,89.2,82.8,0.67,1,0
jarrad-grant,2013,ND,KPF,24.0,58,6,64.55,40.9,88.18,85.9,71.69,88.18,81.26,0.58,1,0
jarrad-grant,2014,ND,KPF,25.0,62,7,57.95,46.1,81.6,74.83,62.52,81.6,72.45,0.52,1,0
jarrad-grant,2015,ND,KPF,26.0,81,8,57.95,15.0,77.19,74.29,64.94,77.19,70.58,0.46,1,0
jarrad-grant,2016,ND,KPF,27.0,94,9,53.85,17.1,74.34,69.94,59.28,74.34,65.3,0.4,1,0
jarrad-grant,2017,ND,KPF,28.0,95,10,64.0,0.0,75.21,67.09,52.32,75.21,61.47,0.4,1,0
david-myers,2007,ND,SD,18.0,0,0,79.22,164.6,104.29,95.5,78.83,104.29,104.29,1.0,1,0
david-myers,2008,ND,SD,19.0,8,1,79.22,186.9,104.67,96.95,83.45,104.67,104.67,1.0,1,0
david-myers,2009,ND,SD,20.0,14,2,79.22,213.0,98.89,84.93,72.56,98.89,98.89,1.0,1,0
david-myers,2010,ND,SD,21.0,22,3,79.22,241.8,98.53,83.88,72.56,98.53,95.41,0.88,1,0
david-myers,2011,ND,SD,22.0,36,4,79.22,203.1,101.49,94.56,78.36,101.49,95.94,0.76,1,0
david-myers,2012,ND,SD,23.0,45,5,78.5,228.1,97.02,89.52,73.01,97.02,89.1,0.67,1,0
david-myers,2013,ND,SD,24.0,65,6,78.5,217.2,95.94,90.91,81.77,95.94,89.99,0.58,1,0
david-myers,2014,ND,SD,25.0,83,7,73.19,34.5,101.51,96.42,84.21,101.51,93.2,0.52,1,0
david-myers,2015,ND,SD,26.0,85,8,62.21,39.4,96.75,90.34,75.79,96.75,85.43,0.46,1,0
david-myers,2016,ND,SD,27.0,85,9,62.21,44.9,93.67,86.09,63.71,93.67,75.7,0.4,1,0
david-myers,2017,ND,SD,28.0,100,10,62.21,51.0,75.01,66.27,50.07,75.01,60.04,0.4,1,0
david-myers,2018,ND,SD,29.0,116,11,64.25,0.0,82.74,76.6,63.73,82.74,71.33,0.4,1,0
david-myers,2019,ND,SD,30.0,123,12,51.43,0.0,77.81,69.48,53.22,77.81,63.06,0.4,1,0
rhys-palmer,2007,ND,MID,18.0,0,0,78.33,412.7,114.98,107.99,84.99,114.98,114.98,1.0,1,0
rhys-palmer,2008,ND,MID,19.0,20,1,78.33,176.9,126.11,121.13,104.54,126.11,126.11,1.0,1,0
rhys-palmer,2009,ND,MID,20.0,25,2,72.74,190.3,120.06,115.66,99.79,120.06,120.06,1.0,1,0
rhys-palmer,2010,ND,MID,21.0,38,3,72.74,207.7,115.07,106.56,88.27,115.07,111.85,0.88,1,0
rhys-palmer,2011,ND,MID,22.0,53,4,72.51,235.1,107.68,100.31,82.0,107.68,101.52,0.76,1,0
rhys-palmer,2012,ND,MID,23.0,68,5,72.51,260.5,102.37,98.51,76.98,102.37,93.99,0.67,1,0
rhys-palmer,2013,ND,MID,24.0,79,6,71.29,294.8,93.82,91.3,72.24,93.82,84.76,0.58,1,0
rhys-palmer,2014,ND,MID,25.0,96,7,69.28,187.5,96.62,90.58,70.92,96.62,84.28,0.52,1,0
rhys-palmer,2015,ND,MID,26.0,110,8,67.62,5.6,96.34,90.42,74.33,96.34,84.46,0.46,1,0
rhys-palmer,2016,ND,MID,27.0,122,9,60.25,0.0,80.6,76.76,60.05,80.6,68.27,0.4,1,0
rhys-palmer,2017,ND,MID,28.0,123,10,39.0,0.0,80.78,72.91,51.5,80.78,63.21,0.4,1,0
lachlan-henderson,2007,ND,KPF,18.0,0,0,80.1,954.4,88.33,79.4,49.03,88.33,88.33,1.0,1,0
lachlan-henderson,2008,ND,KPF,19.0,8,1,80.1,1088.0,92.5,85.83,63.63,92.5,92.5,1.0,1,0
lachlan-henderson,2009,ND,KPF,20.0,15,2,80.1,1234.0,89.61,79.85,65.11,89.61,89.61,1.0,1,0
lachlan-henderson,2010,ND,KPF,21.0,34,3,80.1,1320.1,99.61,92.21,79.88,99.61,97.25,0.88,1,0
lachlan-henderson,2011,ND,KPF,22.0,49,4,80.1,1433.0,91.87,87.02,75.1,91.87,87.84,0.76,1,0
lachlan-henderson,2012,ND,KPF,23.0,60,5,80.1,1560.3,90.32,85.87,72.4,90.32,84.41,0.67,1,0
lachlan-henderson,2013,ND,KPF,24.0,84,6,80.1,1198.8,102.58,100.69,88.07,102.58,97.78,0.669,1,0
lachlan-henderson,2014,ND,KPF,25.0,101,7,77.53,1088.6,96.87,90.36,82.24,96.87,90.75,0.582,1,0
lachlan-henderson,2015,ND,KPF,26.0,117,8,77.53,1119.0,84.91,81.65,73.77,84.91,78.96,0.466,1,0
lachlan-henderson,2016,ND,KPF,27.0,136,9,77.53,912.2,90.56,84.14,75.8,90.56,82.5,0.454,1,0
lachlan-henderson,2017,ND,KPF,28.0,158,10,77.27,659.9,90.15,87.95,75.96,90.15,82.93,0.491,1,0
lachlan-henderson,2018,ND,KPF,29.0,165,11,76.12,503.0,87.01,86.12,70.59,87.01,78.56,0.486,1,0
lachlan-henderson,2019,ND,KPF,30.0,171,12,73.22,505.8,82.07,78.99,65.3,82.07,72.66,0.439,1,0
ben-mcevoy,2007,ND,RUCK,18.0,0,0,102.21,1979.0,116.89,102.07,73.62,116.89,116.89,1.0,1,0
ben-mcevoy,2008,ND,RUCK,19.0,1,1,102.21,2256.0,114.83,101.13,73.75,114.83,114.83,1.0,1,0
ben-mcevoy,2009,ND,RUCK,20.0,12,2,102.21,2571.9,108.8,105.57,68.85,108.8,108.8,1.0,1,0
ben-mcevoy,2010,ND,RUCK,21.0,31,3,102.21,2931.5,116.84,102.16,85.15,116.84,113.04,0.88,1,0
ben-mcevoy,2011,ND,RUCK,22.0,53,4,102.21,2603.6,124.34,119.55,109.02,124.34,121.65,0.824,1,0
ben-mcevoy,2012,ND,RUCK,23.0,69,5,100.05,2157.9,126.88,123.36,113.23,126.88,124.33,0.813,1,0
ben-mcevoy,2013,ND,RUCK,24.0,91,6,96.43,1956.5,121.09,114.25,105.72,121.09,116.46,0.698,1,0
ben-mcevoy,2014,ND,RUCK,25.0,104,7,96.24,1820.2,118.5,111.56,98.55,118.5,110.94,0.621,1,0
ben-mcevoy,2015,ND,RUCK,26.0,123,8,96.24,1886.4,108.08,99.6,89.03,108.08,98.04,0.473,1,0
ben-mcevoy,2016,ND,RUCK,27.0,146,9,96.24,2144.8,99.81,89.2,76.59,99.81,85.88,0.4,1,0
ben-mcevoy,2017,ND,RUCK,28.0,168,10,96.24,1889.2,109.29,99.97,94.64,109.29,101.94,0.499,1,0
ben-mcevoy,2018,ND,RUCK,29.0,187,11,94.13,1439.4,112.03,106.97,97.4,112.03,106.37,0.613,1,0
ben-mcevoy,2019,ND,RUCK,30.0,206,12,89.78,1153.8,108.72,98.58,92.4,108.72,101.51,0.558,1,0
patrick-dangerfield,2007,ND,SF,18.0,0,0,128.68,4932.0,110.58,98.66,72.61,110.58,110.58,1.0,1,0
patrick-dangerfield,2008,ND,SF,19.0,2,1,128.68,5622.4,106.18,95.07,63.79,106.18,106.18,1.0,1,0
patrick-dangerfield,2009,ND,SF,20.0,23,2,128.68,6408.4,108.21,99.9,79.11,108.21,108.21,1.0,1,0
patrick-dangerfield,2010,ND,SF,21.0,42,3,128.68,7214.2,110.58,102.52,78.76,110.58,106.76,0.88,1,0
patrick-dangerfield,2011,ND,SF,22.0,64,4,128.68,7872.1,110.92,103.86,88.48,110.92,105.77,0.77,1,0
patrick-dangerfield,2012,ND,SF,23.0,89,5,128.68,7521.2,135.66,127.72,113.1,135.66,132.68,0.868,1,0
patrick-dangerfield,2013,ND,SF,24.0,109,6,128.68,7463.8,137.16,131.71,114.7,137.16,133.39,0.832,1,0
patrick-dangerfield,2014,ND,SF,25.0,131,7,128.68,7442.8,135.83,127.44,111.26,135.83,131.12,0.808,1,0
patrick-dangerfield,2015,ND,SF,26.0,154,8,128.68,6980.9,131.81,129.95,120.99,131.81,129.47,0.784,1,0
patrick-dangerfield,2016,ND,SF,27.0,178,9,128.59,5781.3,131.54,129.24,120.04,131.54,128.78,0.76,1,0
patrick-dangerfield,2017,ND,SF,28.0,202,10,122.84,4289.4,129.58,125.1,115.12,129.58,126.11,0.76,1,0
patrick-dangerfield,2018,ND,SF,29.0,224,11,115.66,3401.3,128.76,125.28,113.57,128.76,125.11,0.76,1,0
patrick-dangerfield,2019,ND,SF,30.0,248,12,109.91,2411.9,128.08,126.63,111.26,128.08,124.04,0.76,1,0
patrick-veszpremi,2007,ND,SF,18.0,0,0,55.09,5.1,103.48,95.89,72.7,103.48,103.48,1.0,1,0
patrick-veszpremi,2008,ND,SF,19.0,6,1,55.09,4.0,104.33,96.46,72.69,104.33,104.33,1.0,1,0
patrick-veszpremi,2009,ND,SF,20.0,10,2,53.0,4.6,98.42,89.09,63.56,98.42,98.42,1.0,1,0
patrick-veszpremi,2010,ND,SF,21.0,11,3,53.0,0.5,97.23,85.54,59.92,97.23,92.75,0.88,1,0
patrick-veszpremi,2011,ND,SF,22.0,14,4,53.0,0.5,89.35,80.19,53.22,89.35,80.68,0.76,1,0
patrick-veszpremi,2012,ND,SF,23.0,22,5,53.0,0.0,85.32,76.86,52.48,85.32,74.48,0.67,1,0
patrick-veszpremi,2013,ND,SF,24.0,23,6,12.0,0.0,81.25,72.5,47.16,81.25,66.93,0.58,1,0
cyril-rioli,2007,ND,SF,18.0,0,0,97.28,2805.6,102.77,94.89,70.09,102.77,102.77,1.0,1,0
cyril-rioli,2008,ND,SF,19.0,25,1,97.28,2967.3,108.63,106.3,87.35,108.63,108.63,1.0,1,0
cyril-rioli,2009,ND,SF,20.0,44,2,97.28,3077.4,107.7,104.24,88.25,107.7,107.7,1.0,1,0
cyril-rioli,2010,ND,SF,21.0,64,3,97.28,2831.8,113.45,107.03,96.29,113.45,111.98,0.914,1,0
cyril-rioli,2011,ND,SF,22.0,83,4,97.28,2419.7,119.69,117.41,99.55,119.69,116.9,0.861,1,0
cyril-rioli,2012,ND,SF,23.0,106,5,94.83,1862.9,123.16,117.84,105.35,123.16,120.37,0.843,1,0
cyril-rioli,2013,ND,SF,24.0,121,6,91.2,1535.4,117.19,112.0,96.07,117.19,111.99,0.754,1,0
cyril-rioli,2014,ND,SF,25.0,133,7,91.13,1149.6,113.95,109.69,92.07,113.95,107.32,0.697,1,0
cyril-rioli,2015,ND,SF,26.0,157,8,82.79,525.1,109.97,107.36,97.08,109.97,106.19,0.706,1,0
cyril-rioli,2016,ND,SF,27.0,178,9,76.33,16.2,105.7,105.09,88.46,105.7,99.11,0.618,1,0
cyril-rioli,2017,ND,SF,28.0,185,10,64.14,0.7,98.45,94.39,79.24,98.45,88.97,0.506,1,0
cyril-rioli,2018,ND,SF,29.0,189,11,55.25,0.0,86.71,83.93,67.05,86.71,75.0,0.404,1,0
bradley-ebert,2007,ND,MID,18.0,0,0,99.1,1377.3,115.75,103.08,83.3,115.75,115.75,1.0,1,0
bradley-ebert,2008,ND,MID,19.0,15,1,99.1,1570.1,115.13,105.24,84.82,115.13,115.13,1.0,1,0
bradley-ebert,2009,ND,MID,20.0,32,2,99.1,1789.1,111.14,104.17,89.63,111.14,111.14,1.0,1,0
bradley-ebert,2010,ND,MID,21.0,54,3,99.1,2030.5,112.96,105.09,90.17,112.96,110.22,0.88,1,0
bradley-ebert,2011,ND,MID,22.0,76,4,99.1,2314.1,102.69,98.27,80.35,102.69,97.33,0.76,1,0
bradley-ebert,2012,ND,MID,23.0,98,5,99.1,1989.8,122.52,116.35,106.22,122.52,118.14,0.731,1,0
bradley-ebert,2013,ND,MID,24.0,122,6,98.07,1678.1,121.15,116.31,109.55,121.15,117.71,0.703,1,0
bradley-ebert,2014,ND,MID,25.0,147,7,96.76,1433.2,115.04,108.23,101.44,115.04,110.1,0.637,1,0
bradley-ebert,2015,ND,MID,26.0,169,8,94.36,1073.1,113.7,107.54,103.31,113.7,109.68,0.613,1,0
bradley-ebert,2016,ND,MID,27.0,190,9,90.85,1107.3,101.89,94.65,85.96,101.89,92.35,0.401,1,0
bradley-ebert,2017,ND,MID,28.0,213,10,90.85,636.5,106.51,100.09,96.59,106.51,102.21,0.566,1,0
bradley-ebert,2018,ND,MID,29.0,235,11,83.25,446.7,102.98,91.04,90.1,102.98,96.13,0.468,1,0
bradley-ebert,2019,ND,MID,30.0,246,12,81.44,459.2,99.94,85.85,76.87,99.94,86.1,0.4,1,0
jack-grimes,2007,ND,SD,18.0,0,0,90.22,1060.3,106.85,98.19,77.14,106.85,106.85,1.0,1,0
jack-grimes,2008,ND,SD,19.0,1,1,90.22,1208.7,105.8,94.03,75.66,105.8,105.8,1.0,1,0
jack-grimes,2009,ND,SD,20.0,12,2,90.22,839.5,112.83,105.62,91.79,112.83,112.83,1.0,1,0
jack-grimes,2010,ND,SD,21.0,26,3,85.74,597.2,114.78,106.71,93.7,114.78,112.66,0.899,1,0
jack-grimes,2011,ND,SD,22.0,32,4,82.41,599.3,112.05,103.21,89.19,112.05,106.86,0.773,1,0
jack-grimes,2012,ND,SD,23.0,53,5,81.99,315.3,113.19,106.36,92.82,113.19,107.32,0.712,1,0
jack-grimes,2013,ND,SD,24.0,68,6,77.25,188.4,104.82,102.96,89.33,104.82,98.5,0.592,1,0
jack-grimes,2014,ND,SD,25.0,86,7,75.41,171.7,99.17,96.51,79.88,99.17,89.91,0.52,1,0
jack-grimes,2015,ND,SD,26.0,98,8,76.75,114.1,96.53,92.45,76.5,96.53,85.72,0.46,1,0
jack-grimes,2016,ND,SD,27.0,100,9,85.5,0.0,95.15,88.62,70.26,95.15,80.21,0.4,1,0
robert-tarrant,2007,ND,KPD,18.0,0,0,83.97,595.6,96.24,91.73,70.09,96.24,96.24,1.0,1,0
robert-tarrant,2008,ND,KPD,19.0,0,1,83.97,679.0,96.24,90.78,69.37,96.24,96.24,1.0,1,0
robert-tarrant,2009,ND,KPD,20.0,0,2,83.97,774.0,93.91,85.05,68.58,93.91,93.91,1.0,1,0
robert-tarrant,2010,ND,KPD,21.0,2,3,83.97,882.2,91.76,76.91,65.06,91.76,88.55,0.88,1,0
robert-tarrant,2011,ND,KPD,22.0,9,4,83.97,1005.0,83.71,72.86,55.72,83.71,76.99,0.76,1,0
robert-tarrant,2012,ND,KPD,23.0,25,5,83.97,1137.1,84.23,78.04,62.23,84.23,76.97,0.67,1,0
robert-tarrant,2013,ND,KPD,24.0,38,6,83.97,1293.3,79.18,73.72,61.4,79.18,71.71,0.58,1,0
robert-tarrant,2014,ND,KPD,25.0,39,7,83.97,1474.3,76.7,69.02,57.07,76.7,67.28,0.52,1,0
robert-tarrant,2015,ND,KPD,26.0,61,8,83.97,1533.1,79.24,77.86,69.62,79.24,74.05,0.46,1,0
robert-tarrant,2016,ND,KPD,27.0,84,9,83.97,1243.1,91.33,88.47,75.02,91.33,82.87,0.482,1,0
robert-tarrant,2017,ND,KPD,28.0,105,10,82.61,1026.8,89.22,86.97,75.89,89.22,82.41,0.489,1,0
robert-tarrant,2018,ND,KPD,29.0,126,11,80.96,916.6,86.18,84.05,72.44,86.18,78.63,0.451,1,0
robert-tarrant,2019,ND,KPD,30.0,148,12,77.98,563.1,91.26,85.05,73.13,91.26,82.29,0.505,1,0
matthew-lobbe,2007,ND,RUCK,18.0,0,0,87.07,633.8,108.22,87.72,61.44,108.22,108.22,1.0,1,0
matthew-lobbe,2008,ND,RUCK,19.0,0,1,87.07,722.5,108.22,87.61,72.59,108.22,108.22,1.0,1,0
matthew-lobbe,2009,ND,RUCK,20.0,0,2,87.07,823.7,106.24,85.65,70.43,106.24,106.24,1.0,1,0
matthew-lobbe,2010,ND,RUCK,21.0,3,3,87.07,939.0,116.12,87.05,73.06,116.12,110.96,0.88,1,0
matthew-lobbe,2011,ND,RUCK,22.0,13,4,87.07,741.1,116.66,89.88,83.52,116.66,108.7,0.76,1,0
matthew-lobbe,2012,ND,RUCK,23.0,22,5,86.66,829.7,114.61,89.52,80.11,114.61,103.22,0.67,1,0
matthew-lobbe,2013,ND,RUCK,24.0,43,6,86.66,577.0,114.57,101.78,96.15,114.57,107.64,0.624,1,0
matthew-lobbe,2014,ND,RUCK,25.0,67,7,81.19,42.4,118.67,105.31,102.8,118.67,113.34,0.664,1,0
matthew-lobbe,2015,ND,RUCK,26.0,84,8,70.68,24.5,106.6,89.94,86.47,106.6,95.73,0.46,1,0
matthew-lobbe,2016,ND,RUCK,27.0,92,9,69.96,25.0,99.95,82.79,75.11,99.95,85.04,0.4,1,0
matthew-lobbe,2017,ND,RUCK,28.0,92,10,74.17,28.5,98.26,80.03,71.37,98.26,82.12,0.4,1,0
matthew-lobbe,2018,ND,RUCK,29.0,98,11,74.17,0.0,94.13,75.21,67.09,94.13,77.9,0.4,1,0
matthew-lobbe,2019,ND,RUCK,30.0,100,12,48.0,0.0,96.76,73.96,57.79,96.76,73.38,0.4,1,0
harry-taylor,2007,ND,KPD,21.0,0,0,87.56,2415.4,93.08,75.36,60.25,93.08,89.14,0.88,1,0
harry-taylor,2008,ND,KPD,22.0,21,1,87.56,2355.2,95.57,89.71,76.92,95.57,91.46,0.78,1,0
harry-taylor,2009,ND,KPD,23.0,43,2,87.56,2245.3,99.82,93.86,84.04,99.82,95.6,0.732,1,0
harry-taylor,2010,ND,KPD,24.0,66,3,87.56,2035.3,101.83,98.4,86.68,101.83,96.99,0.681,1,0
harry-taylor,2011,ND,KPD,25.0,90,4,86.92,2029.9,95.92,95.44,84.23,95.92,91.07,0.584,1,0
harry-taylor,2012,ND,KPD,26.0,112,5,86.92,1728.3,98.33,94.72,90.72,98.33,95.21,0.591,1,0
harry-taylor,2013,ND,KPD,27.0,136,6,85.37,1202.7,99.9,101.29,94.2,101.29,98.66,0.628,1,0
harry-taylor,2014,ND,KPD,28.0,159,7,79.68,916.5,93.68,92.73,85.78,93.68,90.26,0.567,1,0
harry-taylor,2015,ND,KPD,29.0,180,8,76.65,574.3,91.54,87.97,82.59,91.54,87.49,0.548,1,0
harry-taylor,2016,ND,KPD,30.0,204,9,72.26,366.6,84.97,78.86,73.26,84.97,78.9,0.482,1,0
harry-taylor,2017,ND,KPD,31.0,229,10,69.59,212.4,81.4,76.07,67.92,81.4,73.73,0.431,1,0
harry-taylor,2018,ND,KPD,32.0,237,11,66.39,129.3,80.62,76.03,66.7,80.62,72.34,0.405,1,0
harry-taylor,2019,ND,KPD,33.0,261,12,65.83,26.0,77.72,70.11,62.49,77.72,68.58,0.4,1,0
alex-rance,2007,ND,KPD,18.0,0,0,95.27,2081.1,96.46,89.54,69.3,96.46,96.46,1.0,1,0
alex-rance,2008,ND,KPD,19.0,0,1,95.27,2372.5,96.46,88.6,68.58,96.46,96.46,1.0,1,0
alex-rance,2009,ND,KPD,20.0,15,2,95.27,2703.6,93.1,84.33,71.82,93.1,93.1,1.0,1,0
alex-rance,2010,ND,KPD,21.0,25,3,95.27,3074.8,95.74,84.21,70.08,95.74,92.66,0.88,1,0
alex-rance,2011,ND,KPD,22.0,44,4,95.27,2972.5,102.35,97.0,88.34,102.35,99.4,0.79,1,0
alex-rance,2012,ND,KPD,23.0,66,5,95.27,2782.5,104.84,101.12,93.88,104.84,102.2,0.759,1,0
alex-rance,2013,ND,KPD,24.0,89,6,95.27,2549.8,101.63,101.46,94.38,101.63,99.56,0.714,1,0
alex-rance,2014,ND,KPD,25.0,107,7,95.27,2268.5,102.54,100.37,93.74,102.54,99.76,0.684,1,0
alex-rance,2015,ND,KPD,26.0,130,8,95.27,1660.6,108.0,103.17,98.86,108.0,105.56,0.733,1,0
alex-rance,2016,ND,KPD,27.0,150,9,90.02,959.7,108.04,105.83,100.6,108.04,106.08,0.736,1,0
alex-rance,2017,ND,KPD,28.0,175,10,85.81,421.9,102.45,96.23,91.09,102.45,98.69,0.669,1,0
alex-rance,2018,ND,KPD,29.0,199,11,82.42,0.0,92.7,91.0,83.59,92.7,88.96,0.59,1,0
alex-rance,2019,ND,KPD,30.0,200,12,36.0,0.0,91.05,89.51,76.94,91.05,85.15,0.582,1,0
callan-ward,2007,ND,MID,18.0,0,0,108.54,2352.7,114.29,99.52,70.9,114.29,114.29,1.0,1,0
callan-ward,2008,ND,MID,19.0,6,1,108.54,2682.1,108.48,95.81,71.35,108.48,108.48,1.0,1,0
callan-ward,2009,ND,MID,20.0,28,2,108.54,3051.2,115.03,108.13,90.36,115.03,115.03,1.0,1,0
callan-ward,2010,ND,MID,21.0,38,3,108.54,3470.0,113.1,103.69,83.79,113.1,109.58,0.88,1,0
callan-ward,2011,ND,MID,22.0,60,4,108.54,3615.6,118.61,113.16,98.77,118.61,114.14,0.775,1,0
callan-ward,2012,ND,MID,23.0,80,5,108.54,3286.5,124.96,119.6,113.58,124.96,122.77,0.807,1,0
callan-ward,2013,ND,MID,24.0,101,6,107.37,3175.1,122.57,115.73,108.78,122.57,118.68,0.718,1,0
callan-ward,2014,ND,MID,25.0,121,7,107.37,2517.1,125.07,119.55,111.21,125.07,122.3,0.8,1,0
callan-ward,2015,ND,MID,26.0,143,8,103.95,2038.8,124.88,116.37,108.86,124.88,120.8,0.745,1,0
callan-ward,2016,ND,MID,27.0,167,9,102.09,1655.2,110.58,106.38,101.43,110.58,107.36,0.649,1,0
callan-ward,2017,ND,MID,28.0,192,10,99.15,1170.1,110.35,103.5,99.22,110.35,106.49,0.653,1,0
callan-ward,2018,ND,MID,29.0,216,11,93.4,602.5,108.53,97.43,96.4,108.53,104.4,0.66,1,0
callan-ward,2019,ND,MID,30.0,217,12,85.66,686.8,108.83,102.22,90.06,108.83,101.79,0.625,1,0
tony-notte,2007,ND,KPF,18.0,0,0,15.0,0.0,88.79,78.63,50.22,88.79,88.79,1.0,1,0
tony-notte,2008,ND,KPF,19.0,2,1,15.0,0.0,93.49,83.99,61.33,93.49,93.49,1.0,1,0
addam-maric,2007,ND,SF,18.0,0,0,45.62,2.4,92.0,84.41,63.59,92.0,92.0,1.0,1,0
addam-maric,2008,ND,SF,19.0,5,1,45.62,2.7,92.11,83.54,63.3,92.11,92.11,1.0,1,0
addam-maric,2009,ND,SF,20.0,11,2,45.62,2.8,89.37,73.65,58.88,89.37,89.37,1.0,1,0
addam-maric,2010,ND,SF,21.0,12,3,43.01,2.7,91.94,75.76,57.49,91.94,87.81,0.88,1,0
addam-maric,2011,ND,SF,22.0,21,4,43.01,0.0,84.88,75.35,57.32,84.88,78.26,0.76,1,0
addam-maric,2012,ND,SF,23.0,31,5,27.8,0.0,72.24,57.65,44.72,72.24,63.16,0.67,1,0
scott-selwood,2007,ND,MID,18.0,0,0,98.72,970.4,116.67,100.34,67.36,116.67,116.67,1.0,1,0
scott-selwood,2008,ND,MID,19.0,9,1,98.72,1106.2,108.98,98.57,68.97,108.98,108.98,1.0,1,0
scott-selwood,2009,ND,MID,20.0,23,2,98.72,1260.7,109.83,101.2,74.85,109.83,109.83,1.0,1,0
scott-selwood,2010,ND,MID,21.0,43,3,98.72,1434.6,108.3,100.35,77.18,108.3,104.57,0.88,1,0
scott-selwood,2011,ND,MID,22.0,68,4,98.72,1466.6,116.39,108.71,92.64,116.39,110.69,0.76,1,0
scott-selwood,2012,ND,MID,23.0,92,5,98.72,961.6,122.84,116.83,106.79,122.84,119.15,0.77,1,0
scott-selwood,2013,ND,MID,24.0,110,6,91.42,342.8,124.58,118.58,110.6,124.58,121.12,0.752,1,0
scott-selwood,2014,ND,MID,25.0,122,7,80.21,274.7,111.81,103.52,94.86,111.81,104.37,0.561,1,0
scott-selwood,2015,ND,MID,26.0,135,8,73.15,312.9,85.55,81.42,67.98,85.55,76.06,0.46,1,0
scott-selwood,2016,ND,MID,27.0,140,9,80.15,335.1,89.75,82.79,68.69,89.75,77.11,0.4,1,0
scott-selwood,2017,ND,MID,28.0,154,10,80.15,12.7,104.9,96.62,84.66,104.9,93.88,0.455,1,0
scott-selwood,2018,ND,MID,29.0,167,11,70.15,6.5,89.39,80.92,66.8,89.39,75.84,0.4,1,0
scott-selwood,2019,ND,MID,30.0,169,12,72.5,0.0,89.57,77.94,62.56,89.57,73.37,0.4,1,0
tayte-pears,2007,ND,KPD,18.0,0,0,67.81,190.5,94.46,88.34,65.94,94.46,94.46,1.0,1,0
tayte-pears,2008,ND,KPD,19.0,5,1,67.81,217.1,93.55,82.81,67.36,93.55,93.55,1.0,1,0
tayte-pears,2009,ND,KPD,20.0,28,2,67.81,190.8,96.12,92.39,77.61,96.12,96.12,1.0,1,0
tayte-pears,2010,ND,KPD,21.0,38,3,65.47,114.3,97.85,91.73,77.73,97.85,95.43,0.88,1,0
tayte-pears,2011,ND,KPD,22.0,47,4,60.97,123.3,87.26,82.17,69.07,87.26,82.89,0.76,1,0
tayte-pears,2012,ND,KPD,23.0,57,5,62.34,138.3,80.64,74.41,64.35,80.64,75.26,0.67,1,0
tayte-pears,2013,ND,KPD,24.0,68,6,70.18,7.0,82.01,77.48,68.6,82.01,76.38,0.58,1,0
tayte-pears,2014,ND,KPD,25.0,68,7,61.5,8.0,79.5,71.88,64.06,79.5,72.09,0.52,1,0
tayte-pears,2015,ND,KPD,26.0,70,8,61.5,0.0,73.15,66.69,59.02,73.15,65.52,0.46,1,0
clayton-hinkley,2007,ND,MID,18.0,0,0,45.31,0.0,111.2,97.68,64.73,111.2,111.2,1.0,1,0
clayton-hinkley,2008,ND,MID,19.0,5,1,45.31,0.0,109.56,94.09,65.46,109.56,109.56,1.0,1,0
clayton-hinkley,2009,ND,MID,20.0,13,2,45.31,0.0,103.61,90.9,62.35,103.61,103.61,1.0,1,0
clayton-hinkley,2010,ND,MID,21.0,14,3,50.0,0.0,101.51,81.6,50.85,101.51,95.43,0.88,1,0
clayton-hinkley,2011,ND,MID,22.0,22,4,50.0,0.0,93.81,79.63,49.85,93.81,83.26,0.76,1,0
tom-collier,2007,ND,KPD,18.0,0,0,50.07,11.9,94.46,88.34,64.12,94.46,94.46,1.0,1,0
tom-collier,2008,ND,KPD,19.0,6,1,50.07,13.5,90.01,80.43,64.78,90.01,90.01,1.0,1,0
tom-collier,2009,ND,KPD,20.0,12,2,50.07,15.4,87.14,75.08,58.72,87.14,87.14,1.0,1,0
tom-collier,2010,ND,KPD,21.0,20,3,54.69,17.4,84.98,71.3,58.87,84.98,81.85,0.88,1,0
tom-collier,2011,ND,KPD,22.0,27,4,62.0,0.0,82.11,72.13,59.57,82.11,76.7,0.76,1,0
brett-meredith,2007,ND,SD,18.0,0,0,42.06,0.0,101.24,87.96,64.48,101.24,101.24,1.0,1,0
brett-meredith,2008,ND,SD,19.0,0,1,42.06,0.0,101.24,87.57,64.27,101.24,101.24,1.0,1,0
brett-meredith,2009,ND,SD,20.0,7,2,42.06,0.0,94.82,82.09,60.97,94.82,94.82,1.0,1,0
brett-meredith,2010,ND,SD,21.0,13,3,44.83,0.0,93.77,76.4,56.81,93.77,89.34,0.88,1,0
brett-meredith,2011,ND,SD,22.0,16,4,29.33,0.0,84.56,68.54,47.53,84.56,75.67,0.76,1,0
andy-otten,2007,ND,SD,18.0,0,0,76.29,477.1,101.24,87.96,65.68,101.24,101.24,1.0,1,0
andy-otten,2008,ND,SD,19.0,2,1,76.29,543.8,100.21,85.71,65.06,100.21,100.21,1.0,1,0
andy-otten,2009,ND,SD,20.0,26,2,76.29,552.8,108.92,102.67,88.56,108.92,108.92,1.0,1,0
andy-otten,2010,ND,SD,21.0,26,3,73.7,630.2,106.11,97.11,82.13,106.11,103.23,0.88,1,0
andy-otten,2011,ND,SD,22.0,41,4,73.7,414.7,107.1,97.41,86.5,107.1,102.15,0.76,1,0
andy-otten,2012,ND,SD,23.0,47,5,71.38,402.9,98.19,92.39,74.53,98.19,90.38,0.67,1,0
andy-otten,2013,ND,SD,24.0,69,6,71.38,181.0,98.74,92.24,82.39,98.74,91.87,0.58,1,0
andy-otten,2014,ND,SD,25.0,79,7,64.67,203.7,84.43,75.56,67.63,84.43,76.36,0.52,1,0
andy-otten,2015,ND,SD,26.0,79,8,69.5,232.2,80.76,73.49,64.26,80.76,71.85,0.46,1,0
andy-otten,2016,ND,SD,27.0,79,9,69.5,264.7,79.53,69.44,60.24,79.53,67.95,0.4,1,0
andy-otten,2017,ND,SD,28.0,98,10,69.5,157.9,83.95,73.93,63.74,83.95,71.82,0.4,1,0
andy-otten,2018,ND,SD,29.0,106,11,69.12,66.7,81.44,69.41,60.82,81.44,69.07,0.4,1,0
andy-otten,2019,ND,SD,30.0,109,12,69.67,0.0,81.58,69.02,57.95,81.58,67.4,0.4,1,0
marlon-motlop,2007,ND,SF,18.0,0,0,55.0,0.5,90.65,86.06,57.86,90.65,90.65,1.0,1,0
marlon-motlop,2008,ND,SF,19.0,2,1,55.0,0.1,90.65,85.75,59.35,90.65,90.65,1.0,1,0
marlon-motlop,2009,ND,SF,20.0,5,2,48.0,0.0,92.38,83.8,59.23,92.38,92.38,1.0,1,0
brendan-whitecross,2007,ND,MID,18.0,0,0,75.18,266.5,109.9,99.65,62.82,109.9,109.9,1.0,1,0
brendan-whitecross,2008,ND,MID,19.0,0,1,75.18,303.9,109.9,99.0,64.87,109.9,109.9,1.0,1,0
brendan-whitecross,2009,ND,MID,20.0,13,2,75.18,343.7,111.21,105.82,76.88,111.21,111.21,1.0,1,0
brendan-whitecross,2010,ND,MID,21.0,29,3,75.18,391.8,106.4,97.68,68.83,106.4,101.89,0.88,1,0
brendan-whitecross,2011,ND,MID,22.0,50,4,75.18,433.8,104.62,102.52,77.12,104.62,98.02,0.76,1,0
brendan-whitecross,2012,ND,MID,23.0,72,5,72.65,126.0,112.26,109.76,88.24,112.26,104.33,0.67,1,0
brendan-whitecross,2013,ND,MID,24.0,84,6,64.84,131.7,96.05,95.13,73.88,96.05,86.74,0.58,1,0
brendan-whitecross,2014,ND,MID,25.0,84,7,62.76,150.1,93.97,90.2,67.82,93.97,81.42,0.52,1,0
brendan-whitecross,2015,ND,MID,26.0,88,8,62.76,171.1,76.7,65.87,41.34,76.7,57.61,0.46,1,0
brendan-whitecross,2016,ND,MID,27.0,97,9,62.76,3.0,90.36,86.16,63.55,90.36,74.27,0.4,1,0
brendan-whitecross,2017,ND,MID,28.0,105,10,56.75,1.1,80.78,73.9,52.33,80.78,63.71,0.4,1,0
brendan-whitecross,2018,ND,MID,29.0,111,11,56.0,0.0,76.89,70.56,46.23,76.89,58.5,0.4,1,0
jarrhan-jacky,2007,ND,SF,18.0,0,0,37.0,0.0,88.89,84.43,58.55,88.89,88.89,1.0,1,0
jarrhan-jacky,2008,ND,SF,19.0,3,1,37.0,0.0,87.64,80.48,62.49,87.64,87.64,1.0,1,0
john-mccarthy-1,2007,ND,SF,18.0,0,0,57.04,1.3,88.89,84.43,57.31,88.89,88.89,1.0,1,0
john-mccarthy-1,2008,ND,SF,19.0,6,1,57.04,1.5,88.89,85.62,62.73,88.89,88.89,1.0,1,0
john-mccarthy-1,2009,ND,SF,20.0,8,2,59.22,1.7,87.86,75.85,59.38,87.86,87.86,1.0,1,0
john-mccarthy-1,2010,ND,SF,21.0,10,3,59.22,1.9,90.34,76.92,58.14,90.34,86.48,0.88,1,0
john-mccarthy-1,2011,ND,SF,22.0,18,4,59.22,2.2,80.97,70.72,54.88,80.97,74.71,0.76,1,0
john-mccarthy-1,2012,ND,SF,23.0,39,5,66.57,0.0,86.51,80.09,67.78,86.51,80.33,0.67,1,0
levi-greenwood,2007,ND,MID,18.0,0,0,89.03,397.7,107.41,95.4,61.6,107.41,107.41,1.0,1,0
levi-greenwood,2008,ND,MID,19.0,0,1,89.03,453.4,107.41,95.13,64.19,107.41,107.41,1.0,1,0
levi-greenwood,2009,ND,MID,20.0,11,2,89.03,516.9,102.37,93.53,64.26,102.37,102.37,1.0,1,0
levi-greenwood,2010,ND,MID,21.0,28,3,89.03,587.3,106.31,99.33,73.85,106.31,102.41,0.88,1,0
levi-greenwood,2011,ND,MID,22.0,41,4,89.03,669.3,97.26,90.68,68.63,97.26,90.39,0.76,1,0
levi-greenwood,2012,ND,MID,23.0,46,5,89.03,763.0,89.21,81.94,58.5,89.21,79.07,0.67,1,0
levi-greenwood,2013,ND,MID,24.0,52,6,89.03,539.7,108.23,101.33,80.65,108.23,96.65,0.58,1,0
levi-greenwood,2014,ND,MID,25.0,74,7,82.26,98.0,115.87,110.46,98.37,115.87,109.52,0.637,1,0
levi-greenwood,2015,ND,MID,26.0,82,8,71.36,23.0,105.41,99.61,84.76,105.41,94.91,0.492,1,0
levi-greenwood,2016,ND,MID,27.0,103,9,65.63,12.6,92.88,86.67,71.74,92.88,80.19,0.4,1,0
levi-greenwood,2017,ND,MID,28.0,119,10,60.78,2.1,82.69,75.78,61.95,82.69,70.25,0.4,1,0
levi-greenwood,2018,ND,MID,29.0,135,11,58.39,1.2,74.58,67.65,50.94,74.58,60.39,0.4,1,0
levi-greenwood,2019,ND,MID,30.0,152,12,60.02,0.1,77.75,66.86,54.39,77.75,63.73,0.4,1,0
matthew-westhoff,2007,ND,KPF,18.0,0,0,39.67,0.0,89.27,83.95,45.48,89.27,89.27,1.0,1,0
matthew-westhoff,2008,ND,KPF,19.0,3,1,39.67,0.0,91.65,84.41,59.19,91.65,91.65,1.0,1,0
matthew-westhoff,2009,ND,KPF,20.0,6,2,35.33,0.0,88.29,76.94,56.79,88.29,88.29,1.0,1,0
dawson-simpson,2007,ND,RUCK,18.0,0,0,84.82,312.4,109.76,94.18,67.2,109.76,109.76,1.0,1,0
dawson-simpson,2008,ND,RUCK,19.0,0,1,84.82,356.1,109.76,94.46,77.71,109.76,109.76,1.0,1,0
dawson-simpson,2009,ND,RUCK,20.0,0,2,84.82,405.9,107.97,92.36,76.93,107.97,107.97,1.0,1,0
dawson-simpson,2010,ND,RUCK,21.0,2,3,84.82,462.8,115.27,95.52,85.2,115.27,111.66,0.88,1,0
dawson-simpson,2011,ND,RUCK,22.0,3,4,84.82,458.5,112.41,93.58,78.86,112.41,104.36,0.76,1,0
dawson-simpson,2012,ND,RUCK,23.0,5,5,84.82,522.7,109.7,90.51,81.2,109.7,100.3,0.67,1,0
dawson-simpson,2013,ND,RUCK,24.0,11,6,84.82,306.9,108.3,96.71,89.63,108.3,100.46,0.58,1,0
dawson-simpson,2014,ND,RUCK,25.0,24,7,75.54,349.3,103.23,92.74,79.11,103.23,91.65,0.52,1,0
dawson-simpson,2015,ND,RUCK,26.0,28,8,82.89,398.1,98.1,91.11,76.96,98.1,86.68,0.46,1,0
dawson-simpson,2016,ND,RUCK,27.0,28,9,82.89,453.9,95.74,86.81,71.54,95.74,81.22,0.4,1,0
dawson-simpson,2017,ND,RUCK,28.0,30,10,82.89,359.0,96.68,85.26,78.94,96.68,86.04,0.4,1,0
dawson-simpson,2018,ND,RUCK,29.0,39,11,82.89,93.6,102.61,90.09,87.07,102.61,93.77,0.431,1,0
dawson-simpson,2019,ND,RUCK,30.0,48,12,78.56,0.0,97.8,83.71,78.87,97.8,86.44,0.4,1,0
samuel-reid,2007,ND,MID,18.0,0,0,60.62,8.0,106.66,91.5,60.13,106.66,106.66,1.0,1,0
samuel-reid,2008,ND,MID,19.0,1,1,60.62,9.1,102.02,91.23,62.22,102.02,102.02,1.0,1,0
samuel-reid,2009,ND,MID,20.0,5,2,60.62,10.1,106.54,90.81,59.27,106.54,106.54,1.0,1,0
samuel-reid,2010,ND,MID,21.0,6,3,60.62,11.5,102.83,85.67,57.83,102.83,97.43,0.88,1,0
samuel-reid,2011,ND,MID,22.0,10,4,60.62,13.1,92.27,79.79,48.46,92.27,81.76,0.76,1,0
samuel-reid,2012,ND,MID,23.0,15,5,60.62,14.9,92.33,75.84,51.95,92.33,79.0,0.67,1,0
samuel-reid,2013,ND,MID,24.0,24,6,60.62,16.5,88.04,75.17,55.94,88.04,74.56,0.58,1,0
samuel-reid,2014,ND,MID,25.0,24,7,56.92,18.9,84.97,72.39,55.07,84.97,70.62,0.52,1,0
samuel-reid,2015,ND,MID,26.0,24,8,56.92,21.5,80.1,72.42,53.07,80.1,65.5,0.46,1,0
samuel-reid,2016,ND,MID,27.0,30,9,56.92,23.7,78.3,66.9,48.04,78.3,60.14,0.4,1,0
samuel-reid,2017,ND,MID,28.0,43,10,55.16,26.9,76.35,62.95,46.01,76.35,58.15,0.4,1,0
samuel-reid,2018,ND,MID,29.0,64,11,51.47,30.4,75.14,60.52,45.32,75.14,57.25,0.4,1,0
samuel-reid,2019,ND,MID,30.0,90,12,52.09,0.0,77.87,65.72,56.89,77.87,65.28,0.4,1,0
steven-browne,2007,ND,SD,18.0,0,0,52.88,0.1,100.43,86.9,61.77,100.43,100.43,1.0,1,0
steven-browne,2008,ND,SD,19.0,13,1,52.88,0.0,99.62,89.22,68.26,99.62,99.62,1.0,1,0
steven-browne,2009,ND,SD,20.0,20,2,53.29,0.0,96.46,85.81,64.31,96.46,96.46,1.0,1,0
steven-browne,2010,ND,SD,21.0,23,3,46.0,0.0,95.16,77.57,58.6,95.16,90.77,0.88,1,0
scott-thompson-1,2007,ND,KPD,21.0,0,0,89.99,2118.2,91.01,73.79,57.8,91.01,87.02,0.88,1,0
scott-thompson-1,2008,ND,KPD,22.0,6,1,89.99,2321.5,81.2,72.56,57.78,81.2,75.58,0.76,1,0
scott-thompson-1,2009,ND,KPD,23.0,28,2,89.99,2210.6,95.95,90.21,80.79,95.95,91.39,0.699,1,0
scott-thompson-1,2010,ND,KPD,24.0,50,3,89.99,2186.8,95.6,90.69,83.75,95.6,91.26,0.634,1,0
scott-thompson-1,2011,ND,KPD,25.0,72,4,89.99,1948.3,97.62,94.76,86.71,97.62,93.57,0.629,1,0
scott-thompson-1,2012,ND,KPD,26.0,93,5,88.27,1607.1,98.59,96.74,92.22,98.59,96.16,0.619,1,0
scott-thompson-1,2013,ND,KPD,27.0,112,6,84.95,906.9,106.43,105.54,97.45,106.43,103.55,0.68,1,0
scott-thompson-1,2014,ND,KPD,28.0,136,7,75.89,634.8,95.03,93.86,87.84,95.03,91.87,0.561,1,0
scott-thompson-1,2015,ND,KPD,29.0,160,8,72.81,576.3,83.94,79.94,75.47,83.94,79.2,0.441,1,0
scott-thompson-1,2016,ND,KPD,30.0,179,9,72.81,486.7,79.8,75.5,69.99,79.8,74.0,0.408,1,0
scott-thompson-1,2017,ND,KPD,31.0,200,10,72.45,410.7,77.38,72.88,68.28,77.38,71.92,0.4,1,0
scott-thompson-1,2018,ND,KPD,32.0,222,11,73.72,133.8,82.22,79.64,72.8,82.22,76.88,0.434,1,0
scott-thompson-1,2019,ND,KPD,33.0,241,12,70.26,0.0,78.61,75.51,69.39,78.61,73.08,0.4,1,0
myke-cook,2007,ND,MID,18.0,0,0,49.56,0.0,105.87,92.62,57.24,105.87,105.87,1.0,1,0
myke-cook,2008,ND,MID,19.0,0,1,49.56,0.0,105.87,92.72,60.09,105.87,105.87,1.0,1,0
myke-cook,2009,ND,MID,20.0,3,2,49.56,0.0,106.59,91.91,57.06,106.59,106.59,1.0,1,0
myke-cook,2010,ND,MID,21.0,12,3,49.56,0.0,101.83,84.89,55.24,101.83,96.24,0.88,1,0
myke-cook,2011,ND,MID,22.0,14,4,39.0,0.0,92.64,79.95,47.38,92.64,81.78,0.76,1,0
darcy-daniher,2007,ND,KPD,18.0,0,0,62.67,18.7,94.07,88.55,62.81,94.07,94.07,1.0,1,0
darcy-daniher,2008,ND,KPD,19.0,3,1,62.67,21.3,92.49,81.96,65.87,92.49,92.49,1.0,1,0
darcy-daniher,2009,ND,KPD,20.0,6,2,62.67,0.0,92.53,83.47,61.1,92.53,92.53,1.0,1,0
christopher-mayne,2007,ND,SF,19.0,0,0,88.96,1012.1,90.31,84.62,58.35,90.31,90.31,1.0,1,0
christopher-mayne,2008,ND,SF,20.0,17,1,88.96,1074.1,96.79,91.06,71.37,96.79,96.79,1.0,1,0
christopher-mayne,2009,ND,SF,21.0,22,2,88.96,1207.3,94.68,86.83,67.48,94.68,91.41,0.88,1,0
christopher-mayne,2010,ND,SF,22.0,36,3,88.96,1273.1,94.64,89.42,71.83,94.64,89.17,0.76,1,0
christopher-mayne,2011,ND,SF,23.0,58,4,88.96,1383.7,89.87,86.41,72.49,89.87,84.14,0.67,1,0
christopher-mayne,2012,ND,SF,24.0,81,5,88.96,1162.5,100.15,96.55,82.7,100.15,93.44,0.615,1,0
christopher-mayne,2013,ND,SF,25.0,105,6,88.22,697.7,103.74,98.58,86.53,103.74,97.68,0.648,1,0
christopher-mayne,2014,ND,SF,26.0,128,7,82.88,704.3,91.5,86.72,81.52,91.5,86.21,0.47,1,0
christopher-mayne,2015,ND,SF,27.0,150,8,82.88,449.7,91.6,88.74,81.44,91.6,86.04,0.452,1,0
christopher-mayne,2016,ND,SF,28.0,172,9,80.37,358.7,84.44,83.43,75.11,84.44,78.84,0.4,1,0
christopher-mayne,2017,ND,SF,29.0,175,10,79.74,407.3,80.36,77.74,69.2,80.36,73.66,0.4,1,0
christopher-mayne,2018,ND,SF,30.0,196,11,79.74,352.0,79.1,73.98,64.85,79.1,70.55,0.4,1,0
christopher-mayne,2019,ND,SF,31.0,217,12,78.71,374.7,80.67,77.99,70.07,80.67,74.31,0.4,1,0
james-polkinghorne,2007,ND,MID,18.0,0,0,60.12,20.2,106.91,92.54,57.99,106.91,106.91,1.0,1,0
james-polkinghorne,2008,ND,MID,19.0,4,1,60.12,23.1,101.23,91.06,57.33,101.23,101.23,1.0,1,0
james-polkinghorne,2009,ND,MID,20.0,24,2,60.12,26.3,104.42,94.68,63.39,104.42,104.42,1.0,1,0
james-polkinghorne,2010,ND,MID,21.0,39,3,60.12,29.2,102.4,89.07,61.33,102.4,97.47,0.88,1,0
james-polkinghorne,2011,ND,MID,22.0,61,4,60.12,0.2,98.72,92.44,73.32,98.72,92.63,0.76,1,0
james-polkinghorne,2012,ND,MID,23.0,81,5,54.66,0.1,91.63,84.56,67.5,91.63,83.67,0.67,1,0
james-polkinghorne,2013,ND,MID,24.0,92,6,53.23,0.0,82.5,78.98,61.99,82.5,73.88,0.58,1,0
james-polkinghorne,2014,ND,MID,25.0,94,7,49.29,0.0,79.93,73.15,52.04,79.93,66.54,0.52,1,0
james-polkinghorne,2015,ND,MID,26.0,94,8,49.29,0.0,77.78,69.72,45.97,77.78,60.6,0.46,1,0
james-polkinghorne,2016,ND,MID,27.0,101,9,49.29,0.0,70.79,61.28,38.76,70.79,51.57,0.4,1,0
jack-steven,2007,ND,MID,18.0,0,0,105.76,1621.4,106.38,92.13,58.42,106.38,106.38,1.0,1,0
jack-steven,2008,ND,MID,19.0,0,1,105.76,1848.4,106.38,92.42,61.63,106.38,106.38,1.0,1,0
jack-steven,2009,ND,MID,20.0,1,2,105.76,2106.5,104.65,92.15,56.83,104.65,104.65,1.0,1,0
jack-steven,2010,ND,MID,21.0,9,3,105.76,2400.8,105.01,88.86,59.8,105.01,99.59,0.88,1,0
jack-steven,2011,ND,MID,22.0,30,4,105.76,2459.2,112.76,103.88,86.09,112.76,106.36,0.76,1,0
jack-steven,2012,ND,MID,23.0,51,5,105.76,2441.9,115.36,109.91,96.29,115.36,109.53,0.695,1,0
jack-steven,2013,ND,MID,24.0,73,6,105.76,1817.5,123.74,119.79,110.82,123.74,120.96,0.785,1,0
jack-steven,2014,ND,MID,25.0,90,7,100.64,1847.7,115.45,109.66,96.73,115.45,107.8,0.591,1,0
jack-steven,2015,ND,MID,26.0,112,8,100.64,1339.1,118.58,111.1,103.17,118.58,113.64,0.68,1,0
jack-steven,2016,ND,MID,27.0,134,9,96.11,793.7,112.76,108.78,102.52,112.76,109.26,0.658,1,0
jack-steven,2017,ND,MID,28.0,154,10,86.43,519.8,108.3,99.34,94.23,108.3,101.71,0.532,1,0
jack-steven,2018,ND,MID,29.0,176,11,79.79,98.4,105.78,97.82,91.84,105.78,99.4,0.542,1,0
jack-steven,2019,ND,MID,30.0,183,12,72.39,90.5,98.15,91.0,78.29,98.15,86.62,0.419,1,0
easton-wood,2007,ND,SD,18.0,0,0,74.94,118.9,101.34,88.43,61.36,101.34,101.34,1.0,1,0
easton-wood,2008,ND,SD,19.0,0,1,74.94,135.5,101.34,88.31,63.15,101.34,101.34,1.0,1,0
easton-wood,2009,ND,SD,20.0,2,2,74.94,154.5,94.37,81.79,60.77,94.37,94.37,1.0,1,0
easton-wood,2010,ND,SD,21.0,13,3,74.94,176.1,95.77,79.17,62.39,95.77,91.77,0.88,1,0
easton-wood,2011,ND,SD,22.0,28,4,74.94,200.6,91.1,84.23,66.0,91.1,85.07,0.76,1,0
easton-wood,2012,ND,SD,23.0,42,5,74.94,228.5,86.91,80.87,64.98,86.91,79.67,0.67,1,0
easton-wood,2013,ND,SD,24.0,47,6,74.94,260.5,81.32,72.69,57.03,81.32,71.12,0.58,1,0
easton-wood,2014,ND,SD,25.0,65,7,74.94,289.7,85.68,77.88,68.25,85.68,77.31,0.52,1,0
easton-wood,2015,ND,SD,26.0,87,8,73.64,15.8,99.45,93.66,83.12,99.45,90.63,0.46,1,0
easton-wood,2016,ND,SD,27.0,107,9,65.72,2.9,90.75,83.08,76.27,90.75,82.06,0.4,1,0
easton-wood,2017,ND,SD,28.0,125,10,60.69,1.2,84.63,75.86,67.62,84.63,74.43,0.4,1,0
easton-wood,2018,ND,SD,29.0,137,11,57.31,0.2,78.97,68.0,61.99,78.97,68.78,0.4,1,0
easton-wood,2019,ND,SD,30.0,160,12,53.83,0.1,73.97,62.29,52.23,73.97,60.93,0.4,1,0
scott-simpson,2007,ND,KPF,18.0,0,0,0.0,0.0,92.18,82.66,42.14,92.18,92.18,1.0,1,0
dennis-armfield,2007,ND,MID,21.0,0,0,64.07,18.9,98.78,80.14,50.04,98.78,92.93,0.88,1,0
dennis-armfield,2008,ND,MID,22.0,9,1,64.07,21.5,88.15,72.23,39.98,88.15,76.59,0.76,1,0
dennis-armfield,2009,ND,MID,23.0,26,2,64.07,24.4,89.33,80.61,59.64,89.33,79.53,0.67,1,0
dennis-armfield,2010,ND,MID,24.0,45,3,64.07,27.1,86.32,79.67,63.51,86.32,76.74,0.58,1,0
dennis-armfield,2011,ND,MID,25.0,60,4,63.69,30.8,81.09,76.68,58.85,81.09,70.41,0.52,1,0
dennis-armfield,2012,ND,MID,26.0,81,5,63.69,34.0,83.67,77.57,66.74,83.67,74.53,0.46,1,0
dennis-armfield,2013,ND,MID,27.0,105,6,61.89,34.8,80.47,73.58,61.87,80.47,69.31,0.4,1,0
dennis-armfield,2014,ND,MID,28.0,113,7,53.54,39.6,70.74,59.73,46.49,70.74,56.19,0.4,1,0
dennis-armfield,2015,ND,MID,29.0,125,8,63.44,39.1,75.82,67.26,54.18,75.82,62.84,0.4,1,0
dennis-armfield,2016,ND,MID,30.0,140,9,66.8,0.0,81.13,70.39,59.68,81.13,68.26,0.4,1,0
dennis-armfield,2017,ND,MID,31.0,145,10,43.8,0.0,74.53,62.71,46.91,74.53,57.96,0.4,1,0
tobias-thoolen,2007,ND,RUCK,18.0,0,0,0.0,0.0,109.49,97.14,49.85,109.49,109.49,1.0,1,0
jarrad-boumann-1,2007,ND,SD,18.0,0,0,24.0,0.0,101.28,84.85,58.52,101.28,101.28,1.0,1,0
jarrad-boumann-1,2008,ND,SD,19.0,0,1,24.0,0.0,101.28,86.6,62.11,101.28,101.28,1.0,1,0
jarrad-boumann-1,2009,ND,SD,20.0,0,2,24.0,0.0,97.49,82.26,58.22,97.49,97.49,1.0,1,0
jarrad-boumann-1,2010,ND,SD,21.0,0,3,24.0,0.0,97.02,81.17,58.24,97.02,92.37,0.88,1,0
jarrad-boumann-1,2011,ND,SD,22.0,0,4,24.0,0.0,90.11,78.68,59.04,90.11,82.65,0.76,1,0
jarrad-boumann-1,2012,ND,SD,23.0,2,5,24.0,0.0,82.34,72.3,53.52,82.34,72.83,0.67,1,0
mitchell-farmer,2007,ND,SD,18.0,0,0,53.36,0.1,101.28,83.94,57.25,101.28,101.28,1.0,1,0
mitchell-farmer,2008,ND,SD,19.0,3,1,53.36,0.1,99.1,84.5,61.73,99.1,99.1,1.0,1,0
mitchell-farmer,2009,ND,SD,20.0,3,2,53.36,0.1,94.31,80.01,54.27,94.31,94.31,1.0,1,0
mitchell-farmer,2010,ND,SD,21.0,20,3,53.36,0.0,97.73,82.9,63.34,97.73,93.6,0.88,1,0
mitchell-farmer,2011,ND,SD,22.0,31,4,53.36,0.0,88.99,78.99,61.04,88.99,82.28,0.76,1,0
dan-mckenna,2007,ND,KPF,18.0,0,0,0.0,0.0,92.45,79.02,40.75,92.45,92.45,1.0,1,0
dean-putt,2007,ND,RUCK,18.0,0,0,0.0,0.0,109.43,89.9,45.53,109.43,109.43,1.0,1,0
bradd-dalziell,2007,ND,MID,20.0,0,0,80.07,342.9,100.41,83.24,53.9,100.41,100.41,1.0,1,0
bradd-dalziell,2008,ND,MID,21.0,7,1,80.07,45.2,104.12,89.96,59.55,104.12,98.77,0.88,1,0
bradd-dalziell,2009,ND,MID,22.0,15,2,72.3,35.5,106.65,95.54,72.78,106.65,98.52,0.76,1,0
bradd-dalziell,2010,ND,MID,23.0,23,3,72.08,3.1,108.6,95.95,74.74,108.6,97.42,0.67,1,0
bradd-dalziell,2011,ND,MID,24.0,24,4,68.41,3.6,95.17,86.31,64.33,95.17,82.22,0.58,1,0
bradd-dalziell,2012,ND,MID,25.0,26,5,68.41,4.0,93.03,80.49,60.8,93.03,77.56,0.52,1,0
bradd-dalziell,2013,ND,MID,26.0,43,6,68.41,0.0,88.59,82.66,64.17,88.59,75.4,0.46,1,0
kyle-cheney,2007,ND,SD,18.0,0,0,68.55,12.9,99.29,82.11,52.29,99.29,99.29,1.0,1,0
kyle-cheney,2008,ND,SD,19.0,0,1,68.55,14.7,99.29,84.58,59.59,99.29,99.29,1.0,1,0
kyle-cheney,2009,ND,SD,20.0,12,2,68.55,13.2,102.9,91.72,70.61,102.9,102.9,1.0,1,0
kyle-cheney,2010,ND,SD,21.0,14,3,67.4,15.1,100.25,85.06,63.1,100.25,95.79,0.88,1,0
kyle-cheney,2011,ND,SD,22.0,22,4,67.4,17.1,89.67,79.27,60.23,89.67,82.6,0.76,1,0
kyle-cheney,2012,ND,SD,23.0,28,5,67.4,19.5,84.13,72.04,54.99,84.13,74.51,0.67,1,0
kyle-cheney,2013,ND,SD,24.0,32,6,67.4,22.2,79.23,71.0,56.01,79.23,69.48,0.58,1,0
kyle-cheney,2014,ND,SD,25.0,41,7,67.4,11.3,86.89,78.39,65.36,86.89,76.56,0.52,1,0
kyle-cheney,2015,ND,SD,26.0,53,8,64.33,1.4,84.86,79.71,66.83,84.86,75.13,0.46,1,0
kyle-cheney,2016,ND,SD,27.0,77,9,61.75,0.5,76.09,71.15,62.4,76.09,67.88,0.4,1,0
kyle-cheney,2017,ND,SD,28.0,77,10,61.12,0.6,75.53,68.05,58.83,75.53,65.51,0.4,1,0
kyle-cheney,2018,ND,SD,29.0,85,11,61.12,0.0,74.27,64.68,55.01,74.27,62.72,0.4,1,0
cale-hooker,2007,ND,KPD,19.0,0,0,82.75,1124.0,95.01,85.6,62.97,95.01,95.01,1.0,1,0
cale-hooker,2008,ND,KPD,20.0,2,1,82.75,1281.3,88.04,76.69,60.19,88.04,88.04,1.0,1,0
cale-hooker,2009,ND,KPD,21.0,18,2,82.75,1414.5,93.48,84.87,69.04,93.48,90.55,0.88,1,0
cale-hooker,2010,ND,KPD,22.0,36,3,82.75,1558.4,87.6,83.93,73.12,87.6,84.12,0.76,1,0
cale-hooker,2011,ND,KPD,23.0,49,4,82.75,1671.9,88.79,83.91,75.34,88.79,84.35,0.67,1,0
cale-hooker,2012,ND,KPD,24.0,66,5,82.75,1664.7,89.62,86.93,78.95,89.62,85.14,0.58,1,0
cale-hooker,2013,ND,KPD,25.0,88,6,82.75,1557.1,95.73,90.34,84.97,95.73,90.94,0.555,1,0
cale-hooker,2014,ND,KPD,26.0,111,7,82.75,1408.2,93.57,93.96,84.35,93.96,89.36,0.522,1,0
cale-hooker,2015,ND,KPD,27.0,133,8,82.62,886.4,96.7,95.1,89.0,96.7,93.48,0.582,1,0
cale-hooker,2016,ND,KPD,28.0,133,9,78.21,1010.4,95.24,94.33,83.85,95.24,90.47,0.582,1,0
cale-hooker,2017,ND,KPD,29.0,153,10,78.21,720.7,90.93,86.35,76.99,90.93,84.14,0.513,1,0
cale-hooker,2018,ND,KPD,30.0,175,11,74.99,429.9,87.07,84.29,74.8,87.07,80.75,0.485,1,0
cale-hooker,2019,ND,KPD,31.0,193,12,70.4,134.7,87.08,83.35,73.1,87.08,79.82,0.48,1,0
matt-austin,2007,ND,MID,18.0,0,0,38.88,0.0,106.33,86.26,49.54,106.33,106.33,1.0,1,0
matt-austin,2008,ND,MID,19.0,0,1,38.88,0.0,106.33,88.9,57.88,106.33,106.33,1.0,1,0
matt-austin,2009,ND,MID,20.0,8,2,38.88,0.0,102.13,87.11,54.87,102.13,102.13,1.0,1,0
matt-austin,2010,ND,MID,21.0,11,3,42.5,0.0,100.3,81.32,48.02,100.3,94.03,0.88,1,0
matt-austin,2011,ND,MID,22.0,15,4,42.5,0.0,93.47,76.09,42.26,93.47,81.18,0.76,1,0
tony-armstrong,2007,ND,SD,18.0,0,0,52.73,3.5,99.62,83.3,48.95,99.62,99.62,1.0,1,0
tony-armstrong,2008,ND,SD,19.0,0,1,52.73,3.9,99.62,85.82,57.48,99.62,99.62,1.0,1,0
tony-armstrong,2009,ND,SD,20.0,0,2,52.73,4.5,94.83,80.8,55.94,94.83,94.83,1.0,1,0
tony-armstrong,2010,ND,SD,21.0,9,3,52.73,4.9,99.35,80.5,58.83,99.35,94.49,0.88,1,0
tony-armstrong,2011,ND,SD,22.0,14,4,49.31,1.4,93.77,80.73,62.98,93.77,86.38,0.76,1,0
tony-armstrong,2012,ND,SD,23.0,22,5,49.31,1.6,84.83,73.24,55.2,84.83,75.05,0.67,1,0
tony-armstrong,2013,ND,SD,24.0,29,6,53.0,1.8,79.74,72.9,56.94,79.74,70.16,0.58,1,0
tony-armstrong,2014,ND,SD,25.0,34,7,65.2,0.0,79.57,72.57,60.21,79.57,70.28,0.52,1,0
tony-armstrong,2015,ND,SD,26.0,35,8,55.0,0.0,76.73,69.56,54.21,76.73,64.57,0.46,1,0
craig-bird,2007,ND,MID,18.0,0,0,77.95,380.0,106.18,84.72,47.62,106.18,106.18,1.0,1,0
craig-bird,2008,ND,MID,19.0,21,1,77.95,432.3,113.5,101.6,73.37,113.5,113.5,1.0,1,0
craig-bird,2009,ND,MID,20.0,36,2,77.95,489.6,109.43,101.95,78.39,109.43,109.43,1.0,1,0
craig-bird,2010,ND,MID,21.0,40,3,77.95,557.4,109.31,101.23,76.28,109.31,105.34,0.88,1,0
craig-bird,2011,ND,MID,22.0,62,4,77.95,625.2,106.98,100.94,82.76,106.98,101.17,0.76,1,0
craig-bird,2012,ND,MID,23.0,87,5,77.95,694.1,104.75,99.83,78.48,104.75,96.08,0.67,1,0
craig-bird,2013,ND,MID,24.0,110,6,77.95,635.2,99.3,94.19,82.19,99.3,92.12,0.58,1,0
craig-bird,2014,ND,MID,25.0,131,7,77.54,363.7,104.51,98.71,84.57,104.51,94.94,0.52,1,0
craig-bird,2015,ND,MID,26.0,137,8,76.0,315.7,100.35,91.12,79.0,100.35,88.82,0.46,1,0
craig-bird,2016,ND,MID,27.0,155,9,80.33,7.5,103.34,91.37,78.91,103.34,88.68,0.4,1,0
craig-bird,2017,ND,MID,28.0,157,10,73.0,0.0,96.33,89.01,74.61,96.33,83.3,0.4,1,0
adam-donohue,2007,ND,SD,18.0,0,0,0.0,0.0,98.96,82.84,46.4,98.96,98.96,1.0,1,0
jaxson-barham,2007,ND,MID,18.0,0,0,55.33,0.0,106.18,81.7,46.47,106.18,106.18,1.0,1,0
jaxson-barham,2008,ND,MID,19.0,0,1,55.33,0.0,106.18,85.13,57.36,106.18,106.18,1.0,1,0
jaxson-barham,2009,ND,MID,20.0,6,2,55.33,0.0,105.13,88.88,57.04,105.13,105.13,1.0,1,0
jaxson-barham,2010,ND,MID,21.0,7,3,20.0,0.0,102.87,82.5,53.37,102.87,96.93,0.88,1,0
josh-smith,2007,ND,KPD,18.0,0,0,52.0,0.9,93.97,81.14,50.52,93.97,93.97,1.0,1,0
josh-smith,2008,ND,KPD,19.0,2,1,52.0,1.0,92.0,79.42,59.99,92.0,92.0,1.0,1,0
josh-smith,2009,ND,KPD,20.0,7,2,52.0,0.0,91.44,79.23,59.34,91.44,91.44,1.0,1,0
josh-smith,2010,ND,KPD,21.0,11,3,40.0,0.0,88.87,70.67,52.87,88.87,84.55,0.88,1,0
guy-o-keefe,2007,ND,MID,18.0,0,0,0.0,0.0,103.33,80.72,41.93,103.33,103.33,1.0,1,0
tom-mcnamara,2007,ND,KPD,18.0,0,0,61.0,0.3,91.38,78.34,45.59,91.38,91.38,1.0,1,0
tom-mcnamara,2008,ND,KPD,19.0,0,1,61.0,0.4,91.38,80.97,59.77,91.38,91.38,1.0,1,0
tom-mcnamara,2009,ND,KPD,20.0,3,2,61.0,0.0,90.63,81.22,60.07,90.63,90.63,1.0,1,0
tom-mcnamara,2010,ND,KPD,21.0,3,3,53.0,0.0,87.59,75.89,57.35,87.59,83.96,0.88,1,0
tom-mcnamara,2011,ND,KPD,22.0,4,4,53.0,0.0,79.26,69.29,53.49,79.26,73.07,0.76,1,0
eljay-connors,2007,ND,SD,18.0,0,0,0.0,0.0,96.11,81.65,38.33,96.11,96.11,1.0,1,0
aaron-kite,2007,ND,SD,18.0,0,0,0.0,0.0,96.11,81.65,38.33,96.11,96.11,1.0,1,0
taylor-walker,2007,ND,KPF,18.0,0,0,92.78,1656.2,93.01,84.0,21.11,93.01,93.01,1.0,1,0
taylor-walker,2008,ND,KPF,19.0,0,1,92.78,1888.1,93.01,84.98,53.35,93.01,93.01,1.0,1,0
taylor-walker,2009,ND,KPF,20.0,14,2,92.78,2151.8,90.66,83.16,59.52,90.66,90.66,1.0,1,0
taylor-walker,2010,ND,KPF,21.0,32,3,92.78,2419.2,98.04,89.16,71.98,98.04,94.91,0.88,1,0
taylor-walker,2011,ND,KPF,22.0,45,4,92.78,2716.0,94.74,86.21,70.02,94.74,88.81,0.76,1,0
taylor-walker,2012,ND,KPF,23.0,64,5,92.78,2127.3,111.12,108.16,95.91,111.12,107.94,0.791,1,0
taylor-walker,2013,ND,KPF,24.0,69,6,88.82,2304.6,104.87,103.26,89.08,104.87,100.1,0.698,1,0
taylor-walker,2014,ND,KPF,25.0,84,7,88.82,2167.4,101.37,98.63,85.95,101.37,95.69,0.632,1,0
taylor-walker,2015,ND,KPF,26.0,107,8,88.82,1938.4,99.03,95.56,86.97,99.03,94.23,0.602,1,0
taylor-walker,2016,ND,KPF,27.0,130,9,88.82,1685.7,98.56,92.97,85.0,98.56,92.58,0.559,1,0
taylor-walker,2017,ND,KPF,28.0,153,10,88.82,1357.3,97.64,93.55,84.39,97.64,91.97,0.572,1,0
taylor-walker,2018,ND,KPF,29.0,167,11,88.82,1495.5,85.33,84.86,73.15,85.33,78.59,0.446,1,0
taylor-walker,2019,ND,KPF,30.0,189,12,88.82,1582.6,83.58,74.23,65.23,83.58,72.57,0.4,1,0
david-gourdis,2007,RD,KPF,18.0,0,0,75.0,113.7,105.48,97.39,61.85,105.48,105.48,1.0,1,0
david-gourdis,2008,RD,KPF,19.0,0,1,75.0,129.7,105.48,97.35,76.94,105.48,105.48,1.0,1,0
david-gourdis,2009,RD,KPF,20.0,0,2,75.0,147.8,99.57,90.39,71.26,99.57,99.57,1.0,1,0
david-gourdis,2010,RD,KPF,21.0,3,3,75.0,76.1,98.84,85.92,66.4,98.84,94.95,0.88,1,0
david-gourdis,2011,RD,KPF,22.0,4,4,75.0,0.0,94.15,82.54,65.59,94.15,87.29,0.76,1,0
stefan-martin,2007,RD,RUCK,21.0,0,0,109.37,1939.3,111.34,94.0,71.64,111.34,106.57,0.88,1,0
stefan-martin,2008,RD,RUCK,22.0,8,1,109.37,2205.9,108.16,94.27,68.4,108.16,98.62,0.76,1,0
stefan-martin,2009,RD,RUCK,23.0,27,2,109.37,2513.4,111.79,98.59,73.73,111.79,99.23,0.67,1,0
stefan-martin,2010,RD,RUCK,24.0,29,3,109.37,2865.3,105.68,95.78,58.25,105.68,85.76,0.58,1,0
stefan-martin,2011,RD,RUCK,25.0,50,4,109.37,2688.5,110.72,102.96,89.01,110.72,100.66,0.537,1,0
stefan-martin,2012,RD,RUCK,26.0,57,5,109.37,2973.0,106.93,99.21,84.76,106.93,94.96,0.46,1,0
stefan-martin,2013,RD,RUCK,27.0,62,6,109.37,3389.1,97.06,88.23,64.55,97.06,77.55,0.4,1,0
stefan-martin,2014,RD,RUCK,28.0,74,7,109.37,2440.7,115.23,112.92,102.89,115.23,111.93,0.732,1,0
stefan-martin,2015,RD,RUCK,29.0,94,8,104.89,1734.5,122.7,118.39,112.94,122.7,120.36,0.76,1,0
stefan-martin,2016,RD,RUCK,30.0,114,9,99.34,1575.6,106.98,99.55,96.36,106.98,102.28,0.557,1,0
stefan-martin,2017,RD,RUCK,31.0,136,10,99.34,1154.2,107.27,104.63,95.61,107.27,102.67,0.606,1,0
stefan-martin,2018,RD,RUCK,32.0,158,11,85.6,461.6,110.02,106.78,97.24,110.02,106.13,0.696,1,0
stefan-martin,2019,RD,RUCK,33.0,182,12,67.37,0.2,106.06,102.2,86.34,106.06,97.95,0.589,1,0
john-williams,2007,RD,SF,18.0,0,0,15.0,0.0,97.91,83.99,50.25,97.91,97.91,1.0,1,0
john-williams,2008,RD,SF,19.0,1,1,15.0,0.0,96.2,83.66,58.07,96.2,96.2,1.0,1,0
joshua-head,2007,RD,SF,18.0,0,0,35.33,0.3,97.91,83.99,50.25,97.91,97.91,1.0,1,0
joshua-head,2008,RD,SF,19.0,3,1,35.33,0.0,97.91,85.19,62.72,97.91,97.91,1.0,1,0
joshua-head,2009,RD,SF,20.0,9,2,35.33,0.0,86.56,74.08,54.53,86.56,86.56,1.0,1,0
patrick-mcginnity,2007,RD,MID,18.0,0,0,60.68,9.8,112.82,94.9,52.22,112.82,112.82,1.0,1,0
patrick-mcginnity,2008,RD,MID,19.0,0,1,60.68,11.2,112.82,94.86,66.85,112.82,112.82,1.0,1,0
patrick-mcginnity,2009,RD,MID,20.0,7,2,60.68,10.6,107.22,95.24,66.18,107.22,107.22,1.0,1,0
patrick-mcginnity,2010,RD,MID,21.0,24,3,57.47,11.9,107.04,96.47,66.07,107.04,102.13,0.88,1,0
patrick-mcginnity,2011,RD,MID,22.0,43,4,55.88,13.5,99.33,89.28,67.01,99.33,91.58,0.76,1,0
patrick-mcginnity,2012,RD,MID,23.0,64,5,54.38,15.3,87.63,80.33,55.2,87.63,76.93,0.67,1,0
patrick-mcginnity,2013,RD,MID,24.0,71,6,47.91,17.5,81.58,77.5,52.49,81.58,69.36,0.58,1,0
patrick-mcginnity,2014,RD,MID,25.0,81,7,45.22,19.8,80.53,74.66,57.16,80.53,69.31,0.52,1,0
patrick-mcginnity,2015,RD,MID,26.0,90,8,33.33,22.6,72.84,61.94,39.2,72.84,54.68,0.46,1,0
patrick-mcginnity,2016,RD,MID,27.0,93,9,67.0,0.0,73.87,65.22,37.22,73.87,51.88,0.4,1,0
tom-bellchambers,2007,RD,RUCK,18.0,0,0,89.13,530.7,115.06,103.63,54.35,115.06,115.06,1.0,1,0
tom-bellchambers,2008,RD,RUCK,19.0,3,1,89.13,605.1,112.84,100.76,66.0,112.84,112.84,1.0,1,0
tom-bellchambers,2009,RD,RUCK,20.0,9,2,89.13,689.8,109.56,101.74,61.8,109.56,109.56,1.0,1,0
tom-bellchambers,2010,RD,RUCK,21.0,14,3,89.13,786.3,109.58,98.82,61.96,109.58,103.87,0.88,1,0
tom-bellchambers,2011,RD,RUCK,22.0,27,4,89.13,876.8,114.49,103.68,81.69,114.49,106.62,0.76,1,0
tom-bellchambers,2012,RD,RUCK,23.0,43,5,89.13,705.7,120.26,109.22,98.64,120.26,113.23,0.675,1,0
tom-bellchambers,2013,RD,RUCK,24.0,61,6,88.82,634.0,114.93,108.78,92.91,114.93,105.68,0.58,1,0
tom-bellchambers,2014,RD,RUCK,25.0,69,7,88.82,717.3,103.4,95.86,75.21,103.4,89.87,0.52,1,0
tom-bellchambers,2015,RD,RUCK,26.0,79,8,88.82,777.5,98.33,92.9,71.11,98.33,83.63,0.46,1,0
tom-bellchambers,2016,RD,RUCK,27.0,79,9,88.82,886.4,96.62,88.63,65.26,96.62,77.8,0.4,1,0
tom-bellchambers,2017,RD,RUCK,28.0,93,10,88.82,644.2,106.26,100.0,83.91,106.26,94.37,0.468,1,0
tom-bellchambers,2018,RD,RUCK,29.0,113,11,78.3,235.7,107.66,99.54,90.32,107.66,99.64,0.537,1,0
tom-bellchambers,2019,RD,RUCK,30.0,129,12,70.87,0.1,103.38,96.56,79.66,103.38,90.56,0.459,1,0
aaron-joseph,2007,RD,MID,18.0,0,0,55.05,0.1,112.82,94.9,52.22,112.82,112.82,1.0,1,0
aaron-joseph,2008,RD,MID,19.0,0,1,55.05,0.2,112.82,94.86,66.85,112.82,112.82,1.0,1,0
aaron-joseph,2009,RD,MID,20.0,23,2,55.05,0.1,107.7,98.33,72.45,107.7,107.7,1.0,1,0
aaron-joseph,2010,RD,MID,21.0,45,3,52.65,0.1,104.84,91.57,64.8,104.84,100.04,0.88,1,0
aaron-joseph,2011,RD,MID,22.0,56,4,52.54,0.0,94.97,86.52,62.07,94.97,87.07,0.76,1,0
aaron-joseph,2012,RD,MID,23.0,69,5,50.08,0.0,87.34,82.15,55.98,87.34,76.99,0.67,1,0
aaron-joseph,2013,RD,MID,24.0,73,6,35.5,0.0,77.41,71.7,46.29,77.41,64.34,0.58,1,0
trent-zomer,2007,RD,KPF,18.0,0,0,0.0,0.0,105.48,97.39,61.85,105.48,105.48,1.0,1,0
james-mulligan,2007,RD,MID,18.0,0,0,26.0,0.0,112.82,94.9,52.22,112.82,112.82,1.0,1,0
james-mulligan,2008,RD,MID,19.0,0,1,26.0,0.0,112.82,94.86,66.85,112.82,112.82,1.0,1,0
james-mulligan,2009,RD,MID,20.0,0,2,26.0,0.0,103.9,91.12,61.06,103.9,103.9,1.0,1,0
james-mulligan,2010,RD,MID,21.0,0,3,26.0,0.0,105.0,90.59,64.4,105.0,100.13,0.88,1,0
james-mulligan,2011,RD,MID,22.0,3,4,26.0,0.0,96.43,84.04,54.88,96.43,86.46,0.76,1,0
rhys-magin,2007,RD,RUCK,18.0,0,0,38.5,0.0,115.06,103.63,54.35,115.06,115.06,1.0,1,0
rhys-magin,2008,RD,RUCK,19.0,4,1,38.5,0.0,112.84,100.87,67.31,112.84,112.84,1.0,1,0
brent-connelly,2007,RD,KPD,18.0,0,0,0.0,0.0,103.09,97.89,65.17,103.09,103.09,1.0,1,0
phil-smith,2007,RD,SD,18.0,0,0,0.0,0.0,108.91,98.01,61.68,108.91,108.91,1.0,1,0
glenn-chivers,2007,RD,SD,18.0,0,0,0.0,0.0,108.91,98.01,61.68,108.91,108.91,1.0,1,0
james-moss,2007,RD,MID,18.0,0,0,0.0,0.0,112.82,94.9,52.22,112.82,112.82,1.0,1,0
hugh-sandilands,2007,RD,RUCK,18.0,0,0,0.0,0.0,115.06,103.63,54.35,115.06,115.06,1.0,1,0
lewis-stevenson,2007,RD,SD,18.0,0,0,58.85,0.3,108.91,98.01,61.68,108.91,108.91,1.0,1,0
lewis-stevenson,2008,RD,SD,19.0,0,1,58.85,0.3,108.91,97.97,76.77,108.91,108.91,1.0,1,0
lewis-stevenson,2009,RD,SD,20.0,0,2,58.85,0.4,102.54,91.23,71.23,102.54,102.54,1.0,1,0
lewis-stevenson,2010,RD,SD,21.0,10,3,58.85,0.2,99.94,82.68,61.18,99.94,95.29,0.88,1,0
lewis-stevenson,2011,RD,SD,22.0,10,4,59.0,0.3,88.84,79.39,57.37,88.84,81.29,0.76,1,0
lewis-stevenson,2012,RD,SD,23.0,10,5,59.0,0.3,88.53,78.23,59.18,88.53,78.84,0.67,1,0
lewis-stevenson,2013,RD,SD,24.0,19,6,59.0,0.0,84.4,73.87,59.69,84.4,74.03,0.58,1,0
luke-casey-leigh,2007,RD,MID,18.0,0,0,0.0,0.0,112.82,94.9,52.22,112.82,112.82,1.0,1,0
nathan-grima,2007,RD,KPD,22.0,0,0,85.38,1443.8,91.29,79.48,65.74,91.29,85.16,0.76,1,0
nathan-grima,2008,RD,KPD,23.0,0,1,85.38,1645.9,88.06,77.58,62.99,88.06,79.79,0.67,1,0
nathan-grima,2009,RD,KPD,24.0,13,2,85.38,1404.9,97.05,88.06,76.56,97.05,89.4,0.627,1,0
nathan-grima,2010,RD,KPD,25.0,30,3,83.42,876.9,98.61,99.2,84.66,99.2,94.91,0.705,1,0
nathan-grima,2011,RD,KPD,26.0,42,4,78.01,851.4,93.92,90.56,77.02,93.92,86.09,0.537,1,0
nathan-grima,2012,RD,KPD,27.0,55,5,78.01,473.3,98.13,94.44,83.18,98.13,90.99,0.522,1,0
nathan-grima,2013,RD,KPD,28.0,72,6,75.51,269.9,90.49,93.39,79.12,93.39,85.71,0.462,1,0
nathan-grima,2014,RD,KPD,29.0,86,7,76.21,0.1,87.41,86.85,75.07,87.41,80.71,0.457,1,0
nathan-grima,2015,RD,KPD,30.0,86,8,49.0,0.1,86.11,81.56,69.55,86.11,77.12,0.457,1,0
nathan-grima,2016,RD,KPD,31.0,88,9,49.0,0.0,78.36,71.15,60.74,78.36,67.79,0.4,1,0
nick-salter,2007,RD,KPF,18.0,0,0,59.91,49.3,105.48,97.39,61.85,105.48,105.48,1.0,1,0
nick-salter,2008,RD,KPF,19.0,2,1,59.91,56.2,101.0,92.47,68.82,101.0,101.0,1.0,1,0
nick-salter,2009,RD,KPF,20.0,7,2,59.91,28.2,97.65,88.59,66.66,97.65,97.65,1.0,1,0
nick-salter,2010,RD,KPF,21.0,15,3,59.91,18.2,98.18,85.33,66.53,98.18,94.38,0.88,1,0
nick-salter,2011,RD,KPF,22.0,21,4,60.83,0.0,92.06,81.19,63.85,92.06,85.29,0.76,1,0
brodie-moles,2007,RD,MID,18.0,0,0,68.69,3.4,112.82,94.9,52.22,112.82,112.82,1.0,1,0
brodie-moles,2008,RD,MID,19.0,0,1,68.69,3.8,112.82,94.86,66.85,112.82,112.82,1.0,1,0
brodie-moles,2009,RD,MID,20.0,0,2,68.69,4.4,103.9,91.12,61.06,103.9,103.9,1.0,1,0
brodie-moles,2010,RD,MID,21.0,13,3,68.69,0.0,110.79,97.53,72.96,110.79,106.25,0.88,1,0
brodie-moles,2011,RD,MID,22.0,17,4,27.0,0.0,95.07,81.87,52.07,95.07,84.75,0.76,1,0
jarrod-silvester,2007,RD,SF,18.0,0,0,62.4,14.4,97.91,83.99,50.25,97.91,97.91,1.0,1,0
jarrod-silvester,2008,RD,SF,19.0,0,1,62.4,16.5,97.91,85.19,61.5,97.91,97.91,1.0,1,0
jarrod-silvester,2009,RD,SF,20.0,5,2,62.4,0.0,93.94,83.36,60.42,93.94,93.94,1.0,1,0
lachie-hill,2007,RD,SF,18.0,0,0,0.0,0.0,97.91,83.99,50.25,97.91,97.91,1.0,1,0
austin-wonaeamirri,2007,RD,SF,18.0,0,0,61.75,7.1,97.91,83.99,50.25,97.91,97.91,1.0,1,0
austin-wonaeamirri,2008,RD,SF,19.0,18,1,61.75,4.2,99.48,95.31,73.62,99.48,99.48,1.0,1,0
austin-wonaeamirri,2009,RD,SF,20.0,18,2,57.38,4.8,96.05,87.58,69.48,96.05,96.05,1.0,1,0
austin-wonaeamirri,2010,RD,SF,21.0,26,3,57.38,3.2,94.03,83.69,64.31,94.03,90.47,0.88,1,0
austin-wonaeamirri,2011,RD,SF,22.0,31,4,59.6,0.0,87.44,78.35,61.62,87.44,81.24,0.76,1,0
henry-white,2007,RD,KPF,18.0,0,0,0.0,0.0,105.48,97.39,61.85,105.48,105.48,1.0,1,0
jarrod-atkinson,2007,RD,MID,18.0,0,0,62.29,17.3,112.82,94.9,52.22,112.82,112.82,1.0,1,0
jarrod-atkinson,2008,RD,MID,19.0,5,1,62.29,19.7,107.45,90.42,60.11,107.45,107.45,1.0,1,0
jarrod-atkinson,2009,RD,MID,20.0,10,2,62.29,0.8,107.23,93.83,63.37,107.23,107.23,1.0,1,0
jarrod-atkinson,2010,RD,MID,21.0,17,3,62.29,0.0,105.73,91.42,65.7,105.73,100.93,0.88,1,0
luke-pratt,2007,RD,RUCK,18.0,0,0,46.0,0.0,115.06,103.63,54.35,115.06,115.06,1.0,1,0
luke-pratt,2008,RD,RUCK,19.0,0,1,46.0,0.0,115.06,104.01,74.36,115.06,115.06,1.0,1,0
luke-pratt,2009,RD,RUCK,20.0,1,2,46.0,0.0,111.21,100.69,71.6,111.21,111.21,1.0,1,0
luke-miles,2007,RD,KPD,18.0,0,0,62.5,0.2,103.09,97.89,65.17,103.09,103.09,1.0,1,0
luke-miles,2008,RD,KPD,19.0,0,1,62.5,0.2,103.09,97.58,79.88,103.09,103.09,1.0,1,0
luke-miles,2009,RD,KPD,20.0,0,2,62.5,0.3,97.65,90.86,74.34,97.65,97.65,1.0,1,0
luke-miles,2010,RD,KPD,21.0,2,3,62.5,0.0,95.09,85.25,68.11,95.09,91.85,0.88,1,0
jared-petrenko,2007,RD,SF,18.0,0,0,62.19,17.7,97.91,83.99,50.25,97.91,97.91,1.0,1,0
jared-petrenko,2008,RD,SF,19.0,0,1,62.19,20.2,97.91,85.19,61.5,97.91,97.91,1.0,1,0
jared-petrenko,2009,RD,SF,20.0,9,2,62.19,23.0,91.46,81.45,58.17,91.46,91.46,1.0,1,0
jared-petrenko,2010,RD,SF,21.0,21,3,62.19,26.2,87.2,71.55,54.82,87.2,83.32,0.88,1,0
jared-petrenko,2011,RD,SF,22.0,36,4,62.19,23.4,88.08,82.72,66.85,88.08,82.98,0.76,1,0
jared-petrenko,2012,RD,SF,23.0,59,5,59.45,26.4,83.11,78.17,64.57,83.11,76.99,0.67,1,0
jared-petrenko,2013,RD,SF,24.0,71,6,58.67,26.3,75.13,72.59,62.98,75.13,70.03,0.58,1,0
jared-petrenko,2014,RD,SF,25.0,76,7,66.6,0.0,76.66,70.46,60.5,76.66,68.91,0.52,1,0
timothy-walsh,2007,RD,SD,18.0,0,0,0.0,0.0,108.91,98.01,61.68,108.91,108.91,1.0,1,0
ashley-arrowsmith,2007,RD,MID,18.0,0,0,0.0,0.0,112.82,94.9,52.22,112.82,112.82,1.0,1,0
cruize-garlett,2007,RD,SF,18.0,0,0,57.53,0.7,97.91,83.99,50.25,97.91,97.91,1.0,1,0
cruize-garlett,2008,RD,SF,19.0,0,1,57.53,0.8,97.91,85.19,61.5,97.91,97.91,1.0,1,0
cruize-garlett,2009,RD,SF,20.0,5,2,57.53,1.0,92.22,80.0,55.81,92.22,92.22,1.0,1,0
cruize-garlett,2010,RD,SF,21.0,16,3,57.53,0.4,94.03,83.85,63.82,94.03,90.41,0.88,1,0
cruize-garlett,2011,RD,SF,22.0,25,4,54.92,0.4,82.06,75.72,58.05,82.06,76.3,0.76,1,0
cruize-garlett,2012,RD,SF,23.0,32,5,62.29,0.0,80.61,75.04,62.6,80.61,74.67,0.67,1,0
daniel-boyle,2007,RD,SD,18.0,0,0,0.0,0.0,108.91,98.01,61.68,108.91,108.91,1.0,1,0
jeremy-laidler,2007,RD,SD,18.0,0,0,67.17,66.9,108.91,98.01,61.68,108.91,108.91,1.0,1,0
jeremy-laidler,2008,RD,SD,19.0,0,1,67.17,76.3,108.91,97.97,76.77,108.91,108.91,1.0,1,0
jeremy-laidler,2009,RD,SD,20.0,1,2,67.17,87.0,102.22,91.99,67.44,102.22,102.22,1.0,1,0
jeremy-laidler,2010,RD,SD,21.0,2,3,67.17,36.6,100.09,86.53,65.05,100.09,95.88,0.88,1,0
jeremy-laidler,2011,RD,SD,22.0,21,4,67.17,16.6,102.45,94.19,77.27,102.45,96.41,0.76,1,0
jeremy-laidler,2012,RD,SD,23.0,25,5,62.09,15.0,97.68,89.58,70.1,97.68,88.58,0.67,1,0
jeremy-laidler,2013,RD,SD,24.0,26,6,62.09,17.2,92.57,83.95,67.16,92.57,81.9,0.58,1,0
jeremy-laidler,2014,RD,SD,25.0,45,7,62.09,19.2,83.4,75.02,62.19,83.4,73.22,0.52,1,0
jeremy-laidler,2015,RD,SD,26.0,68,8,63.75,5.8,85.95,81.62,69.62,85.95,77.13,0.46,1,0
jeremy-laidler,2016,RD,SD,27.0,84,9,56.88,6.4,76.98,70.85,60.8,76.98,67.27,0.4,1,0
jeremy-laidler,2017,RD,SD,28.0,87,10,70.0,0.0,76.99,69.4,59.55,76.99,66.53,0.4,1,0
tristan-cartledge,2007,RD,MID,18.0,0,0,35.5,0.0,112.82,94.9,52.22,112.82,112.82,1.0,1,0
tristan-cartledge,2008,RD,MID,19.0,2,1,35.5,0.0,113.74,93.99,59.46,113.74,113.74,1.0,1,0
david-ellard,2007,RD,MID,18.0,0,0,74.18,148.3,112.82,94.9,52.22,112.82,112.82,1.0,1,0
david-ellard,2008,RD,MID,19.0,1,1,74.18,169.0,111.63,93.99,60.94,111.63,111.63,1.0,1,0
david-ellard,2009,RD,MID,20.0,1,2,74.18,192.7,103.9,91.33,61.41,103.9,103.9,1.0,1,0
david-ellard,2010,RD,MID,21.0,8,3,74.18,201.0,107.0,93.04,61.16,107.0,101.5,0.88,1,0
david-ellard,2011,RD,MID,22.0,27,4,72.85,210.8,107.58,102.29,78.67,107.58,100.64,0.76,1,0
david-ellard,2012,RD,MID,23.0,37,5,66.57,0.8,115.88,104.25,83.65,115.88,105.24,0.67,1,0
david-ellard,2013,RD,MID,24.0,40,6,57.16,0.9,96.11,91.05,67.43,96.11,84.06,0.58,1,0
david-ellard,2014,RD,MID,25.0,53,7,57.16,0.7,86.07,76.82,59.57,86.07,73.35,0.52,1,0
david-ellard,2015,RD,MID,26.0,63,8,54.0,0.0,77.47,73.02,51.97,77.47,63.7,0.46,1,0
jake-spencer,2007,RD,RUCK,18.0,0,0,71.14,51.7,115.06,103.63,54.35,115.06,115.06,1.0,1,0
jake-spencer,2008,RD,RUCK,19.0,0,1,71.14,58.9,115.06,104.01,74.36,115.06,115.06,1.0,1,0
jake-spencer,2009,RD,RUCK,20.0,6,2,71.14,67.2,110.97,100.65,67.36,110.97,110.97,1.0,1,0
jake-spencer,2010,RD,RUCK,21.0,8,3,71.14,76.6,106.94,92.55,62.27,106.94,101.58,0.88,1,0
jake-spencer,2011,RD,RUCK,22.0,8,4,71.14,87.3,108.19,92.02,66.6,108.19,98.21,0.76,1,0
jake-spencer,2012,RD,RUCK,23.0,16,5,71.14,98.2,112.85,93.2,66.37,112.85,97.51,0.67,1,0
jake-spencer,2013,RD,RUCK,24.0,24,6,74.97,30.0,107.44,95.4,75.85,107.44,94.17,0.58,1,0
jake-spencer,2014,RD,RUCK,25.0,29,7,72.43,23.5,102.36,92.84,72.8,102.36,88.17,0.52,1,0
jake-spencer,2015,RD,RUCK,26.0,36,8,72.43,5.0,98.41,91.59,73.01,98.41,84.69,0.46,1,0
jake-spencer,2016,RD,RUCK,27.0,36,9,70.5,5.8,98.11,88.19,70.97,98.11,81.83,0.4,1,0
jake-spencer,2017,RD,RUCK,28.0,38,10,70.5,0.0,95.98,85.26,68.15,95.98,79.28,0.4,1,0
john-shaw,2007,RD,MID,18.0,0,0,0.0,0.0,112.82,94.9,52.22,112.82,112.82,1.0,1,0
edward-curnow,2007,RD,MID,18.0,0,0,99.53,862.0,112.82,94.9,52.22,112.82,112.82,1.0,1,0
edward-curnow,2008,RD,MID,19.0,0,1,99.53,982.7,112.82,94.86,66.85,112.82,112.82,1.0,1,0
edward-curnow,2009,RD,MID,20.0,0,2,99.53,1120.2,103.9,91.12,61.06,103.9,103.9,1.0,1,0
edward-curnow,2010,RD,MID,21.0,0,3,99.53,1277.1,105.0,90.59,64.4,105.0,100.13,0.88,1,0
edward-curnow,2011,RD,MID,22.0,12,4,99.53,1442.4,107.16,95.59,72.87,107.16,98.93,0.76,1,0
edward-curnow,2012,RD,MID,23.0,30,5,99.53,1625.7,105.73,99.23,77.31,105.73,96.35,0.67,1,0
edward-curnow,2013,RD,MID,24.0,51,6,99.53,1832.3,100.32,96.54,82.03,100.32,92.64,0.58,1,0
edward-curnow,2014,RD,MID,25.0,66,7,99.53,1802.6,107.3,100.74,87.11,107.3,97.61,0.52,1,0
edward-curnow,2015,RD,MID,26.0,88,8,99.53,1888.3,103.81,95.5,84.63,103.81,93.45,0.46,1,0
edward-curnow,2016,RD,MID,27.0,109,9,99.53,1464.1,111.92,108.68,100.39,111.92,107.11,0.583,1,0
edward-curnow,2017,RD,MID,28.0,122,10,95.98,1411.4,106.11,98.62,89.52,106.11,97.5,0.481,1,0
edward-curnow,2018,RD,MID,29.0,143,11,95.98,913.9,110.17,104.83,93.27,110.17,103.71,0.618,1,0
edward-curnow,2019,RD,MID,30.0,165,12,90.79,653.5,104.53,97.74,83.63,104.53,94.46,0.518,1,0
alex-grima,2007,RD,SF,18.0,0,0,0.0,0.0,97.91,83.99,50.25,97.91,97.91,1.0,1,0
will-sullivan,2007,RD,SF,18.0,0,0,0.0,0.0,97.91,83.99,50.25,97.91,97.91,1.0,1,0
chris-kangars,2007,RD,KPD,18.0,0,0,0.0,0.0,103.09,97.89,65.17,103.09,103.09,1.0,1,0
shane-valenti,2007,RD,MID,18.0,0,0,71.67,67.5,112.82,94.9,52.22,112.82,112.82,1.0,1,0
shane-valenti,2008,RD,MID,19.0,9,1,71.67,45.6,113.57,102.59,74.29,113.57,113.57,1.0,1,0
shane-valenti,2009,RD,MID,20.0,15,2,77.67,0.0,114.09,104.55,81.2,114.09,114.09,1.0,1,0
brodie-martin,2007,RD,MID,18.0,0,0,61.92,61.8,112.82,94.9,52.22,112.82,112.82,1.0,1,0
brodie-martin,2008,RD,MID,19.0,0,1,61.92,70.5,112.82,94.86,66.85,112.82,112.82,1.0,1,0
brodie-martin,2009,RD,MID,20.0,2,2,61.92,77.4,103.9,91.78,62.36,103.9,103.9,1.0,1,0
brodie-martin,2010,RD,MID,21.0,4,3,61.92,14.3,108.17,92.83,67.28,108.17,103.26,0.88,1,0
brodie-martin,2011,RD,MID,22.0,9,4,61.92,16.3,93.77,83.94,53.86,93.77,84.19,0.76,1,0
brodie-martin,2012,RD,MID,23.0,16,5,61.92,18.3,94.17,80.74,55.97,94.17,81.56,0.67,1,0
brodie-martin,2013,RD,MID,24.0,18,6,65.41,20.9,83.85,74.14,50.36,83.85,69.79,0.58,1,0
brodie-martin,2014,RD,MID,25.0,35,7,65.41,20.7,90.29,82.65,62.87,90.29,77.12,0.52,1,0
brodie-martin,2015,RD,MID,26.0,38,8,66.67,0.0,85.95,79.63,61.73,85.95,72.87,0.46,1,0
matthew-beckmans,2007,RD,KPF,18.0,0,0,0.0,0.0,105.48,97.39,61.85,105.48,105.48,1.0,1,0
cameron-stokes,2007,RD,SF,18.0,0,0,44.55,0.7,97.91,83.99,50.25,97.91,97.91,1.0,1,0
cameron-stokes,2008,RD,SF,19.0,9,1,44.55,0.0,96.57,87.81,63.42,96.57,96.57,1.0,1,0
cameron-stokes,2009,RD,SF,20.0,19,2,35.2,0.0,81.16,73.41,54.25,81.16,81.16,1.0,1,0
cameron-stokes,2010,RD,SF,21.0,20,3,23.0,0.0,83.28,71.66,53.24,83.28,79.67,0.88,1,0
callum-wilson,2007,RD,KPF,18.0,0,0,79.33,162.9,105.48,97.39,61.85,105.48,105.48,1.0,1,0
callum-wilson,2008,RD,KPF,19.0,0,1,79.33,185.7,105.48,97.35,76.94,105.48,105.48,1.0,1,0
callum-wilson,2009,RD,KPF,20.0,4,2,79.33,211.0,97.3,86.38,64.99,97.3,97.3,1.0,1,0
callum-wilson,2010,RD,KPF,21.0,7,3,79.33,0.0,99.26,87.74,66.99,99.26,95.39,0.88,1,0
michael-wundke,2007,RD,MID,18.0,0,0,0.0,0.0,112.82,94.9,52.22,112.82,112.82,1.0,1,0
shane-mumford,2007,RD,RUCK,21.0,0,0,111.41,2674.5,111.34,94.0,71.64,111.34,106.57,0.88,1,0
shane-mumford,2008,RD,RUCK,22.0,3,1,111.41,3048.9,111.05,92.27,61.13,111.05,99.07,0.76,1,0
shane-mumford,2009,RD,RUCK,23.0,21,2,111.41,3475.7,111.76,97.26,63.38,111.76,95.8,0.67,1,0
shane-mumford,2010,RD,RUCK,24.0,42,3,111.41,3534.7,115.5,106.71,91.83,115.5,106.04,0.6,1,0
shane-mumford,2011,RD,RUCK,25.0,61,4,111.41,2797.8,125.95,120.43,110.84,125.95,122.87,0.796,1,0
shane-mumford,2012,RD,RUCK,26.0,78,5,105.72,2802.2,116.22,113.19,104.05,116.22,111.36,0.6,1,0
shane-mumford,2013,RD,RUCK,27.0,100,6,105.72,2792.0,112.4,111.46,100.36,112.4,106.5,0.51,1,0
shane-mumford,2014,RD,RUCK,28.0,117,7,105.72,1958.7,123.99,118.13,115.86,123.99,121.95,0.749,1,0
shane-mumford,2015,RD,RUCK,29.0,128,8,100.03,1377.1,120.35,117.67,106.93,120.35,116.75,0.731,1,0
shane-mumford,2016,RD,RUCK,30.0,151,9,96.19,955.4,109.23,106.36,95.74,109.23,104.1,0.62,1,0
shane-mumford,2017,RD,RUCK,31.0,172,10,90.1,479.0,108.08,104.7,92.9,108.08,102.1,0.606,1,0
shane-mumford,2018,RD,RUCK,32.0,172,11,83.84,546.1,107.27,103.56,90.75,107.27,100.76,0.606,1,0
shane-mumford,2019,RD,RUCK,33.0,192,12,83.84,500.7,99.8,86.87,73.24,99.8,83.86,0.4,1,0
aaron-bruce,2007,RD,RUCK,18.0,0,0,0.0,0.0,115.06,103.63,54.35,115.06,115.06,1.0,1,0
dean-terlich,2007,RD,SD,18.0,0,0,70.81,55.1,108.91,98.01,61.68,108.91,108.91,1.0,1,0
dean-terlich,2008,RD,SD,19.0,0,1,70.81,62.8,108.91,97.97,76.77,108.91,108.91,1.0,1,0
dean-terlich,2009,RD,SD,20.0,0,2,70.81,71.6,102.54,91.23,71.23,102.54,102.54,1.0,1,0
dean-terlich,2010,RD,SD,21.0,0,3,70.81,81.6,100.4,85.93,66.31,100.4,96.31,0.88,1,0
dean-terlich,2011,RD,SD,22.0,0,4,70.81,93.0,94.37,82.44,64.9,94.37,87.3,0.76,1,0
dean-terlich,2012,RD,SD,23.0,0,5,70.81,106.0,93.53,84.5,69.58,93.53,85.62,0.67,1,0
dean-terlich,2013,RD,SD,24.0,20,6,70.81,1.2,102.22,97.6,77.19,102.22,91.71,0.58,1,0
dean-terlich,2014,RD,SD,25.0,35,7,62.93,0.0,91.33,83.3,67.41,91.33,79.85,0.52,1,0
khan-haretuku,2007,PDS,MID,18.0,0,0,0.0,0.0,112.82,94.9,52.22,112.82,112.82,1.0,0,1
james-wilsen,2007,PDS,MID,18.0,0,0,0.0,0.0,112.82,94.9,52.22,112.82,112.82,1.0,0,1
ryan-davis,2007,PDS,MID,18.0,0,0,57.18,1.3,112.82,94.9,52.22,112.82,112.82,1.0,0,1
ryan-davis,2008,PDS,MID,19.0,11,1,57.18,1.3,107.62,95.87,64.2,107.62,107.62,1.0,0,1
ryan-davis,2009,PDS,MID,20.0,14,2,64.63,1.4,102.69,89.23,57.67,102.69,102.69,1.0,0,1
ryan-davis,2010,PDS,MID,21.0,14,3,64.63,1.7,100.52,81.71,48.64,100.52,94.29,0.88,0,1
ryan-davis,2011,PDS,MID,22.0,14,4,64.63,1.9,92.44,79.96,46.44,92.44,81.4,0.76,0,1
ryan-davis,2012,PDS,MID,23.0,14,5,64.63,2.1,87.05,74.87,46.56,87.05,73.69,0.67,0,1
ryan-davis,2013,PDS,MID,24.0,14,6,64.63,2.4,81.78,72.31,45.58,81.78,66.58,0.58,0,1
ryan-davis,2014,PDS,MID,25.0,14,7,64.63,2.8,77.31,68.71,46.0,77.31,62.28,0.52,0,1
ryan-davis,2015,PDS,MID,26.0,14,8,64.63,3.2,74.04,67.28,43.99,74.04,57.82,0.46,0,1
ryan-davis,2016,PDS,MID,27.0,33,9,64.63,2.3,84.75,78.26,59.02,84.75,69.31,0.4,0,1
ryan-davis,2017,PDS,MID,28.0,35,10,60.0,0.0,83.41,72.88,55.66,83.41,66.76,0.4,0,1
brendan-murphy,2007,IRE,SF,18.0,0,0,0.0,0.0,97.91,83.99,50.25,97.91,97.91,1.0,0,1
michael-shields,2007,IRE,KPF,18.0,0,0,0.0,0.0,105.48,97.39,61.85,105.48,105.48,1.0,0,1
pearce-hanley,2007,IRE,SD,19.0,0,0,96.71,1153.2,108.91,97.97,76.77,108.91,108.91,1.0,0,1
pearce-hanley,2008,IRE,SD,20.0,2,1,96.71,1314.6,102.22,91.99,66.96,102.22,102.22,1.0,0,1
pearce-hanley,2009,IRE,SD,21.0,3,2,96.71,1498.7,97.86,86.46,60.46,97.86,93.37,0.88,0,1
pearce-hanley,2010,IRE,SD,22.0,12,3,96.71,1707.8,92.54,80.32,60.01,92.54,84.74,0.76,0,1
pearce-hanley,2011,IRE,SD,23.0,34,4,96.71,1733.9,106.7,101.27,82.93,106.7,98.86,0.67,0,1
pearce-hanley,2012,IRE,SD,24.0,56,5,96.71,1541.7,111.08,105.12,92.84,111.08,104.39,0.633,0,1
pearce-hanley,2013,IRE,SD,25.0,76,6,95.38,1181.4,115.96,111.28,98.87,115.96,109.77,0.638,0,1
pearce-hanley,2014,IRE,SD,26.0,96,7,92.33,543.3,119.67,115.25,107.86,119.67,115.89,0.68,0,1
pearce-hanley,2015,IRE,SD,27.0,107,8,83.69,348.9,109.87,106.45,96.9,109.87,104.14,0.558,0,1
pearce-hanley,2016,IRE,SD,28.0,129,9,80.61,123.8,102.91,99.86,91.74,102.91,97.15,0.484,0,1
pearce-hanley,2017,IRE,SD,29.0,142,10,71.43,71.2,97.03,92.18,82.23,97.03,88.25,0.407,0,1
pearce-hanley,2018,IRE,SD,30.0,145,11,68.22,80.8,94.2,86.34,72.87,94.2,81.4,0.4,0,1
pearce-hanley,2019,IRE,SD,31.0,161,12,68.22,0.3,90.37,84.11,68.6,90.37,77.31,0.4,0,1
kevin-dyas,2007,IRE,MID,18.0,0,0,0.0,0.0,112.82,94.9,52.22,112.82,112.82,1.0,0,1
jake-orreal,2007,UNR,KPD,18.0,0,0,0.0,0.0,103.09,97.89,65.17,103.09,103.09,1.0,0,1
bryce-gibbs,2006,ND,MID,18.0,0,0,105.79,3026.0,116.37,113.28,101.48,116.37,116.37,1.0,1,0
bryce-gibbs,2007,ND,MID,19.0,22,1,105.79,3448.9,116.04,110.1,100.64,116.04,116.04,1.0,1,0
bryce-gibbs,2008,ND,MID,20.0,43,2,105.79,3485.1,115.88,113.74,104.43,115.88,115.88,1.0,1,0
bryce-gibbs,2009,ND,MID,21.0,66,3,105.79,3183.8,115.9,118.88,116.5,118.88,118.71,0.928,1,0
bryce-gibbs,2010,ND,MID,22.0,89,4,105.19,2890.7,115.51,117.05,113.61,117.05,116.58,0.864,1,0
bryce-gibbs,2011,ND,MID,23.0,112,5,104.99,2523.0,114.59,115.24,112.88,115.24,114.8,0.812,1,0
bryce-gibbs,2012,ND,MID,24.0,134,6,104.91,2362.9,112.52,109.74,107.94,112.52,111.17,0.705,1,0
bryce-gibbs,2013,ND,MID,25.0,155,7,104.91,2115.8,110.04,105.94,98.31,110.04,105.96,0.652,1,0
bryce-gibbs,2014,ND,MID,26.0,177,8,104.91,1585.5,111.57,109.32,106.13,111.57,109.98,0.708,1,0
bryce-gibbs,2015,ND,MID,27.0,187,9,101.67,1644.4,105.49,97.39,88.37,105.49,97.08,0.509,1,0
bryce-gibbs,2016,ND,MID,28.0,209,10,101.67,1052.6,107.93,103.67,101.74,107.93,105.95,0.679,1,0
bryce-gibbs,2017,ND,MID,29.0,231,11,89.33,485.2,108.52,101.03,97.01,108.52,104.6,0.659,1,0
bryce-gibbs,2018,ND,MID,30.0,253,12,82.79,5.1,105.54,100.28,89.57,105.54,99.0,0.591,1,0
bryce-gibbs,2019,ND,MID,31.0,265,13,69.08,0.1,96.75,79.55,64.25,96.75,77.25,0.4,1,0
scott-gumbleton,2006,ND,KPF,18.0,0,0,56.34,9.2,90.53,86.05,51.94,90.53,90.53,1.0,1,0
scott-gumbleton,2007,ND,KPF,19.0,5,1,56.34,10.5,95.08,90.86,64.06,95.08,95.08,1.0,1,0
scott-gumbleton,2008,ND,KPF,20.0,5,2,56.34,12.0,91.08,86.34,64.78,91.08,91.08,1.0,1,0
scott-gumbleton,2009,ND,KPF,21.0,5,3,56.34,13.7,94.21,83.99,56.77,94.21,89.71,0.88,1,0
scott-gumbleton,2010,ND,KPF,22.0,22,4,56.34,13.2,88.3,84.38,62.64,88.3,82.14,0.76,1,0
scott-gumbleton,2011,ND,KPF,23.0,22,5,57.95,15.1,85.36,76.38,57.27,85.36,76.09,0.67,1,0
scott-gumbleton,2012,ND,KPF,24.0,28,6,57.95,10.0,79.95,74.2,56.78,79.95,70.22,0.58,1,0
scott-gumbleton,2013,ND,KPF,25.0,35,7,58.57,0.0,80.87,74.41,59.41,80.87,70.57,0.52,1,0
lachlan-hansen,2006,ND,KPD,18.0,0,0,72.81,402.4,98.7,99.34,71.82,99.34,99.34,1.0,1,0
lachlan-hansen,2007,ND,KPD,19.0,3,1,72.81,458.7,96.46,92.83,72.71,96.46,96.46,1.0,1,0
lachlan-hansen,2008,ND,KPD,20.0,13,2,72.81,519.0,94.02,90.49,72.0,94.02,94.02,1.0,1,0
lachlan-hansen,2009,ND,KPD,21.0,29,3,72.81,551.3,98.54,96.11,78.37,98.54,96.12,0.88,1,0
lachlan-hansen,2010,ND,KPD,22.0,50,4,72.81,466.7,92.61,94.21,79.65,94.21,90.72,0.76,1,0
lachlan-hansen,2011,ND,KPD,23.0,67,5,72.4,523.0,86.73,84.92,72.34,86.73,81.98,0.67,1,0
lachlan-hansen,2012,ND,KPD,24.0,79,6,72.4,559.2,81.46,79.72,70.66,81.46,76.92,0.58,1,0
lachlan-hansen,2013,ND,KPD,25.0,99,7,72.4,375.1,86.9,84.94,71.47,86.9,79.49,0.52,1,0
lachlan-hansen,2014,ND,KPD,26.0,117,8,69.11,113.7,88.98,86.94,76.63,88.98,82.51,0.476,1,0
lachlan-hansen,2015,ND,KPD,27.0,133,9,65.44,30.3,83.1,81.33,70.8,83.1,75.72,0.4,1,0
lachlan-hansen,2016,ND,KPD,28.0,138,10,63.08,28.2,80.93,77.98,63.94,80.93,70.73,0.4,1,0
lachlan-hansen,2017,ND,KPD,29.0,151,11,63.08,0.0,76.55,72.8,57.97,76.55,65.4,0.4,1,0
matthew-leuenberger,2006,ND,RUCK,18.0,0,0,91.81,700.0,119.99,105.31,80.33,119.99,119.99,1.0,1,0
matthew-leuenberger,2007,ND,RUCK,19.0,9,1,91.81,798.0,115.27,107.09,76.75,115.27,115.27,1.0,1,0
matthew-leuenberger,2008,ND,RUCK,20.0,19,2,91.81,909.7,111.57,104.36,78.22,111.57,111.57,1.0,1,0
matthew-leuenberger,2009,ND,RUCK,21.0,22,3,91.81,1037.0,114.56,95.69,75.45,114.56,109.87,0.88,1,0
matthew-leuenberger,2010,ND,RUCK,22.0,44,4,91.81,1174.4,116.63,103.85,92.98,116.63,110.95,0.76,1,0
matthew-leuenberger,2011,ND,RUCK,23.0,66,5,91.81,583.9,125.01,116.97,111.99,125.01,122.02,0.771,1,0
matthew-leuenberger,2012,ND,RUCK,24.0,69,6,80.65,658.0,121.68,112.31,105.36,121.68,116.22,0.665,1,0
matthew-leuenberger,2013,ND,RUCK,25.0,89,7,80.65,141.5,121.88,115.08,109.64,121.88,117.91,0.676,1,0
matthew-leuenberger,2014,ND,RUCK,26.0,94,8,67.49,158.3,109.38,99.17,90.03,109.38,99.58,0.494,1,0
matthew-leuenberger,2015,ND,RUCK,27.0,108,9,67.49,180.3,99.39,84.93,67.1,99.39,80.01,0.4,1,0
matthew-leuenberger,2016,ND,RUCK,28.0,128,10,72.44,50.8,99.22,86.65,72.02,99.22,82.9,0.4,1,0
matthew-leuenberger,2017,ND,RUCK,29.0,135,11,76.14,0.8,96.0,83.28,68.27,96.0,79.36,0.4,1,0
matthew-leuenberger,2018,ND,RUCK,30.0,137,12,64.5,0.0,96.69,79.28,64.17,96.69,77.18,0.4,1,0
travis-boak,2006,ND,MID,18.0,0,0,107.32,2660.6,114.98,107.37,85.19,114.98,114.98,1.0,1,0
travis-boak,2007,ND,MID,19.0,14,1,107.32,3032.9,116.92,105.98,88.85,116.92,116.92,1.0,1,0
travis-boak,2008,ND,MID,20.0,31,2,107.32,3248.4,120.35,115.77,101.52,120.35,120.35,1.0,1,0
travis-boak,2009,ND,MID,21.0,49,3,107.32,3530.9,119.85,110.63,98.58,119.85,117.3,0.88,1,0
travis-boak,2010,ND,MID,22.0,69,4,107.32,3467.3,123.3,117.87,107.39,123.3,120.35,0.815,1,0
travis-boak,2011,ND,MID,23.0,90,5,107.32,3575.3,121.72,115.22,105.13,121.72,117.14,0.724,1,0
travis-boak,2012,ND,MID,24.0,108,6,107.32,3710.4,117.93,111.55,102.11,117.93,112.24,0.64,1,0
travis-boak,2013,ND,MID,25.0,131,7,107.32,3451.7,123.53,116.73,110.83,123.53,119.95,0.719,1,0
travis-boak,2014,ND,MID,26.0,155,8,107.32,3107.8,119.51,115.88,107.63,119.51,116.25,0.725,1,0
travis-boak,2015,ND,MID,27.0,177,9,107.27,2920.4,110.24,110.63,102.18,110.63,107.49,0.629,1,0
travis-boak,2016,ND,MID,28.0,199,10,107.27,2927.0,109.27,102.89,95.08,109.27,102.59,0.529,1,0
travis-boak,2017,ND,MID,29.0,221,11,107.27,3094.5,106.41,102.27,89.15,106.41,96.82,0.444,1,0
travis-boak,2018,ND,MID,30.0,243,12,107.27,2958.6,105.03,101.13,86.0,105.03,94.61,0.452,1,0
travis-boak,2019,ND,MID,31.0,264,13,107.27,2252.6,109.65,108.88,95.39,109.65,104.77,0.657,1,0
mitchell-thorp,2006,ND,KPF,18.0,0,0,40.0,0.0,87.95,78.45,48.8,87.95,87.95,1.0,1,0
mitchell-thorp,2007,ND,KPF,19.0,1,1,40.0,0.0,87.95,82.06,60.58,87.95,87.95,1.0,1,0
mitchell-thorp,2008,ND,KPF,20.0,1,2,34.0,0.0,91.05,78.84,62.05,91.05,91.05,1.0,1,0
mitchell-thorp,2009,ND,KPF,21.0,2,3,34.0,0.0,93.6,76.92,58.3,93.6,89.36,0.88,1,0
joel-selwood,2006,ND,MID,18.0,0,0,119.54,5222.7,115.51,108.17,82.98,115.51,115.51,1.0,1,0
joel-selwood,2007,ND,MID,19.0,21,1,119.54,5885.3,123.32,118.2,99.39,123.32,123.32,1.0,1,0
joel-selwood,2008,ND,MID,20.0,45,2,119.54,6155.3,123.03,119.47,110.72,123.03,123.03,1.0,1,0
joel-selwood,2009,ND,MID,21.0,70,3,119.54,6225.5,128.48,123.81,116.96,128.48,127.69,0.932,1,0
joel-selwood,2010,ND,MID,22.0,94,4,119.54,5889.1,127.12,127.98,121.13,127.98,127.32,0.904,1,0
joel-selwood,2011,ND,MID,23.0,114,5,119.54,5530.8,126.88,126.87,122.79,126.88,126.34,0.868,1,0
joel-selwood,2012,ND,MID,24.0,135,6,119.54,4906.0,127.34,125.24,121.76,127.34,126.4,0.832,1,0
joel-selwood,2013,ND,MID,25.0,160,7,118.22,4246.5,126.0,123.5,120.28,126.0,124.9,0.808,1,0
joel-selwood,2014,ND,MID,26.0,184,8,114.34,3151.4,124.36,120.7,117.62,124.36,122.9,0.784,1,0
joel-selwood,2015,ND,MID,27.0,204,9,108.18,2810.3,119.9,118.37,108.65,119.9,117.08,0.75,1,0
joel-selwood,2016,ND,MID,28.0,228,10,106.56,2025.4,121.44,113.7,108.85,121.44,118.42,0.76,1,0
joel-selwood,2017,ND,MID,29.0,249,11,101.15,1663.6,109.09,99.19,96.67,109.09,104.93,0.665,1,0
joel-selwood,2018,ND,MID,30.0,272,12,97.34,1090.9,110.78,104.37,97.66,110.78,106.72,0.69,1,0
joel-selwood,2019,ND,MID,31.0,295,13,91.66,919.3,102.96,93.21,83.27,102.96,93.35,0.512,1,0
ben-reid,2006,ND,KPD,18.0,0,0,78.72,721.4,95.49,91.23,70.94,95.49,95.49,1.0,1,0
ben-reid,2007,ND,KPD,19.0,3,1,78.72,822.4,93.68,85.66,73.31,93.68,93.68,1.0,1,0
ben-reid,2008,ND,KPD,20.0,6,2,78.72,937.5,90.35,79.25,65.92,90.35,90.35,1.0,1,0
ben-reid,2009,ND,KPD,21.0,8,3,78.72,1068.8,89.4,73.86,58.97,89.4,85.75,0.88,1,0
ben-reid,2010,ND,KPD,22.0,29,4,78.72,1040.5,92.36,88.89,76.2,92.36,88.48,0.76,1,0
ben-reid,2011,ND,KPD,23.0,53,5,78.72,832.4,99.2,94.42,84.87,99.2,94.81,0.694,1,0
ben-reid,2012,ND,KPD,24.0,73,6,76.87,818.3,88.85,86.28,76.91,88.85,83.84,0.58,1,0
ben-reid,2013,ND,KPD,25.0,95,7,76.87,552.9,94.37,88.82,82.62,94.37,89.22,0.562,1,0
ben-reid,2014,ND,KPD,26.0,99,8,71.23,630.3,82.52,80.86,72.59,82.52,77.16,0.46,1,0
ben-reid,2015,ND,KPD,27.0,104,9,71.23,580.5,81.31,77.33,69.85,81.31,74.43,0.4,1,0
ben-reid,2016,ND,KPD,28.0,121,10,71.23,218.8,88.4,86.62,72.72,88.4,80.17,0.475,1,0
ben-reid,2017,ND,KPD,29.0,136,11,65.18,45.7,80.83,80.21,68.46,80.83,73.74,0.427,1,0
ben-reid,2018,ND,KPD,30.0,142,12,61.61,28.2,77.85,72.04,62.28,77.85,68.51,0.4,1,0
ben-reid,2019,ND,KPD,31.0,150,13,61.88,0.0,75.25,65.54,58.09,75.25,64.96,0.4,1,0
david-armitage,2006,ND,MID,18.0,0,0,98.57,1058.9,115.75,104.8,82.61,115.75,115.75,1.0,1,0
david-armitage,2007,ND,MID,19.0,3,1,98.57,1207.1,110.97,100.21,76.35,110.97,110.97,1.0,1,0
david-armitage,2008,ND,MID,20.0,16,2,98.57,1376.0,110.16,103.62,83.03,110.16,110.16,1.0,1,0
david-armitage,2009,ND,MID,21.0,19,3,98.57,1255.7,111.89,101.46,80.18,111.89,108.08,0.88,1,0
david-armitage,2010,ND,MID,22.0,28,4,98.57,1425.5,107.28,99.71,77.55,107.28,100.15,0.76,1,0
david-armitage,2011,ND,MID,23.0,50,5,98.57,1619.9,102.16,98.32,77.38,102.16,93.98,0.67,1,0
david-armitage,2012,ND,MID,24.0,71,6,98.57,1591.0,109.77,105.47,93.05,109.77,102.75,0.58,1,0
david-armitage,2013,ND,MID,25.0,92,7,98.57,1380.3,115.02,107.94,97.14,115.02,107.66,0.588,1,0
david-armitage,2014,ND,MID,26.0,107,8,96.85,1107.2,112.25,105.65,95.13,112.25,104.82,0.566,1,0
david-armitage,2015,ND,MID,27.0,128,9,91.65,308.2,120.63,113.63,105.88,120.63,116.39,0.713,1,0
david-armitage,2016,ND,MID,28.0,150,10,82.63,61.3,108.83,98.86,92.5,108.83,100.64,0.499,1,0
david-armitage,2017,ND,MID,29.0,152,11,78.0,65.9,104.38,96.08,86.12,104.38,94.73,0.472,1,0
david-armitage,2018,ND,MID,30.0,167,12,78.0,2.7,95.76,86.7,72.44,95.76,81.77,0.4,1,0
david-armitage,2019,ND,MID,31.0,169,13,60.5,0.0,93.33,80.51,65.09,93.33,76.39,0.4,1,0
nathan-brown,2006,ND,KPD,18.0,0,0,55.42,4.8,96.02,91.77,72.11,96.02,96.02,1.0,1,0
nathan-brown,2007,ND,KPD,19.0,0,1,55.42,5.4,96.02,90.82,71.7,96.02,96.02,1.0,1,0
nathan-brown,2008,ND,KPD,20.0,23,2,55.42,5.6,93.28,87.39,74.98,93.28,93.28,1.0,1,0
nathan-brown,2009,ND,KPD,21.0,37,3,55.42,6.4,87.07,75.29,66.21,87.07,84.57,0.88,1,0
nathan-brown,2010,ND,KPD,22.0,50,4,55.42,4.6,85.07,78.23,65.41,85.07,80.35,0.76,1,0
nathan-brown,2011,ND,KPD,23.0,50,5,54.83,5.2,80.94,76.23,60.5,80.94,74.2,0.67,1,0
nathan-brown,2012,ND,KPD,24.0,68,6,54.83,5.5,73.54,63.12,54.84,73.54,65.69,0.58,1,0
nathan-brown,2013,ND,KPD,25.0,90,7,54.83,6.0,67.49,55.79,53.46,67.49,60.75,0.52,1,0
nathan-brown,2014,ND,KPD,26.0,93,8,54.83,6.8,67.53,58.19,49.63,67.53,57.87,0.46,1,0
nathan-brown,2015,ND,KPD,27.0,114,9,54.83,6.1,69.11,63.39,52.58,69.11,59.19,0.4,1,0
nathan-brown,2016,ND,KPD,28.0,130,10,50.91,1.0,70.11,60.49,52.57,70.11,59.59,0.4,1,0
nathan-brown,2017,ND,KPD,29.0,152,11,44.5,1.2,64.1,48.06,44.91,64.1,52.58,0.4,1,0
nathan-brown,2018,ND,KPD,30.0,167,12,47.62,1.3,64.1,48.96,44.7,64.1,52.46,0.4,1,0
nathan-brown,2019,ND,KPD,31.0,183,13,53.31,0.0,63.43,52.17,44.27,63.43,51.94,0.4,1,0
andrejs-everitt,2006,ND,KPD,18.0,0,0,75.3,431.2,96.02,91.75,72.8,96.02,96.02,1.0,1,0
andrejs-everitt,2007,ND,KPD,19.0,8,1,75.3,370.8,99.18,96.57,85.9,99.18,99.18,1.0,1,0
andrejs-everitt,2008,ND,KPD,20.0,17,2,74.16,419.9,96.97,92.25,80.11,96.97,96.97,1.0,1,0
andrejs-everitt,2009,ND,KPD,21.0,24,3,74.16,477.7,96.08,86.56,76.22,96.08,93.69,0.88,1,0
andrejs-everitt,2010,ND,KPD,22.0,36,4,74.16,494.5,88.72,84.67,74.86,88.72,85.4,0.76,1,0
andrejs-everitt,2011,ND,KPD,23.0,47,5,74.16,563.0,83.22,78.59,65.19,83.22,77.27,0.67,1,0
andrejs-everitt,2012,ND,KPD,24.0,59,6,74.16,641.0,77.07,72.84,61.18,77.07,70.39,0.58,1,0
andrejs-everitt,2013,ND,KPD,25.0,79,7,74.16,672.7,78.41,73.61,69.0,78.41,73.89,0.52,1,0
andrejs-everitt,2014,ND,KPD,26.0,96,8,74.16,320.8,87.19,84.09,79.16,87.19,82.94,0.471,1,0
andrejs-everitt,2015,ND,KPD,27.0,118,9,70.66,85.0,89.38,84.14,76.64,89.38,82.12,0.43,1,0
andrejs-everitt,2016,ND,KPD,28.0,131,10,66.08,0.0,80.5,76.1,70.58,80.5,74.55,0.4,1,0
james-frawley,2006,ND,KPD,18.0,0,0,77.76,770.7,96.02,91.75,72.8,96.02,96.02,1.0,1,0
james-frawley,2007,ND,KPD,19.0,9,1,77.76,878.6,90.6,82.16,70.46,90.6,90.6,1.0,1,0
james-frawley,2008,ND,KPD,20.0,20,2,77.76,1001.5,89.54,79.58,70.73,89.54,89.54,1.0,1,0
james-frawley,2009,ND,KPD,21.0,40,3,77.76,1115.6,94.64,87.78,81.48,94.64,93.06,0.88,1,0
james-frawley,2010,ND,KPD,22.0,61,4,77.76,872.2,95.37,93.86,85.61,95.37,93.05,0.762,1,0
james-frawley,2011,ND,KPD,23.0,82,5,76.35,711.9,96.51,93.75,85.98,96.51,93.2,0.685,1,0
james-frawley,2012,ND,KPD,24.0,101,6,73.78,512.8,95.56,91.17,84.43,95.56,91.2,0.608,1,0
james-frawley,2013,ND,KPD,25.0,118,7,70.95,489.4,85.6,82.41,75.29,85.6,80.65,0.52,1,0
james-frawley,2014,ND,KPD,26.0,139,8,70.86,204.8,91.99,85.42,82.14,91.99,87.04,0.498,1,0
james-frawley,2015,ND,KPD,27.0,157,9,67.03,194.6,81.46,78.56,71.18,81.46,75.29,0.4,1,0
james-frawley,2016,ND,KPD,28.0,179,10,67.03,131.8,78.72,74.23,68.39,78.72,72.52,0.4,1,0
james-frawley,2017,ND,KPD,29.0,187,11,63.0,84.3,77.16,72.13,65.09,77.16,69.92,0.4,1,0
james-frawley,2018,ND,KPD,30.0,207,12,59.23,4.5,77.74,71.84,64.06,77.74,69.53,0.4,1,0
james-frawley,2019,ND,KPD,31.0,225,13,55.14,2.4,70.86,62.95,53.77,70.86,60.61,0.4,1,0
jack-riewoldt,2006,ND,KPF,18.0,0,0,92.38,2447.9,88.69,80.25,48.38,88.69,88.69,1.0,1,0
jack-riewoldt,2007,ND,KPF,19.0,8,1,92.38,2790.6,93.53,90.38,63.04,93.53,93.53,1.0,1,0
jack-riewoldt,2008,ND,KPF,20.0,26,2,92.38,3170.4,95.61,89.54,70.53,95.61,95.61,1.0,1,0
jack-riewoldt,2009,ND,KPF,21.0,46,3,92.38,3424.0,102.81,96.47,81.85,102.81,100.3,0.88,1,0
jack-riewoldt,2010,ND,KPF,22.0,68,4,92.38,3096.8,109.87,104.66,96.38,109.87,107.59,0.831,1,0
jack-riewoldt,2011,ND,KPF,23.0,90,5,91.86,3031.7,107.34,102.03,90.84,107.34,103.33,0.757,1,0
jack-riewoldt,2012,ND,KPF,24.0,112,6,91.86,2693.0,108.91,106.32,98.25,108.91,106.16,0.742,1,0
jack-riewoldt,2013,ND,KPF,25.0,134,7,90.23,2499.5,99.99,99.41,89.66,99.99,96.7,0.681,1,0
jack-riewoldt,2014,ND,KPF,26.0,157,8,90.23,2292.3,96.38,94.2,85.16,96.38,92.2,0.627,1,0
jack-riewoldt,2015,ND,KPF,27.0,180,9,90.23,1807.0,99.74,97.7,91.83,99.74,97.0,0.654,1,0
jack-riewoldt,2016,ND,KPF,28.0,202,10,87.23,1435.5,98.33,95.89,88.94,98.33,94.84,0.628,1,0
jack-riewoldt,2017,ND,KPF,29.0,225,11,82.24,1084.2,92.78,87.34,80.68,92.78,87.88,0.595,1,0
jack-riewoldt,2018,ND,KPF,30.0,249,12,77.77,427.7,97.28,92.82,82.55,97.28,92.26,0.659,1,0
jack-riewoldt,2019,ND,KPF,31.0,262,13,69.99,325.0,90.73,83.89,68.93,90.73,80.73,0.541,1,0
james-sellar,2006,ND,KPF,18.0,0,0,49.42,11.2,88.69,80.25,49.96,88.69,88.69,1.0,1,0
james-sellar,2007,ND,KPF,19.0,0,1,49.42,12.7,88.69,80.14,60.3,88.69,88.69,1.0,1,0
james-sellar,2008,ND,KPF,20.0,1,2,49.42,14.5,92.08,80.88,62.28,92.08,92.08,1.0,1,0
james-sellar,2009,ND,KPF,21.0,12,3,49.42,16.5,87.31,78.96,56.38,87.31,83.6,0.88,1,0
james-sellar,2010,ND,KPF,22.0,16,4,57.04,18.9,81.47,70.24,52.33,81.47,74.48,0.76,1,0
james-sellar,2011,ND,KPF,23.0,21,5,57.04,21.5,77.46,68.06,48.76,77.46,67.99,0.67,1,0
james-sellar,2012,ND,KPF,24.0,37,6,57.04,1.3,81.26,75.91,65.87,81.26,74.8,0.58,1,0
james-sellar,2013,ND,KPF,25.0,44,7,52.14,0.0,78.22,72.69,59.88,78.22,69.42,0.52,1,0
daniel-o-keefe,2006,ND,MID,18.0,0,0,0.0,0.0,115.46,102.76,79.14,115.46,115.46,1.0,1,0
mitchell-brown,2006,ND,KPD,18.0,0,0,52.64,6.6,96.17,89.5,69.23,96.17,96.17,1.0,1,0
mitchell-brown,2007,ND,KPD,19.0,5,1,52.64,7.4,95.39,83.99,70.56,95.39,95.39,1.0,1,0
mitchell-brown,2008,ND,KPD,20.0,5,2,52.64,8.5,94.73,83.69,64.03,94.73,94.73,1.0,1,0
mitchell-brown,2009,ND,KPD,21.0,24,3,52.64,5.4,94.13,82.54,69.43,94.13,91.16,0.88,1,0
mitchell-brown,2010,ND,KPD,22.0,37,4,48.83,0.2,85.9,80.38,67.1,85.9,81.39,0.76,1,0
mitchell-brown,2011,ND,KPD,23.0,43,5,43.93,0.1,81.33,72.56,58.53,81.33,73.81,0.67,1,0
mitchell-brown,2012,ND,KPD,24.0,51,6,41.48,0.2,71.54,60.56,52.69,71.54,63.62,0.58,1,0
mitchell-brown,2013,ND,KPD,25.0,70,7,44.48,0.1,68.37,56.19,51.04,68.37,60.06,0.52,1,0
mitchell-brown,2014,ND,KPD,26.0,89,8,43.53,0.0,67.1,53.2,49.15,67.1,57.4,0.46,1,0
mitchell-brown,2015,ND,KPD,27.0,90,9,43.0,0.0,66.18,48.35,44.24,66.18,53.02,0.4,1,0
mitchell-brown,2016,ND,KPD,28.0,94,10,43.0,0.0,64.87,47.11,41.43,64.87,50.81,0.4,1,0
shaun-hampson,2006,ND,RUCK,18.0,0,0,72.77,141.1,108.22,87.8,62.03,108.22,108.22,1.0,1,0
shaun-hampson,2007,ND,RUCK,19.0,2,1,72.77,160.9,112.92,93.22,72.02,112.92,112.92,1.0,1,0
shaun-hampson,2008,ND,RUCK,20.0,12,2,72.77,183.4,109.42,92.45,67.61,109.42,109.42,1.0,1,0
shaun-hampson,2009,ND,RUCK,21.0,27,3,72.77,209.1,108.69,91.83,74.17,108.69,104.54,0.88,1,0
shaun-hampson,2010,ND,RUCK,22.0,35,4,72.77,238.3,113.45,88.34,70.31,113.45,103.1,0.76,1,0
shaun-hampson,2011,ND,RUCK,23.0,44,5,72.77,269.6,117.36,89.19,79.03,117.36,104.71,0.67,1,0
shaun-hampson,2012,ND,RUCK,24.0,57,6,72.77,291.8,109.17,89.26,79.84,109.17,96.85,0.58,1,0
shaun-hampson,2013,ND,RUCK,25.0,63,7,72.15,211.4,103.46,85.65,74.06,103.46,89.34,0.52,1,0
shaun-hampson,2014,ND,RUCK,26.0,74,8,73.81,176.3,103.12,84.46,79.68,103.12,90.47,0.46,1,0
shaun-hampson,2015,ND,RUCK,27.0,78,9,71.7,200.9,99.28,80.99,70.42,99.28,81.97,0.4,1,0
shaun-hampson,2016,ND,RUCK,28.0,98,10,71.7,0.0,97.73,79.82,73.83,97.73,83.39,0.4,1,0
leroy-jetta,2006,ND,SF,18.0,0,0,72.02,244.5,91.79,84.41,65.59,91.79,91.79,1.0,1,0
leroy-jetta,2007,ND,SF,19.0,4,1,72.02,278.7,86.91,74.83,58.97,86.91,86.91,1.0,1,0
leroy-jetta,2008,ND,SF,20.0,22,2,72.02,317.0,89.66,79.21,66.22,89.66,89.66,1.0,1,0
leroy-jetta,2009,ND,SF,21.0,28,3,72.02,361.4,88.18,73.52,62.88,88.18,85.14,0.88,1,0
leroy-jetta,2010,ND,SF,22.0,39,4,72.02,128.8,94.53,86.8,72.78,94.53,89.31,0.76,1,0
leroy-jetta,2011,ND,SF,23.0,62,5,61.46,64.4,90.59,84.2,71.36,90.59,84.25,0.67,1,0
leroy-jetta,2012,ND,SF,24.0,83,6,57.49,0.1,85.64,80.56,70.57,85.64,79.31,0.58,1,0
leroy-jetta,2013,ND,SF,25.0,91,7,46.12,0.1,78.0,69.17,61.49,78.0,70.08,0.52,1,0
leroy-jetta,2014,ND,SF,26.0,93,8,48.5,0.0,73.52,67.41,58.89,73.52,65.62,0.46,1,0
shaun-grigg,2006,ND,MID,18.0,0,0,93.37,775.1,114.29,100.4,69.86,114.29,114.29,1.0,1,0
shaun-grigg,2007,ND,MID,19.0,5,1,93.37,883.6,110.22,94.79,68.85,110.22,110.22,1.0,1,0
shaun-grigg,2008,ND,MID,20.0,25,2,93.37,1001.4,114.84,108.04,89.72,114.84,114.84,1.0,1,0
shaun-grigg,2009,ND,MID,21.0,35,3,93.37,1119.3,113.44,105.37,85.12,113.44,110.04,0.88,1,0
shaun-grigg,2010,ND,MID,22.0,43,4,93.37,1161.6,114.99,107.96,87.99,114.99,108.51,0.76,1,0
shaun-grigg,2011,ND,MID,23.0,64,5,93.37,1234.5,112.08,104.58,89.24,112.08,104.54,0.67,1,0
shaun-grigg,2012,ND,MID,24.0,86,6,93.37,833.7,119.09,112.05,102.85,119.09,113.82,0.675,1,0
shaun-grigg,2013,ND,MID,25.0,109,7,89.51,784.4,106.21,101.66,89.04,106.21,98.12,0.529,1,0
shaun-grigg,2014,ND,MID,26.0,124,8,89.51,883.6,101.22,90.86,78.93,101.22,89.18,0.46,1,0
shaun-grigg,2015,ND,MID,27.0,147,9,89.51,640.7,106.45,98.17,92.1,106.45,98.55,0.449,1,0
shaun-grigg,2016,ND,MID,28.0,167,10,85.86,290.8,108.86,98.78,89.44,108.86,99.18,0.502,1,0
shaun-grigg,2017,ND,MID,29.0,192,11,82.47,80.2,102.04,92.28,83.92,102.04,91.87,0.438,1,0
shaun-grigg,2018,ND,MID,30.0,214,12,79.09,0.0,97.09,84.84,75.92,97.09,84.39,0.4,1,0
tom-hislop,2006,ND,MID,18.0,0,0,50.92,0.0,114.56,100.71,68.41,114.56,114.56,1.0,1,0
tom-hislop,2007,ND,MID,19.0,3,1,50.92,0.0,109.12,96.65,69.91,109.12,109.12,1.0,1,0
tom-hislop,2008,ND,MID,20.0,7,2,50.92,0.0,107.49,95.24,61.64,107.49,107.49,1.0,1,0
tom-hislop,2009,ND,MID,21.0,19,3,50.92,0.0,105.59,90.28,63.41,105.59,100.52,0.88,1,0
tom-hislop,2010,ND,MID,22.0,22,4,41.67,0.0,95.51,83.28,53.37,95.51,85.4,0.76,1,0
tom-hislop,2011,ND,MID,23.0,27,5,29.2,0.0,88.74,73.13,43.8,88.74,73.91,0.67,1,0
gavin-urquhart,2006,ND,SD,18.0,0,0,58.68,2.3,106.69,91.93,67.42,106.69,106.69,1.0,1,0
gavin-urquhart,2007,ND,SD,19.0,0,1,58.68,2.6,106.69,91.13,66.66,106.69,106.69,1.0,1,0
gavin-urquhart,2008,ND,SD,20.0,14,2,58.68,2.8,100.46,91.02,69.86,100.46,100.46,1.0,1,0
gavin-urquhart,2009,ND,SD,21.0,32,3,59.91,0.1,103.17,92.63,75.45,103.17,99.84,0.88,1,0
gavin-urquhart,2010,ND,SD,22.0,40,4,54.38,0.0,94.39,85.69,68.92,94.39,88.28,0.76,1,0
gavin-urquhart,2011,ND,SD,23.0,41,5,12.0,0.0,87.15,78.67,61.82,87.15,78.79,0.67,1,0
albert-proud,2006,ND,MID,18.0,0,0,49.49,0.0,111.65,100.23,65.94,111.65,111.65,1.0,1,0
albert-proud,2007,ND,MID,19.0,2,1,49.49,0.0,109.56,94.09,62.12,109.56,109.56,1.0,1,0
albert-proud,2008,ND,MID,20.0,9,2,49.49,0.0,106.24,92.4,60.71,106.24,106.24,1.0,1,0
albert-proud,2009,ND,MID,21.0,22,3,49.39,0.0,102.12,87.26,59.07,102.12,96.95,0.88,1,0
albert-proud,2010,ND,MID,22.0,29,4,52.0,0.0,95.8,84.45,58.69,95.8,86.9,0.76,1,0
paul-stewart,2006,ND,SD,18.0,0,0,64.12,4.9,102.13,89.22,65.15,102.13,102.13,1.0,1,0
paul-stewart,2007,ND,SD,19.0,0,1,64.12,5.6,102.13,88.42,64.07,102.13,102.13,1.0,1,0
paul-stewart,2008,ND,SD,20.0,11,2,64.12,6.2,96.64,84.13,65.19,96.64,96.64,1.0,1,0
paul-stewart,2009,ND,SD,21.0,18,3,64.12,7.0,95.96,78.66,61.93,95.96,91.87,0.88,1,0
paul-stewart,2010,ND,SD,22.0,38,4,64.12,6.6,94.25,85.72,69.84,94.25,88.39,0.76,1,0
paul-stewart,2011,ND,SD,23.0,44,5,60.26,5.7,89.95,81.55,67.8,89.95,82.64,0.67,1,0
paul-stewart,2012,ND,SD,24.0,65,6,55.87,4.1,84.8,78.64,68.41,84.8,77.91,0.58,1,0
paul-stewart,2013,ND,SD,25.0,77,7,49.49,4.6,76.38,69.92,56.15,76.38,66.67,0.52,1,0
paul-stewart,2014,ND,SD,26.0,81,8,51.45,0.5,75.8,68.54,54.11,75.8,64.09,0.46,1,0
paul-stewart,2015,ND,SD,27.0,87,9,51.45,0.3,72.97,62.57,49.98,72.97,59.18,0.4,1,0
paul-stewart,2016,ND,SD,28.0,101,10,51.57,0.0,72.85,61.4,47.93,72.85,57.9,0.4,1,0
brent-renouf,2006,ND,RUCK,18.0,0,0,60.94,1.5,115.14,105.98,61.21,115.14,115.14,1.0,1,0
brent-renouf,2007,ND,RUCK,19.0,0,1,60.94,1.7,115.14,105.87,72.86,115.14,115.14,1.0,1,0
brent-renouf,2008,ND,RUCK,20.0,8,2,60.94,1.9,118.82,112.92,70.98,118.82,118.82,1.0,1,0
brent-renouf,2009,ND,RUCK,21.0,23,3,60.94,2.2,115.81,110.43,73.55,115.81,110.74,0.88,1,0
brent-renouf,2010,ND,RUCK,22.0,45,4,60.94,0.8,124.84,112.48,83.35,124.84,114.88,0.76,1,0
brent-renouf,2011,ND,RUCK,23.0,52,5,59.55,0.8,123.65,107.6,80.23,123.65,109.32,0.67,1,0
brent-renouf,2012,ND,RUCK,24.0,62,6,61.8,0.0,116.09,104.3,73.78,116.09,98.32,0.58,1,0
brent-renouf,2013,ND,RUCK,25.0,67,7,51.8,0.0,107.48,100.5,69.13,107.48,89.07,0.52,1,0
brent-renouf,2014,ND,RUCK,26.0,68,8,14.0,0.0,99.38,92.19,57.22,99.38,76.61,0.46,1,0
nathan-djerrkura,2006,ND,SD,18.0,0,0,47.63,0.0,101.24,87.96,64.48,101.24,101.24,1.0,1,0
nathan-djerrkura,2007,ND,SD,19.0,0,1,47.63,0.0,101.24,87.57,64.27,101.24,101.24,1.0,1,0
nathan-djerrkura,2008,ND,SD,20.0,0,2,47.63,0.1,97.43,82.75,59.51,97.43,97.43,1.0,1,0
nathan-djerrkura,2009,ND,SD,21.0,3,3,47.63,0.1,98.6,78.93,58.58,98.6,93.8,0.88,1,0
nathan-djerrkura,2010,ND,SD,22.0,4,4,47.63,0.1,87.92,74.48,56.21,87.92,80.31,0.76,1,0
nathan-djerrkura,2011,ND,SD,23.0,12,5,47.63,0.1,85.34,68.09,48.6,85.34,73.21,0.67,1,0
nathan-djerrkura,2012,ND,SD,24.0,25,6,47.15,0.0,80.56,71.74,55.01,80.56,69.83,0.58,1,0
shane-edwards,2006,ND,MID,18.0,0,0,87.01,1000.2,108.54,94.56,62.89,108.54,108.54,1.0,1,0
shane-edwards,2007,ND,MID,19.0,16,1,87.01,1140.1,109.06,97.51,72.02,109.06,109.06,1.0,1,0
shane-edwards,2008,ND,MID,20.0,32,2,87.01,1299.6,104.13,95.07,69.56,104.13,104.13,1.0,1,0
shane-edwards,2009,ND,MID,21.0,47,3,87.01,1480.8,102.73,89.45,65.99,102.73,98.32,0.88,1,0
shane-edwards,2010,ND,MID,22.0,69,4,87.01,1478.7,107.41,100.31,84.48,107.41,101.91,0.76,1,0
shane-edwards,2011,ND,MID,23.0,89,5,87.01,1674.5,94.33,87.72,72.53,94.33,87.14,0.67,1,0
shane-edwards,2012,ND,MID,24.0,109,6,87.01,1786.0,105.88,99.99,85.33,105.88,97.25,0.58,1,0
shane-edwards,2013,ND,MID,25.0,129,7,87.01,1791.2,103.19,95.29,82.55,103.19,93.28,0.52,1,0
shane-edwards,2014,ND,MID,26.0,152,8,87.01,1608.8,102.44,93.31,87.33,102.44,94.28,0.46,1,0
shane-edwards,2015,ND,MID,27.0,168,9,87.01,1253.8,105.57,97.06,88.04,105.57,95.63,0.433,1,0
shane-edwards,2016,ND,MID,28.0,187,10,85.44,1185.3,97.27,88.39,77.14,97.27,85.19,0.4,1,0
shane-edwards,2017,ND,MID,29.0,207,11,85.44,1023.2,98.91,86.04,76.75,98.91,85.61,0.4,1,0
shane-edwards,2018,ND,MID,30.0,231,12,85.44,718.4,97.68,87.33,81.02,97.68,87.68,0.4,1,0
shane-edwards,2019,ND,MID,31.0,255,13,82.17,291.3,98.49,89.88,81.24,98.49,88.54,0.423,1,0
brad-howard,2006,ND,MID,18.0,0,0,13.5,0.0,109.18,99.39,62.45,109.18,109.18,1.0,1,0
brad-howard,2007,ND,MID,19.0,2,1,13.5,0.0,105.01,95.04,60.69,105.01,105.01,1.0,1,0
chris-dawes,2006,ND,KPF,18.0,0,0,72.07,430.8,89.83,80.76,46.43,89.83,89.83,1.0,1,0
chris-dawes,2007,ND,KPF,19.0,0,1,72.07,491.2,89.83,80.9,58.11,89.83,89.83,1.0,1,0
chris-dawes,2008,ND,KPF,20.0,6,2,72.07,558.1,94.38,84.71,62.25,94.38,94.38,1.0,1,0
chris-dawes,2009,ND,KPF,21.0,10,3,72.07,617.1,96.79,81.89,60.44,96.79,92.42,0.88,1,0
chris-dawes,2010,ND,KPF,22.0,30,4,72.07,434.4,99.91,94.72,80.61,99.91,95.35,0.764,1,0
chris-dawes,2011,ND,KPF,23.0,48,5,68.97,141.5,101.28,95.46,82.3,101.28,95.61,0.701,1,0
chris-dawes,2012,ND,KPF,24.0,71,6,63.26,101.0,88.54,85.35,74.26,88.54,82.54,0.58,1,0
chris-dawes,2013,ND,KPF,25.0,83,7,60.54,109.5,80.97,74.28,65.44,80.97,73.52,0.52,1,0
chris-dawes,2014,ND,KPF,26.0,101,8,59.29,15.2,79.62,75.69,68.55,79.62,73.64,0.46,1,0
chris-dawes,2015,ND,KPF,27.0,115,9,55.57,1.1,74.69,69.48,62.71,74.69,67.5,0.4,1,0
chris-dawes,2016,ND,KPF,28.0,121,10,52.0,0.0,71.4,66.68,54.78,71.4,61.43,0.4,1,0
eric-mackenzie,2006,ND,KPD,18.0,0,0,69.61,229.1,93.51,88.98,63.8,93.51,93.51,1.0,1,0
eric-mackenzie,2007,ND,KPD,19.0,1,1,69.61,261.2,91.58,84.4,64.67,91.58,91.58,1.0,1,0
eric-mackenzie,2008,ND,KPD,20.0,8,2,69.61,274.4,92.58,85.65,65.04,92.58,92.58,1.0,1,0
eric-mackenzie,2009,ND,KPD,21.0,24,3,69.61,309.8,92.53,84.85,67.75,92.53,89.56,0.88,1,0
eric-mackenzie,2010,ND,KPD,22.0,42,4,69.61,309.4,87.67,83.59,70.51,87.67,83.55,0.76,1,0
eric-mackenzie,2011,ND,KPD,23.0,57,5,69.61,345.6,81.04,77.29,68.79,81.04,77.0,0.67,1,0
eric-mackenzie,2012,ND,KPD,24.0,79,6,69.61,349.1,79.16,75.75,68.27,79.16,74.59,0.58,1,0
eric-mackenzie,2013,ND,KPD,25.0,99,7,69.61,284.6,81.77,77.58,70.47,81.77,76.35,0.52,1,0
eric-mackenzie,2014,ND,KPD,26.0,121,8,65.49,45.1,84.6,81.51,73.95,84.6,78.85,0.46,1,0
eric-mackenzie,2015,ND,KPD,27.0,121,9,60.65,51.4,83.89,80.62,70.7,83.89,75.97,0.4,1,0
eric-mackenzie,2016,ND,KPD,28.0,134,10,60.65,3.3,78.65,73.21,64.88,78.65,70.39,0.4,1,0
eric-mackenzie,2017,ND,KPD,29.0,147,11,56.15,0.0,69.56,62.76,54.63,69.56,60.6,0.4,1,0
ricky-petterd,2006,ND,SF,18.0,0,0,80.23,520.3,88.89,84.43,57.31,88.89,88.89,1.0,1,0
ricky-petterd,2007,ND,SF,19.0,9,1,80.23,592.6,94.54,88.97,66.88,94.54,94.54,1.0,1,0
ricky-petterd,2008,ND,SF,20.0,11,2,80.23,675.6,91.8,83.43,61.93,91.8,91.8,1.0,1,0
ricky-petterd,2009,ND,SF,21.0,29,3,80.23,767.2,94.19,88.36,72.3,94.19,91.57,0.88,1,0
ricky-petterd,2010,ND,SF,22.0,35,4,80.23,525.8,94.73,89.38,75.25,94.73,90.06,0.76,1,0
ricky-petterd,2011,ND,SF,23.0,50,5,78.26,300.4,99.44,92.96,80.57,99.44,93.52,0.686,1,0
ricky-petterd,2012,ND,SF,24.0,54,6,78.19,342.4,85.85,80.91,68.59,85.85,78.6,0.58,1,0
ricky-petterd,2013,ND,SF,25.0,66,7,78.19,104.4,93.29,85.41,75.29,93.29,84.86,0.532,1,0
ricky-petterd,2014,ND,SF,26.0,83,8,78.47,4.2,94.95,88.85,75.32,94.95,85.08,0.498,1,0
ricky-petterd,2015,ND,SF,27.0,84,9,63.0,0.0,89.74,85.87,66.75,89.74,76.79,0.437,1,0
clayton-collard,2006,ND,SF,18.0,0,0,42.0,0.0,89.07,84.43,57.29,89.07,89.07,1.0,1,0
clayton-collard,2007,ND,SF,19.0,1,1,42.0,0.0,89.07,84.45,59.81,89.07,89.07,1.0,1,0
kurt-tippett,2006,ND,KPF,19.0,0,0,86.78,1558.1,89.27,84.48,57.99,89.27,89.27,1.0,1,0
kurt-tippett,2007,ND,KPF,20.0,0,1,86.78,1776.3,86.56,81.73,55.82,86.56,86.56,1.0,1,0
kurt-tippett,2008,ND,KPF,21.0,19,2,86.78,2023.9,92.51,82.51,63.42,92.51,89.02,0.88,1,0
kurt-tippett,2009,ND,KPF,22.0,43,3,86.78,1754.1,101.14,96.71,86.91,101.14,98.12,0.788,1,0
kurt-tippett,2010,ND,KPF,23.0,65,4,86.67,1869.6,95.9,92.11,78.6,95.9,90.19,0.67,1,0
kurt-tippett,2011,ND,KPF,24.0,83,5,86.67,1884.0,92.92,89.13,77.53,92.92,86.58,0.588,1,0
kurt-tippett,2012,ND,KPF,25.0,104,6,86.67,1549.0,101.31,98.4,86.41,101.31,95.68,0.622,1,0
kurt-tippett,2013,ND,KPF,26.0,116,7,85.0,1308.0,98.11,95.91,84.86,98.11,92.47,0.575,1,0
kurt-tippett,2014,ND,KPF,27.0,130,8,83.98,1119.2,94.72,90.35,78.89,94.72,86.86,0.503,1,0
kurt-tippett,2015,ND,KPF,28.0,152,9,80.71,480.9,99.78,98.58,90.85,99.78,96.56,0.639,1,0
kurt-tippett,2016,ND,KPF,29.0,169,10,75.09,4.2,94.74,93.93,82.97,94.74,90.03,0.6,1,0
kurt-tippett,2017,ND,KPF,30.0,178,11,67.11,0.0,88.7,86.29,72.25,88.7,80.55,0.505,1,0
jarryd-morton,2006,ND,SF,18.0,0,0,68.27,89.2,88.87,82.23,57.29,88.87,88.87,1.0,1,0
jarryd-morton,2007,ND,SF,19.0,0,1,68.27,101.7,88.87,82.21,59.51,88.87,88.87,1.0,1,0
jarryd-morton,2008,ND,SF,20.0,8,2,68.27,65.3,94.33,84.07,64.38,94.33,94.33,1.0,1,0
jarryd-morton,2009,ND,SF,21.0,17,3,68.78,6.1,96.66,85.59,71.4,96.66,93.63,0.88,1,0
jarryd-morton,2010,ND,SF,22.0,22,4,61.6,0.0,90.55,80.26,65.74,90.55,84.59,0.76,1,0
chris-schmidt,2006,ND,SD,18.0,0,0,71.62,12.9,100.43,86.9,63.3,100.43,100.43,1.0,1,0
chris-schmidt,2007,ND,SD,19.0,2,1,71.62,14.7,98.73,84.45,62.7,98.73,98.73,1.0,1,0
chris-schmidt,2008,ND,SD,20.0,2,2,71.62,16.8,93.64,80.05,60.75,93.64,93.64,1.0,1,0
chris-schmidt,2009,ND,SD,21.0,2,3,71.62,19.1,96.32,77.97,59.22,96.32,91.87,0.88,1,0
chris-schmidt,2010,ND,SD,22.0,15,4,71.62,0.0,101.07,86.97,71.43,101.07,93.96,0.76,1,0
chris-schmidt,2011,ND,SD,23.0,20,5,53.4,0.0,91.73,78.31,63.8,91.73,82.51,0.67,1,0
mark-austin,2006,ND,KPD,18.0,0,0,49.7,3.3,93.62,87.08,63.71,93.62,93.62,1.0,1,0
mark-austin,2007,ND,KPD,19.0,1,1,49.7,3.7,92.08,82.45,65.2,92.08,92.08,1.0,1,0
mark-austin,2008,ND,KPD,20.0,5,2,49.7,4.2,90.47,78.93,61.59,90.47,90.47,1.0,1,0
mark-austin,2009,ND,KPD,21.0,14,3,49.7,3.8,88.76,73.9,62.21,88.76,85.57,0.88,1,0
mark-austin,2010,ND,KPD,22.0,14,4,44.05,4.3,81.07,70.61,53.24,81.07,74.39,0.76,1,0
mark-austin,2011,ND,KPD,23.0,15,5,44.05,0.8,77.74,65.96,52.96,77.74,69.56,0.67,1,0
mark-austin,2012,ND,KPD,24.0,26,6,44.05,0.1,75.27,66.75,55.87,75.27,67.12,0.58,1,0
mark-austin,2013,ND,KPD,25.0,33,7,40.25,0.0,72.82,65.98,57.31,72.82,65.38,0.52,1,0
mark-austin,2014,ND,KPD,26.0,44,8,35.36,0.0,66.7,51.28,47.43,66.7,56.29,0.46,1,0
alwyn-davey,2006,ND,SF,22.0,0,0,69.82,383.0,76.98,60.13,48.85,76.98,70.23,0.76,1,0
alwyn-davey,2007,ND,SF,23.0,14,1,69.82,380.6,83.42,71.48,57.76,83.42,74.95,0.67,1,0
alwyn-davey,2008,ND,SF,24.0,19,2,68.12,191.2,81.99,74.07,65.03,81.99,74.87,0.58,1,0
alwyn-davey,2009,ND,SF,25.0,39,3,68.12,125.4,84.16,75.71,65.69,84.16,75.3,0.52,1,0
alwyn-davey,2010,ND,SF,26.0,55,4,63.25,12.2,81.9,76.24,68.22,81.9,74.51,0.46,1,0
alwyn-davey,2011,ND,SF,27.0,69,5,57.72,12.7,74.93,67.64,61.98,74.93,67.16,0.4,1,0
alwyn-davey,2012,ND,SF,28.0,86,6,58.98,1.1,74.0,66.95,58.75,74.0,64.85,0.4,1,0
alwyn-davey,2013,ND,SF,29.0,100,7,55.36,0.0,69.23,61.85,55.04,69.23,60.72,0.4,1,0
todd-goldstein,2006,ND,RUCK,18.0,0,0,118.29,3440.9,110.21,95.65,50.64,110.21,110.21,1.0,1,0
todd-goldstein,2007,ND,RUCK,19.0,0,1,118.29,3922.7,110.21,95.93,64.47,110.21,110.21,1.0,1,0
todd-goldstein,2008,ND,RUCK,20.0,3,2,118.29,4471.8,112.6,99.34,62.4,112.6,112.6,1.0,1,0
todd-goldstein,2009,ND,RUCK,21.0,16,3,118.29,5097.9,118.85,100.17,70.38,118.85,113.03,0.88,1,0
todd-goldstein,2010,ND,RUCK,22.0,37,4,118.29,5808.3,118.94,104.93,81.74,118.94,110.01,0.76,1,0
todd-goldstein,2011,ND,RUCK,23.0,58,5,118.29,5450.6,127.98,126.99,115.88,127.98,125.89,0.828,1,0
todd-goldstein,2012,ND,RUCK,24.0,79,6,117.97,5748.8,121.13,119.18,106.68,121.13,116.73,0.696,1,0
todd-goldstein,2013,ND,RUCK,25.0,101,7,117.97,5363.5,128.9,127.61,118.28,128.9,126.86,0.808,1,0
todd-goldstein,2014,ND,RUCK,26.0,125,8,117.45,5144.7,128.25,126.38,114.06,128.25,125.18,0.784,1,0
todd-goldstein,2015,ND,RUCK,27.0,149,9,117.45,3857.4,128.86,126.59,125.17,128.86,127.97,0.76,1,0
todd-goldstein,2016,ND,RUCK,28.0,171,10,111.03,3431.8,126.16,122.1,118.34,126.16,124.29,0.76,1,0
todd-goldstein,2017,ND,RUCK,29.0,190,11,108.39,3365.9,110.13,107.73,95.82,110.13,104.91,0.635,1,0
todd-goldstein,2018,ND,RUCK,30.0,212,12,108.39,3118.4,109.56,106.91,93.55,109.56,103.98,0.651,1,0
todd-goldstein,2019,ND,RUCK,31.0,234,13,108.35,2434.2,118.03,114.18,105.98,118.03,115.14,0.76,1,0
james-hawksley,2006,ND,SD,18.0,0,0,62.1,9.6,100.89,89.07,61.14,100.89,100.89,1.0,1,0
james-hawksley,2007,ND,SD,19.0,0,1,62.1,11.0,100.89,88.82,62.93,100.89,100.89,1.0,1,0
james-hawksley,2008,ND,SD,20.0,4,2,62.1,12.5,95.27,82.29,58.34,95.27,95.27,1.0,1,0
james-hawksley,2009,ND,SD,21.0,11,3,62.1,14.0,97.98,79.26,57.47,97.98,93.12,0.88,1,0
james-hawksley,2010,ND,SD,22.0,22,4,64.43,11.8,93.58,85.2,66.43,93.58,87.07,0.76,1,0
james-hawksley,2011,ND,SD,23.0,28,5,62.5,12.6,89.55,81.35,66.47,89.55,81.93,0.67,1,0
james-hawksley,2012,ND,SD,24.0,32,6,71.75,0.0,89.12,81.14,67.74,89.12,80.14,0.58,1,0
nathan-krakouer,2006,ND,SF,18.0,0,0,69.3,93.3,90.31,84.64,55.51,90.31,90.31,1.0,1,0
nathan-krakouer,2007,ND,SF,19.0,11,1,69.3,106.4,87.67,84.73,53.97,87.67,87.67,1.0,1,0
nathan-krakouer,2008,ND,SF,20.0,14,2,69.3,121.1,85.02,76.07,54.61,85.02,85.02,1.0,1,0
nathan-krakouer,2009,ND,SF,21.0,33,3,69.3,37.5,98.65,91.69,76.67,98.65,96.01,0.88,1,0
nathan-krakouer,2010,ND,SF,22.0,40,4,64.32,42.6,87.86,83.48,66.52,87.86,82.74,0.76,1,0
nathan-krakouer,2011,ND,SF,23.0,53,5,61.54,48.6,77.76,67.8,56.34,77.76,70.69,0.67,1,0
nathan-krakouer,2012,ND,SF,24.0,53,6,68.77,55.4,71.98,65.46,54.31,71.98,64.56,0.58,1,0
nathan-krakouer,2013,ND,SF,25.0,53,7,68.77,63.2,69.46,60.25,50.85,69.46,60.53,0.52,1,0
nathan-krakouer,2014,ND,SF,26.0,53,8,68.77,72.0,67.44,57.95,45.45,67.44,55.57,0.46,1,0
nathan-krakouer,2015,ND,SF,27.0,67,9,68.77,7.6,77.66,74.26,62.66,77.66,68.66,0.4,1,0
nathan-krakouer,2016,ND,SF,28.0,82,10,68.6,0.0,79.21,74.05,62.68,79.21,69.29,0.4,1,0
josh-p-kennedy,2006,ND,MID,18.0,0,0,115.64,3127.2,106.91,92.54,57.99,106.91,106.91,1.0,1,0
josh-p-kennedy,2007,ND,MID,19.0,0,1,115.64,3565.0,106.91,92.64,61.19,106.91,106.91,1.0,1,0
josh-p-kennedy,2008,ND,MID,20.0,3,2,115.64,4064.1,107.57,91.91,57.14,107.57,107.57,1.0,1,0
josh-p-kennedy,2009,ND,MID,21.0,13,3,115.64,4507.0,111.93,100.72,79.22,111.93,108.0,0.88,1,0
josh-p-kennedy,2010,ND,MID,22.0,37,4,115.64,4952.0,117.12,110.09,91.2,117.12,110.9,0.76,1,0
josh-p-kennedy,2011,ND,MID,23.0,61,5,115.64,5114.7,121.97,116.62,105.21,121.97,117.63,0.741,1,0
josh-p-kennedy,2012,ND,MID,24.0,86,6,115.64,4313.4,126.82,123.48,118.66,126.82,125.45,0.832,1,0
josh-p-kennedy,2013,ND,MID,25.0,111,7,113.27,4076.0,124.87,121.26,112.97,124.87,122.37,0.79,1,0
josh-p-kennedy,2014,ND,MID,26.0,134,8,113.27,3524.1,123.53,120.23,118.4,123.53,122.42,0.784,1,0
josh-p-kennedy,2015,ND,MID,27.0,158,9,111.1,2895.5,123.39,118.49,117.85,123.39,122.06,0.76,1,0
josh-p-kennedy,2016,ND,MID,28.0,183,10,107.89,2155.4,120.71,113.04,112.0,120.71,118.62,0.76,1,0
josh-p-kennedy,2017,ND,MID,29.0,204,11,101.9,1712.1,114.74,106.17,101.9,114.74,110.94,0.704,1,0
josh-p-kennedy,2018,ND,MID,30.0,227,12,99.1,1443.5,105.65,101.63,90.9,105.65,99.53,0.585,1,0
josh-p-kennedy,2019,ND,MID,31.0,246,13,98.44,806.0,107.66,105.48,95.79,107.66,103.84,0.678,1,0
tom-hawkins,2006,ND,KPF,18.0,0,0,100.84,2465.0,95.31,86.22,53.2,95.31,95.31,1.0,1,0
tom-hawkins,2007,ND,KPF,19.0,9,1,100.84,2808.6,96.34,95.59,72.92,96.34,96.34,1.0,1,0
tom-hawkins,2008,ND,KPF,20.0,19,2,100.84,3024.1,102.01,101.81,84.74,102.01,102.01,1.0,1,0
tom-hawkins,2009,ND,KPF,21.0,43,3,100.84,3245.3,105.0,106.84,90.54,106.84,104.88,0.88,1,0
tom-hawkins,2010,ND,KPF,22.0,61,4,100.84,3390.4,101.69,101.64,88.92,101.69,98.76,0.771,1,0
tom-hawkins,2011,ND,KPF,23.0,79,5,100.84,3552.8,101.43,101.26,84.88,101.43,96.37,0.694,1,0
tom-hawkins,2012,ND,KPF,24.0,101,6,100.84,3251.3,105.48,104.15,96.41,105.48,102.99,0.726,1,0
tom-hawkins,2013,ND,KPF,25.0,123,7,100.84,3613.8,94.84,94.03,79.31,94.84,87.84,0.549,1,0
tom-hawkins,2014,ND,KPF,26.0,147,8,100.84,3457.4,101.18,101.52,86.53,101.52,95.55,0.602,1,0
tom-hawkins,2015,ND,KPF,27.0,166,9,100.84,3492.5,100.38,98.78,79.2,100.38,90.61,0.539,1,0
tom-hawkins,2016,ND,KPF,28.0,189,10,100.84,3430.6,102.24,100.53,82.42,102.24,93.53,0.56,1,0
tom-hawkins,2017,ND,KPF,29.0,211,11,100.84,3350.5,100.77,102.76,82.2,102.76,93.94,0.571,1,0
tom-hawkins,2018,ND,KPF,30.0,232,12,100.84,2769.0,106.72,105.07,89.18,106.72,101.74,0.716,1,0
tom-hawkins,2019,ND,KPF,31.0,256,13,98.39,2554.5,99.17,98.59,83.71,99.17,93.63,0.641,1,0
bachar-houli,2006,ND,SD,18.0,0,0,98.29,1524.8,101.34,88.89,61.21,101.34,101.34,1.0,1,0
bachar-houli,2007,ND,SD,19.0,4,1,98.29,1738.2,99.64,86.29,63.99,99.64,99.64,1.0,1,0
bachar-houli,2008,ND,SD,20.0,14,2,98.29,1773.5,107.52,97.86,82.14,107.52,107.52,1.0,1,0
bachar-houli,2009,ND,SD,21.0,21,3,98.29,1991.3,106.24,97.32,81.56,106.24,103.28,0.88,1,0
bachar-houli,2010,ND,SD,22.0,26,4,98.29,2104.4,107.09,96.53,83.12,107.09,101.33,0.76,1,0
bachar-houli,2011,ND,SD,23.0,48,5,98.29,2055.0,111.4,107.2,94.73,111.4,106.68,0.717,1,0
bachar-houli,2012,ND,SD,24.0,70,6,98.29,2115.3,105.14,104.37,92.09,105.14,99.95,0.602,1,0
bachar-houli,2013,ND,SD,25.0,91,7,98.29,1948.8,112.11,106.96,97.13,112.11,106.08,0.597,1,0
bachar-houli,2014,ND,SD,26.0,114,8,98.29,1943.3,103.18,99.89,91.39,103.18,97.42,0.511,1,0
bachar-houli,2015,ND,SD,27.0,137,9,98.29,1647.9,108.37,104.55,95.43,108.37,102.4,0.539,1,0
bachar-houli,2016,ND,SD,28.0,149,10,97.54,1481.6,105.65,100.41,91.89,105.65,99.05,0.52,1,0
bachar-houli,2017,ND,SD,29.0,170,11,97.54,1185.0,105.02,101.59,92.53,105.02,99.3,0.542,1,0
bachar-houli,2018,ND,SD,30.0,185,12,94.64,1307.8,94.71,86.25,76.42,94.71,83.73,0.4,1,0
bachar-houli,2019,ND,SD,31.0,207,13,94.64,635.1,108.88,106.55,90.53,108.88,102.13,0.632,1,0
tim-houlihan,2006,ND,SD,18.0,0,0,59.66,7.3,101.34,88.43,61.36,101.34,101.34,1.0,1,0
tim-houlihan,2007,ND,SD,19.0,0,1,59.66,8.4,101.34,88.31,63.15,101.34,101.34,1.0,1,0
tim-houlihan,2008,ND,SD,20.0,8,2,59.66,9.5,96.21,83.29,60.62,96.21,96.21,1.0,1,0
tim-houlihan,2009,ND,SD,21.0,15,3,71.71,0.0,100.84,86.47,66.79,100.84,96.76,0.88,1,0
brad-dick,2006,ND,SF,18.0,0,0,55.1,115.1,89.78,83.28,53.92,89.78,89.78,1.0,1,0
brad-dick,2007,ND,SF,19.0,6,1,55.1,131.2,88.58,80.63,59.3,88.58,88.58,1.0,1,0
brad-dick,2008,ND,SF,20.0,6,2,65.38,149.6,88.06,74.02,57.77,88.06,88.06,1.0,1,0
brad-dick,2009,ND,SF,21.0,22,3,65.38,140.1,94.17,86.83,68.14,94.17,91.05,0.88,1,0
brad-dick,2010,ND,SF,22.0,24,4,80.5,0.0,90.55,82.49,65.74,90.55,84.59,0.76,1,0
brad-dick,2011,ND,SF,23.0,27,5,22.0,0.0,76.35,63.83,50.59,76.35,67.85,0.67,1,0
brennan-stack,2006,ND,SF,18.0,0,0,51.75,0.6,89.78,82.33,51.27,89.78,89.78,1.0,1,0
brennan-stack,2007,ND,SF,19.0,0,1,51.75,0.7,89.78,82.69,55.91,89.78,89.78,1.0,1,0
brennan-stack,2008,ND,SF,20.0,0,2,51.75,0.8,92.13,80.52,55.52,92.13,92.13,1.0,1,0
brennan-stack,2009,ND,SF,21.0,3,3,51.75,0.9,92.55,75.98,53.96,92.55,87.92,0.88,1,0
brennan-stack,2010,ND,SF,22.0,11,4,51.75,0.8,82.1,64.37,49.07,82.1,74.17,0.76,1,0
brennan-stack,2011,ND,SF,23.0,21,5,54.5,0.0,78.66,69.62,56.87,78.66,71.47,0.67,1,0
colin-garland,2006,ND,KPD,18.0,0,0,75.21,715.4,94.53,85.12,60.43,94.53,94.53,1.0,1,0
colin-garland,2007,ND,KPD,19.0,2,1,75.21,815.6,92.47,80.51,63.65,92.47,92.47,1.0,1,0
colin-garland,2008,ND,KPD,20.0,19,2,75.21,925.4,93.29,87.21,69.55,93.29,93.29,1.0,1,0
colin-garland,2009,ND,KPD,21.0,20,3,75.21,817.3,91.62,77.15,64.33,91.62,88.35,0.88,1,0
colin-garland,2010,ND,KPD,22.0,40,4,75.21,752.8,95.54,88.59,77.61,95.54,91.24,0.76,1,0
colin-garland,2011,ND,KPD,23.0,58,5,75.21,641.5,92.48,88.45,78.28,92.48,87.8,0.67,1,0
colin-garland,2012,ND,KPD,24.0,80,6,74.44,534.8,89.26,86.44,77.63,89.26,84.38,0.58,1,0
colin-garland,2013,ND,KPD,25.0,101,7,72.25,175.4,94.76,92.98,83.87,94.76,90.13,0.575,1,0
colin-garland,2014,ND,KPD,26.0,115,8,63.17,139.8,83.48,79.89,74.67,83.48,78.72,0.46,1,0
colin-garland,2015,ND,KPD,27.0,135,9,62.0,1.1,82.24,77.2,73.32,82.24,76.89,0.4,1,0
colin-garland,2016,ND,KPD,28.0,141,10,53.5,0.0,77.88,70.93,67.53,77.88,71.67,0.4,1,0
kyle-reimers,2006,ND,SF,18.0,0,0,68.98,194.9,90.02,77.64,51.67,90.02,90.02,1.0,1,0
kyle-reimers,2007,ND,SF,19.0,3,1,68.98,222.2,83.52,71.81,51.19,83.52,83.52,1.0,1,0
kyle-reimers,2008,ND,SF,20.0,18,2,68.98,82.2,99.99,91.13,75.26,99.99,99.99,1.0,1,0
kyle-reimers,2009,ND,SF,21.0,27,3,64.34,72.3,98.11,87.25,73.73,98.11,95.19,0.88,1,0
kyle-reimers,2010,ND,SF,22.0,40,4,64.34,5.5,94.64,86.67,71.08,94.64,88.98,0.76,1,0
kyle-reimers,2011,ND,SF,23.0,55,5,59.6,1.1,83.79,75.76,63.94,83.79,77.24,0.67,1,0
kyle-reimers,2012,ND,SF,24.0,60,6,56.2,0.0,79.59,71.97,62.65,79.59,72.48,0.58,1,0
david-mackay,2006,ND,MID,18.0,0,0,78.76,147.7,106.32,87.24,54.57,106.32,106.32,1.0,1,0
david-mackay,2007,ND,MID,19.0,0,1,78.76,168.3,106.32,89.88,59.58,106.32,106.32,1.0,1,0
david-mackay,2008,ND,MID,20.0,19,2,78.76,191.9,103.02,92.51,61.74,103.02,103.02,1.0,1,0
david-mackay,2009,ND,MID,21.0,39,3,78.76,132.7,111.86,104.44,85.83,111.86,108.74,0.88,1,0
david-mackay,2010,ND,MID,22.0,55,4,77.02,141.4,107.04,100.54,82.77,107.04,101.22,0.76,1,0
david-mackay,2011,ND,MID,23.0,63,5,77.02,160.6,98.12,92.18,73.07,98.12,89.86,0.67,1,0
david-mackay,2012,ND,MID,24.0,86,6,77.02,135.4,103.83,95.42,83.78,103.83,95.41,0.58,1,0
david-mackay,2013,ND,MID,25.0,105,7,76.0,151.8,92.59,85.54,69.85,92.59,81.67,0.52,1,0
david-mackay,2014,ND,MID,26.0,124,8,76.0,37.8,101.36,93.77,81.06,101.36,90.4,0.46,1,0
david-mackay,2015,ND,MID,27.0,144,9,71.16,42.9,78.25,73.26,60.64,78.25,67.69,0.4,1,0
david-mackay,2016,ND,MID,28.0,163,10,71.16,26.1,87.88,79.89,70.04,87.88,77.17,0.4,1,0
david-mackay,2017,ND,MID,29.0,185,11,68.8,28.8,80.42,69.14,60.86,80.42,68.69,0.4,1,0
david-mackay,2018,ND,MID,30.0,202,12,68.8,30.2,82.16,71.54,60.58,82.16,69.21,0.4,1,0
david-mackay,2019,ND,MID,31.0,220,13,65.14,30.1,81.95,72.28,61.33,81.95,69.58,0.4,1,0
daniel-currie,2006,ND,RUCK,18.0,0,0,85.0,45.3,109.43,93.26,49.71,109.43,109.43,1.0,1,0
daniel-currie,2007,ND,RUCK,19.0,0,1,85.0,51.7,109.43,96.33,66.17,109.43,109.43,1.0,1,0
daniel-currie,2008,ND,RUCK,20.0,0,2,85.0,58.9,107.12,94.61,65.48,107.12,107.12,1.0,1,0
daniel-currie,2009,ND,RUCK,21.0,0,3,85.0,67.1,110.53,92.76,69.8,110.53,105.64,0.88,1,0
daniel-currie,2010,ND,RUCK,22.0,0,4,85.0,76.5,106.39,89.69,73.01,106.39,98.38,0.76,1,0
daniel-currie,2011,ND,RUCK,23.0,0,5,85.0,87.3,106.58,92.0,81.84,106.58,98.42,0.67,1,0
daniel-currie,2012,ND,RUCK,24.0,0,6,85.0,99.5,101.2,91.39,79.06,101.2,91.9,0.58,1,0
daniel-currie,2013,ND,RUCK,25.0,0,7,85.0,113.4,96.87,88.62,77.49,96.87,87.57,0.52,1,0
daniel-currie,2014,ND,RUCK,26.0,4,8,85.0,128.9,92.9,86.03,69.77,92.9,80.41,0.46,1,0
daniel-currie,2015,ND,RUCK,27.0,4,9,85.0,147.0,92.49,83.51,72.14,92.49,80.28,0.4,1,0
daniel-currie,2016,ND,RUCK,28.0,8,10,85.0,106.6,89.28,83.76,70.96,89.28,78.29,0.4,1,0
daniel-currie,2017,ND,RUCK,29.0,10,11,85.0,0.0,88.11,82.45,68.46,88.11,76.32,0.4,1,0
will-schofield,2006,ND,KPD,18.0,0,0,65.88,103.5,95.01,83.36,59.62,95.01,95.01,1.0,1,0
will-schofield,2007,ND,KPD,19.0,3,1,65.88,118.0,92.41,81.44,64.35,92.41,92.41,1.0,1,0
will-schofield,2008,ND,KPD,20.0,12,2,65.88,134.4,90.82,81.39,65.96,90.82,90.82,1.0,1,0
will-schofield,2009,ND,KPD,21.0,15,3,65.88,153.2,83.53,70.14,56.65,83.53,80.3,0.88,1,0
will-schofield,2010,ND,KPD,22.0,35,4,65.88,173.3,82.52,75.44,64.24,82.52,78.13,0.76,1,0
will-schofield,2011,ND,KPD,23.0,58,5,65.88,188.8,79.16,76.66,66.08,79.16,74.84,0.67,1,0
will-schofield,2012,ND,KPD,24.0,78,6,65.88,86.9,80.05,76.45,70.55,80.05,76.06,0.58,1,0
will-schofield,2013,ND,KPD,25.0,94,7,62.89,34.4,80.05,74.0,69.28,80.05,74.88,0.52,1,0
will-schofield,2014,ND,KPD,26.0,111,8,57.0,25.2,73.21,69.69,64.86,73.21,68.7,0.46,1,0
will-schofield,2015,ND,KPD,27.0,132,9,52.78,0.5,71.71,67.63,62.1,71.71,65.94,0.4,1,0
will-schofield,2016,ND,KPD,28.0,154,10,47.12,0.3,67.28,58.52,49.95,67.28,56.88,0.4,1,0
will-schofield,2017,ND,KPD,29.0,164,11,45.51,0.3,61.64,50.88,47.15,61.64,52.94,0.4,1,0
will-schofield,2018,ND,KPD,30.0,176,12,46.61,0.1,61.55,51.67,47.81,61.55,53.31,0.4,1,0
will-schofield,2019,ND,KPD,31.0,190,13,45.64,0.0,61.43,52.63,46.23,61.43,52.31,0.4,1,0
clinton-benjamin,2006,ND,MID,18.0,0,0,0.0,0.0,106.32,85.29,54.49,106.32,106.32,1.0,1,0
brock-o-brien,2006,ND,SD,18.0,0,0,61.0,0.2,99.29,82.11,52.29,99.29,99.29,1.0,1,0
brock-o-brien,2007,ND,SD,19.0,1,1,61.0,0.0,99.44,85.91,61.25,99.44,99.44,1.0,1,0
brock-o-brien,2008,ND,SD,20.0,3,2,43.5,0.0,95.31,80.13,52.62,95.31,95.31,1.0,1,0
lindsay-thomas,2006,ND,SF,18.0,0,0,69.86,136.8,91.89,79.34,50.83,91.89,91.89,1.0,1,0
lindsay-thomas,2007,ND,SF,19.0,12,1,69.86,155.9,87.89,77.21,57.15,87.89,87.89,1.0,1,0
lindsay-thomas,2008,ND,SF,20.0,35,2,69.86,174.7,94.89,88.37,66.62,94.89,94.89,1.0,1,0
lindsay-thomas,2009,ND,SF,21.0,54,3,69.86,196.0,94.46,84.55,66.13,94.46,91.06,0.88,1,0
lindsay-thomas,2010,ND,SF,22.0,72,4,69.86,221.1,85.25,80.89,62.8,85.25,79.86,0.76,1,0
lindsay-thomas,2011,ND,SF,23.0,91,5,69.86,242.9,81.45,77.12,65.34,81.45,76.13,0.67,1,0
lindsay-thomas,2012,ND,SF,24.0,110,6,69.86,154.7,85.71,81.76,71.43,85.71,79.71,0.58,1,0
lindsay-thomas,2013,ND,SF,25.0,130,7,67.09,50.2,85.9,81.09,71.5,85.9,78.99,0.52,1,0
lindsay-thomas,2014,ND,SF,26.0,153,8,62.54,15.2,79.31,77.02,69.06,79.31,73.78,0.46,1,0
lindsay-thomas,2015,ND,SF,27.0,174,9,58.24,14.4,69.65,68.11,60.07,69.65,63.9,0.4,1,0
lindsay-thomas,2016,ND,SF,28.0,196,10,56.02,0.8,69.3,66.24,57.11,69.3,61.98,0.4,1,0
lindsay-thomas,2017,ND,SF,29.0,205,11,52.48,0.2,70.42,63.27,54.7,70.42,60.99,0.4,1,0
lindsay-thomas,2018,ND,SF,30.0,212,12,51.29,0.0,67.09,59.8,50.53,67.09,57.16,0.4,1,0
matt-tyler,2006,ND,KPD,18.0,0,0,0.0,0.0,95.01,83.61,56.08,95.01,95.01,1.0,1,0
robert-gray,2006,ND,SF,18.0,0,0,109.75,2551.1,93.3,81.07,50.47,93.3,93.3,1.0,1,0
robert-gray,2007,ND,SF,19.0,5,1,109.75,2879.9,96.12,85.39,60.3,96.12,96.12,1.0,1,0
robert-gray,2008,ND,SF,20.0,15,2,109.75,3271.6,99.42,91.88,66.51,99.42,99.42,1.0,1,0
robert-gray,2009,ND,SF,21.0,35,3,109.75,3256.3,109.73,103.11,85.91,109.73,107.31,0.899,1,0
robert-gray,2010,ND,SF,22.0,46,4,109.75,3482.7,106.41,101.48,84.3,106.41,101.55,0.78,1,0
robert-gray,2011,ND,SF,23.0,68,5,109.75,3334.5,114.75,107.4,89.63,114.75,108.94,0.769,1,0
robert-gray,2012,ND,SF,24.0,70,6,109.75,3755.2,110.43,106.1,86.02,110.43,102.99,0.695,1,0
robert-gray,2013,ND,SF,25.0,90,7,109.75,3970.9,102.83,98.16,80.58,102.83,93.42,0.577,1,0
robert-gray,2014,ND,SF,26.0,115,8,109.75,3265.6,120.2,114.94,105.06,120.2,116.93,0.784,1,0
robert-gray,2015,ND,SF,27.0,136,9,105.12,2475.1,123.37,119.48,109.0,123.37,119.92,0.76,1,0
robert-gray,2016,ND,SF,28.0,155,10,99.18,1930.1,121.66,116.39,107.12,121.66,118.17,0.76,1,0
robert-gray,2017,ND,SF,29.0,178,11,93.3,1761.8,108.52,105.12,92.27,108.52,103.83,0.711,1,0
robert-gray,2018,ND,SF,30.0,199,12,90.23,1192.0,106.94,105.32,87.55,106.94,101.24,0.706,1,0
robert-gray,2019,ND,SF,31.0,218,13,85.3,920.1,96.57,95.24,77.2,96.57,88.63,0.59,1,0
garry-moss,2006,ND,MID,18.0,0,0,66.44,2.7,106.18,84.72,47.62,106.18,106.18,1.0,1,0
garry-moss,2007,ND,MID,19.0,1,1,66.44,3.1,101.36,80.48,51.79,101.36,101.36,1.0,1,0
garry-moss,2008,ND,MID,20.0,1,2,66.44,3.5,103.36,88.19,54.7,103.36,103.36,1.0,1,0
garry-moss,2009,ND,MID,21.0,10,3,66.44,1.7,104.46,88.55,60.08,104.46,99.14,0.88,1,0
garry-moss,2010,ND,MID,22.0,14,4,67.25,0.0,101.96,89.16,64.63,101.96,93.0,0.76,1,0
simon-hogan,2006,ND,MID,18.0,0,0,57.83,33.4,106.18,85.84,47.62,106.18,106.18,1.0,1,0
simon-hogan,2007,ND,MID,19.0,0,1,57.83,38.0,106.18,88.8,57.37,106.18,106.18,1.0,1,0
simon-hogan,2008,ND,MID,20.0,0,2,57.83,43.4,104.44,89.68,55.07,104.44,104.44,1.0,1,0
simon-hogan,2009,ND,MID,21.0,10,3,57.83,0.0,107.52,92.36,62.74,107.52,102.15,0.88,1,0
simon-hogan,2010,ND,MID,22.0,21,4,48.45,0.0,94.83,86.32,56.94,94.83,85.74,0.76,1,0
simon-hogan,2011,ND,MID,23.0,22,5,30.0,0.0,88.72,79.5,49.69,88.72,75.84,0.67,1,0
daniel-connors,2006,ND,MID,18.0,0,0,85.57,144.6,106.18,81.7,46.47,106.18,106.18,1.0,1,0
daniel-connors,2007,ND,MID,19.0,4,1,85.57,164.9,101.51,78.17,53.56,101.51,101.51,1.0,1,0
daniel-connors,2008,ND,MID,20.0,8,2,85.57,187.8,105.04,89.02,57.89,105.04,105.04,1.0,1,0
daniel-connors,2009,ND,MID,21.0,10,3,85.57,214.1,103.54,83.03,51.37,103.54,97.28,0.88,1,0
daniel-connors,2010,ND,MID,22.0,24,4,85.57,0.0,118.43,103.69,84.57,118.43,110.36,0.762,1,0
daniel-connors,2011,ND,MID,23.0,27,5,52.5,0.0,104.99,93.22,72.92,104.99,94.41,0.67,1,0
daniel-connors,2012,ND,MID,24.0,29,6,52.5,0.0,93.7,82.57,61.18,93.7,80.04,0.58,1,0
jarryd-allen,2006,ND,SD,18.0,0,0,23.25,0.0,98.69,81.69,45.04,98.69,98.69,1.0,1,0
jarryd-allen,2007,ND,SD,19.0,0,1,23.25,0.0,98.69,84.95,57.04,98.69,98.69,1.0,1,0
jarryd-allen,2008,ND,SD,20.0,4,2,23.25,0.0,91.36,74.69,49.27,91.36,91.36,1.0,1,0
carl-peterson,2006,ND,SF,18.0,0,0,65.65,19.4,88.29,73.6,42.62,88.29,88.29,1.0,1,0
carl-peterson,2007,ND,SF,19.0,0,1,65.65,22.1,88.29,76.97,53.6,88.29,88.29,1.0,1,0
carl-peterson,2008,ND,SF,20.0,0,2,65.65,25.2,88.41,76.18,54.69,88.41,88.41,1.0,1,0
carl-peterson,2009,ND,SF,21.0,0,3,65.65,28.8,88.95,74.02,56.48,88.95,85.05,0.88,1,0
carl-peterson,2010,ND,SF,22.0,17,4,65.65,0.0,88.62,78.74,65.32,88.62,83.02,0.76,1,0
josh-hill,2006,ND,SF,18.0,0,0,74.52,461.3,88.29,73.6,43.64,88.29,88.29,1.0,1,0
josh-hill,2007,ND,SF,19.0,1,1,74.52,525.9,86.62,71.79,53.47,86.62,86.62,1.0,1,0
josh-hill,2008,ND,SF,20.0,19,2,74.52,425.0,97.71,90.43,77.69,97.71,97.71,1.0,1,0
josh-hill,2009,ND,SF,21.0,42,3,72.98,240.9,100.71,91.28,82.32,100.71,98.55,0.882,1,0
josh-hill,2010,ND,SF,22.0,54,4,69.98,223.6,93.52,86.64,75.59,93.52,89.22,0.76,1,0
josh-hill,2011,ND,SF,23.0,66,5,69.5,231.8,86.94,78.93,70.31,86.94,81.45,0.67,1,0
josh-hill,2012,ND,SF,24.0,88,6,69.5,92.7,86.56,83.17,72.11,86.56,80.49,0.58,1,0
josh-hill,2013,ND,SF,25.0,108,7,65.6,70.6,81.89,75.07,68.11,81.89,75.28,0.52,1,0
josh-hill,2014,ND,SF,26.0,117,8,63.64,79.3,70.91,66.24,61.98,70.91,66.09,0.46,1,0
josh-hill,2015,ND,SF,27.0,139,9,63.64,13.8,78.3,72.63,66.41,78.3,71.17,0.4,1,0
josh-hill,2016,ND,SF,28.0,161,10,60.93,5.2,69.5,63.84,60.31,69.5,63.99,0.4,1,0
josh-hill,2017,ND,SF,29.0,173,11,60.0,0.0,68.81,59.42,56.2,68.81,61.25,0.4,1,0
isaac-weetra,2006,ND,SD,18.0,0,0,20.5,0.0,96.11,81.65,38.33,96.11,96.11,1.0,1,0
isaac-weetra,2007,ND,SD,19.0,0,1,20.5,0.0,96.11,85.02,56.9,96.11,96.11,1.0,1,0
isaac-weetra,2008,ND,SD,20.0,2,2,20.5,0.0,91.76,81.21,54.58,91.76,91.76,1.0,1,0
tyson-goldsack,2006,ND,SD,18.0,0,0,70.65,99.7,96.11,81.65,38.33,96.11,96.11,1.0,1,0
tyson-goldsack,2007,ND,SD,19.0,17,1,70.65,49.9,108.67,104.24,85.32,108.67,108.67,1.0,1,0
tyson-goldsack,2008,ND,SD,20.0,33,2,67.64,56.8,99.48,94.48,70.54,99.48,99.48,1.0,1,0
tyson-goldsack,2009,ND,SD,21.0,45,3,67.64,63.8,99.39,93.46,71.97,99.39,96.1,0.88,1,0
tyson-goldsack,2010,ND,SD,22.0,56,4,67.64,72.6,89.93,85.31,68.66,89.93,84.83,0.76,1,0
tyson-goldsack,2011,ND,SD,23.0,69,5,67.64,82.5,83.19,80.35,64.55,83.19,77.04,0.67,1,0
tyson-goldsack,2012,ND,SD,24.0,91,6,67.64,91.5,81.99,80.41,68.59,81.99,76.36,0.58,1,0
tyson-goldsack,2013,ND,SD,25.0,104,7,67.64,61.8,82.41,78.37,68.49,82.41,75.73,0.52,1,0
tyson-goldsack,2014,ND,SD,26.0,124,8,67.43,66.7,78.92,77.14,67.97,78.92,73.01,0.46,1,0
tyson-goldsack,2015,ND,SD,27.0,137,9,68.15,7.8,80.36,77.72,68.84,80.36,73.45,0.4,1,0
tyson-goldsack,2016,ND,SD,28.0,141,10,67.75,5.8,79.32,75.19,65.41,79.32,70.97,0.4,1,0
tyson-goldsack,2017,ND,SD,29.0,161,11,67.75,0.1,79.63,73.69,64.48,79.63,70.54,0.4,1,0
tyson-goldsack,2018,ND,SD,30.0,165,12,56.0,0.0,75.57,67.08,58.93,75.57,65.59,0.4,1,0
nick-gill,2006,ND,KPF,18.0,0,0,64.35,219.1,93.01,84.0,21.11,93.01,93.01,1.0,1,0
nick-gill,2007,ND,KPF,19.0,7,1,64.35,3.2,96.39,87.21,62.97,96.39,96.39,1.0,1,0
nick-gill,2008,ND,KPF,20.0,16,2,54.56,0.0,97.94,89.55,66.99,97.94,97.94,1.0,1,0
nick-gill,2009,ND,KPF,21.0,17,3,41.0,0.0,98.18,85.13,64.59,98.18,94.15,0.88,1,0
peter-faulks-1,2006,ND,MID,18.0,0,0,48.0,0.0,112.82,94.9,52.22,112.82,112.82,1.0,1,0
peter-faulks-1,2007,ND,MID,19.0,0,1,48.0,0.1,112.82,94.86,66.85,112.82,112.82,1.0,1,0
peter-faulks-1,2008,ND,MID,20.0,0,2,48.0,0.1,103.9,91.12,61.06,103.9,103.9,1.0,1,0
peter-faulks-1,2009,ND,MID,21.0,0,3,48.0,0.1,105.0,90.59,64.4,105.0,100.13,0.88,1,0
peter-faulks-1,2010,ND,MID,22.0,0,4,48.0,0.1,99.77,89.64,66.0,99.77,91.66,0.76,1,0
peter-faulks-1,2011,ND,MID,23.0,2,5,48.0,0.1,97.72,88.65,64.57,97.72,86.78,0.67,1,0
peter-faulks-1,2012,ND,MID,24.0,2,6,48.0,0.1,93.89,85.44,62.91,93.89,80.88,0.58,1,0
peter-faulks-1,2013,ND,MID,25.0,3,7,48.0,0.0,84.56,76.08,52.47,84.56,69.15,0.52,1,0
malcolm-lynch,2006,ND,MID,18.0,0,0,17.0,0.0,112.82,94.9,52.22,112.82,112.82,1.0,1,0
malcolm-lynch,2007,ND,MID,19.0,2,1,17.0,0.0,106.83,90.17,57.76,106.83,106.83,1.0,1,0
joe-anderson,2006,ND,SD,18.0,0,0,62.2,0.7,108.91,98.01,61.68,108.91,108.91,1.0,1,0
joe-anderson,2007,ND,SD,19.0,5,1,62.2,0.8,105.45,89.67,67.91,105.45,105.45,1.0,1,0
joe-anderson,2008,ND,SD,20.0,9,2,62.2,0.9,100.12,87.8,63.13,100.12,100.12,1.0,1,0
joe-anderson,2009,ND,SD,21.0,12,3,62.2,0.7,100.59,83.75,58.09,100.59,95.49,0.88,1,0
joe-anderson,2010,ND,SD,22.0,17,4,62.2,0.0,93.83,80.35,60.36,93.83,85.8,0.76,1,0
ben-warren,2006,ND,SF,18.0,0,0,50.71,3.3,97.91,83.99,50.25,97.91,97.91,1.0,1,0
ben-warren,2007,ND,SF,19.0,0,1,50.71,3.7,97.91,85.19,61.5,97.91,97.91,1.0,1,0
ben-warren,2008,ND,SF,20.0,0,2,50.71,4.3,92.12,82.31,59.64,92.12,92.12,1.0,1,0
ben-warren,2009,ND,SF,21.0,9,3,50.71,4.8,85.02,67.54,49.52,85.02,80.76,0.88,1,0
ben-warren,2010,ND,SF,22.0,25,4,57.75,2.7,83.95,78.2,60.08,83.95,78.22,0.76,1,0
ben-warren,2011,ND,SF,23.0,28,5,62.0,3.1,76.79,65.29,53.12,76.79,68.98,0.67,1,0
ben-warren,2012,ND,SF,24.0,29,6,62.0,0.0,72.53,67.2,49.84,72.53,63.0,0.58,1,0
sam-sheldon,2006,ND,MID,18.0,0,0,48.65,0.0,112.82,94.9,52.22,112.82,112.82,1.0,1,0
sam-sheldon,2007,ND,MID,19.0,0,1,48.65,0.0,112.82,94.86,66.85,112.82,112.82,1.0,1,0
sam-sheldon,2008,ND,MID,20.0,0,2,48.65,0.0,103.9,91.12,61.06,103.9,103.9,1.0,1,0
sam-sheldon,2009,ND,MID,21.0,19,3,48.65,0.0,96.78,83.76,51.01,96.78,91.29,0.88,1,0
sam-sheldon,2010,ND,MID,22.0,24,4,54.88,0.0,89.95,77.53,47.09,89.95,79.66,0.76,1,0
sam-sheldon,2011,ND,MID,23.0,40,5,54.88,0.0,89.63,81.63,57.52,89.63,79.03,0.67,1,0
sam-sheldon,2012,ND,MID,24.0,43,6,41.33,0.0,82.73,78.25,49.31,82.73,68.7,0.58,1,0
justin-westhoff,2006,ND,KPF,20.0,0,0,97.9,2372.1,99.57,90.39,71.26,99.57,99.57,1.0,1,0
justin-westhoff,2007,ND,KPF,21.0,16,1,97.9,2609.9,101.7,92.99,75.64,101.7,98.57,0.88,1,0
justin-westhoff,2008,ND,KPF,22.0,37,2,97.9,2941.5,92.8,87.74,72.27,92.8,87.88,0.76,1,0
justin-westhoff,2009,ND,KPF,23.0,50,3,97.9,3338.1,88.88,83.86,70.79,88.88,82.91,0.67,1,0
justin-westhoff,2010,ND,KPF,24.0,69,4,97.9,3456.3,95.91,92.63,78.97,95.91,88.85,0.583,1,0
justin-westhoff,2011,ND,KPF,25.0,89,5,97.9,3431.7,100.46,98.83,85.29,100.46,94.39,0.6,1,0
justin-westhoff,2012,ND,KPF,26.0,111,6,97.9,3440.2,101.96,97.72,87.32,101.96,95.66,0.57,1,0
justin-westhoff,2013,ND,KPF,27.0,134,7,97.9,2962.1,107.55,107.86,97.19,107.86,104.45,0.68,1,0
justin-westhoff,2014,ND,KPF,28.0,159,8,95.52,2618.8,102.73,101.89,94.75,102.73,100.15,0.677,1,0
justin-westhoff,2015,ND,KPF,29.0,181,9,94.25,2113.4,103.03,99.24,94.09,103.03,100.42,0.708,1,0
justin-westhoff,2016,ND,KPF,30.0,203,10,91.1,1803.9,96.9,96.36,91.48,96.9,94.97,0.644,1,0
justin-westhoff,2017,ND,KPF,31.0,226,11,89.42,1406.1,94.23,90.02,89.19,94.23,92.37,0.631,1,0
justin-westhoff,2018,ND,KPF,32.0,248,12,83.75,545.8,99.64,97.0,91.91,99.64,97.66,0.743,1,0
justin-westhoff,2019,ND,KPF,33.0,268,13,75.02,158.7,95.39,93.19,82.57,95.39,90.55,0.622,1,0
andrew-collins-1,2006,ND,MID,18.0,0,0,64.8,7.5,112.82,94.9,52.22,112.82,112.82,1.0,1,0
andrew-collins-1,2007,ND,MID,19.0,0,1,64.8,8.6,112.82,94.86,66.85,112.82,112.82,1.0,1,0
andrew-collins-1,2008,ND,MID,20.0,0,2,64.8,9.8,103.9,91.12,61.06,103.9,103.9,1.0,1,0
andrew-collins-1,2009,ND,MID,21.0,10,3,64.8,4.9,109.62,93.28,68.6,109.62,104.69,0.88,1,0
andrew-collins-1,2010,ND,MID,22.0,25,4,62.5,1.6,107.17,97.4,73.07,107.17,98.99,0.76,1,0
andrew-collins-1,2011,ND,MID,23.0,27,5,57.0,1.8,93.29,83.2,60.91,93.29,82.6,0.67,1,0
andrew-collins-1,2012,ND,MID,24.0,36,6,57.0,0.0,86.41,80.19,58.47,86.41,74.68,0.58,1,0
paul-o-shea,2006,ND,SF,18.0,0,0,0.0,0.0,97.91,83.99,50.25,97.91,97.91,1.0,1,0
calib-mourish,2006,ND,MID,18.0,0,0,0.0,0.0,112.82,94.9,52.22,112.82,112.82,1.0,1,0
bryce-campbell,2006,ND,SF,18.0,0,0,37.86,0.0,97.91,83.99,50.25,97.91,97.91,1.0,1,0
bryce-campbell,2007,ND,SF,19.0,1,1,37.86,0.0,96.2,85.26,58.14,96.2,96.2,1.0,1,0
bryce-campbell,2008,ND,SF,20.0,8,2,37.86,0.0,86.4,74.49,55.94,86.4,86.4,1.0,1,0
jesse-white,2006,ND,KPF,18.0,0,0,70.73,220.3,105.48,97.39,61.85,105.48,105.48,1.0,1,0
jesse-white,2007,ND,KPF,19.0,0,1,70.73,251.2,105.48,97.35,76.94,105.48,105.48,1.0,1,0
jesse-white,2008,ND,KPF,20.0,2,2,70.73,286.3,95.83,86.33,61.55,95.83,95.83,1.0,1,0
jesse-white,2009,ND,KPF,21.0,20,3,70.73,326.4,97.08,84.6,65.36,97.08,93.27,0.88,1,0
jesse-white,2010,ND,KPF,22.0,40,4,70.73,372.0,86.74,78.7,60.78,86.74,80.51,0.76,1,0
jesse-white,2011,ND,KPF,23.0,53,5,70.73,422.7,82.44,76.83,62.6,82.44,75.89,0.67,1,0
jesse-white,2012,ND,KPF,24.0,56,6,70.73,459.7,77.94,73.84,58.38,77.94,69.73,0.58,1,0
jesse-white,2013,ND,KPF,25.0,71,7,70.73,332.0,84.38,79.88,68.87,84.38,76.93,0.52,1,0
jesse-white,2014,ND,KPF,26.0,89,8,67.86,344.6,76.48,72.83,65.22,76.48,70.4,0.46,1,0
jesse-white,2015,ND,KPF,27.0,107,9,70.96,253.1,80.58,76.79,69.86,80.58,74.15,0.4,1,0
jesse-white,2016,ND,KPF,28.0,123,10,73.81,2.9,84.77,78.89,71.93,84.77,77.07,0.4,1,0
jesse-white,2017,ND,KPF,29.0,127,11,55.5,0.0,81.53,75.03,63.58,81.53,70.76,0.4,1,0
james-thomson,2006,ND,KPF,18.0,0,0,0.0,0.0,105.48,97.39,61.85,105.48,105.48,1.0,1,0
ryan-williams,2006,ND,KPD,18.0,0,0,19.5,0.0,103.09,97.89,65.17,103.09,103.09,1.0,1,0
ryan-williams,2007,ND,KPD,19.0,0,1,19.5,0.0,103.09,97.58,79.88,103.09,103.09,1.0,1,0
ryan-williams,2008,ND,KPD,20.0,2,2,19.5,0.0,92.05,85.13,63.58,92.05,92.05,1.0,1,0
sam-jacobs,2006,RD,RUCK,18.0,0,0,107.23,1826.2,115.06,103.63,54.35,115.06,115.06,1.0,1,0
sam-jacobs,2007,RD,RUCK,19.0,0,1,107.23,2081.8,115.06,104.01,74.36,115.06,115.06,1.0,1,0
sam-jacobs,2008,RD,RUCK,20.0,0,2,107.23,2373.3,110.94,99.7,72.41,110.94,110.94,1.0,1,0
sam-jacobs,2009,RD,RUCK,21.0,4,3,107.23,2705.5,112.45,96.08,71.66,112.45,107.55,0.88,1,0
sam-jacobs,2010,RD,RUCK,22.0,17,4,107.23,3020.5,114.68,101.65,86.21,114.68,107.85,0.76,1,0
sam-jacobs,2011,RD,RUCK,23.0,36,5,107.23,2956.2,124.14,116.86,104.76,124.14,118.92,0.731,1,0
sam-jacobs,2012,RD,RUCK,24.0,60,6,107.23,2705.3,125.9,121.24,112.93,125.9,122.36,0.727,1,0
sam-jacobs,2013,RD,RUCK,25.0,82,7,106.62,2803.5,115.43,111.42,99.65,115.43,108.84,0.583,1,0
sam-jacobs,2014,RD,RUCK,26.0,104,8,106.62,1907.1,129.31,123.66,114.65,129.31,126.15,0.784,1,0
sam-jacobs,2015,RD,RUCK,27.0,127,9,100.26,1266.5,124.88,120.63,110.78,124.88,121.34,0.749,1,0
sam-jacobs,2016,RD,RUCK,28.0,149,10,93.86,1087.0,108.95,102.06,91.55,108.95,100.96,0.541,1,0
sam-jacobs,2017,RD,RUCK,29.0,174,11,92.48,626.2,109.21,106.26,93.56,109.21,102.8,0.591,1,0
sam-jacobs,2018,RD,RUCK,30.0,196,12,90.12,470.3,103.03,97.06,83.59,103.03,92.58,0.462,1,0
sam-jacobs,2019,RD,RUCK,31.0,201,13,96.29,431.0,101.34,91.7,76.94,101.34,87.51,0.433,1,0
dean-dick,2006,RD,SD,18.0,0,0,0.0,0.0,108.91,98.01,61.68,108.91,108.91,1.0,1,0
leigh-adams,2006,RD,MID,18.0,0,0,85.96,691.2,112.82,94.9,52.22,112.82,112.82,1.0,1,0
leigh-adams,2007,RD,MID,19.0,2,1,85.96,788.0,113.72,93.99,59.46,113.72,113.72,1.0,1,0
leigh-adams,2008,RD,MID,20.0,2,2,85.96,898.3,105.68,91.85,59.24,105.68,105.68,1.0,1,0
leigh-adams,2009,RD,MID,21.0,8,3,85.96,968.0,108.98,95.04,67.83,108.98,104.05,0.88,1,0
leigh-adams,2010,RD,MID,22.0,23,4,85.96,867.4,118.06,107.22,86.5,118.06,110.54,0.762,1,0
leigh-adams,2011,RD,MID,23.0,44,5,84.02,626.2,120.06,110.82,97.34,120.06,113.44,0.709,1,0
leigh-adams,2012,RD,MID,24.0,62,6,74.51,294.7,109.99,105.43,89.82,109.99,101.55,0.582,1,0
leigh-adams,2013,RD,MID,25.0,82,7,70.41,8.0,106.58,99.16,84.42,106.58,95.95,0.52,1,0
leigh-adams,2014,RD,MID,26.0,104,8,61.36,0.0,83.76,78.93,67.17,83.76,74.8,0.46,1,0
alex-lee,2006,RD,SD,18.0,0,0,0.0,0.0,108.91,98.01,61.68,108.91,108.91,1.0,1,0
brett-collins,2006,RD,MID,18.0,0,0,0.0,0.0,112.82,94.9,52.22,112.82,112.82,1.0,1,0
joel-reynolds,2006,RD,MID,18.0,0,0,0.0,0.0,112.82,94.9,52.22,112.82,112.82,1.0,1,0
tasman-clingan,2006,RD,SD,18.0,0,0,0.0,0.0,108.91,98.01,61.68,108.91,108.91,1.0,1,0
clinton-jones,2006,RD,MID,22.0,0,0,80.21,263.7,91.67,78.06,49.36,91.67,81.51,0.76,1,0
clinton-jones,2007,RD,MID,23.0,6,1,80.21,300.7,86.07,75.08,40.36,86.07,70.98,0.67,1,0
clinton-jones,2008,RD,MID,24.0,26,2,80.21,304.2,95.77,89.96,68.63,95.77,84.37,0.58,1,0
clinton-jones,2009,RD,MID,25.0,50,3,80.21,298.7,98.88,90.82,77.55,98.88,88.64,0.52,1,0
clinton-jones,2010,RD,MID,26.0,74,4,80.21,168.0,103.09,94.69,81.66,103.09,91.52,0.46,1,0
clinton-jones,2011,RD,MID,27.0,97,5,77.72,154.4,102.66,94.76,81.05,102.66,89.7,0.4,1,0
clinton-jones,2012,RD,MID,28.0,114,6,75.6,125.0,98.88,94.24,79.16,98.88,87.05,0.4,1,0
clinton-jones,2013,RD,MID,29.0,133,7,75.13,4.7,100.25,92.29,79.04,100.25,87.52,0.4,1,0
clinton-jones,2014,RD,MID,30.0,149,8,68.94,0.0,87.61,79.81,64.81,87.61,73.93,0.4,1,0
sharrod-wellingham,2006,RD,MID,18.0,0,0,77.97,254.9,112.82,94.9,52.22,112.82,112.82,1.0,1,0
sharrod-wellingham,2007,RD,MID,19.0,0,1,77.97,290.5,112.82,94.86,66.85,112.82,112.82,1.0,1,0
sharrod-wellingham,2008,RD,MID,20.0,12,2,77.97,331.0,108.14,96.57,69.71,108.14,108.14,1.0,1,0
sharrod-wellingham,2009,RD,MID,21.0,28,3,77.97,376.3,107.04,98.82,73.64,107.04,103.03,0.88,1,0
sharrod-wellingham,2010,RD,MID,22.0,52,4,77.97,392.0,110.65,103.74,88.13,110.65,105.24,0.76,1,0
sharrod-wellingham,2011,RD,MID,23.0,72,5,77.84,413.7,108.13,100.64,83.62,108.13,100.04,0.67,1,0
sharrod-wellingham,2012,RD,MID,24.0,92,6,77.28,324.0,109.98,103.55,86.59,109.98,100.15,0.58,1,0
sharrod-wellingham,2013,RD,MID,25.0,102,7,73.28,206.3,104.32,93.62,80.68,104.32,92.97,0.52,1,0
sharrod-wellingham,2014,RD,MID,26.0,115,8,69.88,228.1,90.06,86.45,72.45,90.06,80.55,0.46,1,0
sharrod-wellingham,2015,RD,MID,27.0,139,9,67.63,2.3,99.46,89.08,75.8,99.46,85.27,0.4,1,0
sharrod-wellingham,2016,RD,MID,28.0,158,10,63.0,1.2,83.92,75.37,64.86,83.92,72.49,0.4,1,0
sharrod-wellingham,2017,RD,MID,29.0,171,11,63.0,0.0,78.13,68.96,58.16,78.13,66.15,0.4,1,0
gavin-hughes,2006,RD,SF,18.0,0,0,0.0,0.0,97.91,83.99,50.25,97.91,97.91,1.0,1,0
daniel-hayes,2006,RD,SF,18.0,0,0,0.0,0.0,97.91,83.99,50.25,97.91,97.91,1.0,1,0
chris-smith,2006,RD,MID,18.0,0,0,0.0,0.0,112.82,94.9,52.22,112.82,112.82,1.0,1,0
andrew-mcintyre,2006,RD,KPF,18.0,0,0,0.0,0.0,105.48,97.39,61.85,105.48,105.48,1.0,1,0
nick-smith-1,2006,RD,SD,18.0,0,0,71.99,33.2,108.91,98.01,61.68,108.91,108.91,1.0,1,0
nick-smith-1,2007,RD,SD,19.0,0,1,71.99,37.9,108.91,97.97,76.77,108.91,108.91,1.0,1,0
nick-smith-1,2008,RD,SD,20.0,2,2,71.99,43.2,98.97,88.0,62.74,98.97,98.97,1.0,1,0
nick-smith-1,2009,RD,SD,21.0,13,3,71.99,48.9,100.82,86.47,65.61,100.82,96.6,0.88,1,0
nick-smith-1,2010,RD,SD,22.0,29,4,71.99,55.6,96.8,86.77,68.07,96.8,89.91,0.76,1,0
nick-smith-1,2011,RD,SD,23.0,52,5,71.99,51.2,95.8,89.28,75.33,95.8,89.05,0.67,1,0
nick-smith-1,2012,RD,SD,24.0,74,6,71.18,52.7,91.38,86.87,73.91,91.38,84.04,0.58,1,0
nick-smith-1,2013,RD,SD,25.0,98,7,70.36,57.5,86.78,78.63,68.6,86.78,78.06,0.52,1,0
nick-smith-1,2014,RD,SD,26.0,121,8,70.07,39.3,86.46,80.92,73.47,86.46,79.44,0.46,1,0
nick-smith-1,2015,RD,SD,27.0,142,9,66.75,2.5,87.06,81.83,75.34,87.06,80.03,0.4,1,0
nick-smith-1,2016,RD,SD,28.0,167,10,60.57,0.9,80.21,73.29,67.23,80.21,72.42,0.4,1,0
nick-smith-1,2017,RD,SD,29.0,191,11,58.88,1.0,70.9,61.1,54.88,70.9,61.29,0.4,1,0
nick-smith-1,2018,RD,SD,30.0,211,12,62.3,0.0,74.23,65.3,57.34,74.23,64.09,0.4,1,0
jamie-mcnamara,2006,RD,SD,18.0,0,0,62.86,1.5,108.91,98.01,61.68,108.91,108.91,1.0,1,0
jamie-mcnamara,2007,RD,SD,19.0,2,1,62.86,1.7,108.59,97.98,72.58,108.59,108.59,1.0,1,0
jamie-mcnamara,2008,RD,SD,20.0,13,2,62.86,0.2,106.22,97.33,76.68,106.22,106.22,1.0,1,0
jamie-mcnamara,2009,RD,SD,21.0,19,3,60.17,0.0,100.9,89.6,67.3,100.9,96.87,0.88,1,0
michael-jamison,2006,RD,KPD,20.0,0,0,64.16,210.2,97.65,90.86,74.34,97.65,97.65,1.0,1,0
michael-jamison,2007,RD,KPD,21.0,5,1,64.16,83.3,96.96,86.39,73.73,96.96,94.17,0.88,1,0
michael-jamison,2008,RD,KPD,22.0,21,2,64.16,92.4,87.58,81.14,65.51,87.58,82.28,0.76,1,0
michael-jamison,2009,RD,KPD,23.0,34,3,64.16,105.3,79.37,74.81,58.16,79.37,72.37,0.67,1,0
michael-jamison,2010,RD,KPD,24.0,57,4,64.16,119.9,67.44,64.44,53.61,67.44,61.63,0.58,1,0
michael-jamison,2011,RD,KPD,25.0,71,5,64.16,53.6,74.51,72.36,63.68,74.51,69.31,0.52,1,0
michael-jamison,2012,RD,KPD,26.0,87,6,61.58,51.0,71.93,70.56,62.36,71.93,66.77,0.46,1,0
michael-jamison,2013,RD,KPD,27.0,111,7,57.38,20.0,74.36,69.79,63.18,74.36,67.65,0.4,1,0
michael-jamison,2014,RD,KPD,28.0,131,8,54.21,0.2,73.15,67.28,61.38,73.15,66.09,0.4,1,0
michael-jamison,2015,RD,KPD,29.0,145,9,46.57,0.0,66.8,59.89,49.17,66.8,56.22,0.4,1,0
michael-jamison,2016,RD,KPD,30.0,150,10,41.6,0.0,66.12,59.51,47.93,66.12,55.2,0.4,1,0
danny-chartres,2006,RD,KPD,18.0,0,0,0.0,0.0,103.09,97.89,65.17,103.09,103.09,1.0,1,0
ben-hughes,2006,RD,SD,18.0,0,0,0.0,0.0,108.91,98.01,61.68,108.91,108.91,1.0,1,0
scott-clouston,2006,RD,SD,18.0,0,0,39.0,0.0,108.91,98.01,61.68,108.91,108.91,1.0,1,0
scott-clouston,2007,RD,SD,19.0,0,1,39.0,0.0,108.91,97.97,76.77,108.91,108.91,1.0,1,0
scott-clouston,2008,RD,SD,20.0,2,2,39.0,0.0,102.22,91.99,66.96,102.22,102.22,1.0,1,0
gavin-grose,2006,RD,KPD,18.0,0,0,0.0,0.0,103.09,97.89,65.17,103.09,103.09,1.0,1,0
matthew-suckling,2006,RD,SD,18.0,0,0,86.78,458.3,108.91,98.01,61.68,108.91,108.91,1.0,1,0
matthew-suckling,2007,RD,SD,19.0,0,1,86.78,522.5,108.91,97.97,76.77,108.91,108.91,1.0,1,0
matthew-suckling,2008,RD,SD,20.0,0,2,86.78,595.6,102.54,91.23,71.23,102.54,102.54,1.0,1,0
matthew-suckling,2009,RD,SD,21.0,1,3,86.78,678.9,100.09,87.86,65.27,100.09,95.91,0.88,1,0
matthew-suckling,2010,RD,SD,22.0,6,4,86.78,773.8,92.09,82.55,60.93,92.09,84.61,0.76,1,0
matthew-suckling,2011,RD,SD,23.0,29,5,86.78,638.9,110.69,102.86,85.12,110.69,102.28,0.671,1,0
matthew-suckling,2012,RD,SD,24.0,54,6,85.44,586.0,106.91,102.9,86.63,106.91,98.39,0.58,1,0
matthew-suckling,2013,RD,SD,25.0,54,7,84.78,668.1,104.52,97.21,80.6,104.52,93.04,0.52,1,0
matthew-suckling,2014,RD,SD,26.0,77,8,84.78,675.5,97.5,93.63,79.29,97.5,87.67,0.46,1,0
matthew-suckling,2015,RD,SD,27.0,102,9,84.78,749.2,90.37,83.12,75.26,90.37,81.3,0.4,1,0
matthew-suckling,2016,RD,SD,28.0,119,10,84.78,629.0,90.57,84.79,74.53,90.57,80.94,0.4,1,0
matthew-suckling,2017,RD,SD,29.0,141,11,84.78,617.3,90.44,87.08,74.7,90.44,81.0,0.4,1,0
matthew-suckling,2018,RD,SD,30.0,152,12,74.96,244.4,96.08,90.02,77.71,96.08,85.34,0.415,1,0
matthew-suckling,2019,RD,SD,31.0,171,13,66.67,0.0,95.44,89.49,74.34,95.44,83.45,0.432,1,0
liam-bedford-2,2006,RD,MID,18.0,0,0,0.0,0.0,112.82,94.9,52.22,112.82,112.82,1.0,1,0
jake-king,2006,RD,SD,22.0,0,0,77.48,397.2,92.12,80.19,62.89,92.12,85.1,0.76,1,0
jake-king,2007,RD,SD,23.0,19,1,77.48,368.7,101.24,93.36,76.89,101.24,93.2,0.67,1,0
jake-king,2008,RD,SD,24.0,33,2,74.05,54.6,105.86,101.38,81.54,105.86,96.13,0.6,1,0
jake-king,2009,RD,SD,25.0,41,3,66.33,61.9,94.63,86.07,73.79,94.63,84.63,0.52,1,0
jake-king,2010,RD,SD,26.0,56,4,66.33,66.1,87.11,81.64,69.87,87.11,77.8,0.46,1,0
jake-king,2011,RD,SD,27.0,75,5,64.63,47.6,86.13,80.31,70.71,86.13,76.88,0.4,1,0
jake-king,2012,RD,SD,28.0,87,6,64.41,44.8,79.03,72.66,63.78,79.03,69.88,0.4,1,0
jake-king,2013,RD,SD,29.0,105,7,67.33,0.0,81.26,73.27,64.1,81.26,70.96,0.4,1,0
jake-king,2014,RD,SD,30.0,107,8,37.0,0.0,77.04,66.87,58.06,77.04,65.65,0.4,1,0
luke-van-rheenen,2006,RD,MID,18.0,0,0,0.0,0.0,112.82,94.9,52.22,112.82,112.82,1.0,1,0
brent-macaffer,2006,RD,MID,18.0,0,0,64.84,292.9,112.82,94.9,52.22,112.82,112.82,1.0,1,0
brent-macaffer,2007,RD,MID,19.0,0,1,64.84,333.9,112.82,94.86,66.85,112.82,112.82,1.0,1,0
brent-macaffer,2008,RD,MID,20.0,0,2,64.84,380.7,103.9,91.12,61.06,103.9,103.9,1.0,1,0
brent-macaffer,2009,RD,MID,21.0,5,3,64.84,325.4,108.52,94.04,66.65,108.52,103.49,0.88,1,0
brent-macaffer,2010,RD,MID,22.0,26,4,64.84,3.8,115.81,107.43,86.39,115.81,108.75,0.76,1,0
brent-macaffer,2011,RD,MID,23.0,30,5,56.84,4.3,103.47,95.41,69.4,103.47,92.23,0.67,1,0
brent-macaffer,2012,RD,MID,24.0,30,6,56.84,5.0,97.0,89.23,65.57,97.0,83.8,0.58,1,0
brent-macaffer,2013,RD,MID,25.0,52,7,56.84,0.0,85.54,77.18,60.33,85.54,73.44,0.52,1,0
brent-macaffer,2014,RD,MID,26.0,73,8,53.81,0.0,77.07,70.14,52.0,77.07,63.53,0.46,1,0
brent-macaffer,2015,RD,MID,27.0,73,9,39.25,0.0,75.84,65.96,47.88,75.84,59.07,0.4,1,0
brent-macaffer,2016,RD,MID,28.0,77,10,39.25,0.0,69.2,59.28,33.38,69.2,47.71,0.4,1,0
jarrod-harbrow,2006,RD,SD,18.0,0,0,83.04,783.8,108.91,98.01,61.68,108.91,108.91,1.0,1,0
jarrod-harbrow,2007,RD,SD,19.0,11,1,83.04,893.5,104.94,93.25,68.9,104.94,104.94,1.0,1,0
jarrod-harbrow,2008,RD,SD,20.0,25,2,83.04,1016.1,102.68,93.7,68.27,102.68,102.68,1.0,1,0
jarrod-harbrow,2009,RD,SD,21.0,48,3,83.04,733.9,113.27,103.88,91.28,113.27,110.64,0.88,1,0
jarrod-harbrow,2010,RD,SD,22.0,70,4,82.69,617.6,115.98,106.63,92.07,115.98,110.24,0.76,1,0
jarrod-harbrow,2011,RD,SD,23.0,92,5,82.29,625.1,107.76,103.18,87.78,107.76,101.17,0.67,1,0
jarrod-harbrow,2012,RD,SD,24.0,105,6,82.29,618.1,103.92,101.02,85.87,103.92,96.34,0.58,1,0
jarrod-harbrow,2013,RD,SD,25.0,126,7,82.29,470.9,103.47,98.85,89.65,103.47,96.84,0.52,1,0
jarrod-harbrow,2014,RD,SD,26.0,148,8,81.3,348.1,100.09,94.1,87.39,100.09,93.24,0.46,1,0
jarrod-harbrow,2015,RD,SD,27.0,163,9,79.83,349.0,96.54,91.82,77.9,96.54,85.35,0.4,1,0
jarrod-harbrow,2016,RD,SD,28.0,184,10,79.83,349.4,92.63,84.0,76.51,92.63,82.96,0.4,1,0
jarrod-harbrow,2017,RD,SD,29.0,202,11,79.83,240.3,91.82,87.14,75.72,91.82,82.16,0.4,1,0
jarrod-harbrow,2018,RD,SD,30.0,224,12,72.21,79.7,94.02,84.72,75.47,94.02,82.89,0.4,1,0
jarrod-harbrow,2019,RD,SD,31.0,245,13,67.39,0.4,89.97,84.04,69.6,89.97,77.75,0.4,1,0
andrew-foster,2006,RD,SF,18.0,0,0,73.33,10.2,97.91,83.99,50.25,97.91,97.91,1.0,1,0
andrew-foster,2007,RD,SF,19.0,3,1,73.33,0.0,97.14,89.07,64.38,97.14,97.14,1.0,1,0
andrew-foster,2008,RD,SF,20.0,4,2,47.0,0.0,93.58,83.18,58.06,93.58,93.58,1.0,1,0
andrew-foster,2009,RD,SF,21.0,9,3,47.0,0.0,91.31,77.43,57.14,91.31,87.21,0.88,1,0
james-turner,2006,RD,SF,18.0,0,0,0.0,0.0,97.91,83.99,50.25,97.91,97.91,1.0,1,0
matthew-o-dwyer,2006,RD,SF,18.0,0,0,58.0,0.1,97.91,83.99,50.25,97.91,97.91,1.0,1,0
matthew-o-dwyer,2007,RD,SF,19.0,0,1,58.0,0.1,97.91,85.19,61.5,97.91,97.91,1.0,1,0
matthew-o-dwyer,2008,RD,SF,20.0,2,2,58.0,0.1,92.4,81.01,54.59,92.4,92.4,1.0,1,0
matthew-o-dwyer,2009,RD,SF,21.0,6,3,58.0,0.0,91.23,76.76,56.72,91.23,87.09,0.88,1,0
matthew-o-dwyer,2010,RD,SF,22.0,7,4,58.0,0.0,82.74,73.08,54.94,82.74,76.07,0.76,1,0
ross-young,2006,RD,KPF,18.0,0,0,53.17,0.0,105.48,97.39,61.85,105.48,105.48,1.0,1,0
ross-young,2007,RD,KPF,19.0,6,1,53.17,0.0,101.0,95.02,72.66,101.0,101.0,1.0,1,0
matt-campbell,2006,RD,SF,18.0,0,0,61.69,136.0,97.91,83.99,50.25,97.91,97.91,1.0,1,0
matt-campbell,2007,RD,SF,19.0,13,1,61.69,154.9,90.41,86.12,61.24,90.41,90.41,1.0,1,0
matt-campbell,2008,RD,SF,20.0,35,2,61.69,2.8,100.54,94.06,80.1,100.54,100.54,1.0,1,0
matt-campbell,2009,RD,SF,21.0,47,3,54.68,1.4,97.55,91.3,73.46,97.55,94.66,0.88,1,0
matt-campbell,2010,RD,SF,22.0,59,4,50.34,0.4,87.91,81.87,66.0,87.91,82.65,0.76,1,0
matt-campbell,2011,RD,SF,23.0,67,5,48.01,0.0,80.04,77.2,60.67,80.04,73.65,0.67,1,0
matt-campbell,2012,RD,SF,24.0,82,6,43.4,0.0,69.46,65.77,54.36,69.46,63.12,0.58,1,0
daniel-dzufer,2006,RD,SD,18.0,0,0,32.0,0.0,108.91,98.01,61.68,108.91,108.91,1.0,1,0
daniel-dzufer,2007,RD,SD,19.0,1,1,32.0,0.0,108.59,98.05,75.07,108.59,108.59,1.0,1,0
nathan-batsanis,2006,RD,MID,18.0,0,0,0.0,0.0,112.82,94.9,52.22,112.82,112.82,1.0,1,0
sam-gibson,2006,RD,MID,20.0,0,0,86.2,302.4,103.87,89.07,57.78,103.87,103.87,1.0,1,0
sam-gibson,2007,RD,MID,21.0,0,1,86.2,344.7,101.41,83.1,53.03,101.41,95.61,0.88,1,0
sam-gibson,2008,RD,MID,22.0,0,2,86.2,393.0,92.06,79.53,51.98,92.06,82.44,0.76,1,0
sam-gibson,2009,RD,MID,23.0,0,3,86.2,448.0,90.93,81.8,56.25,90.93,79.49,0.67,1,0
sam-gibson,2010,RD,MID,24.0,0,4,86.2,510.7,89.4,82.53,58.09,89.4,76.25,0.58,1,0
sam-gibson,2011,RD,MID,25.0,0,5,86.2,582.2,95.25,83.2,64.89,95.25,80.68,0.52,1,0
sam-gibson,2012,RD,MID,26.0,13,6,86.2,642.6,97.87,84.03,65.86,97.87,80.58,0.46,1,0
sam-gibson,2013,RD,MID,27.0,35,7,86.2,681.9,98.45,86.78,68.85,98.45,80.69,0.4,1,0
sam-gibson,2014,RD,MID,28.0,60,8,86.2,361.6,104.88,96.97,87.13,104.88,95.44,0.468,1,0
sam-gibson,2015,RD,MID,29.0,85,9,79.95,392.8,93.61,87.54,72.1,93.61,80.71,0.4,1,0
sam-gibson,2016,RD,MID,30.0,108,10,83.4,209.5,98.53,88.43,80.02,98.53,87.42,0.4,1,0
sam-gibson,2017,RD,MID,31.0,130,11,81.45,98.2,96.3,83.87,77.86,96.3,85.24,0.4,1,0
sam-gibson,2018,RD,MID,32.0,135,12,82.2,0.0,96.17,83.63,71.25,96.17,81.22,0.4,1,0
jason-davenport,2006,RD,MID,21.0,0,0,76.35,61.7,101.41,83.1,53.03,101.41,95.61,0.88,1,0
jason-davenport,2007,RD,MID,22.0,0,1,76.35,70.4,91.67,78.06,49.36,91.67,81.51,0.76,1,0
jason-davenport,2008,RD,MID,23.0,0,2,76.35,80.2,86.49,76.1,50.57,86.49,74.63,0.67,1,0
jason-davenport,2009,RD,MID,24.0,10,3,76.35,46.8,92.37,83.44,59.01,92.37,78.36,0.58,1,0
jason-davenport,2010,RD,MID,25.0,24,4,76.71,0.0,102.11,88.26,71.7,102.11,87.51,0.52,1,0
jason-davenport,2011,RD,MID,26.0,28,5,25.5,0.0,79.84,72.53,54.66,79.84,66.24,0.46,1,0
robert-eddy,2006,RD,SF,18.0,0,0,51.11,0.0,97.91,83.99,50.25,97.91,97.91,1.0,1,0
robert-eddy,2007,RD,SF,19.0,0,1,51.11,0.0,97.91,85.19,61.5,97.91,97.91,1.0,1,0
robert-eddy,2008,RD,SF,20.0,13,2,51.11,0.0,93.64,84.58,63.6,93.64,93.64,1.0,1,0
robert-eddy,2009,RD,SF,21.0,23,3,49.85,0.0,85.63,71.22,54.62,85.63,81.91,0.88,1,0
robert-eddy,2010,RD,SF,22.0,33,4,50.8,0.0,79.32,70.36,56.32,79.32,73.8,0.76,1,0
darren-rumble,2006,RD,RUCK,18.0,0,0,0.0,0.0,115.06,103.63,54.35,115.06,115.06,1.0,1,0
rhys-archard,2006,RD,KPD,18.0,0,0,0.0,0.0,103.09,97.89,65.17,103.09,103.09,1.0,1,0
luke-brennan,2006,RD,SD,18.0,0,0,59.75,6.0,108.91,98.01,61.68,108.91,108.91,1.0,1,0
luke-brennan,2007,RD,SD,19.0,5,1,59.75,6.7,104.11,93.55,70.88,104.11,104.11,1.0,1,0
luke-brennan,2008,RD,SD,20.0,9,2,59.75,0.0,100.74,89.85,65.14,100.74,100.74,1.0,1,0
haydn-kiel-2,2006,RD,SD,18.0,0,0,0.0,0.0,108.91,98.01,61.68,108.91,108.91,1.0,1,0
peter-hardy,2006,RD,MID,18.0,0,0,0.0,0.0,112.82,94.9,52.22,112.82,112.82,1.0,1,0
greg-gallman,2006,RD,MID,18.0,0,0,0.0,0.0,112.82,94.9,52.22,112.82,112.82,1.0,1,0
joel-tippett,2006,RD,SF,18.0,0,0,42.5,0.0,97.91,83.99,50.25,97.91,97.91,1.0,1,0
joel-tippett,2007,RD,SF,19.0,0,1,42.5,0.0,97.91,85.19,61.5,97.91,97.91,1.0,1,0
joel-tippett,2008,RD,SF,20.0,0,2,42.5,0.0,92.12,82.31,59.64,92.12,92.12,1.0,1,0
joel-tippett,2009,RD,SF,21.0,0,3,42.5,0.0,90.48,78.9,57.88,90.48,86.56,0.88,1,0
joel-tippett,2010,RD,SF,22.0,0,4,42.5,0.0,84.72,75.12,61.17,84.72,79.06,0.76,1,0
joel-tippett,2011,RD,SF,23.0,2,5,42.5,0.0,79.54,69.82,55.0,79.54,71.45,0.67,1,0
joel-tippett,2012,RD,SF,24.0,2,6,42.5,0.0,75.57,69.93,57.0,75.57,67.77,0.58,1,0
joel-tippett,2013,RD,SF,25.0,2,7,42.5,0.0,74.27,68.22,55.75,74.27,65.38,0.52,1,0
joel-tippett,2014,RD,SF,26.0,6,8,42.5,0.0,67.85,63.86,48.25,67.85,57.26,0.46,1,0
joel-tippett,2015,RD,SF,27.0,9,9,37.67,0.0,66.21,63.79,46.23,66.21,54.22,0.4,1,0
jarryn-geary,2006,RD,SD,18.0,0,0,79.1,150.7,108.91,98.01,61.68,108.91,108.91,1.0,1,0
jarryn-geary,2007,RD,SD,19.0,0,1,79.1,171.8,108.91,97.97,76.77,108.91,108.91,1.0,1,0
jarryn-geary,2008,RD,SD,20.0,10,2,79.1,195.8,98.11,83.45,60.15,98.11,98.11,1.0,1,0
jarryn-geary,2009,RD,SD,21.0,25,3,79.1,215.8,103.01,93.73,70.63,103.01,99.12,0.88,1,0
jarryn-geary,2010,RD,SD,22.0,44,4,79.1,240.5,98.56,92.08,75.12,98.56,92.93,0.76,1,0
jarryn-geary,2011,RD,SD,23.0,52,5,79.1,274.1,86.02,79.19,62.6,86.02,78.29,0.67,1,0
jarryn-geary,2012,RD,SD,24.0,72,6,79.1,273.9,94.08,88.27,75.31,94.08,86.2,0.58,1,0
jarryn-geary,2013,RD,SD,25.0,93,7,79.1,166.7,100.92,97.73,82.09,100.92,91.88,0.52,1,0
jarryn-geary,2014,RD,SD,26.0,100,8,75.29,183.2,92.91,86.83,76.89,92.91,84.26,0.46,1,0
jarryn-geary,2015,RD,SD,27.0,120,9,74.45,101.7,95.86,90.36,76.19,95.86,84.06,0.4,1,0
jarryn-geary,2016,RD,SD,28.0,141,10,69.79,114.0,84.84,76.21,67.24,84.84,74.28,0.4,1,0
jarryn-geary,2017,RD,SD,29.0,163,11,69.55,126.3,80.99,71.45,64.42,80.99,71.05,0.4,1,0
jarryn-geary,2018,RD,SD,30.0,183,12,71.36,10.1,88.63,82.18,70.95,88.63,78.02,0.4,1,0
jarryn-geary,2019,RD,SD,31.0,188,13,63.38,1.4,86.03,79.91,66.33,86.03,74.21,0.4,1,0
martin-clarke,2006,IRE,SD,18.0,0,0,74.11,123.2,108.91,98.01,61.68,108.91,108.91,1.0,0,1
martin-clarke,2007,IRE,SD,19.0,12,1,74.11,122.7,111.64,105.59,85.83,111.64,111.64,1.0,0,1
martin-clarke,2008,IRE,SD,20.0,34,2,72.81,20.2,113.1,109.38,92.88,113.1,113.1,1.0,0,1
martin-clarke,2009,IRE,SD,21.0,46,3,67.95,5.4,110.81,101.97,88.33,110.81,108.11,0.88,0,1
martin-clarke,2010,IRE,SD,22.0,46,4,66.47,6.1,106.08,99.87,85.25,106.08,101.08,0.76,0,1
martin-clarke,2011,IRE,SD,23.0,46,5,66.47,7.0,104.37,93.11,76.98,104.37,95.33,0.67,0,1
martin-clarke,2012,IRE,SD,24.0,63,6,66.47,4.3,89.5,85.17,69.95,89.5,81.29,0.58,0,1
martin-clarke,2013,IRE,SD,25.0,72,7,67.0,0.0,87.92,80.37,66.81,87.92,77.79,0.52,0,1
martin-clarke,2014,IRE,SD,26.0,73,8,47.0,0.0,82.11,77.55,65.21,82.11,72.98,0.46,0,1
dayne-zorko,2011,ND,SD,22.0,0,0,110.03,4904.1,86.49,72.02,51.9,86.49,78.19,0.76,1,0
dayne-zorko,2012,ND,SD,23.0,16,1,110.03,4684.2,109.18,99.87,88.16,109.18,103.66,0.737,1,0
dayne-zorko,2013,ND,SD,24.0,38,2,110.03,4915.8,106.29,99.4,84.41,106.29,97.92,0.617,1,0
dayne-zorko,2014,ND,SD,25.0,59,3,110.03,4725.6,114.21,109.39,96.11,114.21,108.07,0.66,1,0
dayne-zorko,2015,ND,SD,26.0,81,4,110.03,4463.7,112.22,110.53,103.33,112.22,109.24,0.665,1,0
dayne-zorko,2016,ND,SD,27.0,101,5,110.03,3902.7,114.62,115.0,109.68,115.0,113.5,0.718,1,0
dayne-zorko,2017,ND,SD,28.0,122,6,109.43,3444.0,121.48,116.51,112.15,121.48,119.24,0.76,1,0
dayne-zorko,2018,ND,SD,29.0,144,7,107.77,3397.9,112.27,110.9,102.1,112.27,108.68,0.648,1,0
dayne-zorko,2019,ND,SD,30.0,168,8,107.77,3014.7,112.64,110.22,103.75,112.64,110.09,0.714,1,0
jamie-elliott,2011,ND,SF,19.0,0,0,79.57,877.0,89.32,84.62,57.86,89.32,89.32,1.0,1,0
jamie-elliott,2012,ND,SF,20.0,15,1,79.57,998.7,86.97,79.1,60.11,86.97,86.97,1.0,1,0
jamie-elliott,2013,ND,SF,21.0,35,2,79.57,1025.2,97.66,91.55,73.9,97.66,94.81,0.88,1,0
jamie-elliott,2014,ND,SF,22.0,52,3,79.57,736.1,101.48,95.5,81.85,101.48,97.09,0.776,1,0
jamie-elliott,2015,ND,SF,23.0,72,4,77.37,588.9,99.17,95.89,83.68,99.17,94.3,0.686,1,0
jamie-elliott,2016,ND,SF,24.0,72,5,76.43,671.4,96.51,92.93,79.19,96.51,89.59,0.6,1,0
jamie-elliott,2017,ND,SF,25.0,89,6,76.43,587.6,90.12,85.77,75.85,90.12,83.27,0.52,1,0
jamie-elliott,2018,ND,SF,26.0,89,7,76.43,669.9,87.88,82.17,71.79,87.88,79.19,0.46,1,0
jamie-elliott,2019,ND,SF,27.0,105,8,76.43,607.8,84.45,79.76,71.38,84.45,76.6,0.4,1,0
josh-corbett,2018,SSP,KPF,22.0,0,0,48.87,2.8,88.86,79.0,62.92,88.86,82.64,0.76,0,1
josh-corbett,2019,SSP,KPF,23.0,9,1,48.87,3.1,81.27,69.37,49.08,81.27,70.65,0.67,0,1
chris-burgess,2018,SSP,KPD,19.0,0,0,51.83,4.9,103.09,97.58,79.88,103.09,103.09,1.0,0,1
chris-burgess,2019,SSP,KPD,20.0,14,1,51.83,4.9,93.47,86.99,66.66,93.47,93.47,1.0,0,1
jake-neade,2012,ND,SF,18.0,0,0,59.63,35.3,91.8,79.27,48.75,91.8,91.8,1.0,1,0
jake-neade,2013,ND,SF,19.0,16,1,59.63,40.0,91.19,81.69,60.87,91.19,91.19,1.0,1,0
jake-neade,2014,ND,SF,20.0,21,2,59.63,23.9,92.01,84.55,63.75,92.01,92.01,1.0,1,0
jake-neade,2015,ND,SF,21.0,31,3,59.63,24.2,93.84,85.11,62.35,93.84,90.06,0.88,1,0
jake-neade,2016,ND,SF,22.0,48,4,58.5,26.6,84.32,78.32,60.31,84.32,78.56,0.76,1,0
jake-neade,2017,ND,SF,23.0,54,5,60.4,0.8,82.62,77.98,63.83,82.62,76.42,0.67,1,0
jake-neade,2018,ND,SF,24.0,62,6,54.6,0.0,76.03,73.94,58.69,76.03,68.75,0.58,1,0
luke-brown,2011,ND,SD,19.0,0,0,69.97,21.8,100.51,89.45,66.0,100.51,100.51,1.0,1,0
luke-brown,2012,ND,SD,20.0,3,1,69.97,24.9,95.86,82.92,61.44,95.86,95.86,1.0,1,0
luke-brown,2013,ND,SD,21.0,24,2,69.97,27.8,100.17,88.07,70.96,100.17,96.67,0.88,1,0
luke-brown,2014,ND,SD,22.0,46,3,69.97,31.6,89.81,81.39,65.97,89.81,84.09,0.76,1,0
luke-brown,2015,ND,SD,23.0,67,4,69.97,36.0,83.69,76.22,62.12,83.69,76.58,0.67,1,0
luke-brown,2016,ND,SD,24.0,87,5,69.97,25.0,87.17,81.52,72.23,87.17,80.89,0.58,1,0
luke-brown,2017,ND,SD,25.0,108,6,68.97,27.5,83.12,77.04,67.93,83.12,75.83,0.52,1,0
luke-brown,2018,ND,SD,26.0,128,7,68.97,11.5,86.37,83.54,71.66,86.37,78.43,0.46,1,0
luke-brown,2019,ND,SD,27.0,143,8,65.1,6.0,85.87,78.94,69.7,85.87,76.17,0.4,1,0
steven-morris,2011,ND,SD,23.0,0,0,57.07,3.3,82.18,68.81,49.96,82.18,71.55,0.67,1,0
steven-morris,2012,ND,SD,24.0,21,1,57.07,0.5,84.31,77.68,63.37,84.31,75.51,0.58,1,0
steven-morris,2013,ND,SD,25.0,42,2,52.1,0.5,77.71,71.06,55.98,77.71,67.28,0.52,1,0
steven-morris,2014,ND,SD,26.0,62,3,51.37,0.5,73.28,67.46,52.83,73.28,62.24,0.46,1,0
steven-morris,2015,ND,SD,27.0,76,4,51.15,0.6,77.21,68.71,58.28,77.21,65.85,0.4,1,0
steven-morris,2016,ND,SD,28.0,84,5,53.8,0.0,75.36,64.75,56.09,75.36,63.8,0.4,1,0
steven-morris,2017,ND,SD,29.0,85,6,40.0,0.0,72.24,63.03,52.57,72.24,60.44,0.4,1,0
adam-cooney,2003,ND,MID,18.0,0,0,101.47,2003.2,116.37,113.28,101.48,116.37,116.37,1.0,1,0
adam-cooney,2005,ND,MID,20.0,22,2,101.47,2151.1,115.65,112.83,107.66,115.65,115.65,1.0,1,0
adam-cooney,2006,ND,MID,21.0,44,3,101.47,2106.3,115.71,111.02,104.82,115.71,114.58,0.896,1,0
adam-cooney,2007,ND,MID,22.0,66,4,101.47,2027.3,115.32,112.17,103.2,115.32,112.82,0.794,1,0
adam-cooney,2008,ND,MID,23.0,88,5,101.47,1462.5,114.07,115.7,111.79,115.7,114.98,0.815,1,0
adam-cooney,2009,ND,MID,24.0,108,6,96.23,1268.3,112.02,107.93,99.89,112.02,108.11,0.677,1,0
adam-cooney,2010,ND,MID,25.0,128,7,93.07,827.3,111.04,108.02,106.18,111.04,109.45,0.673,1,0
adam-cooney,2011,ND,MID,26.0,141,8,87.1,810.3,104.12,94.65,85.15,104.12,94.49,0.493,1,0
adam-cooney,2012,ND,MID,27.0,155,9,86.97,882.6,99.05,86.0,73.17,99.05,83.52,0.4,1,0
adam-cooney,2013,ND,MID,28.0,174,10,86.97,401.7,104.98,95.38,90.26,104.98,98.4,0.553,1,0
adam-cooney,2014,ND,MID,29.0,192,11,76.2,333.9,99.55,87.9,75.29,99.55,85.0,0.4,1,0
adam-cooney,2015,ND,MID,30.0,203,12,73.95,342.6,87.02,74.6,62.97,87.02,72.59,0.4,1,0
adam-cooney,2016,ND,MID,31.0,223,13,81.7,0.0,96.4,78.97,63.52,96.4,76.67,0.4,1,0
andrew-walker,2003,ND,SD,18.0,0,0,92.27,721.7,110.65,113.25,98.18,113.25,113.25,1.0,1,0
andrew-walker,2005,ND,SD,20.0,18,2,92.27,937.9,100.6,98.22,77.81,100.6,100.6,1.0,1,0
andrew-walker,2006,ND,SD,21.0,40,3,92.27,1021.0,106.99,107.04,91.64,107.04,105.19,0.88,1,0
andrew-walker,2007,ND,SD,22.0,59,4,92.27,1035.6,108.2,106.04,94.34,108.2,104.87,0.76,1,0
andrew-walker,2008,ND,SD,23.0,66,5,92.27,1036.0,106.15,102.63,87.0,106.15,99.83,0.67,1,0
andrew-walker,2009,ND,SD,24.0,71,6,92.27,1179.8,93.56,89.83,73.4,93.56,85.09,0.58,1,0
andrew-walker,2010,ND,SD,25.0,86,7,92.27,1339.1,92.14,86.51,69.36,92.14,81.21,0.52,1,0
andrew-walker,2011,ND,SD,26.0,108,8,92.27,1353.8,100.29,97.3,81.34,100.29,90.06,0.46,1,0
andrew-walker,2012,ND,SD,27.0,123,9,91.03,1225.0,101.06,94.06,76.06,101.06,86.06,0.4,1,0
andrew-walker,2013,ND,SD,28.0,144,10,85.4,314.4,110.63,106.39,98.07,110.63,105.93,0.625,1,0
andrew-walker,2014,ND,SD,29.0,158,11,67.53,1.3,105.74,99.69,87.93,105.74,97.61,0.544,1,0
andrew-walker,2015,ND,SD,30.0,170,12,57.35,0.4,91.45,85.64,66.16,91.45,76.28,0.4,1,0
andrew-walker,2016,ND,SD,31.0,181,13,52.5,0.0,77.56,66.26,53.99,77.56,63.42,0.4,1,0
colin-sylvia,2003,ND,SF,18.0,0,0,91.6,1182.0,100.39,101.8,84.15,101.8,101.8,1.0,1,0
colin-sylvia,2005,ND,SF,20.0,16,2,91.6,1534.0,98.25,97.93,81.21,98.25,98.25,1.0,1,0
colin-sylvia,2006,ND,SF,21.0,31,3,91.6,1741.9,97.27,95.88,78.62,97.27,95.03,0.88,1,0
colin-sylvia,2007,ND,SF,22.0,47,4,91.6,1970.2,90.88,90.48,73.0,90.88,86.59,0.76,1,0
colin-sylvia,2008,ND,SF,23.0,65,5,91.6,2024.9,93.82,91.22,76.26,93.82,88.03,0.67,1,0
colin-sylvia,2009,ND,SF,24.0,82,6,91.6,1670.1,102.44,98.19,88.84,102.44,97.9,0.666,1,0
colin-sylvia,2010,ND,SF,25.0,97,7,90.13,1336.1,102.47,99.12,83.81,102.47,95.89,0.647,1,0
colin-sylvia,2011,ND,SF,26.0,116,8,87.8,721.1,105.66,101.31,92.33,105.66,101.53,0.69,1,0
colin-sylvia,2012,ND,SF,27.0,133,9,68.47,451.0,98.28,94.4,79.95,98.28,89.97,0.547,1,0
colin-sylvia,2013,ND,SF,28.0,152,10,62.2,0.0,98.37,93.69,77.95,98.37,89.23,0.552,1,0
colin-sylvia,2014,ND,SF,29.0,158,11,38.3,0.0,81.09,77.91,62.17,81.09,69.74,0.4,1,0
farren-ray,2003,ND,MID,18.0,0,0,85.77,343.0,119.56,113.34,89.43,119.56,119.56,1.0,1,0
farren-ray,2005,ND,MID,20.0,14,2,85.77,445.7,106.84,100.3,70.44,106.84,106.84,1.0,1,0
farren-ray,2006,ND,MID,21.0,33,3,85.77,506.8,110.98,105.72,81.38,110.98,107.43,0.88,1,0
farren-ray,2007,ND,MID,22.0,53,4,85.77,577.0,101.54,96.9,78.65,101.54,96.04,0.76,1,0
farren-ray,2008,ND,MID,23.0,65,5,85.77,656.5,96.7,91.55,73.36,96.7,89.0,0.67,1,0
farren-ray,2009,ND,MID,24.0,87,6,85.77,270.8,118.48,112.61,100.86,118.48,112.06,0.636,1,0
farren-ray,2010,ND,MID,25.0,108,7,80.97,178.2,107.69,102.15,89.14,107.69,98.79,0.52,1,0
farren-ray,2011,ND,MID,26.0,128,8,77.73,191.7,97.95,92.47,77.6,97.95,86.96,0.46,1,0
farren-ray,2012,ND,MID,27.0,139,9,76.93,213.1,91.76,85.03,69.73,91.76,78.54,0.4,1,0
farren-ray,2013,ND,MID,28.0,158,10,75.5,141.8,99.52,90.04,73.23,99.52,83.75,0.4,1,0
farren-ray,2014,ND,MID,29.0,179,11,73.45,1.0,101.75,89.72,77.58,101.75,87.24,0.4,1,0
farren-ray,2015,ND,MID,30.0,187,12,64.6,0.0,89.73,80.15,64.21,89.73,74.42,0.4,1,0
farren-ray,2016,ND,MID,31.0,191,13,45.0,0.0,79.01,65.55,49.62,79.01,61.38,0.4,1,0
brock-mclean,2003,ND,MID,18.0,0,0,99.73,1175.9,118.89,109.43,88.04,118.89,118.89,1.0,1,0
brock-mclean,2005,ND,MID,20.0,19,2,99.73,1504.5,119.92,116.32,98.43,119.92,119.92,1.0,1,0
brock-mclean,2006,ND,MID,21.0,35,3,99.73,1003.5,127.96,119.31,106.03,127.96,126.06,0.913,1,0
brock-mclean,2007,ND,MID,22.0,49,4,94.27,985.7,120.0,111.8,98.01,120.0,114.92,0.769,1,0
brock-mclean,2008,ND,MID,23.0,63,5,94.27,741.5,119.94,112.32,100.75,119.94,114.4,0.711,1,0
brock-mclean,2009,ND,MID,24.0,82,6,90.8,732.0,109.75,101.39,92.58,109.75,102.54,0.58,1,0
brock-mclean,2010,ND,MID,25.0,88,7,88.83,825.8,104.92,98.52,81.21,104.92,93.54,0.52,1,0
brock-mclean,2011,ND,MID,26.0,92,8,88.83,940.6,91.62,85.51,66.96,91.62,78.3,0.46,1,0
brock-mclean,2012,ND,MID,27.0,107,9,88.83,243.5,111.98,107.24,97.81,111.98,107.4,0.677,1,0
brock-mclean,2013,ND,MID,28.0,128,10,80.1,24.6,106.31,96.74,84.1,106.31,94.3,0.459,1,0
brock-mclean,2014,ND,MID,29.0,144,11,74.3,0.0,96.15,85.87,68.39,96.15,79.5,0.4,1,0
kepler-bradley,2003,ND,KPD,18.0,0,0,77.33,653.8,94.96,89.6,69.34,94.96,94.96,1.0,1,0
kepler-bradley,2005,ND,KPD,20.0,19,2,77.33,628.6,100.58,96.31,88.34,100.58,100.58,1.0,1,0
kepler-bradley,2006,ND,KPD,21.0,40,3,76.23,673.1,97.98,92.73,82.99,97.98,96.18,0.88,1,0
kepler-bradley,2007,ND,KPD,22.0,44,4,76.23,767.4,88.48,84.17,72.35,88.48,84.61,0.76,1,0
kepler-bradley,2008,ND,KPD,23.0,53,5,76.23,742.4,85.69,80.42,68.31,85.69,79.95,0.67,1,0
kepler-bradley,2009,ND,KPD,24.0,68,6,76.13,820.5,80.95,75.74,68.3,80.95,75.63,0.58,1,0
kepler-bradley,2010,ND,KPD,25.0,80,7,76.13,249.1,94.87,92.66,79.52,94.87,88.44,0.581,1,0
kepler-bradley,2011,ND,KPD,26.0,95,8,69.35,184.8,82.49,79.84,71.57,82.49,76.6,0.46,1,0
kepler-bradley,2012,ND,KPD,27.0,106,9,70.9,2.6,81.28,77.12,68.84,81.28,73.82,0.4,1,0
kepler-bradley,2013,ND,KPD,28.0,111,10,54.8,0.0,76.68,71.75,60.71,76.68,67.1,0.4,1,0
kane-tenace,2003,ND,MID,18.0,0,0,55.22,0.3,114.98,107.99,84.99,114.98,114.98,1.0,1,0
kane-tenace,2005,ND,MID,20.0,16,2,55.22,0.4,106.84,101.5,74.01,106.84,106.84,1.0,1,0
kane-tenace,2006,ND,MID,21.0,31,3,58.77,0.3,107.55,97.82,71.6,107.55,103.24,0.88,1,0
kane-tenace,2007,ND,MID,22.0,40,4,60.3,0.1,101.3,93.7,72.5,101.3,94.39,0.76,1,0
kane-tenace,2008,ND,MID,23.0,41,5,57.2,0.1,93.47,87.66,62.61,93.47,83.29,0.67,1,0
kane-tenace,2009,ND,MID,24.0,46,6,57.2,0.0,86.82,81.1,57.72,86.82,74.6,0.58,1,0
raphael-clarke,2003,ND,SD,18.0,0,0,68.8,19.8,105.33,97.12,78.12,105.33,105.33,1.0,1,0
raphael-clarke,2005,ND,SD,20.0,14,2,68.8,13.1,106.19,98.05,84.78,106.19,106.19,1.0,1,0
raphael-clarke,2006,ND,SD,21.0,18,3,67.33,15.0,100.35,87.31,71.48,100.35,96.88,0.88,1,0
raphael-clarke,2007,ND,SD,22.0,26,4,67.33,17.0,90.73,82.19,66.96,90.73,85.02,0.76,1,0
raphael-clarke,2008,ND,SD,23.0,34,5,67.33,11.7,92.27,85.31,66.91,92.27,83.91,0.67,1,0
raphael-clarke,2009,ND,SD,24.0,47,6,63.5,10.2,87.89,82.4,65.83,87.89,78.63,0.58,1,0
raphael-clarke,2010,ND,SD,25.0,55,7,62.55,5.3,87.08,81.27,63.68,87.08,75.85,0.52,1,0
raphael-clarke,2011,ND,SD,26.0,71,8,57.1,5.9,77.75,72.88,59.39,77.75,67.83,0.46,1,0
raphael-clarke,2012,ND,SD,27.0,74,9,69.7,0.0,76.75,69.46,56.08,76.75,64.35,0.4,1,0
david-trotter,2003,ND,SD,18.0,0,0,31.5,0.0,105.33,97.67,80.23,105.33,105.33,1.0,1,0
david-trotter,2005,ND,SD,20.0,0,2,31.5,0.0,99.36,87.53,70.28,99.36,99.36,1.0,1,0
david-trotter,2006,ND,SD,21.0,0,3,31.5,0.0,99.76,85.8,65.06,99.76,95.59,0.88,1,0
david-trotter,2007,ND,SD,22.0,2,4,31.5,0.0,89.03,78.73,58.08,89.03,81.6,0.76,1,0
ryley-dunn,2003,ND,MID,18.0,0,0,32.0,0.0,115.75,104.8,82.61,115.75,115.75,1.0,1,0
ryley-dunn,2005,ND,MID,20.0,2,2,32.0,0.0,105.75,97.63,71.48,105.75,105.75,1.0,1,0
ryley-dunn,2006,ND,MID,21.0,2,3,32.0,0.0,107.63,95.62,65.07,107.63,102.52,0.88,1,0
ryley-dunn,2007,ND,MID,22.0,3,4,32.0,0.0,99.67,89.56,57.0,99.67,89.43,0.76,1,0
ryley-dunn,2008,ND,MID,23.0,6,5,13.3,0.0,94.87,85.98,52.72,94.87,80.96,0.67,1,0
beau-waters,2003,ND,SD,18.0,0,0,88.7,486.2,106.85,98.21,82.21,106.85,106.85,1.0,1,0
beau-waters,2005,ND,SD,20.0,0,2,88.7,631.9,100.88,88.07,72.08,100.88,100.88,1.0,1,0
beau-waters,2006,ND,SD,21.0,19,3,88.7,719.3,101.24,91.94,79.83,101.24,98.68,0.88,1,0
beau-waters,2007,ND,SD,22.0,38,4,88.7,598.9,109.23,101.78,93.93,109.23,105.56,0.76,1,0
beau-waters,2008,ND,SD,23.0,46,5,88.43,682.6,97.55,91.62,79.89,97.55,91.73,0.67,1,0
beau-waters,2009,ND,SD,24.0,46,6,88.43,778.2,92.43,87.57,73.03,92.43,84.28,0.58,1,0
beau-waters,2010,ND,SD,25.0,67,7,88.43,686.7,101.87,97.5,87.67,101.87,95.06,0.52,1,0
beau-waters,2011,ND,SD,26.0,75,8,85.03,761.7,96.93,92.07,80.28,96.93,87.94,0.46,1,0
beau-waters,2012,ND,SD,27.0,94,9,91.6,162.3,108.94,102.88,98.34,108.94,104.52,0.583,1,0
beau-waters,2013,ND,SD,28.0,101,10,82.9,0.0,104.69,97.26,88.8,104.69,97.03,0.518,1,0
ryan-murphy,2003,ND,KPF,18.0,0,0,48.73,99.3,88.69,80.28,52.12,88.69,88.69,1.0,1,0
ryan-murphy,2005,ND,KPF,20.0,10,2,48.73,129.0,90.5,84.58,62.06,90.5,90.5,1.0,1,0
ryan-murphy,2006,ND,KPF,21.0,20,3,47.9,2.9,98.51,88.28,77.07,98.51,95.93,0.88,1,0
ryan-murphy,2007,ND,KPF,22.0,27,4,37.57,3.3,87.9,80.05,65.69,87.9,82.57,0.76,1,0
ryan-murphy,2008,ND,KPF,23.0,36,5,37.7,3.8,84.12,75.47,60.66,84.12,76.38,0.67,1,0
ryan-murphy,2009,ND,KPF,24.0,43,6,37.7,4.3,76.01,70.67,53.94,76.01,66.74,0.58,1,0
ryan-murphy,2010,ND,KPF,25.0,44,7,59.0,0.0,76.51,67.92,54.01,76.51,65.71,0.52,1,0
brent-stanton,2003,ND,MID,18.0,0,0,101.77,1885.5,115.75,103.08,83.3,115.75,115.75,1.0,1,0
brent-stanton,2005,ND,MID,20.0,19,2,101.77,2430.0,116.46,110.44,96.51,116.46,116.46,1.0,1,0
brent-stanton,2006,ND,MID,21.0,41,3,101.77,2554.3,120.14,111.0,98.1,120.14,117.5,0.88,1,0
brent-stanton,2007,ND,MID,22.0,61,4,101.77,2420.2,122.5,116.28,106.17,122.5,119.27,0.803,1,0
brent-stanton,2008,ND,MID,23.0,83,5,101.77,2382.5,121.01,114.48,104.79,121.01,116.47,0.72,1,0
brent-stanton,2009,ND,MID,24.0,105,6,101.77,2196.2,119.25,112.84,104.41,119.25,114.5,0.68,1,0
brent-stanton,2010,ND,MID,25.0,125,7,101.77,2071.0,116.51,110.15,100.89,116.51,110.54,0.617,1,0
brent-stanton,2011,ND,MID,26.0,145,8,101.77,1731.2,116.44,110.14,104.31,116.44,111.98,0.632,1,0
brent-stanton,2012,ND,MID,27.0,165,9,100.03,1196.9,112.23,108.69,104.66,112.23,109.68,0.663,1,0
brent-stanton,2013,ND,MID,28.0,186,10,95.63,881.2,108.71,105.73,97.15,108.71,103.7,0.566,1,0
brent-stanton,2014,ND,MID,29.0,208,11,85.37,600.0,106.55,96.39,91.95,106.55,99.47,0.515,1,0
brent-stanton,2015,ND,MID,30.0,230,12,82.35,0.6,107.57,102.23,92.68,107.57,101.77,0.611,1,0
brent-stanton,2016,ND,MID,31.0,230,13,63.4,0.6,105.55,101.52,86.73,105.55,98.22,0.611,1,0
brent-stanton,2017,ND,MID,32.0,237,14,63.4,0.0,86.94,73.81,62.14,86.94,72.06,0.4,1,0
fergus-watts,2003,ND,KPF,18.0,0,0,41.0,0.0,88.69,80.25,48.38,88.69,88.69,1.0,1,0
fergus-watts,2005,ND,KPF,20.0,0,2,41.0,0.0,92.08,80.11,59.81,92.08,92.08,1.0,1,0
fergus-watts,2006,ND,KPF,21.0,1,3,41.0,0.0,94.75,78.24,63.72,94.75,91.02,0.88,1,0
troy-chaplin,2003,ND,KPD,18.0,0,0,85.23,1269.9,96.24,91.73,70.09,96.24,96.24,1.0,1,0
troy-chaplin,2005,ND,KPD,20.0,6,2,85.23,1634.6,97.57,87.22,71.34,97.57,97.57,1.0,1,0
troy-chaplin,2006,ND,KPD,21.0,25,3,85.23,1644.9,100.53,95.01,83.62,100.53,98.5,0.88,1,0
troy-chaplin,2007,ND,KPD,22.0,36,4,85.23,1587.1,95.67,94.34,80.36,95.67,92.12,0.768,1,0
troy-chaplin,2008,ND,KPD,23.0,55,5,85.23,1752.0,90.26,86.33,75.75,90.26,85.47,0.67,1,0
troy-chaplin,2009,ND,KPD,24.0,75,6,85.23,1648.5,92.86,89.77,82.52,92.86,88.7,0.598,1,0
troy-chaplin,2010,ND,KPD,25.0,95,7,85.23,1229.7,97.67,96.59,89.01,97.67,94.54,0.638,1,0
troy-chaplin,2011,ND,KPD,26.0,116,8,80.87,949.6,96.19,91.83,86.31,96.19,92.04,0.58,1,0
troy-chaplin,2012,ND,KPD,27.0,134,9,78.37,503.5,95.95,93.86,83.41,95.95,90.48,0.564,1,0
troy-chaplin,2013,ND,KPD,28.0,155,10,72.5,464.7,84.18,81.61,73.87,84.18,78.25,0.425,1,0
troy-chaplin,2014,ND,KPD,29.0,177,11,71.23,247.1,83.82,80.22,70.55,83.82,76.31,0.434,1,0
troy-chaplin,2015,ND,KPD,30.0,198,12,69.2,36.8,81.25,79.22,69.55,81.25,74.54,0.426,1,0
troy-chaplin,2016,ND,KPD,31.0,206,13,64.5,0.0,79.3,74.83,63.95,79.3,70.09,0.4,1,0
josh-willoughby,2003,ND,MID,18.0,0,0,0.0,0.0,115.46,102.76,79.14,115.46,115.46,1.0,1,0
billy-morrison,2003,ND,KPF,18.0,0,0,0.0,0.0,88.79,77.37,49.44,88.79,88.79,1.0,1,0
llane-spaanderman,2003,ND,RUCK,18.0,0,0,36.0,0.0,108.22,87.8,62.03,108.22,108.22,1.0,1,0
llane-spaanderman,2005,ND,RUCK,20.0,3,2,36.0,0.0,111.59,91.09,70.57,111.59,111.59,1.0,1,0
david-mundy,2003,ND,MID,18.0,0,0,108.1,2146.4,114.29,99.52,70.9,114.29,114.29,1.0,1,0
david-mundy,2005,ND,MID,20.0,17,2,108.1,2658.9,117.91,111.41,91.48,117.91,117.91,1.0,1,0
david-mundy,2006,ND,MID,21.0,39,3,108.1,2723.9,120.1,112.8,99.39,120.1,117.67,0.883,1,0
david-mundy,2007,ND,MID,22.0,61,4,108.1,2965.6,117.73,109.71,94.02,117.73,112.04,0.76,1,0
david-mundy,2008,ND,MID,23.0,83,5,108.1,3322.1,110.78,104.2,88.24,110.78,103.34,0.67,1,0
david-mundy,2009,ND,MID,24.0,105,6,108.1,3604.5,108.79,104.3,88.07,108.79,100.09,0.58,1,0
david-mundy,2010,ND,MID,25.0,125,7,108.1,3640.0,116.32,109.45,98.95,116.32,109.2,0.59,1,0
david-mundy,2011,ND,MID,26.0,137,8,108.1,3294.1,116.45,110.09,104.1,116.45,112.39,0.671,1,0
david-mundy,2012,ND,MID,27.0,157,9,106.47,3412.1,109.4,104.01,93.19,109.4,101.23,0.496,1,0
david-mundy,2013,ND,MID,28.0,176,10,106.47,3138.6,110.25,104.78,100.17,110.25,106.55,0.633,1,0
david-mundy,2014,ND,MID,29.0,198,11,105.1,2869.1,111.21,103.93,96.95,111.21,106.18,0.647,1,0
david-mundy,2015,ND,MID,30.0,219,12,103.03,2128.5,117.44,113.12,107.76,117.44,115.12,0.76,1,0
david-mundy,2016,ND,MID,31.0,237,13,96.33,1971.4,105.31,99.56,86.91,105.31,97.76,0.59,1,0
david-mundy,2017,ND,MID,32.0,258,14,96.33,1898.6,102.18,89.62,82.78,102.18,92.42,0.497,1,0
david-mundy,2018,ND,MID,33.0,280,15,96.33,1370.9,102.78,92.73,88.18,102.78,96.22,0.55,1,0
david-mundy,2019,ND,MID,34.0,302,16,94.0,966.8,101.14,89.53,80.15,101.14,90.36,0.486,1,0
sam-butler,2003,ND,SD,18.0,0,0,83.03,364.0,106.86,92.84,72.3,106.86,106.86,1.0,1,0
sam-butler,2005,ND,SD,20.0,13,2,83.03,473.0,98.05,86.37,69.58,98.05,98.05,1.0,1,0
sam-butler,2006,ND,SD,21.0,23,3,83.03,170.9,108.22,98.69,86.02,108.22,105.56,0.88,1,0
sam-butler,2007,ND,SD,22.0,23,4,77.4,194.9,106.82,94.05,81.03,106.82,100.63,0.76,1,0
sam-butler,2008,ND,SD,23.0,28,5,77.4,222.1,92.17,80.74,64.82,92.17,83.15,0.67,1,0
sam-butler,2009,ND,SD,24.0,44,6,77.4,249.5,89.67,84.04,69.74,89.67,81.3,0.58,1,0
sam-butler,2010,ND,SD,25.0,49,7,77.4,247.7,90.05,81.99,68.11,90.05,79.52,0.52,1,0
sam-butler,2011,ND,SD,26.0,59,8,77.4,99.6,97.08,90.05,74.1,97.08,84.67,0.46,1,0
sam-butler,2012,ND,SD,27.0,71,9,73.9,79.4,92.01,81.7,68.73,92.01,78.04,0.4,1,0
sam-butler,2013,ND,SD,28.0,86,10,70.27,24.5,89.84,81.49,69.99,89.84,77.93,0.4,1,0
sam-butler,2014,ND,SD,29.0,98,11,65.33,26.8,81.75,71.02,61.42,81.75,69.55,0.4,1,0
sam-butler,2015,ND,SD,30.0,112,12,63.9,0.8,83.0,73.37,62.4,83.0,70.64,0.4,1,0
sam-butler,2016,ND,SD,31.0,131,13,59.5,0.2,75.52,65.56,57.91,75.52,64.96,0.4,1,0
sam-butler,2017,ND,SD,32.0,140,14,58.0,0.0,76.0,63.51,51.96,76.0,61.57,0.4,1,0
alex-gilmour,2003,ND,MID,18.0,0,0,0.0,0.0,114.56,100.71,68.41,114.56,114.56,1.0,1,0
cameron-thurley,2003,ND,SF,22.0,0,0,59.7,0.2,78.67,62.07,51.94,78.67,72.25,0.76,1,0
cameron-thurley,2005,ND,SF,24.0,7,2,59.7,0.0,73.84,65.68,48.74,73.84,63.3,0.58,1,0
cameron-thurley,2006,ND,SF,25.0,12,3,35.0,0.0,72.88,62.54,46.32,72.88,60.13,0.52,1,0
matthew-moody,2003,ND,MID,18.0,0,0,43.87,0.3,111.65,100.23,65.94,111.65,111.65,1.0,1,0
matthew-moody,2005,ND,MID,20.0,6,2,43.87,0.3,106.01,94.57,59.74,106.01,106.01,1.0,1,0
matthew-moody,2006,ND,MID,21.0,25,3,47.05,0.1,107.7,98.1,72.64,107.7,103.49,0.88,1,0
matthew-moody,2007,ND,MID,22.0,32,4,33.7,0.1,94.03,84.19,59.02,94.03,85.63,0.76,1,0
matthew-moody,2008,ND,MID,23.0,34,5,58.0,0.0,90.03,78.55,53.12,90.03,77.85,0.67,1,0
chad-jones,2003,ND,KPF,19.0,0,0,63.8,22.0,88.47,77.57,57.48,88.47,88.47,1.0,1,0
chad-jones,2005,ND,KPF,21.0,0,2,63.8,28.6,90.87,72.81,56.68,90.87,86.77,0.88,1,0
chad-jones,2006,ND,KPF,22.0,3,3,63.8,32.6,85.22,68.97,53.9,85.22,77.7,0.76,1,0
chad-jones,2007,ND,KPF,23.0,7,4,63.8,0.0,81.82,70.68,55.51,81.82,73.14,0.67,1,0
chad-jones,2008,ND,KPF,24.0,10,5,42.0,0.0,76.67,66.69,53.59,76.67,66.97,0.58,1,0
harry-miller,2003,ND,SF,18.0,0,0,44.8,0.0,90.07,83.68,57.9,90.07,90.07,1.0,1,0
harry-miller,2005,ND,SF,20.0,14,2,44.8,0.0,84.87,73.87,58.56,84.87,84.87,1.0,1,0
harry-miller,2006,ND,SF,21.0,18,3,41.7,0.0,83.5,68.1,56.32,83.5,80.23,0.88,1,0
daniel-mcconnell,2003,ND,MID,18.0,0,0,58.5,0.1,108.44,94.55,62.22,108.44,108.44,1.0,1,0
daniel-mcconnell,2005,ND,MID,20.0,2,2,58.5,0.1,106.48,94.61,57.35,106.48,106.48,1.0,1,0
daniel-mcconnell,2006,ND,MID,21.0,6,3,58.5,0.0,104.79,90.91,58.52,104.79,99.24,0.88,1,0
adam-campbell,2003,ND,KPF,18.0,0,0,62.6,16.0,88.47,77.04,46.71,88.47,88.47,1.0,1,0
adam-campbell,2005,ND,KPF,20.0,0,2,62.6,20.8,91.82,78.62,60.86,91.82,91.82,1.0,1,0
adam-campbell,2006,ND,KPF,21.0,0,3,62.6,23.7,95.52,78.6,60.15,95.52,91.28,0.88,1,0
adam-campbell,2007,ND,KPF,22.0,4,4,62.6,27.0,87.65,71.85,57.68,87.65,80.45,0.76,1,0
adam-campbell,2008,ND,KPF,23.0,9,5,62.6,0.0,81.98,70.36,56.33,81.98,73.52,0.67,1,0
adam-campbell,2009,ND,KPF,24.0,12,6,28.0,0.0,76.63,67.59,51.61,76.63,66.12,0.58,1,0
jay-nash,2003,ND,SD,18.0,0,0,70.87,21.4,101.88,91.23,65.68,101.88,101.88,1.0,1,0
jay-nash,2005,ND,SD,20.0,2,2,70.87,27.8,95.02,84.38,60.1,95.02,95.02,1.0,1,0
jay-nash,2006,ND,SD,21.0,9,3,70.87,29.0,100.65,86.01,61.08,100.65,95.9,0.88,1,0
jay-nash,2007,ND,SD,22.0,20,4,69.43,17.9,101.3,90.42,73.33,101.3,94.59,0.76,1,0
jay-nash,2008,ND,SD,23.0,41,5,68.05,1.2,99.79,92.91,76.6,99.79,92.14,0.67,1,0
jay-nash,2009,ND,SD,24.0,43,6,63.1,1.1,93.1,88.29,71.58,93.1,84.06,0.58,1,0
jay-nash,2010,ND,SD,25.0,51,7,63.1,0.0,87.72,80.02,66.32,87.72,77.44,0.52,1,0
tim-schmidt,2003,ND,MID,18.0,0,0,58.4,129.5,109.9,99.65,62.82,109.9,109.9,1.0,1,0
tim-schmidt,2005,ND,MID,20.0,0,2,58.4,168.3,107.61,98.85,62.69,107.61,107.61,1.0,1,0
tim-schmidt,2006,ND,MID,21.0,0,3,58.4,191.9,105.99,96.45,63.81,105.99,100.93,0.88,1,0
tim-schmidt,2007,ND,MID,22.0,14,4,58.4,218.6,99.78,91.43,61.18,99.78,90.52,0.76,1,0
tim-schmidt,2008,ND,MID,23.0,15,5,105.0,0.0,100.08,90.92,63.0,100.08,87.85,0.67,1,0
brad-symes,2003,ND,MID,18.0,0,0,87.1,611.3,107.55,95.74,63.21,107.55,107.55,1.0,1,0
brad-symes,2005,ND,MID,20.0,0,2,87.1,794.4,104.75,95.13,63.6,104.75,104.75,1.0,1,0
brad-symes,2006,ND,MID,21.0,12,3,87.1,523.5,116.57,105.26,88.67,116.57,113.4,0.887,1,0
brad-symes,2007,ND,MID,22.0,18,4,83.9,585.4,112.44,102.72,83.54,112.44,105.51,0.76,1,0
brad-symes,2008,ND,MID,23.0,33,5,83.9,365.5,113.67,106.76,88.8,113.67,105.65,0.678,1,0
brad-symes,2009,ND,MID,24.0,51,6,77.73,286.2,108.22,102.23,84.55,108.22,98.28,0.58,1,0
brad-symes,2010,ND,MID,25.0,62,7,77.0,5.2,105.38,100.12,86.12,105.38,96.21,0.524,1,0
brad-symes,2011,ND,MID,26.0,73,8,67.4,0.0,89.71,86.36,71.78,89.71,80.03,0.46,1,0
brad-symes,2012,ND,MID,27.0,75,9,27.0,0.0,79.34,72.23,55.14,79.34,64.82,0.4,1,0
joshua-krueger,2003,ND,KPD,20.0,0,0,0.0,0.0,89.7,82.85,64.19,89.7,89.7,1.0,1,0
brayden-shaw,2003,ND,MID,18.0,0,0,0.0,0.0,107.41,95.4,61.6,107.41,107.41,1.0,1,0
jed-adcock,2003,ND,SD,18.0,0,0,97.47,1404.9,100.51,89.46,64.83,100.51,100.51,1.0,1,0
jed-adcock,2005,ND,SD,20.0,22,2,97.47,1823.2,103.86,97.06,76.65,103.86,103.86,1.0,1,0
jed-adcock,2006,ND,SD,21.0,30,3,97.47,1771.5,106.5,99.83,85.25,106.5,103.95,0.88,1,0
jed-adcock,2007,ND,SD,22.0,52,4,97.47,1019.2,126.08,121.21,112.02,126.08,124.44,0.884,1,0
jed-adcock,2008,ND,SD,23.0,73,5,90.6,1122.7,110.07,105.86,95.68,110.07,105.57,0.687,1,0
jed-adcock,2009,ND,SD,24.0,88,6,90.6,939.5,106.29,106.43,95.36,106.43,102.19,0.617,1,0
jed-adcock,2010,ND,SD,25.0,97,7,90.6,1063.3,100.76,97.83,82.13,100.76,91.81,0.52,1,0
jed-adcock,2011,ND,SD,26.0,117,8,90.6,782.4,105.04,101.68,93.22,105.04,99.48,0.529,1,0
jed-adcock,2012,ND,SD,27.0,138,9,86.37,473.3,106.5,101.91,93.52,106.5,99.99,0.499,1,0
jed-adcock,2013,ND,SD,28.0,160,10,77.37,90.2,105.98,101.82,92.68,105.98,99.54,0.515,1,0
jed-adcock,2014,ND,SD,29.0,182,11,64.5,1.6,94.6,87.57,81.46,94.6,86.71,0.4,1,0
jed-adcock,2015,ND,SD,30.0,203,12,57.85,0.4,82.2,73.12,65.63,82.2,72.26,0.4,1,0
jed-adcock,2016,ND,SD,31.0,210,13,52.6,0.0,79.3,70.89,60.57,79.3,68.07,0.4,1,0
luke-peel,2003,ND,SD,18.0,0,0,0.0,0.0,100.43,87.26,64.83,100.43,100.43,1.0,1,0
brent-hall,2003,ND,RUCK,18.0,0,0,31.0,0.0,109.76,93.81,64.81,109.76,109.76,1.0,1,0
brent-hall,2005,ND,RUCK,20.0,1,2,31.0,0.0,107.97,91.63,75.43,107.97,107.97,1.0,1,0
chris-johnson,2003,ND,SD,18.0,0,0,65.13,55.6,100.43,86.9,61.77,100.43,100.43,1.0,1,0
chris-johnson,2005,ND,SD,20.0,4,2,65.13,72.3,94.74,82.12,58.89,94.74,94.74,1.0,1,0
chris-johnson,2006,ND,SD,21.0,13,3,65.13,82.4,94.98,76.01,57.47,94.98,90.48,0.88,1,0
chris-johnson,2007,ND,SD,22.0,21,4,65.13,93.9,88.4,74.19,57.66,88.4,81.02,0.76,1,0
chris-johnson,2008,ND,SD,23.0,31,5,72.15,3.9,94.68,85.08,70.8,94.68,86.8,0.67,1,0
chris-johnson,2009,ND,SD,24.0,41,6,66.4,0.2,89.97,83.14,70.32,89.97,81.72,0.58,1,0
chris-johnson,2010,ND,SD,25.0,46,7,59.0,0.0,85.12,75.02,64.36,85.12,75.15,0.52,1,0
tom-roach,2003,ND,MID,18.0,0,0,29.5,0.0,105.42,91.21,59.01,105.42,105.42,1.0,1,0
tom-roach,2005,ND,MID,20.0,0,2,29.5,0.0,104.08,89.73,60.06,104.08,104.08,1.0,1,0
tom-roach,2006,ND,MID,21.0,2,3,29.5,0.0,100.94,85.56,54.49,100.94,95.37,0.88,1,0
mark-blake,2003,ND,RUCK,18.0,0,0,52.27,0.1,110.21,95.65,50.64,110.21,110.21,1.0,1,0
mark-blake,2005,ND,RUCK,20.0,3,2,52.27,0.1,114.63,98.57,61.9,114.63,114.63,1.0,1,0
mark-blake,2006,ND,RUCK,21.0,11,3,52.27,0.1,115.26,95.34,58.26,115.26,108.42,0.88,1,0
mark-blake,2007,ND,RUCK,22.0,31,4,52.27,0.2,111.37,95.13,64.13,111.37,100.03,0.76,1,0
mark-blake,2008,ND,RUCK,23.0,53,5,51.73,0.1,113.07,98.91,65.29,113.07,97.3,0.67,1,0
mark-blake,2009,ND,RUCK,24.0,71,6,50.05,0.0,105.93,96.6,61.56,105.93,87.3,0.58,1,0
mark-blake,2010,ND,RUCK,25.0,90,7,44.8,0.0,92.31,84.21,54.55,92.31,74.19,0.52,1,0
eddie-sansbury,2003,ND,SF,20.0,0,0,56.4,85.3,85.15,73.83,55.22,85.15,85.15,1.0,1,0
eddie-sansbury,2005,ND,SF,22.0,10,2,56.4,110.8,75.68,63.07,45.88,75.68,68.53,0.76,1,0
eddie-sansbury,2006,ND,SF,23.0,17,3,63.05,125.8,76.35,64.41,52.83,76.35,68.58,0.67,1,0
eddie-sansbury,2007,ND,SF,24.0,26,4,72.7,0.0,78.74,73.9,63.14,78.74,72.19,0.58,1,0
eddie-sansbury,2008,ND,SF,25.0,27,5,18.0,0.0,76.24,69.93,56.82,76.24,66.92,0.52,1,0
zac-dawson,2003,ND,KPD,18.0,0,0,57.5,17.3,95.06,88.55,62.81,95.06,95.06,1.0,1,0
zac-dawson,2005,ND,KPD,20.0,2,2,57.5,22.4,92.38,83.6,59.52,92.38,92.38,1.0,1,0
zac-dawson,2006,ND,KPD,21.0,14,3,57.5,23.5,91.61,78.87,64.41,91.61,88.35,0.88,1,0
zac-dawson,2007,ND,KPD,22.0,14,4,56.53,26.8,81.02,72.26,55.82,81.02,74.97,0.76,1,0
zac-dawson,2008,ND,KPD,23.0,14,5,56.53,30.6,78.22,68.77,54.07,78.22,70.25,0.67,1,0
zac-dawson,2009,ND,KPD,24.0,34,6,56.53,3.4,79.57,75.5,65.76,79.57,73.77,0.58,1,0
zac-dawson,2010,ND,KPD,25.0,50,7,52.07,3.2,73.95,68.24,59.11,73.95,66.83,0.52,1,0
zac-dawson,2011,ND,KPD,26.0,69,8,50.87,0.7,70.65,64.21,57.93,70.65,63.78,0.46,1,0
zac-dawson,2012,ND,KPD,27.0,85,9,47.93,0.4,68.42,61.99,54.24,68.42,59.91,0.4,1,0
zac-dawson,2013,ND,KPD,28.0,106,10,46.73,0.3,62.76,49.81,47.56,62.76,53.64,0.4,1,0
zac-dawson,2014,ND,KPD,29.0,126,11,46.85,0.2,62.01,50.29,46.98,62.01,52.99,0.4,1,0
zac-dawson,2015,ND,KPD,30.0,129,12,47.7,0.2,63.28,51.66,46.62,63.28,53.28,0.4,1,0
zac-dawson,2016,ND,KPD,31.0,147,13,47.7,0.0,61.64,52.19,46.8,61.64,52.74,0.4,1,0
zac-dawson,2017,ND,KPD,32.0,149,14,35.5,0.0,63.24,54.83,44.84,63.24,52.2,0.4,1,0
matthew-spencer,2003,ND,KPD,18.0,0,0,35.0,0.0,95.06,88.55,62.81,95.06,95.06,1.0,1,0
matthew-spencer,2005,ND,KPD,20.0,0,2,35.0,0.0,93.13,84.72,62.65,93.13,93.13,1.0,1,0
matthew-spencer,2006,ND,KPD,21.0,2,3,35.0,0.0,89.6,74.7,57.4,89.6,85.73,0.88,1,0
brett-peake,2003,ND,MID,20.0,0,0,76.13,107.5,100.46,86.38,56.15,100.46,100.46,1.0,1,0
brett-peake,2005,ND,MID,22.0,9,2,76.13,139.7,92.12,80.7,45.44,92.12,80.92,0.76,1,0
brett-peake,2006,ND,MID,23.0,26,3,76.13,30.9,106.75,99.0,78.32,106.75,97.37,0.67,1,0
brett-peake,2007,ND,MID,24.0,36,4,71.33,35.2,87.69,82.48,64.96,87.69,78.14,0.58,1,0
brett-peake,2008,ND,MID,25.0,54,5,71.33,39.9,84.99,76.92,63.48,84.99,74.66,0.52,1,0
brett-peake,2009,ND,MID,26.0,72,6,71.33,43.0,85.13,80.16,68.93,85.13,76.38,0.46,1,0
brett-peake,2010,ND,MID,27.0,91,7,73.75,35.3,89.95,84.29,72.0,89.95,79.18,0.4,1,0
brett-peake,2011,ND,MID,28.0,109,8,75.6,0.1,91.59,84.62,74.75,91.59,81.49,0.4,1,0
brett-peake,2012,ND,MID,29.0,110,9,59.0,0.0,88.57,81.53,67.22,88.57,75.76,0.4,1,0
ricky-dyson,2003,ND,MID,18.0,0,0,69.57,14.7,106.38,91.38,58.57,106.38,106.38,1.0,1,0
ricky-dyson,2005,ND,MID,20.0,10,2,69.57,17.8,107.91,93.97,66.05,107.91,107.91,1.0,1,0
ricky-dyson,2006,ND,MID,21.0,27,3,69.57,20.3,104.21,91.6,65.92,104.21,99.62,0.88,1,0
ricky-dyson,2007,ND,MID,22.0,38,4,69.57,23.2,93.28,83.58,60.63,93.28,85.44,0.76,1,0
ricky-dyson,2008,ND,MID,23.0,53,5,69.57,25.1,94.36,87.32,68.16,94.36,85.71,0.67,1,0
ricky-dyson,2009,ND,MID,24.0,75,6,69.37,7.6,96.57,92.35,77.24,96.57,88.45,0.58,1,0
ricky-dyson,2010,ND,MID,25.0,84,7,64.27,7.6,90.19,83.92,69.14,90.19,80.08,0.52,1,0
ricky-dyson,2011,ND,MID,26.0,90,8,64.4,8.6,82.55,75.44,61.1,82.55,70.97,0.46,1,0
ricky-dyson,2012,ND,MID,27.0,102,9,70.8,0.0,88.83,81.6,66.92,88.83,75.68,0.4,1,0
michael-pettigrew,2003,ND,SD,18.0,0,0,58.23,16.4,101.34,88.43,61.17,101.34,101.34,1.0,1,0
michael-pettigrew,2005,ND,SD,20.0,11,2,58.23,21.0,97.16,85.74,63.52,97.16,97.16,1.0,1,0
michael-pettigrew,2006,ND,SD,21.0,27,3,58.23,18.1,101.09,88.96,68.76,101.09,97.21,0.88,1,0
michael-pettigrew,2007,ND,SD,22.0,49,4,57.87,16.3,90.82,84.52,66.91,90.82,85.08,0.76,1,0
michael-pettigrew,2008,ND,SD,23.0,69,5,56.47,14.4,85.3,80.69,65.26,85.3,78.69,0.67,1,0
michael-pettigrew,2009,ND,SD,24.0,83,6,56.5,0.9,82.24,77.31,64.08,82.24,74.61,0.58,1,0
michael-pettigrew,2010,ND,SD,25.0,84,7,52.4,1.0,80.14,73.55,60.5,80.14,70.71,0.52,1,0
michael-pettigrew,2011,ND,SD,26.0,96,8,52.4,0.0,76.06,68.23,53.21,76.06,63.72,0.46,1,0
andrew-ericksen,2003,ND,RUCK,18.0,0,0,0.0,0.0,109.49,98.76,49.85,109.49,109.49,1.0,1,0
heath-shaw,2003,ND,SD,18.0,0,0,108.3,2958.4,101.34,87.28,58.52,101.34,101.34,1.0,1,0
heath-shaw,2005,ND,SD,20.0,6,2,108.3,3825.8,102.01,89.8,63.23,102.01,102.01,1.0,1,0
heath-shaw,2006,ND,SD,21.0,27,3,108.3,3644.1,116.46,113.83,103.42,116.46,115.19,0.903,1,0
heath-shaw,2007,ND,SD,22.0,49,4,108.3,3274.7,125.95,121.97,112.74,125.95,124.4,0.882,1,0
heath-shaw,2008,ND,SD,23.0,67,5,106.6,3275.2,120.05,114.97,105.28,120.05,116.76,0.777,1,0
heath-shaw,2009,ND,SD,24.0,85,6,106.6,3185.7,117.32,112.3,104.63,117.32,113.59,0.706,1,0
heath-shaw,2010,ND,SD,25.0,104,7,106.6,3210.3,114.51,110.34,99.1,114.51,108.75,0.627,1,0
heath-shaw,2011,ND,SD,26.0,118,8,106.6,2936.8,116.79,109.99,103.85,116.79,112.17,0.643,1,0
heath-shaw,2012,ND,SD,27.0,136,9,106.6,2616.5,112.69,109.19,102.65,112.69,109.11,0.643,1,0
heath-shaw,2013,ND,SD,28.0,155,10,105.17,2372.7,111.93,106.69,98.82,111.93,106.89,0.615,1,0
heath-shaw,2014,ND,SD,29.0,173,11,103.73,2216.0,105.88,99.98,92.94,105.88,100.3,0.569,1,0
heath-shaw,2015,ND,SD,30.0,195,12,103.1,1380.8,120.55,113.12,100.8,120.55,115.51,0.745,1,0
heath-shaw,2016,ND,SD,31.0,217,13,93.33,704.1,116.88,114.23,98.99,116.88,112.12,0.734,1,0
heath-shaw,2017,ND,SD,32.0,239,14,85.53,571.1,102.12,96.04,85.58,102.12,94.24,0.524,1,0
heath-shaw,2018,ND,SD,33.0,259,15,82.27,215.6,100.88,94.07,81.82,100.88,91.71,0.519,1,0
heath-shaw,2019,ND,SD,34.0,281,16,78.05,32.5,95.12,88.65,73.41,95.12,83.01,0.442,1,0
tom-logan,2003,ND,SD,18.0,0,0,70.8,44.9,101.28,84.85,58.52,101.28,101.28,1.0,1,0
tom-logan,2005,ND,SD,20.0,3,2,70.8,58.4,96.59,79.37,57.07,96.59,96.59,1.0,1,0
tom-logan,2006,ND,SD,21.0,11,3,70.8,66.5,97.12,77.08,55.43,97.12,92.12,0.88,1,0
tom-logan,2007,ND,SD,22.0,17,4,70.8,75.8,88.15,75.78,56.58,88.15,80.57,0.76,1,0
tom-logan,2008,ND,SD,23.0,36,5,70.8,82.6,93.52,86.47,72.39,93.52,86.55,0.67,1,0
tom-logan,2009,ND,SD,24.0,51,6,69.5,94.0,83.88,78.34,66.0,83.88,76.37,0.58,1,0
tom-logan,2010,ND,SD,25.0,69,7,69.5,9.9,94.08,87.8,78.25,94.08,86.48,0.52,1,0
tom-logan,2011,ND,SD,26.0,89,8,62.67,11.1,77.4,73.2,66.29,77.4,71.4,0.46,1,0
tom-logan,2012,ND,SD,27.0,101,9,64.55,9.9,78.32,71.36,63.85,78.32,69.64,0.4,1,0
tom-logan,2013,ND,SD,28.0,109,10,64.0,9.5,77.42,71.21,60.33,77.42,67.16,0.4,1,0
tom-logan,2014,ND,SD,29.0,112,11,71.3,0.0,78.42,67.42,58.19,78.42,66.28,0.4,1,0
iszac-thompson,2003,ND,MID,18.0,0,0,0.0,0.0,106.32,87.24,54.57,106.32,106.32,1.0,1,0
daniel-jackson,2003,ND,MID,18.0,0,0,89.3,370.7,106.32,87.24,55.48,106.32,106.32,1.0,1,0
daniel-jackson,2005,ND,MID,20.0,10,2,89.3,481.7,96.59,88.79,53.08,96.59,96.59,1.0,1,0
daniel-jackson,2006,ND,MID,21.0,15,3,89.3,549.2,94.18,83.82,49.28,94.18,88.79,0.88,1,0
daniel-jackson,2007,ND,MID,22.0,30,4,89.3,625.9,95.22,86.89,63.05,95.22,87.5,0.76,1,0
daniel-jackson,2008,ND,MID,23.0,41,5,89.3,706.6,98.12,91.42,71.41,98.12,89.31,0.67,1,0
daniel-jackson,2009,ND,MID,24.0,63,6,89.3,734.8,105.55,97.15,83.13,105.55,96.13,0.58,1,0
daniel-jackson,2010,ND,MID,25.0,77,7,89.3,568.6,105.25,99.32,88.2,105.25,97.06,0.52,1,0
daniel-jackson,2011,ND,MID,26.0,98,8,86.57,570.8,101.36,94.05,81.8,101.36,90.79,0.46,1,0
daniel-jackson,2012,ND,MID,27.0,117,9,84.2,639.6,92.21,84.31,73.71,92.21,81.11,0.4,1,0
daniel-jackson,2013,ND,MID,28.0,139,10,90.7,293.8,104.91,98.16,89.85,104.91,96.83,0.463,1,0
daniel-jackson,2014,ND,MID,29.0,149,11,88.9,0.0,102.43,95.75,88.01,102.43,94.72,0.465,1,0
sam-fisher-2003,2003,ND,KPD,21.0,0,0,100.0,3274.9,92.22,73.99,57.32,92.22,88.04,0.88,1,0
sam-fisher-2003,2005,ND,KPD,23.0,20,2,100.0,4127.8,88.87,82.04,70.77,88.87,82.9,0.67,1,0
sam-fisher-2003,2006,ND,KPD,24.0,42,3,100.0,3827.3,100.6,99.45,89.99,100.6,97.88,0.744,1,0
sam-fisher-2003,2007,ND,KPD,25.0,62,4,100.0,3400.1,112.23,106.75,97.88,112.23,109.04,0.778,1,0
sam-fisher-2003,2008,ND,KPD,26.0,84,5,97.63,2862.3,115.31,111.21,108.4,115.31,113.82,0.784,1,0
sam-fisher-2003,2009,ND,KPD,27.0,105,6,94.53,2500.5,106.23,106.4,101.07,106.4,104.88,0.715,1,0
sam-fisher-2003,2010,ND,KPD,28.0,125,7,94.13,2121.9,105.29,101.4,96.18,105.29,102.4,0.683,1,0
sam-fisher-2003,2011,ND,KPD,29.0,147,8,91.4,1464.4,106.69,105.34,98.98,106.69,104.67,0.738,1,0
sam-fisher-2003,2012,ND,KPD,30.0,162,9,84.93,1172.1,97.98,93.75,90.78,97.98,95.41,0.644,1,0
sam-fisher-2003,2013,ND,KPD,31.0,171,10,83.7,949.8,91.12,89.31,82.3,91.12,87.5,0.59,1,0
sam-fisher-2003,2014,ND,KPD,32.0,178,11,80.37,454.2,94.47,91.18,83.38,94.47,90.29,0.622,1,0
sam-fisher-2003,2015,ND,KPD,33.0,196,12,74.55,124.4,88.88,83.78,72.63,88.88,81.13,0.523,1,0
sam-fisher-2003,2016,ND,KPD,34.0,208,13,69.8,0.0,84.03,78.47,67.57,84.03,74.78,0.438,1,0
brent-lecras,2003,ND,SF,22.0,0,0,44.5,0.0,76.8,61.84,49.15,76.8,70.16,0.76,1,0
brent-lecras,2005,ND,SF,24.0,0,2,44.5,0.0,71.73,63.17,49.68,71.73,62.47,0.58,1,0
brent-lecras,2006,ND,SF,25.0,2,3,44.5,0.0,69.96,62.99,49.22,69.96,60.0,0.52,1,0
ben-hudson,2003,ND,RUCK,24.0,0,0,87.07,420.2,95.3,84.33,50.27,95.3,76.39,0.58,1,0
ben-hudson,2005,ND,RUCK,26.0,20,2,87.07,460.0,99.02,92.08,73.61,99.02,85.29,0.46,1,0
ben-hudson,2006,ND,RUCK,27.0,20,3,87.07,524.4,96.51,87.22,72.03,96.51,81.82,0.4,1,0
ben-hudson,2007,ND,RUCK,28.0,41,4,87.07,577.4,95.59,86.19,76.83,95.59,84.33,0.4,1,0
ben-hudson,2008,ND,RUCK,29.0,61,5,87.07,658.0,93.79,81.36,65.12,93.79,76.59,0.4,1,0
ben-hudson,2009,ND,RUCK,30.0,82,6,87.07,749.6,98.26,85.17,69.31,98.26,80.89,0.4,1,0
ben-hudson,2010,ND,RUCK,31.0,103,7,87.07,732.7,95.39,90.41,80.6,95.39,86.52,0.4,1,0
ben-hudson,2011,ND,RUCK,32.0,120,8,87.07,601.0,99.75,90.62,84.87,99.75,90.83,0.4,1,0
ben-hudson,2012,ND,RUCK,33.0,138,9,88.8,193.5,102.82,95.64,92.21,102.82,97.6,0.508,1,0
ben-hudson,2013,ND,RUCK,34.0,145,10,84.7,0.0,102.14,94.61,89.05,102.14,95.2,0.47,1,0
matthew-davis,2003,ND,SF,18.0,0,0,0.0,0.0,91.89,79.34,50.83,91.89,91.89,1.0,1,0
julian-rowe,2003,ND,MID,18.0,0,0,53.1,0.0,106.33,86.26,49.54,106.33,106.33,1.0,1,0
julian-rowe,2005,ND,MID,20.0,16,2,53.1,0.0,103.02,92.33,62.66,103.02,103.02,1.0,1,0
michael-rischitelli,2003,ND,MID,18.0,0,0,94.33,652.9,106.84,87.91,49.54,106.84,106.84,1.0,1,0
michael-rischitelli,2005,ND,MID,20.0,3,2,94.33,848.5,103.35,87.49,54.01,103.35,103.35,1.0,1,0
michael-rischitelli,2006,ND,MID,21.0,21,3,94.33,916.6,112.71,106.33,81.6,112.71,108.98,0.88,1,0
michael-rischitelli,2007,ND,MID,22.0,43,4,94.33,996.8,113.92,105.02,87.2,113.92,107.51,0.76,1,0
michael-rischitelli,2008,ND,MID,23.0,64,5,94.33,999.0,116.69,106.19,89.42,116.69,107.69,0.67,1,0
michael-rischitelli,2009,ND,MID,24.0,86,6,94.33,1117.2,104.11,97.6,82.53,104.11,95.04,0.58,1,0
michael-rischitelli,2010,ND,MID,25.0,108,7,94.33,767.9,116.36,111.18,97.77,116.36,108.75,0.591,1,0
michael-rischitelli,2011,ND,MID,26.0,129,8,88.73,350.0,112.27,107.7,98.14,112.27,106.47,0.589,1,0
michael-rischitelli,2012,ND,MID,27.0,143,9,82.13,396.0,98.8,90.03,75.98,98.8,85.11,0.4,1,0
michael-rischitelli,2013,ND,MID,28.0,154,10,82.13,420.0,93.83,85.65,73.33,93.83,81.53,0.4,1,0
michael-rischitelli,2014,ND,MID,29.0,175,11,82.13,435.3,93.06,84.27,71.92,93.06,80.37,0.4,1,0
michael-rischitelli,2015,ND,MID,30.0,196,12,73.63,66.4,101.52,95.57,83.4,101.52,91.86,0.467,1,0
michael-rischitelli,2016,ND,MID,31.0,208,13,58.83,0.1,95.49,84.44,70.71,95.49,80.62,0.4,1,0
michael-rischitelli,2017,ND,MID,32.0,212,14,49.15,0.0,86.92,74.02,62.76,86.92,72.42,0.4,1,0
michael-rischitelli,2018,ND,MID,33.0,233,15,49.15,0.0,72.84,59.86,47.16,72.84,57.43,0.4,1,0
michael-rischitelli,2019,ND,MID,34.0,240,16,50.4,0.0,73.05,60.74,43.71,73.05,55.44,0.4,1,0
brent-hartigan,2003,ND,SD,18.0,0,0,54.9,0.1,98.96,81.57,45.0,98.96,98.96,1.0,1,0
brent-hartigan,2005,ND,SD,20.0,8,2,54.9,0.2,96.01,82.25,57.88,96.01,96.01,1.0,1,0
brent-hartigan,2006,ND,SD,21.0,15,3,59.2,0.0,98.31,81.03,61.39,98.31,93.88,0.88,1,0
brent-hartigan,2007,ND,SD,22.0,16,4,-6.0,0.0,89.5,73.03,50.29,89.5,80.09,0.76,1,0
adrian-deluca,2003,ND,RUCK,21.0,0,0,51.0,0.0,108.44,91.19,59.99,108.44,102.62,0.88,1,0
adrian-deluca,2005,ND,RUCK,23.0,11,2,51.0,0.0,104.65,86.82,50.14,104.65,86.66,0.67,1,0
adrian-deluca,2006,ND,RUCK,24.0,24,3,50.3,0.0,104.01,94.35,58.83,104.01,85.04,0.58,1,0
shane-tuck,2003,ND,MID,22.0,0,0,109.93,2538.3,89.87,71.12,42.79,89.87,78.57,0.76,1,0
shane-tuck,2005,ND,MID,24.0,22,2,109.93,2234.9,118.58,108.27,93.08,118.58,111.08,0.706,1,0
shane-tuck,2006,ND,MID,25.0,44,3,106.0,2137.6,114.65,105.04,94.25,114.65,107.4,0.645,1,0
shane-tuck,2007,ND,MID,26.0,66,4,106.0,2251.6,103.61,96.22,85.19,103.61,94.08,0.482,1,0
shane-tuck,2008,ND,MID,27.0,88,5,106.0,1914.5,110.22,109.48,101.42,110.22,106.51,0.579,1,0
shane-tuck,2009,ND,MID,28.0,107,6,105.4,1580.9,110.63,107.44,101.73,110.63,107.01,0.593,1,0
shane-tuck,2010,ND,MID,29.0,127,7,100.0,1065.1,111.43,106.84,102.31,111.43,108.23,0.649,1,0
shane-tuck,2011,ND,MID,30.0,137,8,87.63,1055.9,102.39,96.11,89.23,102.39,95.64,0.488,1,0
shane-tuck,2012,ND,MID,31.0,159,9,90.35,1.9,117.05,114.64,112.86,117.05,116.04,0.76,1,0
shane-tuck,2013,ND,MID,32.0,169,10,66.1,0.0,96.53,85.74,76.48,96.53,84.73,0.412,1,0
stephen-kenna,2003,ND,SF,22.0,0,0,0.0,0.0,76.24,57.9,48.87,76.24,69.67,0.76,1,0
andrew-raines,2003,ND,MID,18.0,0,0,67.6,21.3,103.33,80.72,41.93,103.33,103.33,1.0,1,0
andrew-raines,2005,ND,MID,20.0,6,2,67.6,27.7,99.04,84.76,54.14,99.04,99.04,1.0,1,0
andrew-raines,2006,ND,MID,21.0,28,3,67.6,14.5,107.23,98.68,79.48,107.23,103.9,0.88,1,0
andrew-raines,2007,ND,MID,22.0,50,4,63.4,1.9,104.4,95.69,81.95,104.4,99.01,0.76,1,0
andrew-raines,2008,ND,MID,23.0,52,5,59.13,1.0,99.15,92.37,73.78,99.15,90.78,0.67,1,0
andrew-raines,2009,ND,MID,24.0,55,6,59.13,1.1,80.25,75.02,56.45,80.25,70.25,0.58,1,0
andrew-raines,2010,ND,MID,25.0,65,7,59.13,0.3,82.34,74.27,59.41,82.34,71.33,0.52,1,0
andrew-raines,2011,ND,MID,26.0,81,8,53.77,0.1,77.76,71.39,58.03,77.76,67.11,0.46,1,0
andrew-raines,2012,ND,MID,27.0,100,9,48.93,0.0,72.94,67.96,53.49,72.94,61.27,0.4,1,0
andrew-raines,2013,ND,MID,28.0,118,10,44.65,0.0,68.29,51.73,40.1,68.29,51.38,0.4,1,0
andrew-raines,2014,ND,MID,29.0,122,11,43.7,0.0,65.89,49.19,37.18,65.89,48.67,0.4,1,0
andrew-raines,2015,ND,MID,30.0,128,12,43.7,0.0,68.52,50.65,37.09,68.52,49.66,0.4,1,0
kyle-archibald,2003,ND,KPF,18.0,0,0,0.0,0.0,90.2,71.74,27.46,90.2,90.2,1.0,1,0
james-condos,2003,RD,MID,21.0,0,0,0.0,0.0,101.41,83.1,53.03,101.41,95.61,0.88,1,0
andrew-carrazzo,2003,RD,MID,20.0,0,0,98.9,1466.2,103.87,89.07,57.78,103.87,103.87,1.0,1,0
andrew-carrazzo,2005,RD,MID,22.0,20,2,98.9,1888.4,107.28,97.12,71.9,107.28,98.79,0.76,1,0
andrew-carrazzo,2006,RD,MID,23.0,39,3,98.9,2064.9,110.16,101.38,83.21,110.16,101.27,0.67,1,0
andrew-carrazzo,2007,RD,MID,24.0,61,4,98.9,1636.6,120.26,112.82,102.69,120.26,115.21,0.713,1,0
andrew-carrazzo,2008,RD,MID,25.0,82,5,95.83,1292.4,117.41,115.38,103.32,117.41,112.74,0.668,1,0
andrew-carrazzo,2009,RD,MID,26.0,96,6,92.73,1190.6,109.64,107.24,95.83,109.64,103.06,0.524,1,0
andrew-carrazzo,2010,RD,MID,27.0,118,7,92.73,1244.0,103.9,95.3,82.12,103.9,90.83,0.4,1,0
andrew-carrazzo,2011,RD,MID,28.0,134,8,92.73,909.6,106.53,99.95,90.99,106.53,98.38,0.476,1,0
andrew-carrazzo,2012,RD,MID,29.0,148,9,90.57,429.7,106.61,99.17,93.67,106.61,100.77,0.549,1,0
andrew-carrazzo,2013,RD,MID,30.0,158,10,80.33,487.7,93.2,81.26,68.94,93.2,78.64,0.4,1,0
andrew-carrazzo,2014,RD,MID,31.0,172,11,87.45,243.2,98.11,89.47,78.74,98.11,86.97,0.425,1,0
andrew-carrazzo,2015,RD,MID,32.0,188,12,86.8,0.0,99.69,90.34,75.39,99.69,85.96,0.435,1,0
aaron-davey,2003,RD,SF,20.0,0,0,87.83,1441.6,91.52,80.26,57.28,91.52,91.52,1.0,1,0
aaron-davey,2005,RD,SF,22.0,22,2,87.83,1491.3,99.37,93.65,78.47,99.37,94.73,0.778,1,0
aaron-davey,2006,RD,SF,23.0,42,3,87.83,1174.6,107.87,97.74,82.79,107.87,101.53,0.747,1,0
aaron-davey,2007,RD,SF,24.0,60,4,85.5,956.9,103.31,96.93,85.15,103.31,97.05,0.656,1,0
aaron-davey,2008,RD,SF,25.0,75,5,84.77,761.5,101.3,95.03,81.84,101.3,93.23,0.585,1,0
aaron-davey,2009,RD,SF,26.0,97,6,81.03,85.8,108.24,105.03,93.22,108.24,103.26,0.669,1,0
aaron-davey,2010,RD,SF,27.0,117,7,70.03,4.3,97.91,94.62,84.93,97.91,91.67,0.52,1,0
aaron-davey,2011,RD,SF,28.0,128,8,58.7,0.6,87.78,84.47,73.53,87.78,79.54,0.422,1,0
aaron-davey,2012,RD,SF,29.0,136,9,53.9,0.0,78.56,73.7,62.69,78.56,69.04,0.4,1,0
aaron-davey,2013,RD,SF,30.0,156,10,45.2,0.0,67.5,60.91,52.04,67.5,58.22,0.4,1,0
nathan-foley,2003,RD,MID,18.0,0,0,96.73,1115.8,112.82,94.9,52.22,112.82,112.82,1.0,1,0
nathan-foley,2005,RD,MID,20.0,6,2,96.73,1450.1,105.64,91.93,60.04,105.64,105.64,1.0,1,0
nathan-foley,2006,RD,MID,21.0,27,3,96.73,1651.4,109.93,101.51,76.2,109.93,105.88,0.88,1,0
nathan-foley,2007,RD,MID,22.0,49,4,96.73,1348.6,121.45,115.18,102.35,121.45,117.53,0.795,1,0
nathan-foley,2008,RD,MID,23.0,70,5,94.27,1224.6,120.34,112.3,101.61,120.34,114.8,0.704,1,0
nathan-foley,2009,RD,MID,24.0,84,6,94.27,1069.5,116.25,112.66,98.93,116.25,109.73,0.624,1,0
nathan-foley,2010,RD,MID,25.0,88,7,88.6,926.1,115.27,107.89,95.38,115.27,107.08,0.588,1,0
nathan-foley,2011,RD,MID,26.0,110,8,88.6,651.2,112.79,106.75,94.25,112.79,104.45,0.55,1,0
nathan-foley,2012,RD,MID,27.0,120,9,81.4,16.5,111.92,107.72,97.61,111.92,106.14,0.596,1,0
nathan-foley,2013,RD,MID,28.0,136,10,70.7,6.3,95.82,86.5,72.38,95.82,81.75,0.4,1,0
nathan-foley,2014,RD,MID,29.0,153,11,69.8,0.0,86.28,77.32,64.52,86.28,73.23,0.4,1,0
luke-buckland,2003,RD,SD,18.0,0,0,0.0,0.0,108.91,98.01,61.68,108.91,108.91,1.0,1,0
dylan-pfitzner,2003,RD,SF,18.0,0,0,0.0,0.0,97.91,83.99,50.25,97.91,97.91,1.0,1,0
ben-clifton,2003,RD,KPD,18.0,0,0,0.0,0.0,103.09,97.89,65.17,103.09,103.09,1.0,1,0
brett-jones,2003,RD,SD,21.0,0,0,74.9,186.9,100.4,85.93,66.31,100.4,96.31,0.88,1,0
brett-jones,2005,RD,SD,23.0,21,2,74.9,241.4,93.45,85.51,67.5,93.45,84.88,0.67,1,0
brett-jones,2006,RD,SD,24.0,32,3,73.93,275.1,83.1,77.25,63.73,83.1,74.96,0.58,1,0
brett-jones,2007,RD,SD,25.0,54,4,73.93,130.9,99.32,90.48,78.65,99.32,89.4,0.52,1,0
brett-jones,2008,RD,SD,26.0,68,5,61.6,0.5,100.52,98.03,83.83,100.52,91.51,0.46,1,0
brett-jones,2009,RD,SD,27.0,77,6,52.4,0.5,79.28,73.7,63.44,79.28,69.78,0.4,1,0
brett-jones,2010,RD,SD,28.0,87,7,60.4,0.0,78.44,70.96,60.08,78.44,67.42,0.4,1,0
paul-duffield,2003,RD,SD,18.0,0,0,93.63,783.2,108.91,98.01,61.68,108.91,108.91,1.0,1,0
paul-duffield,2005,RD,SD,20.0,0,2,93.63,1017.9,102.54,91.23,71.23,102.54,102.54,1.0,1,0
paul-duffield,2006,RD,SD,21.0,7,3,93.63,1137.5,103.9,90.25,69.82,103.9,99.81,0.88,1,0
paul-duffield,2007,RD,SD,22.0,13,4,93.63,1296.6,98.29,85.11,66.77,98.29,90.73,0.76,1,0
paul-duffield,2008,RD,SD,23.0,24,5,93.63,1469.7,96.55,88.67,69.85,96.55,87.74,0.67,1,0
paul-duffield,2009,RD,SD,24.0,45,6,93.63,1051.3,118.65,111.77,98.05,118.65,112.08,0.681,1,0
paul-duffield,2010,RD,SD,25.0,67,7,90.63,763.1,115.62,109.88,95.61,115.62,108.0,0.619,1,0
paul-duffield,2011,RD,SD,26.0,88,8,87.13,805.4,99.98,94.0,83.18,99.98,90.91,0.46,1,0
paul-duffield,2012,RD,SD,27.0,107,9,87.13,423.6,104.42,101.65,93.11,104.42,98.58,0.484,1,0
paul-duffield,2013,RD,SD,28.0,126,10,78.53,329.4,99.35,93.76,83.35,99.35,89.93,0.412,1,0
paul-duffield,2014,RD,SD,29.0,148,11,77.7,4.5,99.94,96.16,84.69,99.94,91.73,0.462,1,0
paul-duffield,2015,RD,SD,30.0,162,12,67.0,0.0,90.67,82.09,71.84,90.67,79.37,0.4,1,0
ben-cosgriff,2003,RD,SF,18.0,0,0,0.0,0.0,97.91,83.99,50.25,97.91,97.91,1.0,1,0
adam-grocke,2003,RD,KPD,19.0,0,0,0.0,0.0,103.09,97.58,79.88,103.09,103.09,1.0,1,0
aaron-rogers,2003,RD,SF,19.0,0,0,0.0,0.0,97.91,85.19,61.5,97.91,97.91,1.0,1,0
zane-leonard,2003,RD,MID,19.0,0,0,0.0,0.0,112.82,94.86,66.85,112.82,112.82,1.0,1,0
murray-boyd,2003,RD,KPD,18.0,0,0,0.0,0.0,103.09,97.89,65.17,103.09,103.09,1.0,1,0
paul-newman,2003,RD,SD,20.0,0,0,0.0,0.0,102.54,91.23,71.23,102.54,102.54,1.0,1,0
james-allan,2003,RD,MID,18.0,0,0,0.0,0.0,112.82,94.9,52.22,112.82,112.82,1.0,1,0
michael-rix,2003,RD,RUCK,22.0,0,0,40.3,0.0,106.93,90.76,67.78,106.93,97.54,0.76,1,0
michael-rix,2005,RD,RUCK,24.0,0,2,40.3,0.0,100.49,88.22,61.3,100.49,84.03,0.58,1,0
michael-rix,2006,RD,RUCK,25.0,0,3,40.3,0.0,94.82,87.76,61.18,94.82,78.67,0.52,1,0
michael-rix,2007,RD,RUCK,26.0,17,4,40.3,0.0,89.81,83.76,48.67,89.81,67.6,0.46,1,0
michael-rix,2008,RD,RUCK,27.0,18,5,42.0,0.0,89.89,85.05,46.85,89.89,64.06,0.4,1,0
michael-embley,2003,RD,KPF,18.0,0,0,0.0,0.0,105.48,97.39,61.85,105.48,105.48,1.0,1,0
nathan-lovett-murray,2003,RD,SF,21.0,0,0,82.23,290.4,89.88,75.0,55.43,89.88,85.74,0.88,1,0
nathan-lovett-murray,2005,RD,SF,23.0,0,2,82.23,377.4,77.44,68.09,54.35,77.44,69.82,0.67,1,0
nathan-lovett-murray,2006,RD,SF,24.0,0,3,82.23,430.2,72.27,66.23,54.49,72.27,64.81,0.58,1,0
nathan-lovett-murray,2007,RD,SF,25.0,18,4,82.23,468.8,84.05,78.45,64.48,84.05,74.65,0.52,1,0
nathan-lovett-murray,2008,RD,SF,26.0,58,5,82.23,433.2,92.16,86.39,76.95,92.16,84.36,0.487,1,0
nathan-lovett-murray,2009,RD,SF,27.0,71,6,78.67,256.9,98.2,88.23,75.65,98.2,86.14,0.465,1,0
nathan-lovett-murray,2010,RD,SF,28.0,83,7,69.53,4.8,97.47,94.82,80.66,97.47,89.15,0.505,1,0
nathan-lovett-murray,2011,RD,SF,29.0,96,8,61.6,0.1,80.21,76.74,68.19,80.21,73.0,0.4,1,0
nathan-lovett-murray,2012,RD,SF,30.0,113,9,56.1,0.0,71.01,62.83,54.98,71.01,61.39,0.4,1,0
nathan-lovett-murray,2013,RD,SF,31.0,116,10,41.7,0.0,67.35,60.32,50.46,67.35,57.22,0.4,1,0
rowan-andrews,2003,RD,RUCK,18.0,0,0,0.0,0.0,115.06,103.63,54.35,115.06,115.06,1.0,1,0
salim-hassan,2003,RD,SF,21.0,0,0,0.0,0.0,89.88,75.0,55.43,89.88,85.74,0.88,1,0
david-fanning,2003,RD,RUCK,19.0,0,0,0.0,0.0,115.06,104.01,74.36,115.06,115.06,1.0,1,0
matt-pardew,2003,RD,SD,19.0,0,0,0.0,0.0,108.91,97.97,76.77,108.91,108.91,1.0,1,0
adam-bentick,2003,RD,MID,18.0,0,0,80.37,312.8,112.82,94.9,52.22,112.82,112.82,1.0,1,0
adam-bentick,2005,RD,MID,20.0,9,2,80.37,138.4,114.59,103.27,83.08,114.59,114.59,1.0,1,0
adam-bentick,2006,RD,MID,21.0,29,3,75.43,142.2,112.95,105.2,88.51,112.95,110.02,0.88,1,0
adam-bentick,2007,RD,MID,22.0,49,4,77.0,13.3,117.54,108.62,89.91,117.54,110.91,0.76,1,0
adam-bentick,2008,RD,MID,23.0,63,5,72.2,0.0,110.16,101.77,82.52,110.16,101.04,0.67,1,0
josh-thurgood,2003,RD,SD,18.0,0,0,26.0,0.0,108.91,98.01,61.68,108.91,108.91,1.0,1,0
josh-thurgood,2005,RD,SD,20.0,0,2,26.0,0.0,102.54,91.23,71.23,102.54,102.54,1.0,1,0
josh-thurgood,2006,RD,SD,21.0,0,3,26.0,0.0,100.4,85.93,66.31,100.4,96.31,0.88,1,0
josh-thurgood,2007,RD,SD,22.0,2,4,26.0,0.0,89.72,79.37,58.04,89.72,82.12,0.76,1,0
jaymie-graham,2003,RD,KPD,20.0,0,0,57.75,11.4,97.65,90.86,74.34,97.65,97.65,1.0,1,0
jaymie-graham,2005,RD,KPD,22.0,0,2,57.75,14.8,91.29,79.48,65.74,91.29,85.16,0.76,1,0
jaymie-graham,2006,RD,KPD,23.0,22,3,57.75,1.7,84.69,79.1,65.89,84.69,78.49,0.67,1,0
jaymie-graham,2007,RD,KPD,24.0,27,4,55.0,1.8,78.65,74.36,63.03,78.65,72.09,0.58,1,0
jaymie-graham,2008,RD,KPD,25.0,33,5,55.0,0.0,74.04,70.1,59.33,74.04,66.98,0.52,1,0
michael-warren,2003,RD,KPD,21.0,0,0,0.0,0.0,98.07,84.5,69.42,98.07,94.64,0.88,1,0
andrew-lovett,2003,RD,MID,21.0,0,0,81.23,408.3,101.41,83.1,53.03,101.41,95.61,0.88,1,0
andrew-lovett,2005,RD,MID,23.0,20,2,81.23,406.7,107.17,97.92,74.39,107.17,96.35,0.67,1,0
andrew-lovett,2006,RD,MID,24.0,33,3,79.73,431.3,104.16,94.99,75.09,104.16,91.95,0.58,1,0
andrew-lovett,2007,RD,MID,25.0,49,4,79.73,444.7,104.03,92.32,77.04,104.03,91.08,0.52,1,0
andrew-lovett,2008,RD,MID,26.0,66,5,81.5,451.0,103.23,98.34,81.64,103.23,91.57,0.46,1,0
andrew-lovett,2009,RD,MID,27.0,87,6,86.1,0.0,105.23,98.54,86.27,105.23,93.94,0.405,1,0
brad-dabrowski,2003,RD,KPF,22.0,0,0,0.0,0.0,88.86,79.0,62.92,88.86,82.64,0.76,1,0
dale-ellis,2003,RD,KPF,20.0,0,0,0.0,0.0,99.57,90.39,71.26,99.57,99.57,1.0,1,0
dean-benson,2003,RD,SF,18.0,0,0,0.0,0.0,97.91,83.99,50.25,97.91,97.91,1.0,1,0
josh-drummond,2004,RD,SD,21.0,0,0,100.3,1862.2,100.4,85.93,66.31,100.4,96.31,0.88,1,0
josh-drummond,2005,RD,SD,22.0,14,1,100.3,1823.9,110.05,100.54,83.91,110.05,104.03,0.77,1,0
josh-drummond,2006,RD,SD,23.0,21,2,100.3,2001.0,104.37,93.45,79.95,104.37,96.31,0.67,1,0
josh-drummond,2007,RD,SD,24.0,32,3,100.3,1093.4,118.03,109.86,97.53,118.03,113.93,0.8,1,0
josh-drummond,2008,RD,SD,25.0,45,4,92.3,847.5,114.91,107.89,92.94,114.91,107.14,0.646,1,0
josh-drummond,2009,RD,SD,26.0,64,5,87.73,384.3,112.84,108.06,100.15,112.84,108.06,0.623,1,0
josh-drummond,2010,RD,SD,27.0,71,6,78.4,52.7,110.32,106.51,96.29,110.32,104.18,0.562,1,0
josh-drummond,2011,RD,SD,28.0,78,7,71.8,6.1,99.87,97.55,81.42,99.87,89.4,0.432,1,0
josh-drummond,2012,RD,SD,29.0,93,8,67.9,0.0,83.75,74.35,65.58,83.75,72.85,0.4,1,0
sam-pleming,2003,RD,KPD,18.0,0,0,0.0,0.0,103.09,97.89,65.17,103.09,103.09,1.0,1,0
joel-campbell,2003,RD,MID,18.0,0,0,0.0,0.0,112.82,94.9,52.22,112.82,112.82,1.0,1,0
shaun-bergin,2003,RD,SD,18.0,0,0,0.0,0.0,108.91,98.01,61.68,108.91,108.91,1.0,1,0
peter-summers,2003,RD,SF,19.0,0,0,0.0,0.0,97.91,85.19,61.5,97.91,97.91,1.0,1,0
luke-taylor,2003,RD,SD,18.0,0,0,0.0,0.0,108.91,98.01,61.68,108.91,108.91,1.0,1,0
jake-furfaro,2003,RD,SF,18.0,0,0,0.0,0.0,97.91,83.99,50.25,97.91,97.91,1.0,1,0
setanta-o-hailpin,2003,IRE,KPF,20.0,0,0,64.53,119.2,99.57,90.39,71.26,99.57,99.57,1.0,0,1
setanta-o-hailpin,2005,IRE,KPF,22.0,1,2,64.53,154.9,85.01,74.75,57.63,85.01,78.44,0.76,0,1
setanta-o-hailpin,2006,IRE,KPF,23.0,12,3,64.53,176.0,83.66,72.58,55.13,83.66,74.25,0.67,0,1
setanta-o-hailpin,2007,IRE,KPF,24.0,34,4,64.53,193.5,79.69,76.49,63.13,79.69,72.73,0.58,0,1
setanta-o-hailpin,2008,IRE,KPF,25.0,46,5,64.47,220.3,75.74,70.8,55.84,75.74,66.19,0.52,0,1
setanta-o-hailpin,2009,IRE,KPF,26.0,58,6,64.47,247.3,73.87,69.9,58.53,73.87,65.59,0.46,0,1
setanta-o-hailpin,2010,IRE,KPF,27.0,72,7,64.47,269.7,73.47,71.15,60.66,73.47,65.79,0.4,0,1
setanta-o-hailpin,2011,IRE,KPF,28.0,78,8,67.6,11.5,76.58,69.59,60.26,76.58,66.79,0.4,0,1
setanta-o-hailpin,2012,IRE,KPF,29.0,79,9,57.9,8.1,73.57,65.5,54.69,73.57,62.24,0.4,0,1
setanta-o-hailpin,2013,IRE,KPF,30.0,86,10,57.9,0.0,71.8,63.27,51.9,71.8,59.86,0.4,0,1
paul-shelton,2003,RD,MID,19.0,0,0,0.0,0.0,112.82,94.86,66.85,112.82,112.82,1.0,1,0
nick-potter,2003,RD,SF,18.0,0,0,0.0,0.0,97.91,83.99,50.25,97.91,97.91,1.0,1,0
leigh-ryswyk,2003,RD,SD,18.0,0,0,0.0,0.0,108.91,98.01,61.68,108.91,108.91,1.0,1,0
jeremy-stiller,2003,RD,SD,21.0,0,0,0.0,0.0,100.4,85.93,66.31,100.4,96.31,0.88,1,0
doug-scott,2003,RD,KPD,23.0,0,0,0.0,0.0,88.06,77.58,62.99,88.06,79.79,0.67,1,0
michael-johnson,2003,RD,SD,19.0,0,0,87.93,2243.6,108.91,97.97,76.77,108.91,108.91,1.0,1,0
michael-johnson,2005,RD,SD,21.0,11,2,87.93,2915.8,96.1,78.17,54.6,96.1,91.12,0.88,1,0
michael-johnson,2006,RD,SD,22.0,33,3,87.93,2708.3,111.23,105.39,87.46,111.23,105.52,0.76,1,0
michael-johnson,2007,RD,SD,23.0,51,4,87.83,2545.0,111.46,103.22,92.08,111.46,105.25,0.679,1,0
michael-johnson,2008,RD,SD,24.0,71,5,87.83,2356.1,107.81,104.56,92.28,107.81,101.59,0.6,1,0
michael-johnson,2009,RD,SD,25.0,81,6,87.83,2112.6,104.54,102.39,89.1,104.54,97.58,0.549,1,0
michael-johnson,2010,RD,SD,26.0,98,7,87.83,2026.2,101.04,97.42,85.78,101.04,92.8,0.46,1,0
michael-johnson,2011,RD,SD,27.0,120,8,87.83,2070.3,91.86,84.71,77.47,91.86,83.23,0.4,1,0
michael-johnson,2012,RD,SD,28.0,142,9,87.83,1637.1,99.79,96.71,84.13,99.79,90.88,0.431,1,0
michael-johnson,2013,RD,SD,29.0,163,10,84.97,1259.1,99.32,95.98,86.23,99.32,92.15,0.452,1,0
michael-johnson,2014,RD,SD,30.0,181,11,81.43,819.6,98.94,94.58,84.0,98.94,90.9,0.462,1,0
michael-johnson,2015,RD,SD,31.0,194,12,74.63,498.9,95.22,88.63,76.89,95.22,84.55,0.418,1,0
michael-johnson,2016,RD,SD,32.0,198,13,71.55,334.1,96.08,88.12,69.51,96.08,80.2,0.402,1,0
michael-johnson,2017,RD,SD,33.0,220,14,71.55,70.9,90.1,81.23,68.76,90.1,77.3,0.4,1,0
michael-johnson,2018,RD,SD,34.0,233,15,66.8,0.0,83.35,69.85,63.51,83.35,71.45,0.4,1,0
jacob-surjan,2003,RD,SD,18.0,0,0,66.27,9.6,108.91,98.01,61.68,108.91,108.91,1.0,1,0
jacob-surjan,2005,RD,SD,20.0,3,2,66.27,12.4,101.05,85.45,57.34,101.05,101.05,1.0,1,0
jacob-surjan,2006,RD,SD,21.0,18,3,66.27,10.8,101.1,90.25,68.89,101.1,97.24,0.88,1,0
jacob-surjan,2007,RD,SD,22.0,39,4,65.13,2.8,102.24,92.76,76.1,102.24,95.97,0.76,1,0
jacob-surjan,2008,RD,SD,23.0,58,5,62.37,2.6,90.83,83.86,69.64,90.83,83.84,0.67,1,0
jacob-surjan,2009,RD,SD,24.0,79,6,59.43,1.8,85.69,80.56,67.07,85.69,77.87,0.58,1,0
jacob-surjan,2010,RD,SD,25.0,92,7,51.97,0.0,83.43,76.0,66.45,83.43,75.28,0.52,1,0
jacob-surjan,2011,RD,SD,26.0,100,8,45.85,0.0,74.19,68.97,51.36,74.19,61.87,0.46,1,0
jacob-surjan,2012,RD,SD,27.0,113,9,51.8,0.0,72.83,65.43,50.27,72.83,59.29,0.4,1,0
brett-deledio,2004,ND,MID,18.0,0,0,111.43,4157.0,116.37,113.28,101.48,116.37,116.37,1.0,1,0
brett-deledio,2005,ND,MID,19.0,22,1,111.43,4520.5,118.88,115.93,104.82,118.88,118.88,1.0,1,0
brett-deledio,2006,ND,MID,20.0,43,2,111.43,4807.4,117.1,113.28,103.22,117.1,117.1,1.0,1,0
brett-deledio,2007,ND,MID,21.0,62,3,111.43,4813.9,114.52,112.6,106.61,114.52,113.67,0.892,1,0
brett-deledio,2008,ND,MID,22.0,84,4,111.43,4519.2,115.14,115.13,111.41,115.14,114.56,0.845,1,0
brett-deledio,2009,ND,MID,23.0,106,5,111.43,4149.3,114.56,116.01,111.36,116.01,115.13,0.81,1,0
brett-deledio,2010,ND,MID,24.0,128,6,111.43,4029.8,113.55,114.33,110.16,114.33,113.3,0.754,1,0
brett-deledio,2011,ND,MID,25.0,150,7,111.43,3758.0,112.61,111.67,108.42,112.61,111.54,0.743,1,0
brett-deledio,2012,ND,MID,26.0,172,8,111.0,2920.5,121.32,119.5,115.8,121.32,120.13,0.784,1,0
brett-deledio,2013,ND,MID,27.0,194,9,106.43,2580.9,112.22,111.65,105.8,112.22,110.3,0.702,1,0
brett-deledio,2014,ND,MID,28.0,212,10,103.57,2213.6,108.52,103.23,102.17,108.52,106.43,0.672,1,0
brett-deledio,2015,ND,MID,29.0,229,11,97.73,1158.6,117.13,109.01,105.8,117.13,114.41,0.76,1,0
brett-deledio,2016,ND,MID,30.0,240,12,86.07,555.4,104.36,99.83,88.14,104.36,98.28,0.625,1,0
brett-deledio,2017,ND,MID,31.0,244,13,81.6,464.7,99.92,87.9,72.81,99.92,86.3,0.498,1,0
brett-deledio,2018,ND,MID,32.0,253,14,81.6,60.7,96.93,79.52,65.43,96.93,78.96,0.43,1,0
brett-deledio,2019,ND,MID,33.0,266,15,77.8,0.0,94.24,73.02,59.47,94.24,73.38,0.4,1,0
jarryd-roughead,2004,ND,KPF,18.0,0,0,101.23,2715.5,95.31,86.22,53.2,95.31,95.31,1.0,1,0
jarryd-roughead,2005,ND,KPF,19.0,16,1,101.23,3092.0,103.56,99.91,76.27,103.56,103.56,1.0,1,0
jarryd-roughead,2006,ND,KPF,20.0,36,2,101.23,3403.0,102.5,104.34,89.12,104.34,104.34,1.0,1,0
jarryd-roughead,2007,ND,KPF,21.0,56,3,101.23,3842.4,101.15,101.33,86.33,101.33,99.53,0.88,1,0
jarryd-roughead,2008,ND,KPF,22.0,78,4,101.23,3764.6,107.37,107.71,96.42,107.71,105.42,0.798,1,0
jarryd-roughead,2009,ND,KPF,23.0,97,5,101.23,3850.6,105.85,105.55,90.64,105.85,101.74,0.73,1,0
jarryd-roughead,2010,ND,KPF,24.0,119,6,101.23,3996.3,102.99,104.02,87.51,104.02,98.24,0.65,1,0
jarryd-roughead,2011,ND,KPF,25.0,130,7,101.23,3491.1,106.07,103.83,94.11,106.07,102.52,0.703,1,0
jarryd-roughead,2012,ND,KPF,26.0,150,8,99.5,2853.1,111.98,111.36,102.9,111.98,110.02,0.784,1,0
jarryd-roughead,2013,ND,KPF,27.0,172,9,96.87,2272.5,109.61,110.67,101.68,110.67,108.51,0.76,1,0
jarryd-roughead,2014,ND,KPF,28.0,192,10,92.87,1686.9,109.29,108.49,97.81,109.29,106.53,0.76,1,0
jarryd-roughead,2015,ND,KPF,29.0,212,11,88.83,1005.3,107.43,106.69,93.26,107.43,103.98,0.756,1,0
jarryd-roughead,2016,ND,KPF,30.0,212,12,80.9,1146.0,102.97,105.13,84.51,105.13,100.1,0.756,1,0
jarryd-roughead,2017,ND,KPF,31.0,234,13,80.9,665.3,96.08,92.0,78.63,96.08,89.87,0.644,1,0
jarryd-roughead,2018,ND,KPF,32.0,254,14,78.1,196.3,93.81,87.69,71.54,93.81,84.95,0.602,1,0
jarryd-roughead,2019,ND,KPF,33.0,262,15,72.5,0.0,92.41,83.42,64.62,92.41,79.74,0.544,1,0
ryan-griffen,2004,ND,MID,18.0,0,0,110.17,1876.2,115.02,110.27,90.57,115.02,115.02,1.0,1,0
ryan-griffen,2005,ND,MID,19.0,17,1,110.17,2134.0,120.5,116.62,106.16,120.5,120.5,1.0,1,0
ryan-griffen,2006,ND,MID,20.0,39,2,110.17,2414.1,115.47,116.04,103.7,116.04,116.04,1.0,1,0
ryan-griffen,2007,ND,MID,21.0,49,3,110.17,2751.3,112.01,110.44,91.89,112.01,109.6,0.88,1,0
ryan-griffen,2008,ND,MID,22.0,70,4,110.17,3010.3,116.68,109.83,95.57,116.68,111.61,0.76,1,0
ryan-griffen,2009,ND,MID,23.0,89,5,110.17,3105.2,115.81,109.28,98.6,115.81,110.44,0.688,1,0
ryan-griffen,2010,ND,MID,24.0,110,6,110.17,3067.9,116.23,112.34,101.56,116.23,111.24,0.659,1,0
ryan-griffen,2011,ND,MID,25.0,132,7,110.17,2602.5,118.32,116.07,108.66,118.32,115.91,0.75,1,0
ryan-griffen,2012,ND,MID,26.0,152,8,107.0,2147.7,116.35,117.09,106.84,117.09,114.32,0.729,1,0
ryan-griffen,2013,ND,MID,27.0,172,9,102.97,1152.4,124.59,120.04,114.08,124.59,122.07,0.76,1,0
ryan-griffen,2014,ND,MID,28.0,191,10,94.43,703.6,111.29,104.42,97.98,111.29,106.66,0.652,1,0
ryan-griffen,2015,ND,MID,29.0,212,11,82.8,417.2,109.01,97.92,87.77,109.01,98.91,0.525,1,0
ryan-griffen,2016,ND,MID,30.0,225,12,78.85,0.8,105.2,95.53,82.61,105.2,94.62,0.532,1,0
ryan-griffen,2017,ND,MID,31.0,228,13,63.8,0.9,98.36,85.98,64.68,98.36,78.21,0.402,1,0
ryan-griffen,2018,ND,MID,32.0,243,14,63.8,0.0,83.21,67.76,55.09,83.21,66.34,0.4,1,0
richard-tambling,2004,ND,MID,18.0,0,0,75.87,190.7,119.56,113.34,89.43,119.56,119.56,1.0,1,0
richard-tambling,2005,ND,MID,19.0,12,1,75.87,217.3,112.45,107.38,78.54,112.45,112.45,1.0,1,0
richard-tambling,2006,ND,MID,20.0,33,2,75.87,247.1,113.61,109.19,90.91,113.61,113.61,1.0,1,0
richard-tambling,2007,ND,MID,21.0,53,3,75.87,277.8,113.8,108.55,91.16,113.8,111.08,0.88,1,0
richard-tambling,2008,ND,MID,22.0,75,4,73.4,308.8,108.76,103.73,84.56,108.76,102.95,0.76,1,0
richard-tambling,2009,ND,MID,23.0,95,5,69.6,0.5,115.7,109.86,98.54,115.7,110.11,0.674,1,0
richard-tambling,2010,ND,MID,24.0,108,6,59.65,0.2,97.03,94.26,75.33,97.03,87.92,0.58,1,0
richard-tambling,2011,ND,MID,25.0,118,7,58.7,0.1,87.7,81.89,67.37,87.7,77.94,0.52,1,0
richard-tambling,2012,ND,MID,26.0,119,8,55.0,0.1,83.08,77.64,58.15,83.08,69.62,0.46,1,0
richard-tambling,2013,ND,MID,27.0,124,9,55.0,0.0,79.69,73.49,49.89,79.69,61.81,0.4,1,0
lance-franklin,2004,ND,KPF,18.0,0,0,111.27,4667.5,92.81,85.22,51.97,92.81,92.81,1.0,1,0
lance-franklin,2005,ND,KPF,19.0,20,1,111.27,5303.3,104.11,98.63,79.03,104.11,104.11,1.0,1,0
lance-franklin,2006,ND,KPF,20.0,34,2,111.27,5997.6,103.1,99.4,84.62,103.1,103.1,1.0,1,0
lance-franklin,2007,ND,KPF,21.0,54,3,111.27,6060.6,115.35,110.15,99.85,115.35,114.0,0.913,1,0
lance-franklin,2008,ND,KPF,22.0,76,4,111.27,5681.5,119.14,118.42,110.92,119.14,118.35,0.904,1,0
lance-franklin,2009,ND,KPF,23.0,97,5,111.27,5796.2,117.76,114.51,106.76,117.76,115.92,0.833,1,0
lance-franklin,2010,ND,KPF,24.0,114,6,111.27,5362.7,122.41,118.44,111.02,122.41,120.5,0.832,1,0
lance-franklin,2011,ND,KPF,25.0,133,7,108.8,4732.8,127.81,119.63,111.29,127.81,124.64,0.808,1,0
lance-franklin,2012,ND,KPF,26.0,149,8,105.17,3768.2,127.69,120.85,116.6,127.69,125.29,0.784,1,0
lance-franklin,2013,ND,KPF,27.0,168,9,99.43,3544.5,109.41,107.15,101.9,109.41,107.61,0.76,1,0
lance-franklin,2014,ND,KPF,28.0,187,10,99.43,3021.3,109.66,106.45,99.85,109.66,107.31,0.76,1,0
lance-franklin,2015,ND,KPF,29.0,204,11,97.67,2786.2,103.09,98.72,89.29,103.09,98.92,0.698,1,0
lance-franklin,2016,ND,KPF,30.0,226,12,97.67,2306.4,103.07,97.89,87.51,103.07,98.69,0.719,1,0
lance-franklin,2017,ND,KPF,31.0,248,13,94.43,1655.0,104.07,100.71,87.2,104.07,99.98,0.757,1,0
lance-franklin,2018,ND,KPF,32.0,266,14,87.57,861.5,104.62,98.51,87.59,104.62,100.53,0.76,1,0
lance-franklin,2019,ND,KPF,33.0,276,15,78.4,729.2,94.39,86.06,78.24,94.39,88.64,0.644,1,0
tom-williams,2004,ND,KPF,18.0,0,0,54.17,5.3,88.05,77.97,50.11,88.05,88.05,1.0,1,0
tom-williams,2005,ND,KPF,19.0,0,1,54.17,6.0,88.05,77.86,60.92,88.05,88.05,1.0,1,0
tom-williams,2006,ND,KPF,20.0,0,2,54.17,6.8,91.05,78.27,62.19,91.05,91.05,1.0,1,0
tom-williams,2007,ND,KPF,21.0,13,3,54.17,7.5,92.91,75.86,61.2,92.91,89.1,0.88,1,0
tom-williams,2008,ND,KPF,22.0,19,4,54.17,7.4,86.19,73.13,61.95,86.19,80.37,0.76,1,0
tom-williams,2009,ND,KPF,23.0,33,5,52.83,8.4,76.3,68.67,52.28,76.3,68.38,0.67,1,0
tom-williams,2010,ND,KPF,24.0,53,6,52.83,9.2,70.66,62.58,51.96,70.66,62.81,0.58,1,0
tom-williams,2011,ND,KPF,25.0,70,7,54.65,6.5,74.93,68.28,55.75,74.93,65.72,0.52,1,0
tom-williams,2012,ND,KPF,26.0,73,8,53.0,0.9,73.72,66.33,53.07,73.72,62.57,0.46,1,0
tom-williams,2013,ND,KPF,27.0,75,9,53.0,1.0,71.46,61.76,44.24,71.46,55.13,0.4,1,0
tom-williams,2014,ND,KPF,28.0,82,10,53.0,0.0,70.91,59.79,44.07,70.91,54.8,0.4,1,0
jordan-lewis,2004,ND,MID,18.0,0,0,103.9,2100.2,114.98,107.99,84.99,114.98,114.98,1.0,1,0
jordan-lewis,2005,ND,MID,19.0,19,1,103.9,2393.7,116.98,111.86,92.21,116.98,116.98,1.0,1,0
jordan-lewis,2006,ND,MID,20.0,39,2,103.9,2699.1,115.77,111.61,96.62,115.77,115.77,1.0,1,0
jordan-lewis,2007,ND,MID,21.0,61,3,103.9,2607.8,121.87,116.16,107.34,121.87,120.35,0.895,1,0
jordan-lewis,2008,ND,MID,22.0,78,4,103.9,2855.4,118.01,109.94,99.23,118.01,113.5,0.76,1,0
jordan-lewis,2009,ND,MID,23.0,97,5,103.9,2836.5,120.85,114.54,104.61,120.85,116.22,0.715,1,0
jordan-lewis,2010,ND,MID,24.0,119,6,103.9,2909.8,115.68,111.46,101.48,115.68,110.36,0.625,1,0
jordan-lewis,2011,ND,MID,25.0,138,7,103.9,2926.6,116.2,109.51,98.92,116.2,109.1,0.589,1,0
jordan-lewis,2012,ND,MID,26.0,158,8,103.9,2542.8,112.04,106.17,99.46,112.04,106.92,0.593,1,0
jordan-lewis,2013,ND,MID,27.0,179,9,103.9,2088.2,108.83,107.9,99.57,108.83,104.82,0.568,1,0
jordan-lewis,2014,ND,MID,28.0,200,10,103.9,1437.9,117.39,113.07,104.38,117.39,113.61,0.71,1,0
jordan-lewis,2015,ND,MID,29.0,219,11,96.53,910.6,110.91,105.89,98.09,110.91,106.71,0.672,1,0
jordan-lewis,2016,ND,MID,30.0,241,12,90.13,408.3,108.44,102.53,89.29,108.44,101.24,0.624,1,0
jordan-lewis,2017,ND,MID,31.0,260,13,79.13,174.6,102.71,92.4,81.69,102.71,91.98,0.49,1,0
jordan-lewis,2018,ND,MID,32.0,281,14,75.05,3.7,99.28,86.38,71.96,99.28,83.28,0.414,1,0
jordan-lewis,2019,ND,MID,33.0,293,15,66.4,0.0,89.04,77.55,63.27,89.04,73.58,0.4,1,0
john-meesen,2004,ND,RUCK,18.0,0,0,58.5,0.1,116.89,102.07,72.2,116.89,116.89,1.0,1,0
john-meesen,2005,ND,RUCK,19.0,0,1,58.5,0.1,116.89,101.6,73.32,116.89,116.89,1.0,1,0
john-meesen,2006,ND,RUCK,20.0,0,2,58.5,0.1,113.17,97.53,69.25,113.17,113.17,1.0,1,0
john-meesen,2007,ND,RUCK,21.0,2,3,58.5,0.1,114.06,93.18,70.42,114.06,108.82,0.88,1,0
john-meesen,2008,ND,RUCK,22.0,2,4,58.5,0.2,109.48,90.35,63.09,109.48,98.35,0.76,1,0
john-meesen,2009,ND,RUCK,23.0,6,5,58.5,0.0,109.25,89.36,61.39,109.25,93.45,0.67,1,0
jordan-russell,2004,ND,SD,18.0,0,0,76.43,210.9,105.33,97.67,80.23,105.33,105.33,1.0,1,0
jordan-russell,2005,ND,SD,19.0,1,1,76.43,240.4,104.67,93.51,72.26,104.67,104.67,1.0,1,0
jordan-russell,2006,ND,SD,20.0,11,2,76.43,274.0,95.14,87.8,62.88,95.14,95.14,1.0,1,0
jordan-russell,2007,ND,SD,21.0,29,3,76.43,312.4,91.36,83.39,65.6,91.36,88.27,0.88,1,0
jordan-russell,2008,ND,SD,22.0,50,4,76.43,356.1,87.74,80.72,67.04,87.74,82.77,0.76,1,0
jordan-russell,2009,ND,SD,23.0,69,5,76.43,304.7,90.11,84.9,76.83,90.11,85.73,0.67,1,0
jordan-russell,2010,ND,SD,24.0,91,6,74.03,23.6,105.72,101.05,90.43,105.72,99.3,0.58,1,0
jordan-russell,2011,ND,SD,25.0,107,7,61.7,1.1,97.75,89.81,84.21,97.75,91.25,0.52,1,0
jordan-russell,2012,ND,SD,26.0,114,8,56.45,1.2,82.91,79.91,70.78,82.91,76.36,0.46,1,0
jordan-russell,2013,ND,SD,27.0,123,9,63.2,0.0,79.26,72.81,64.47,79.26,70.39,0.4,1,0
chris-egan,2004,ND,SF,18.0,0,0,51.7,5.2,110.58,98.66,72.61,110.58,110.58,1.0,1,0
chris-egan,2005,ND,SF,19.0,13,1,51.7,5.9,99.34,92.87,61.63,99.34,99.34,1.0,1,0
chris-egan,2006,ND,SF,20.0,23,2,60.4,0.0,105.18,97.2,71.4,105.18,105.18,1.0,1,0
chris-egan,2007,ND,SF,21.0,24,3,48.0,0.0,103.68,89.49,67.19,103.68,99.3,0.88,1,0
chris-egan,2008,ND,SF,22.0,26,4,45.0,0.0,94.47,82.33,53.32,94.47,84.6,0.76,1,0
adam-thomson,2004,ND,MID,18.0,0,0,62.5,4.4,115.75,104.79,83.3,115.75,115.75,1.0,1,0
adam-thomson,2005,ND,MID,19.0,2,1,62.5,5.0,116.65,102.54,71.41,116.65,116.65,1.0,1,0
adam-thomson,2006,ND,MID,20.0,15,2,62.5,5.6,110.03,104.18,81.24,110.03,110.03,1.0,1,0
adam-thomson,2007,ND,MID,21.0,21,3,65.6,1.7,110.26,102.16,80.55,110.26,106.69,0.88,1,0
adam-thomson,2008,ND,MID,22.0,28,4,61.9,1.5,102.22,96.95,72.48,102.22,95.09,0.76,1,0
adam-thomson,2009,ND,MID,23.0,30,5,68.0,1.6,98.44,91.22,66.96,98.44,88.05,0.67,1,0
adam-thomson,2010,ND,MID,24.0,32,6,68.0,0.0,95.86,86.9,65.08,95.86,82.93,0.58,1,0
danny-meyer,2004,ND,MID,18.0,0,0,44.23,0.0,115.75,103.08,83.3,115.75,115.75,1.0,1,0
danny-meyer,2005,ND,MID,19.0,6,1,44.23,0.0,108.59,97.11,73.37,108.59,108.59,1.0,1,0
danny-meyer,2006,ND,MID,20.0,14,2,51.1,0.0,104.2,92.4,68.39,104.2,104.2,1.0,1,0
danny-meyer,2007,ND,MID,21.0,17,3,49.8,0.0,102.41,84.59,58.03,102.41,97.09,0.88,1,0
danny-meyer,2008,ND,MID,22.0,17,4,49.8,0.0,94.0,81.11,49.03,94.0,83.21,0.76,1,0
danny-meyer,2009,ND,MID,23.0,20,5,49.8,0.0,89.25,76.64,44.92,89.25,74.62,0.67,1,0
danny-meyer,2010,ND,MID,24.0,26,6,49.8,0.0,85.1,74.7,48.4,85.1,69.69,0.58,1,0
matthew-bate,2004,ND,SF,18.0,0,0,76.87,706.9,93.63,89.89,67.52,93.63,93.63,1.0,1,0
matthew-bate,2005,ND,SF,19.0,0,1,76.87,805.8,93.63,89.3,66.26,93.63,93.63,1.0,1,0
matthew-bate,2006,ND,SF,20.0,12,2,76.87,619.6,101.55,95.82,81.46,101.55,101.55,1.0,1,0
matthew-bate,2007,ND,SF,21.0,31,3,75.67,466.7,103.33,97.02,83.5,103.33,101.04,0.885,1,0
matthew-bate,2008,ND,SF,22.0,46,4,74.6,329.1,101.46,97.33,81.47,101.46,96.72,0.763,1,0
matthew-bate,2009,ND,SF,23.0,66,5,68.7,140.9,98.49,95.86,82.9,98.49,93.46,0.677,1,0
matthew-bate,2010,ND,SF,24.0,81,6,61.47,2.4,91.32,89.34,79.65,91.32,86.42,0.58,1,0
matthew-bate,2011,ND,SF,25.0,88,7,55.7,2.0,81.08,78.84,68.11,81.08,74.86,0.52,1,0
matthew-bate,2012,ND,SF,26.0,100,8,57.1,0.0,72.14,71.75,60.37,72.14,65.79,0.46,1,0
angus-monfries,2004,ND,SF,18.0,0,0,83.8,835.0,91.68,85.97,60.92,91.68,91.68,1.0,1,0
angus-monfries,2005,ND,SF,19.0,12,1,83.8,951.6,92.27,86.56,65.83,92.27,92.27,1.0,1,0
angus-monfries,2006,ND,SF,20.0,33,2,83.8,1046.8,97.24,92.81,77.38,97.24,97.24,1.0,1,0
angus-monfries,2007,ND,SF,21.0,53,3,83.8,1117.6,98.33,91.22,78.81,98.33,95.99,0.88,1,0
angus-monfries,2008,ND,SF,22.0,72,4,83.8,988.7,97.62,92.06,80.51,97.62,93.52,0.76,1,0
angus-monfries,2009,ND,SF,23.0,92,5,82.9,913.9,96.39,90.73,77.92,96.39,90.29,0.67,1,0
angus-monfries,2010,ND,SF,24.0,109,6,82.33,871.5,91.32,86.92,76.49,91.32,85.09,0.58,1,0
angus-monfries,2011,ND,SF,25.0,130,7,80.07,558.1,98.7,92.59,81.89,98.7,91.66,0.582,1,0
angus-monfries,2012,ND,SF,26.0,148,8,74.43,592.7,83.16,78.58,69.66,83.16,75.87,0.46,1,0
angus-monfries,2013,ND,SF,27.0,170,9,73.33,45.9,96.62,92.54,79.75,96.62,88.77,0.534,1,0
angus-monfries,2014,ND,SF,28.0,184,10,64.9,35.2,82.35,78.82,69.05,82.35,74.37,0.4,1,0
angus-monfries,2015,ND,SF,29.0,203,11,66.4,0.0,78.21,71.82,61.61,78.21,68.25,0.4,1,0
angus-monfries,2016,ND,SF,30.0,203,12,7.0,0.0,78.49,71.33,57.92,78.49,66.15,0.4,1,0
angus-monfries,2017,ND,SF,31.0,204,13,7.0,0.0,72.57,66.68,51.13,72.57,59.71,0.4,1,0
lynden-dunn,2004,ND,KPD,18.0,0,0,83.47,648.9,96.17,89.5,69.23,96.17,96.17,1.0,1,0
lynden-dunn,2005,ND,KPD,19.0,0,1,83.47,739.7,96.17,88.56,68.52,96.17,96.17,1.0,1,0
lynden-dunn,2006,ND,KPD,20.0,11,2,83.47,823.4,95.79,86.81,75.28,95.79,95.79,1.0,1,0
lynden-dunn,2007,ND,KPD,21.0,23,3,83.47,801.4,99.92,92.44,76.63,99.92,97.12,0.88,1,0
lynden-dunn,2008,ND,KPD,22.0,39,4,83.47,913.2,86.56,80.9,69.05,86.56,82.36,0.76,1,0
lynden-dunn,2009,ND,KPD,23.0,52,5,83.47,1028.4,86.08,80.32,70.15,86.08,80.83,0.67,1,0
lynden-dunn,2010,ND,KPD,24.0,70,6,83.47,1138.3,87.77,85.8,75.2,87.77,82.49,0.58,1,0
lynden-dunn,2011,ND,KPD,25.0,81,7,83.47,1228.4,84.99,80.16,69.44,84.99,77.52,0.52,1,0
lynden-dunn,2012,ND,KPD,26.0,99,8,83.47,1332.8,78.64,73.79,67.61,78.64,72.68,0.46,1,0
lynden-dunn,2013,ND,KPD,27.0,117,9,83.47,993.9,91.3,84.89,74.2,91.3,81.95,0.453,1,0
lynden-dunn,2014,ND,KPD,28.0,139,10,78.67,573.8,93.64,88.58,80.16,93.64,87.39,0.536,1,0
lynden-dunn,2015,ND,KPD,29.0,161,11,70.47,162.5,92.56,88.81,80.75,92.56,87.14,0.541,1,0
lynden-dunn,2016,ND,KPD,30.0,165,12,64.3,104.0,89.9,84.4,70.3,89.9,80.44,0.517,1,0
lynden-dunn,2017,ND,KPD,31.0,182,13,64.3,15.4,79.69,75.09,62.58,79.69,69.42,0.4,1,0
lynden-dunn,2018,ND,KPD,32.0,196,14,60.6,2.0,75.44,66.02,58.09,75.44,65.03,0.4,1,0
lynden-dunn,2019,ND,KPD,33.0,196,15,57.5,2.3,75.03,64.61,57.04,75.03,64.23,0.4,1,0
adam-pattison,2004,ND,KPF,18.0,0,0,61.37,2.4,88.79,78.63,49.51,88.79,88.79,1.0,1,0
adam-pattison,2005,ND,KPF,19.0,2,1,61.37,2.8,93.49,83.97,60.62,93.49,93.49,1.0,1,0
adam-pattison,2006,ND,KPF,20.0,17,2,61.37,3.1,89.41,83.56,63.92,89.41,89.41,1.0,1,0
adam-pattison,2007,ND,KPF,21.0,35,3,61.37,0.6,100.3,90.79,77.6,100.3,97.58,0.88,1,0
adam-pattison,2008,ND,KPF,22.0,53,4,59.3,0.3,91.24,83.67,72.48,91.24,86.74,0.76,1,0
adam-pattison,2009,ND,KPF,23.0,61,5,59.4,0.0,86.18,78.2,67.44,86.18,80.0,0.67,1,0
adam-pattison,2010,ND,KPF,24.0,66,6,51.8,0.0,79.33,73.41,61.02,79.33,71.64,0.58,1,0
andrew-mcqualter,2004,ND,SF,18.0,0,0,67.77,60.1,91.79,84.41,65.59,91.79,91.79,1.0,1,0
andrew-mcqualter,2005,ND,SF,19.0,6,1,67.77,68.2,96.32,88.09,69.73,96.32,96.32,1.0,1,0
andrew-mcqualter,2006,ND,SF,20.0,16,2,65.9,77.7,89.54,77.37,64.6,89.54,89.54,1.0,1,0
andrew-mcqualter,2007,ND,SF,21.0,22,3,65.9,88.6,86.74,70.88,62.25,86.74,83.8,0.88,1,0
andrew-mcqualter,2008,ND,SF,22.0,31,4,65.9,100.9,82.03,69.32,59.63,82.03,76.66,0.76,1,0
andrew-mcqualter,2009,ND,SF,23.0,52,5,70.75,39.3,96.5,89.2,75.08,96.5,89.43,0.67,1,0
andrew-mcqualter,2010,ND,SF,24.0,73,6,63.3,28.3,83.18,78.33,68.85,83.18,77.16,0.58,1,0
andrew-mcqualter,2011,ND,SF,25.0,78,7,67.4,32.2,76.78,69.12,63.38,76.78,70.35,0.52,1,0
andrew-mcqualter,2012,ND,SF,26.0,83,8,67.4,0.0,74.63,69.29,60.81,74.63,67.17,0.46,1,0
cameron-wood,2004,ND,RUCK,18.0,0,0,82.57,212.6,110.14,105.64,66.73,110.14,110.14,1.0,1,0
cameron-wood,2005,ND,RUCK,19.0,1,1,82.57,242.4,110.74,106.03,77.81,110.74,110.74,1.0,1,0
cameron-wood,2006,ND,RUCK,20.0,8,2,82.57,276.3,113.41,111.93,75.91,113.41,113.41,1.0,1,0
cameron-wood,2007,ND,RUCK,21.0,16,3,82.57,315.0,112.43,106.27,74.73,112.43,107.91,0.88,1,0
cameron-wood,2008,ND,RUCK,22.0,29,4,82.57,358.5,118.49,110.91,87.86,118.49,111.14,0.76,1,0
cameron-wood,2009,ND,RUCK,23.0,40,5,82.57,320.8,116.33,110.11,91.8,116.33,108.23,0.67,1,0
cameron-wood,2010,ND,RUCK,24.0,44,6,81.93,365.7,110.44,102.57,78.18,110.44,96.89,0.58,1,0
cameron-wood,2011,ND,RUCK,25.0,56,7,81.93,359.6,104.76,101.91,82.94,104.76,94.29,0.52,1,0
cameron-wood,2012,ND,RUCK,26.0,62,8,79.03,98.7,107.01,104.15,89.2,107.01,97.59,0.471,1,0
cameron-wood,2013,ND,RUCK,27.0,62,9,73.7,112.5,105.69,97.67,82.81,105.69,92.25,0.413,1,0
cameron-wood,2014,ND,RUCK,28.0,68,10,73.7,3.9,101.73,95.15,77.97,101.73,87.47,0.4,1,0
cameron-wood,2015,ND,RUCK,29.0,86,11,66.7,0.0,95.88,85.34,69.22,95.88,79.88,0.4,1,0
ryan-willits,2004,ND,KPF,18.0,0,0,45.3,0.1,88.79,78.94,49.01,88.79,88.79,1.0,1,0
ryan-willits,2005,ND,KPF,19.0,0,1,45.3,0.1,88.79,78.83,59.34,88.79,88.79,1.0,1,0
ryan-willits,2006,ND,KPF,20.0,3,2,45.3,0.0,94.75,81.38,62.83,94.75,94.75,1.0,1,0
dean-polo,2004,ND,MID,18.0,0,0,72.27,61.3,116.67,100.34,67.36,116.67,116.67,1.0,1,0
dean-polo,2005,ND,MID,19.0,0,1,72.27,69.9,116.67,98.97,65.13,116.67,116.67,1.0,1,0
dean-polo,2006,ND,MID,20.0,17,2,72.27,75.2,114.48,106.16,84.4,114.48,114.48,1.0,1,0
dean-polo,2007,ND,MID,21.0,25,3,70.73,85.7,108.72,99.56,72.23,108.72,104.34,0.88,1,0
dean-polo,2008,ND,MID,22.0,31,4,70.73,96.9,102.97,94.94,67.94,102.97,94.56,0.76,1,0
dean-polo,2009,ND,MID,23.0,52,5,66.43,7.4,112.08,103.59,84.36,112.08,102.93,0.67,1,0
dean-polo,2010,ND,MID,24.0,56,6,59.8,8.1,99.99,93.18,73.63,99.99,88.92,0.58,1,0
dean-polo,2011,ND,MID,25.0,70,7,59.8,0.0,93.9,85.64,67.48,93.9,81.22,0.52,1,0
dean-polo,2012,ND,MID,26.0,76,8,50.8,0.0,81.12,73.69,57.24,81.12,68.23,0.46,1,0
tom-murphy,2004,ND,SD,18.0,0,0,68.1,43.4,102.13,89.22,65.15,102.13,102.13,1.0,1,0
tom-murphy,2005,ND,SD,19.0,1,1,68.1,49.4,99.19,86.03,62.91,99.19,99.19,1.0,1,0
tom-murphy,2006,ND,SD,20.0,8,2,68.1,56.3,96.05,82.8,61.45,96.05,96.05,1.0,1,0
tom-murphy,2007,ND,SD,21.0,12,3,68.1,33.7,99.96,82.1,61.08,99.96,95.3,0.88,1,0
tom-murphy,2008,ND,SD,22.0,29,4,68.1,37.9,93.79,85.34,69.33,93.79,87.92,0.76,1,0
tom-murphy,2009,ND,SD,23.0,48,5,68.1,38.3,92.44,85.25,70.61,92.44,85.23,0.67,1,0
tom-murphy,2010,ND,SD,24.0,68,6,67.77,39.4,87.46,82.93,71.81,87.46,80.89,0.58,1,0
tom-murphy,2011,ND,SD,25.0,84,7,68.45,41.5,84.89,77.51,68.86,84.89,77.2,0.52,1,0
tom-murphy,2012,ND,SD,26.0,88,8,71.1,42.0,81.34,77.14,67.91,81.34,74.09,0.46,1,0
tom-murphy,2013,ND,SD,27.0,105,9,71.1,29.2,85.66,78.66,69.42,85.66,75.92,0.4,1,0
tom-murphy,2014,ND,SD,28.0,106,10,78.0,0.0,83.99,75.83,65.63,83.99,72.98,0.4,1,0
jesse-wells,2004,ND,KPD,18.0,0,0,0.0,0.0,94.46,88.34,64.12,94.46,94.46,1.0,1,0
sean-rusling,2004,ND,KPF,18.0,0,0,33.7,344.7,88.47,77.04,46.82,88.47,88.47,1.0,1,0
sean-rusling,2005,ND,KPF,19.0,6,1,33.7,393.0,93.03,81.02,62.31,93.03,93.03,1.0,1,0
sean-rusling,2006,ND,KPF,20.0,10,2,104.0,445.4,89.95,81.48,61.1,89.95,89.95,1.0,1,0
sean-rusling,2007,ND,KPF,21.0,12,3,104.0,0.0,98.0,82.68,61.17,98.0,93.58,0.88,1,0
sean-rusling,2008,ND,KPF,22.0,13,4,18.0,0.0,86.93,74.59,57.67,86.93,79.91,0.76,1,0
nathan-van-berlo,2004,ND,MID,18.0,0,0,83.73,393.3,108.54,94.56,62.89,108.54,108.54,1.0,1,0
nathan-van-berlo,2005,ND,MID,19.0,10,1,83.73,448.3,104.87,89.81,62.16,104.87,104.87,1.0,1,0
nathan-van-berlo,2006,ND,MID,20.0,27,2,83.73,510.7,108.54,100.47,74.32,108.54,108.54,1.0,1,0
nathan-van-berlo,2007,ND,MID,21.0,49,3,83.73,511.4,114.2,105.12,92.18,114.2,111.56,0.88,1,0
nathan-van-berlo,2008,ND,MID,22.0,71,4,83.73,364.5,117.52,108.78,97.08,117.52,112.62,0.76,1,0
nathan-van-berlo,2009,ND,MID,23.0,92,5,81.33,327.6,114.67,104.26,90.92,114.67,106.83,0.67,1,0
nathan-van-berlo,2010,ND,MID,24.0,111,6,80.67,310.4,106.39,100.67,86.26,106.39,97.94,0.58,1,0
nathan-van-berlo,2011,ND,MID,25.0,133,7,77.17,52.1,106.18,101.64,92.29,106.18,99.77,0.538,1,0
nathan-van-berlo,2012,ND,MID,26.0,155,8,69.57,3.4,100.32,91.87,83.3,100.32,91.13,0.46,1,0
nathan-van-berlo,2013,ND,MID,27.0,174,9,65.9,1.1,87.95,81.11,71.44,87.95,78.04,0.4,1,0
nathan-van-berlo,2014,ND,MID,28.0,174,10,64.9,1.3,87.72,79.42,68.92,87.72,76.44,0.4,1,0
nathan-van-berlo,2015,ND,MID,29.0,192,11,64.9,0.0,81.29,69.48,60.01,81.29,68.52,0.4,1,0
nathan-van-berlo,2016,ND,MID,30.0,195,12,51.7,0.0,78.25,66.08,53.52,78.25,63.42,0.4,1,0
adam-hartlett,2004,ND,KPD,18.0,0,0,45.5,0.1,95.07,90.73,63.49,95.07,95.07,1.0,1,0
adam-hartlett,2005,ND,KPD,19.0,0,1,45.5,0.1,95.07,89.89,64.13,95.07,95.07,1.0,1,0
adam-hartlett,2006,ND,KPD,20.0,0,2,45.5,0.2,93.03,86.16,60.43,93.03,93.03,1.0,1,0
adam-hartlett,2007,ND,KPD,21.0,4,3,45.5,0.1,91.21,77.18,56.83,91.21,87.08,0.88,1,0
adam-hartlett,2008,ND,KPD,22.0,8,4,45.0,0.1,80.85,70.27,51.88,80.85,73.9,0.76,1,0
adam-hartlett,2009,ND,KPD,23.0,11,5,45.0,0.0,78.45,67.36,49.82,78.45,69.0,0.67,1,0
matthew-little,2004,ND,SF,18.0,0,0,18.0,0.0,91.37,86.51,57.86,91.37,91.37,1.0,1,0
matthew-little,2005,ND,SF,19.0,0,1,18.0,0.0,91.37,86.35,59.54,91.37,91.37,1.0,1,0
matthew-little,2006,ND,SF,20.0,0,2,18.0,0.0,92.07,83.1,58.03,92.07,92.07,1.0,1,0
matthew-little,2007,ND,SF,21.0,1,3,18.0,0.0,90.66,80.91,56.56,90.66,86.57,0.88,1,0
pat-garner,2004,ND,KPD,18.0,0,0,0.0,0.0,93.51,88.98,63.8,93.51,93.51,1.0,1,0
chad-gibson,2004,ND,KPF,18.0,0,0,0.0,0.0,86.77,78.67,45.5,86.77,86.77,1.0,1,0
matt-rosa,2004,ND,MID,18.0,0,0,86.9,516.9,107.41,95.4,61.6,107.41,107.41,1.0,1,0
matt-rosa,2005,ND,MID,19.0,3,1,86.9,589.3,105.67,94.91,66.12,105.67,105.67,1.0,1,0
matt-rosa,2006,ND,MID,20.0,16,2,86.9,667.1,109.04,102.65,78.52,109.04,109.04,1.0,1,0
matt-rosa,2007,ND,MID,21.0,36,3,86.9,590.1,117.38,111.34,92.65,117.38,114.41,0.88,1,0
matt-rosa,2008,ND,MID,22.0,44,4,86.9,669.8,109.69,103.95,86.12,109.69,104.03,0.76,1,0
matt-rosa,2009,ND,MID,23.0,66,5,86.9,723.4,109.38,102.51,83.25,109.38,100.76,0.67,1,0
matt-rosa,2010,ND,MID,24.0,86,6,86.9,727.4,107.04,102.9,85.58,107.04,98.03,0.58,1,0
matt-rosa,2011,ND,MID,25.0,104,7,86.9,549.3,105.47,103.03,89.7,105.47,98.03,0.528,1,0
matt-rosa,2012,ND,MID,26.0,121,8,83.8,266.4,108.16,104.37,93.79,108.16,101.21,0.516,1,0
matt-rosa,2013,ND,MID,27.0,132,9,79.13,261.3,102.25,92.59,77.48,102.25,87.38,0.4,1,0
matt-rosa,2014,ND,MID,28.0,146,10,78.53,94.9,101.62,94.25,79.54,101.62,88.37,0.4,1,0
matt-rosa,2015,ND,MID,29.0,160,11,74.57,42.1,94.7,88.74,74.24,94.7,82.43,0.4,1,0
matt-rosa,2016,ND,MID,30.0,175,12,73.05,23.0,88.15,80.94,67.44,88.15,75.73,0.4,1,0
matt-rosa,2017,ND,MID,31.0,194,13,74.0,0.4,88.89,81.44,66.67,88.89,75.56,0.4,1,0
matt-rosa,2018,ND,MID,32.0,199,14,62.4,0.0,85.61,75.86,59.87,85.61,70.17,0.4,1,0
andrew-lee,2004,ND,KPD,18.0,0,0,0.0,0.0,93.69,88.68,67.16,93.69,93.69,1.0,1,0
jarred-moore,2004,ND,SF,18.0,0,0,74.3,184.9,88.87,82.23,57.29,88.87,88.87,1.0,1,0
jarred-moore,2005,ND,SF,19.0,5,1,74.3,210.8,86.27,78.71,60.56,86.27,86.27,1.0,1,0
jarred-moore,2006,ND,SF,20.0,7,2,74.3,240.3,86.22,72.76,56.88,86.22,86.22,1.0,1,0
jarred-moore,2007,ND,SF,21.0,9,3,74.3,273.9,90.71,74.79,57.85,90.71,86.77,0.88,1,0
jarred-moore,2008,ND,SF,22.0,30,4,74.3,226.2,101.26,92.43,80.16,101.26,96.38,0.769,1,0
jarred-moore,2009,ND,SF,23.0,46,5,72.05,173.6,92.48,84.93,71.17,92.48,85.45,0.67,1,0
jarred-moore,2010,ND,SF,24.0,61,6,74.6,0.0,90.39,84.87,75.17,90.39,84.0,0.58,1,0
jarred-moore,2011,ND,SF,25.0,64,7,42.3,0.0,84.16,75.58,65.49,84.16,75.2,0.52,1,0
brent-prismall,2004,ND,MID,18.0,0,0,83.93,318.6,106.66,91.5,60.13,106.66,106.66,1.0,1,0
brent-prismall,2005,ND,MID,19.0,0,1,83.93,363.2,106.66,91.41,62.72,106.66,106.66,1.0,1,0
brent-prismall,2006,ND,MID,20.0,8,2,83.93,413.9,105.99,92.35,61.47,105.99,105.99,1.0,1,0
brent-prismall,2007,ND,MID,21.0,13,3,83.93,466.5,104.4,91.1,64.82,104.4,99.65,0.88,1,0
brent-prismall,2008,ND,MID,22.0,24,4,83.93,434.5,112.53,100.24,81.81,112.53,105.15,0.76,1,0
brent-prismall,2009,ND,MID,23.0,36,5,76.4,196.3,113.73,104.03,88.25,113.73,105.67,0.684,1,0
brent-prismall,2010,ND,MID,24.0,51,6,70.8,0.1,108.36,102.15,87.23,108.36,99.67,0.589,1,0
brent-prismall,2011,ND,MID,25.0,59,7,56.8,0.0,92.45,82.95,66.02,92.45,79.77,0.52,1,0
james-ezard,2004,ND,MID,18.0,0,0,27.2,0.0,105.42,91.3,59.01,105.42,105.42,1.0,1,0
james-ezard,2005,ND,MID,19.0,0,1,27.2,0.0,105.42,91.22,61.87,105.42,105.42,1.0,1,0
james-ezard,2006,ND,MID,20.0,4,2,27.2,0.0,101.33,85.85,55.87,101.33,101.33,1.0,1,0
fabian-deluca,2004,ND,RUCK,18.0,0,0,33.0,0.0,109.76,93.81,51.07,109.76,109.76,1.0,1,0
fabian-deluca,2005,ND,RUCK,19.0,0,1,33.0,0.0,109.76,94.1,64.9,109.76,109.76,1.0,1,0
fabian-deluca,2006,ND,RUCK,20.0,3,2,33.0,0.0,113.56,98.17,62.66,113.56,113.56,1.0,1,0
fabian-deluca,2007,ND,RUCK,21.0,6,3,32.0,0.0,110.4,89.21,61.18,110.4,104.5,0.88,1,0
fabian-deluca,2008,ND,RUCK,22.0,11,4,32.0,0.0,110.1,92.29,56.57,110.1,97.25,0.76,1,0
luke-mcguane,2004,ND,KPD,18.0,0,0,65.67,118.9,94.07,88.55,63.27,94.07,94.07,1.0,1,0
luke-mcguane,2005,ND,KPD,19.0,0,1,65.67,135.6,94.07,88.0,64.33,94.07,94.07,1.0,1,0
luke-mcguane,2006,ND,KPD,20.0,2,2,65.67,154.6,90.3,83.25,59.94,90.3,90.3,1.0,1,0
luke-mcguane,2007,ND,KPD,21.0,16,3,65.67,171.1,91.17,80.13,66.28,91.17,88.18,0.88,1,0
luke-mcguane,2008,ND,KPD,22.0,32,4,65.67,172.7,89.66,83.57,70.43,89.66,85.04,0.76,1,0
luke-mcguane,2009,ND,KPD,23.0,54,5,65.0,190.2,80.35,76.95,66.43,80.35,75.76,0.67,1,0
luke-mcguane,2010,ND,KPD,24.0,70,6,65.0,207.0,75.3,73.34,64.92,75.3,70.94,0.58,1,0
luke-mcguane,2011,ND,KPD,25.0,84,7,65.0,223.8,74.12,70.44,65.97,74.12,70.21,0.52,1,0
luke-mcguane,2012,ND,KPD,26.0,93,8,67.6,42.9,77.57,73.52,68.82,77.57,72.84,0.46,1,0
luke-mcguane,2013,ND,KPD,27.0,105,9,62.1,10.9,72.45,68.26,62.85,72.45,66.69,0.4,1,0
luke-mcguane,2014,ND,KPD,28.0,108,10,60.2,12.4,70.44,59.63,52.82,70.44,59.87,0.4,1,0
luke-mcguane,2015,ND,KPD,29.0,112,11,60.2,0.0,68.93,63.13,52.37,68.93,59.0,0.4,1,0
mark-lecras,2004,ND,SF,18.0,0,0,87.03,1441.8,89.32,84.64,55.02,89.32,89.32,1.0,1,0
mark-lecras,2005,ND,SF,19.0,2,1,87.03,1643.6,88.07,81.31,55.91,88.07,88.07,1.0,1,0
mark-lecras,2006,ND,SF,20.0,5,2,87.03,1474.6,95.85,85.65,59.94,95.85,95.85,1.0,1,0
mark-lecras,2007,ND,SF,21.0,22,3,87.03,1670.6,95.02,87.68,66.56,95.02,91.61,0.88,1,0
mark-lecras,2008,ND,SF,22.0,33,4,87.03,1899.5,87.66,83.85,65.22,87.66,82.27,0.76,1,0
mark-lecras,2009,ND,SF,23.0,54,5,87.03,1699.1,103.75,97.07,84.24,103.75,98.02,0.706,1,0
mark-lecras,2010,ND,SF,24.0,75,6,86.8,1532.5,102.19,97.77,86.85,102.19,96.71,0.643,1,0
mark-lecras,2011,ND,SF,25.0,94,7,86.8,1227.2,99.26,98.2,86.03,99.26,94.32,0.627,1,0
mark-lecras,2012,ND,SF,26.0,94,8,85.4,1399.0,98.46,94.97,82.2,98.46,91.63,0.58,1,0
mark-lecras,2013,ND,SF,27.0,109,9,85.4,1148.2,97.58,92.13,79.04,97.58,88.76,0.524,1,0
mark-lecras,2014,ND,SF,28.0,124,10,83.77,673.4,99.35,96.44,82.25,99.35,92.29,0.587,1,0
mark-lecras,2015,ND,SF,29.0,145,11,76.97,366.0,94.19,90.0,78.52,94.19,86.69,0.521,1,0
mark-lecras,2016,ND,SF,30.0,167,12,71.73,107.2,92.3,86.19,73.7,92.3,82.53,0.475,1,0
mark-lecras,2017,ND,SF,31.0,184,13,68.2,82.0,79.93,77.88,64.26,79.93,70.53,0.4,1,0
mark-lecras,2018,ND,SF,32.0,204,14,70.0,0.0,79.38,75.72,63.7,79.38,69.98,0.4,1,0
damien-mccormack,2004,ND,SD,18.0,0,0,0.0,0.0,101.87,89.29,61.21,101.87,101.87,1.0,1,0
travis-cloke,2004,ND,KPF,18.0,0,0,94.53,2007.6,88.47,77.68,47.47,88.47,88.47,1.0,1,0
travis-cloke,2005,ND,KPF,19.0,15,1,94.53,2286.0,97.42,89.95,71.9,97.42,97.42,1.0,1,0
travis-cloke,2006,ND,KPF,20.0,30,2,94.53,2605.1,94.61,89.24,69.71,94.61,94.61,1.0,1,0
travis-cloke,2007,ND,KPF,21.0,52,3,94.53,2526.0,103.89,99.32,87.89,103.89,102.03,0.884,1,0
travis-cloke,2008,ND,KPF,22.0,73,4,94.53,2491.8,102.79,98.57,89.33,102.79,99.91,0.786,1,0
travis-cloke,2009,ND,KPF,23.0,92,5,94.53,2560.7,99.92,95.17,84.15,99.92,95.15,0.698,1,0
travis-cloke,2010,ND,KPF,24.0,112,6,94.53,2159.5,102.32,103.22,92.87,103.22,100.23,0.711,1,0
travis-cloke,2011,ND,KPF,25.0,134,7,91.47,1504.5,111.73,109.25,100.39,111.73,109.05,0.763,1,0
travis-cloke,2012,ND,KPF,26.0,156,8,83.07,1215.0,97.43,95.75,90.5,97.43,94.99,0.648,1,0
travis-cloke,2013,ND,KPF,27.0,177,9,79.0,498.3,104.35,101.95,94.01,104.35,101.09,0.685,1,0
travis-cloke,2014,ND,KPF,28.0,197,10,70.27,317.9,93.18,88.45,78.52,93.18,86.33,0.533,1,0
travis-cloke,2015,ND,KPF,29.0,214,11,67.83,194.5,84.21,81.48,71.35,84.21,77.13,0.449,1,0
travis-cloke,2016,ND,KPF,30.0,227,12,67.1,140.9,81.65,72.26,64.76,81.65,71.51,0.4,1,0
travis-cloke,2017,ND,KPF,31.0,237,13,69.0,0.0,81.04,73.94,63.56,81.04,70.56,0.4,1,0
ivan-maric,2004,ND,RUCK,18.0,0,0,103.33,936.4,108.1,99.5,51.81,108.1,108.1,1.0,1,0
ivan-maric,2005,ND,RUCK,19.0,0,1,103.33,1067.5,108.1,99.78,65.99,108.1,108.1,1.0,1,0
ivan-maric,2006,ND,RUCK,20.0,8,2,103.33,1217.0,108.82,97.65,64.58,108.82,108.82,1.0,1,0
ivan-maric,2007,ND,RUCK,21.0,14,3,103.33,1387.3,106.76,96.27,64.6,106.76,101.7,0.88,1,0
ivan-maric,2008,ND,RUCK,22.0,29,4,103.33,1558.6,114.47,106.72,87.01,114.47,107.88,0.76,1,0
ivan-maric,2009,ND,RUCK,23.0,47,5,103.33,1776.7,112.16,102.02,76.97,112.16,100.55,0.67,1,0
ivan-maric,2010,ND,RUCK,24.0,68,6,103.33,2021.0,111.16,101.41,77.73,111.16,97.12,0.58,1,0
ivan-maric,2011,ND,RUCK,25.0,74,7,103.33,2296.2,102.93,97.01,76.3,102.93,90.15,0.52,1,0
ivan-maric,2012,ND,RUCK,26.0,95,8,103.33,1435.5,128.61,125.42,116.95,128.61,126.09,0.784,1,0
ivan-maric,2013,ND,RUCK,27.0,114,9,97.33,1032.1,113.01,113.53,104.56,113.53,110.26,0.636,1,0
ivan-maric,2014,ND,RUCK,28.0,127,10,97.55,493.1,112.24,111.07,101.82,112.24,108.46,0.638,1,0
ivan-maric,2015,ND,RUCK,29.0,148,11,95.4,0.0,108.09,107.03,96.88,108.09,103.47,0.588,1,0
ivan-maric,2016,ND,RUCK,30.0,151,12,52.0,0.0,103.25,97.34,82.95,103.25,92.53,0.472,1,0
luke-blackwell,2004,ND,MID,18.0,0,0,54.1,0.2,106.38,92.13,58.42,106.38,106.38,1.0,1,0
luke-blackwell,2005,ND,MID,19.0,0,1,54.1,0.2,106.38,92.42,61.63,106.38,106.38,1.0,1,0
luke-blackwell,2006,ND,MID,20.0,12,2,54.1,0.2,102.69,90.72,60.44,102.69,102.69,1.0,1,0
luke-blackwell,2007,ND,MID,21.0,23,3,59.7,0.0,105.31,92.23,62.45,105.31,100.16,0.88,1,0
jesse-smith,2004,ND,SD,18.0,0,0,59.75,96.7,106.85,98.21,82.21,106.85,106.85,1.0,1,0
jesse-smith,2005,ND,SD,19.0,6,1,59.75,110.2,99.63,90.89,73.59,99.63,99.63,1.0,1,0
jesse-smith,2006,ND,SD,20.0,8,2,79.2,125.7,95.64,82.72,65.42,95.64,95.64,1.0,1,0
jesse-smith,2007,ND,SD,21.0,24,3,79.2,12.7,109.31,98.46,89.86,109.31,106.98,0.88,1,0
jesse-smith,2008,ND,SD,22.0,26,4,73.0,0.0,104.76,96.11,84.15,104.76,99.82,0.76,1,0
michael-newton,2004,ND,KPF,18.0,0,0,50.75,148.4,92.18,82.66,41.92,92.18,92.18,1.0,1,0
michael-newton,2005,ND,KPF,19.0,0,1,50.75,169.2,92.18,83.08,55.04,92.18,92.18,1.0,1,0
michael-newton,2006,ND,KPF,20.0,0,2,50.75,192.9,91.71,78.95,57.47,91.71,91.71,1.0,1,0
michael-newton,2007,ND,KPF,21.0,10,3,50.75,211.5,95.38,76.88,57.18,95.38,90.79,0.88,1,0
michael-newton,2008,ND,KPF,22.0,16,4,44.5,241.0,86.0,73.03,54.56,86.0,78.46,0.76,1,0
michael-newton,2009,ND,KPF,23.0,21,5,85.7,260.7,84.09,74.38,56.25,84.09,74.9,0.67,1,0
michael-newton,2010,ND,KPF,24.0,25,6,85.7,297.2,79.27,69.44,50.32,79.27,67.11,0.58,1,0
michael-newton,2011,ND,KPF,25.0,28,7,85.7,0.0,80.88,70.06,57.68,80.88,69.75,0.52,1,0
mitch-morton,2004,ND,SF,18.0,0,0,76.5,392.1,95.51,92.56,67.6,95.51,95.51,1.0,1,0
mitch-morton,2005,ND,SF,19.0,3,1,76.5,447.0,91.06,86.21,64.67,91.06,91.06,1.0,1,0
mitch-morton,2006,ND,SF,20.0,4,2,76.5,509.6,92.57,83.1,62.67,92.57,92.57,1.0,1,0
mitch-morton,2007,ND,SF,21.0,12,3,76.5,576.5,92.79,79.69,65.88,92.79,89.56,0.88,1,0
mitch-morton,2008,ND,SF,22.0,29,4,76.5,563.7,94.63,92.28,74.64,94.63,89.83,0.76,1,0
mitch-morton,2009,ND,SF,23.0,50,5,71.77,232.4,103.51,98.28,83.13,103.51,97.45,0.703,1,0
mitch-morton,2010,ND,SF,24.0,62,6,60.3,1.3,99.35,97.05,81.62,99.35,92.45,0.611,1,0
mitch-morton,2011,ND,SF,25.0,71,7,51.9,0.1,81.41,79.16,68.08,81.41,75.01,0.52,1,0
mitch-morton,2012,ND,SF,26.0,73,8,48.0,0.1,73.99,71.86,61.0,73.99,66.98,0.46,1,0
mitch-morton,2013,ND,SF,27.0,80,9,48.0,0.0,71.35,69.83,54.32,71.35,61.13,0.4,1,0
justin-sherman,2004,ND,SF,18.0,0,0,83.07,511.1,89.78,83.28,53.92,89.78,89.78,1.0,1,0
justin-sherman,2005,ND,SF,19.0,19,1,83.07,582.4,98.3,90.0,69.67,98.3,98.3,1.0,1,0
justin-sherman,2006,ND,SF,20.0,41,2,83.07,281.7,108.78,106.23,88.82,108.78,108.78,1.0,1,0
justin-sherman,2007,ND,SF,21.0,55,3,74.5,320.5,99.65,93.37,80.03,99.65,97.29,0.88,1,0
justin-sherman,2008,ND,SF,22.0,73,4,74.5,364.0,94.69,87.75,73.66,94.69,89.64,0.76,1,0
justin-sherman,2009,ND,SF,23.0,95,5,74.5,21.6,106.78,100.29,91.53,106.78,102.82,0.74,1,0
justin-sherman,2010,ND,SF,24.0,112,6,65.57,23.5,88.79,85.85,73.05,88.79,82.18,0.58,1,0
justin-sherman,2011,ND,SF,25.0,126,7,66.25,23.3,84.05,78.31,68.66,84.05,76.66,0.52,1,0
justin-sherman,2012,ND,SF,26.0,136,8,64.9,0.0,79.56,75.31,67.57,79.56,73.09,0.46,1,0
henry-slattery,2004,ND,SD,18.0,0,0,57.63,0.3,101.34,87.94,58.52,101.34,101.34,1.0,1,0
henry-slattery,2005,ND,SD,19.0,4,1,57.63,0.4,99.16,86.04,60.05,99.16,99.16,1.0,1,0
henry-slattery,2006,ND,SD,20.0,12,2,57.63,0.4,95.75,84.87,62.03,95.75,95.75,1.0,1,0
henry-slattery,2007,ND,SD,21.0,32,3,57.63,0.5,97.4,85.29,63.25,97.4,93.3,0.88,1,0
henry-slattery,2008,ND,SD,22.0,52,4,57.63,0.5,86.59,78.95,61.28,86.59,80.51,0.76,1,0
henry-slattery,2009,ND,SD,23.0,72,5,57.63,0.1,85.5,80.68,65.68,85.5,78.96,0.67,1,0
henry-slattery,2010,ND,SD,24.0,85,6,55.7,0.1,80.9,73.6,61.6,80.9,72.79,0.58,1,0
henry-slattery,2011,ND,SD,25.0,93,7,57.6,0.0,79.07,72.86,61.22,79.07,70.5,0.52,1,0
henry-slattery,2012,ND,SD,26.0,95,8,12.5,0.0,75.12,68.05,50.85,75.12,62.01,0.46,1,0
nathan-ablett,2004,ND,KPF,19.0,0,0,49.2,230.3,92.51,81.41,54.96,92.51,92.51,1.0,1,0
nathan-ablett,2005,ND,KPF,20.0,3,1,49.2,7.1,90.77,77.39,56.45,90.77,90.77,1.0,1,0
nathan-ablett,2006,ND,KPF,21.0,10,2,49.2,8.1,92.39,71.87,52.82,92.39,87.64,0.88,1,0
nathan-ablett,2007,ND,KPF,22.0,28,3,57.3,0.0,88.59,80.17,65.06,88.59,82.94,0.76,1,0
nathan-ablett,2008,ND,KPF,23.0,28,4,38.5,0.0,83.31,72.08,61.31,83.31,76.05,0.67,1,0
nathan-ablett,2009,ND,KPF,24.0,28,5,38.5,0.0,78.02,67.85,55.18,78.02,68.43,0.58,1,0
nathan-ablett,2010,ND,KPF,25.0,28,6,38.5,0.0,73.71,64.42,49.61,73.71,62.14,0.52,1,0
nathan-ablett,2011,ND,KPF,26.0,30,7,38.5,0.0,70.47,60.84,40.25,70.47,54.15,0.46,1,0
jayden-attard,2004,ND,SD,18.0,0,0,44.0,0.0,101.28,84.85,58.52,101.28,101.28,1.0,1,0
jayden-attard,2005,ND,SD,19.0,2,1,44.0,0.0,99.58,84.39,60.34,99.58,99.58,1.0,1,0
jayden-attard,2006,ND,SD,20.0,5,2,44.0,0.0,95.67,80.72,57.63,95.67,95.67,1.0,1,0
jayden-attard,2007,ND,SD,21.0,25,3,44.0,0.0,89.07,80.59,58.48,89.07,85.4,0.88,1,0
ben-eckermann,2004,ND,MID,18.0,0,0,21.7,0.0,106.32,87.24,54.57,106.32,106.32,1.0,1,0
ben-eckermann,2005,ND,MID,19.0,4,1,21.7,0.0,100.64,87.83,56.17,100.64,100.64,1.0,1,0
dean-limbach,2004,ND,KPF,18.0,0,0,0.0,0.0,92.45,79.02,40.75,92.45,92.45,1.0,1,0
simon-taylor,2004,ND,RUCK,22.0,0,0,52.47,0.1,102.29,86.37,57.94,102.29,91.64,0.76,1,0
simon-taylor,2005,ND,RUCK,23.0,17,1,52.47,0.1,104.87,82.54,58.66,104.87,89.62,0.67,1,0
simon-taylor,2006,ND,RUCK,24.0,24,2,52.47,0.1,99.08,83.73,53.35,99.08,79.87,0.58,1,0
simon-taylor,2007,ND,RUCK,25.0,46,3,52.47,0.1,94.96,84.36,57.19,94.96,76.83,0.52,1,0
simon-taylor,2008,ND,RUCK,26.0,64,4,53.0,0.0,94.08,87.09,62.32,94.08,76.93,0.46,1,0
simon-taylor,2009,ND,RUCK,27.0,82,5,52.6,0.0,99.29,86.97,68.99,99.29,81.11,0.4,1,0
simon-taylor,2010,ND,RUCK,28.0,83,6,18.0,0.0,96.93,83.56,61.03,96.93,75.39,0.4,1,0
stephen-tiller,2004,ND,SD,18.0,0,0,40.7,5.9,99.43,83.45,58.04,99.43,99.43,1.0,1,0
stephen-tiller,2005,ND,SD,19.0,0,1,40.7,6.7,99.43,85.91,61.63,99.43,99.43,1.0,1,0
stephen-tiller,2006,ND,SD,20.0,0,2,40.7,7.7,96.6,80.73,57.67,96.6,96.6,1.0,1,0
stephen-tiller,2007,ND,SD,21.0,5,3,40.7,8.7,95.04,76.29,55.0,95.04,90.23,0.88,1,0
stephen-tiller,2008,ND,SD,22.0,14,4,40.7,10.0,82.34,66.94,49.07,82.34,74.35,0.76,1,0
stephen-tiller,2009,ND,SD,23.0,19,5,63.2,0.0,84.12,71.9,53.12,84.12,73.89,0.67,1,0
adam-iacobucci,2004,ND,SD,18.0,0,0,34.6,0.0,99.29,82.11,52.29,99.29,99.29,1.0,1,0
adam-iacobucci,2005,ND,SD,19.0,3,1,34.6,0.0,99.58,85.28,60.14,99.58,99.58,1.0,1,0
adam-iacobucci,2006,ND,SD,20.0,4,2,27.0,0.0,95.68,79.0,56.02,95.68,95.68,1.0,1,0
chris-knights,2004,ND,SF,18.0,0,0,86.07,535.8,91.89,79.34,50.83,91.89,91.89,1.0,1,0
chris-knights,2005,ND,SF,19.0,2,1,86.07,610.8,85.16,71.02,48.65,85.16,85.16,1.0,1,0
chris-knights,2006,ND,SF,20.0,12,2,86.07,696.3,84.08,72.16,53.53,84.08,84.08,1.0,1,0
chris-knights,2007,ND,SF,21.0,33,3,86.07,411.6,110.45,102.55,86.64,110.45,108.26,0.908,1,0
chris-knights,2008,ND,SF,22.0,48,4,78.9,253.3,111.82,104.37,88.83,111.82,107.55,0.814,1,0
chris-knights,2009,ND,SF,23.0,66,5,76.1,108.6,109.37,103.0,89.92,109.37,104.24,0.736,1,0
chris-knights,2010,ND,SF,24.0,71,6,69.1,118.1,101.52,97.05,80.14,101.52,93.17,0.609,1,0
chris-knights,2011,ND,SF,25.0,87,7,69.1,57.3,86.29,81.83,69.11,86.29,78.05,0.52,1,0
chris-knights,2012,ND,SF,26.0,92,8,70.6,65.2,73.36,70.84,60.19,73.36,66.25,0.46,1,0
chris-knights,2013,ND,SF,27.0,97,9,70.6,0.0,77.4,74.38,63.43,77.4,69.02,0.4,1,0
chris-knights,2014,ND,SF,28.0,97,10,25.0,0.0,77.14,72.51,59.91,77.14,66.8,0.4,1,0
chris-knights,2015,ND,SF,29.0,98,11,25.0,0.0,67.41,63.63,50.42,67.41,57.21,0.4,1,0
brad-moran,2004,ND,RUCK,18.0,0,0,66.15,250.7,109.43,90.13,38.76,109.43,109.43,1.0,1,0
brad-moran,2005,ND,RUCK,19.0,0,1,66.15,285.8,109.43,93.2,60.51,109.43,109.43,1.0,1,0
brad-moran,2006,ND,RUCK,20.0,2,2,66.15,115.9,107.04,91.45,60.98,107.04,107.04,1.0,1,0
brad-moran,2007,ND,RUCK,21.0,3,3,66.15,132.2,110.54,95.39,70.3,110.54,105.71,0.88,1,0
brad-moran,2008,ND,RUCK,22.0,9,4,66.15,24.4,108.99,95.36,72.63,108.99,100.27,0.76,1,0
brad-moran,2009,ND,RUCK,23.0,16,5,61.6,0.0,112.3,94.76,71.65,112.3,98.88,0.67,1,0
brad-moran,2010,ND,RUCK,24.0,16,6,42.8,0.0,101.94,90.32,67.39,101.94,87.43,0.58,1,0
brad-moran,2011,ND,RUCK,25.0,20,7,42.8,0.0,97.41,92.05,62.62,97.41,80.71,0.52,1,0
benet-copping,2004,ND,KPF,18.0,0,0,0.0,0.0,92.97,77.54,33.12,92.97,92.97,1.0,1,0
paul-thomas,2004,ND,MID,22.0,0,0,42.6,0.0,89.87,73.74,42.79,89.87,78.57,0.76,1,0
paul-thomas,2005,ND,MID,23.0,8,1,42.6,0.0,80.88,72.61,33.02,80.88,65.09,0.67,1,0
matthew-egan,2004,ND,SD,21.0,0,0,58.57,29.9,93.35,75.71,52.77,93.35,88.48,0.88,1,0
matthew-egan,2005,ND,SD,22.0,13,1,58.57,32.6,88.22,74.91,52.85,88.22,79.73,0.76,1,0
matthew-egan,2006,ND,SD,23.0,35,2,61.2,25.4,85.89,81.34,64.39,85.89,78.79,0.67,1,0
matthew-egan,2007,ND,SD,24.0,57,3,62.7,0.0,86.0,80.51,66.44,86.0,77.79,0.58,1,0
james-gwilt,2004,ND,SD,18.0,0,0,78.27,217.6,98.96,81.88,45.24,98.96,98.96,1.0,1,0
james-gwilt,2005,ND,SD,19.0,0,1,78.27,248.1,98.96,85.14,57.24,98.96,98.96,1.0,1,0
james-gwilt,2006,ND,SD,20.0,2,2,78.27,282.8,94.17,80.07,55.02,94.17,94.17,1.0,1,0
james-gwilt,2007,ND,SD,21.0,10,3,78.27,321.5,98.34,79.6,58.93,98.34,93.61,0.88,1,0
james-gwilt,2008,ND,SD,22.0,20,4,78.27,366.4,89.65,80.26,60.81,89.65,82.73,0.76,1,0
james-gwilt,2009,ND,SD,23.0,35,5,78.27,415.5,90.3,83.54,67.79,90.3,82.87,0.67,1,0
james-gwilt,2010,ND,SD,24.0,57,6,78.27,275.8,94.89,90.52,75.98,94.89,86.95,0.58,1,0
james-gwilt,2011,ND,SD,25.0,72,7,78.27,108.9,99.8,98.5,81.4,99.8,90.97,0.52,1,0
james-gwilt,2012,ND,SD,26.0,86,8,74.87,122.5,86.24,82.56,70.75,86.24,77.88,0.46,1,0
james-gwilt,2013,ND,SD,27.0,99,9,74.87,132.8,84.79,79.18,68.3,84.79,74.89,0.4,1,0
james-gwilt,2014,ND,SD,28.0,116,10,74.87,126.3,84.6,78.46,70.82,84.6,76.34,0.4,1,0
james-gwilt,2015,ND,SD,29.0,127,11,76.25,46.7,85.2,82.72,70.33,85.2,76.28,0.4,1,0
james-gwilt,2016,ND,SD,30.0,142,12,74.9,0.0,87.28,82.06,69.6,87.28,76.67,0.4,1,0
luke-forsyth,2004,ND,SF,18.0,0,0,0.0,0.0,89.71,73.86,46.77,89.71,89.71,1.0,1,0
toby-stribling,2004,ND,MID,18.0,0,0,0.0,0.0,103.33,80.72,41.93,103.33,103.33,1.0,1,0
ben-schwarze,2004,ND,SD,21.0,0,0,46.6,0.0,90.78,75.26,52.94,90.78,86.24,0.88,1,0
ben-schwarze,2005,ND,SD,22.0,0,1,46.6,0.0,82.07,70.49,49.88,82.07,74.34,0.76,1,0
ben-schwarze,2006,ND,SD,23.0,11,2,46.6,0.0,81.72,66.39,45.03,81.72,69.62,0.67,1,0
chris-bryan,2004,ND,RUCK,22.0,0,0,56.7,1.8,99.61,85.04,54.66,99.61,88.83,0.76,1,0
chris-bryan,2005,ND,RUCK,23.0,11,1,56.7,0.1,108.22,89.22,63.4,108.22,93.43,0.67,1,0
chris-bryan,2006,ND,RUCK,24.0,16,2,52.95,0.1,97.65,84.95,48.92,97.65,77.19,0.58,1,0
chris-bryan,2007,ND,RUCK,25.0,26,3,52.95,0.1,98.05,87.38,58.15,98.05,78.9,0.52,1,0
chris-bryan,2008,ND,RUCK,26.0,41,4,56.0,0.0,92.25,86.67,63.6,92.25,76.78,0.46,1,0
chris-bryan,2009,ND,RUCK,27.0,42,5,27.0,0.0,90.57,80.38,59.07,90.57,71.67,0.4,1,0
anthony-raso,2004,ND,KPF,18.0,0,0,0.0,0.0,90.2,74.6,25.3,90.2,90.2,1.0,1,0
will-thursfield,2004,RD,KPD,18.0,0,0,55.5,6.4,103.09,97.89,65.17,103.09,103.09,1.0,1,0
will-thursfield,2005,RD,KPD,19.0,6,1,55.5,5.6,101.26,97.64,78.3,101.26,101.26,1.0,1,0
will-thursfield,2006,RD,KPD,20.0,7,2,54.87,6.4,93.87,85.62,65.16,93.87,93.87,1.0,1,0
will-thursfield,2007,RD,KPD,21.0,22,3,54.87,2.6,93.91,86.67,65.95,93.91,90.56,0.88,1,0
will-thursfield,2008,RD,KPD,22.0,40,4,51.57,2.8,81.93,78.71,60.97,81.93,76.9,0.76,1,0
will-thursfield,2009,RD,KPD,23.0,53,5,49.87,3.2,73.44,67.59,54.87,73.44,67.32,0.67,1,0
will-thursfield,2010,RD,KPD,24.0,67,6,53.9,2.4,67.44,65.07,54.78,67.44,62.12,0.58,1,0
will-thursfield,2011,RD,KPD,25.0,77,7,55.2,0.0,71.75,67.23,56.75,71.75,64.55,0.52,1,0
ruory-kirkby,2004,RD,SD,18.0,0,0,0.0,0.0,108.91,98.01,61.68,108.91,108.91,1.0,1,0
rowan-nayna,2004,RD,SD,18.0,0,0,0.0,0.0,108.91,98.01,61.68,108.91,108.91,1.0,1,0
ben-davies,2004,RD,MID,18.0,0,0,52.5,0.1,112.82,94.9,52.22,112.82,112.82,1.0,1,0
ben-davies,2005,RD,MID,19.0,7,1,52.5,0.1,114.08,97.2,66.02,114.08,114.08,1.0,1,0
ben-davies,2006,RD,MID,20.0,12,2,59.5,0.1,105.11,90.94,58.14,105.11,105.11,1.0,1,0
ben-davies,2007,RD,MID,21.0,12,3,59.5,0.1,103.85,85.51,53.44,103.85,97.8,0.88,1,0
ben-davies,2008,RD,MID,22.0,14,4,59.5,0.0,93.79,82.77,50.39,93.79,83.38,0.76,1,0
ryan-nye,2004,RD,SD,18.0,0,0,0.0,0.0,108.91,98.01,61.68,108.91,108.91,1.0,1,0
daniel-batson,2004,RD,RUCK,18.0,0,0,0.0,0.0,115.06,103.63,54.35,115.06,115.06,1.0,1,0
josh-gibson,2004,RD,KPD,20.0,0,0,91.1,1662.3,97.65,90.86,74.34,97.65,97.65,1.0,1,0
josh-gibson,2005,RD,KPD,21.0,0,1,91.1,1895.0,98.07,84.5,69.42,98.07,94.64,0.88,1,0
josh-gibson,2006,RD,KPD,22.0,11,2,91.1,2137.4,91.7,82.08,64.79,91.7,85.24,0.76,1,0
josh-gibson,2007,RD,KPD,23.0,20,3,91.1,2231.8,92.39,84.11,70.62,92.39,85.21,0.67,1,0
josh-gibson,2008,RD,KPD,24.0,39,4,91.1,2348.9,88.49,86.99,74.36,88.49,82.55,0.58,1,0
josh-gibson,2009,RD,KPD,25.0,61,5,91.1,2292.8,95.95,90.76,82.36,95.95,90.09,0.569,1,0
josh-gibson,2010,RD,KPD,26.0,72,6,91.1,2284.4,95.31,95.99,83.22,95.99,89.81,0.516,1,0
josh-gibson,2011,RD,KPD,27.0,94,7,91.1,1923.6,98.46,98.05,88.74,98.46,94.46,0.588,1,0
josh-gibson,2012,RD,KPD,28.0,113,8,91.1,1819.1,94.89,90.74,84.23,94.89,89.84,0.527,1,0
josh-gibson,2013,RD,KPD,29.0,134,9,91.1,1694.4,93.5,90.22,78.66,93.5,86.12,0.503,1,0
josh-gibson,2014,RD,KPD,30.0,148,10,91.1,1166.2,92.32,91.78,84.97,92.32,89.29,0.588,1,0
josh-gibson,2015,RD,KPD,31.0,169,11,79.03,615.0,95.56,93.58,87.66,95.56,92.65,0.632,1,0
josh-gibson,2016,RD,KPD,32.0,190,12,73.2,3.5,98.3,93.58,82.67,98.3,92.67,0.64,1,0
josh-gibson,2017,RD,KPD,33.0,202,13,56.3,0.0,84.82,79.29,68.34,84.82,75.57,0.439,1,0
joe-krieger,2004,RD,MID,18.0,0,0,0.0,0.0,112.82,94.9,52.22,112.82,112.82,1.0,1,0
ben-sharp,2004,RD,MID,18.0,0,0,0.0,0.0,112.82,94.9,52.22,112.82,112.82,1.0,1,0
brendan-van-schaik,2004,RD,KPF,18.0,0,0,0.0,0.0,105.48,97.39,61.85,105.48,105.48,1.0,1,0
ryan-bain,2004,RD,MID,18.0,0,0,0.0,0.0,112.82,94.9,52.22,112.82,112.82,1.0,1,0
guy-campbell,2004,RD,KPD,22.0,0,0,0.0,0.0,91.29,79.48,65.74,91.29,85.16,0.76,1,0
jarrod-garth,2004,RD,KPF,18.0,0,0,0.0,0.0,105.48,97.39,61.85,105.48,105.48,1.0,1,0
travis-baird,2004,RD,SD,18.0,0,0,39.6,0.0,108.91,98.01,61.68,108.91,108.91,1.0,1,0
travis-baird,2005,RD,SD,19.0,2,1,39.6,0.0,104.11,93.36,67.68,104.11,104.11,1.0,1,0
travis-baird,2006,RD,SD,20.0,5,2,39.6,0.0,100.97,87.5,59.27,100.97,100.97,1.0,1,0
danyle-pearce,2004,RD,SF,18.0,0,0,84.17,622.3,97.91,83.99,50.25,97.91,97.91,1.0,1,0
danyle-pearce,2005,RD,SF,19.0,5,1,84.17,709.4,96.51,84.72,60.58,96.51,96.51,1.0,1,0
danyle-pearce,2006,RD,SF,20.0,27,2,84.17,655.2,102.75,100.16,84.44,102.75,102.75,1.0,1,0
danyle-pearce,2007,RD,SF,21.0,45,3,83.87,698.8,106.03,95.52,82.5,106.03,103.38,0.888,1,0
danyle-pearce,2008,RD,SF,22.0,66,4,83.87,679.1,107.87,99.65,86.34,107.87,103.26,0.786,1,0
danyle-pearce,2009,RD,SF,23.0,88,5,83.87,742.7,100.04,94.11,83.16,100.04,94.64,0.68,1,0
danyle-pearce,2010,RD,SF,24.0,110,6,83.87,625.6,102.98,96.86,88.6,102.98,97.91,0.647,1,0
danyle-pearce,2011,RD,SF,25.0,129,7,82.37,669.7,97.84,93.29,81.64,97.84,90.66,0.557,1,0
danyle-pearce,2012,RD,SF,26.0,149,8,82.37,513.2,97.8,92.24,85.93,97.8,92.61,0.563,1,0
danyle-pearce,2013,RD,SF,27.0,171,9,80.5,431.6,94.72,88.41,80.01,94.72,87.17,0.487,1,0
danyle-pearce,2014,RD,SF,28.0,193,10,79.67,359.2,92.88,86.92,78.39,92.88,85.43,0.486,1,0
danyle-pearce,2015,RD,SF,29.0,214,11,74.3,60.7,91.77,86.0,77.42,91.77,84.28,0.478,1,0
danyle-pearce,2016,RD,SF,30.0,236,12,71.35,1.6,87.44,83.29,75.16,87.44,80.71,0.452,1,0
danyle-pearce,2017,RD,SF,31.0,243,13,65.0,0.6,83.46,79.66,66.37,83.46,73.2,0.4,1,0
danyle-pearce,2018,RD,SF,32.0,246,14,55.3,0.0,79.04,70.47,60.42,79.04,67.87,0.4,1,0
clinton-young,2004,RD,MID,18.0,0,0,76.77,156.2,112.82,94.9,52.22,112.82,112.82,1.0,1,0
clinton-young,2005,RD,MID,19.0,7,1,76.77,178.0,108.5,94.99,62.2,108.5,108.5,1.0,1,0
clinton-young,2006,RD,MID,20.0,21,2,76.77,202.9,103.5,92.33,59.36,103.5,103.5,1.0,1,0
clinton-young,2007,RD,MID,21.0,42,3,76.77,36.0,118.48,110.55,91.75,118.48,115.27,0.88,1,0
clinton-young,2008,RD,MID,22.0,59,4,71.57,33.3,108.39,103.23,82.56,108.39,102.19,0.76,1,0
clinton-young,2009,RD,MID,23.0,64,5,69.5,37.4,102.21,95.73,73.58,102.21,92.77,0.67,1,0
clinton-young,2010,RD,MID,24.0,80,6,69.5,41.6,88.06,83.45,68.34,88.06,79.78,0.58,1,0
clinton-young,2011,RD,MID,25.0,90,7,67.9,47.3,86.84,77.85,62.98,86.84,75.39,0.52,1,0
clinton-young,2012,RD,MID,26.0,108,8,72.3,3.2,95.8,89.1,75.92,95.8,85.07,0.46,1,0
clinton-young,2013,RD,MID,27.0,110,9,68.1,3.6,91.24,83.99,67.69,91.24,77.11,0.4,1,0
clinton-young,2014,RD,MID,28.0,129,10,68.1,0.0,87.06,78.52,64.78,87.06,73.69,0.4,1,0
dale-morris,2004,RD,KPD,22.0,0,0,72.37,505.3,91.29,79.48,65.74,91.29,85.16,0.76,1,0
dale-morris,2005,RD,KPD,23.0,17,1,72.37,573.9,83.08,75.17,63.4,83.08,76.59,0.67,1,0
dale-morris,2006,RD,KPD,24.0,39,2,72.37,551.1,84.42,79.57,68.91,84.42,77.91,0.58,1,0
dale-morris,2007,RD,KPD,25.0,60,3,72.37,538.5,84.23,79.2,70.68,84.23,77.73,0.52,1,0
dale-morris,2008,RD,KPD,26.0,82,4,72.37,405.8,87.57,85.34,75.51,87.57,81.06,0.46,1,0
dale-morris,2009,RD,KPD,27.0,104,5,71.17,413.1,83.86,78.8,71.8,83.86,76.62,0.4,1,0
dale-morris,2010,RD,KPD,28.0,124,6,71.17,312.7,84.34,79.0,71.31,84.34,76.52,0.4,1,0
dale-morris,2011,RD,KPD,29.0,142,7,68.83,106.3,81.74,79.11,69.72,81.74,74.53,0.4,1,0
dale-morris,2012,RD,KPD,30.0,142,8,64.4,121.2,80.34,77.3,66.01,80.34,71.74,0.4,1,0
dale-morris,2013,RD,KPD,31.0,164,9,64.4,102.1,74.66,67.17,60.77,74.66,66.32,0.4,1,0
dale-morris,2014,RD,KPD,32.0,184,10,62.57,109.4,69.9,60.94,53.05,69.9,59.79,0.4,1,0
dale-morris,2015,RD,KPD,33.0,197,11,60.9,108.2,69.9,60.31,54.08,69.9,60.41,0.4,1,0
dale-morris,2016,RD,KPD,34.0,216,12,57.43,1.5,76.2,67.3,61.78,76.2,67.55,0.4,1,0
dale-morris,2017,RD,KPD,35.0,227,13,51.7,1.2,68.7,60.46,52.01,68.7,58.69,0.4,1,0
dale-morris,2018,RD,KPD,36.0,238,14,53.0,0.0,68.78,60.32,52.02,68.78,58.72,0.4,1,0
dale-morris,2019,RD,KPD,37.0,239,15,39.0,0.0,69.51,58.7,50.96,69.51,58.38,0.4,1,0
heritier-lumumba,2004,RD,SD,18.0,0,0,80.17,190.9,108.91,98.01,61.68,108.91,108.91,1.0,1,0
heritier-lumumba,2005,RD,SD,19.0,4,1,80.17,215.1,108.91,97.97,79.38,108.91,108.91,1.0,1,0
heritier-lumumba,2006,RD,SD,20.0,13,2,80.17,245.3,100.45,88.57,65.99,100.45,100.45,1.0,1,0
heritier-lumumba,2007,RD,SD,21.0,33,3,80.17,279.5,100.1,86.15,65.6,100.1,95.96,0.88,1,0
heritier-lumumba,2008,RD,SD,22.0,55,4,80.17,316.6,95.14,87.31,70.39,95.14,89.2,0.76,1,0
heritier-lumumba,2009,RD,SD,23.0,77,5,80.17,345.4,96.14,90.25,75.84,96.14,89.44,0.67,1,0
heritier-lumumba,2010,RD,SD,24.0,99,6,80.17,340.4,96.83,92.65,80.34,96.83,89.9,0.58,1,0
heritier-lumumba,2011,RD,SD,25.0,120,7,79.37,360.0,94.82,87.98,78.16,94.82,86.82,0.52,1,0
heritier-lumumba,2012,RD,SD,26.0,141,8,78.9,391.7,86.7,82.91,73.94,86.7,79.81,0.46,1,0
heritier-lumumba,2013,RD,SD,27.0,159,9,76.37,86.7,99.58,90.68,83.7,99.58,90.05,0.4,1,0
heritier-lumumba,2014,RD,SD,28.0,180,10,70.55,1.5,92.04,87.44,79.16,92.04,84.31,0.4,1,0
heritier-lumumba,2015,RD,SD,29.0,199,11,63.5,0.1,82.1,72.67,65.01,82.1,71.84,0.4,1,0
heritier-lumumba,2016,RD,SD,30.0,204,12,57.0,0.0,80.0,69.74,61.97,80.0,69.18,0.4,1,0
jonathon-griffin,2004,RD,RUCK,18.0,0,0,94.3,520.0,115.06,103.63,54.35,115.06,115.06,1.0,1,0
jonathon-griffin,2005,RD,RUCK,19.0,0,1,94.3,592.8,115.06,104.01,74.36,115.06,115.06,1.0,1,0
jonathon-griffin,2006,RD,RUCK,20.0,0,2,94.3,675.8,110.94,99.7,72.41,110.94,110.94,1.0,1,0
jonathon-griffin,2007,RD,RUCK,21.0,15,3,94.3,770.4,107.63,97.01,67.42,107.63,102.81,0.88,1,0
jonathon-griffin,2008,RD,RUCK,22.0,27,4,94.3,878.3,105.88,96.95,63.62,105.88,95.74,0.76,1,0
jonathon-griffin,2009,RD,RUCK,23.0,29,5,94.3,1001.1,104.39,90.42,58.43,104.39,89.22,0.67,1,0
jonathon-griffin,2010,RD,RUCK,24.0,40,6,94.3,1141.3,98.33,95.11,56.46,98.33,80.74,0.58,1,0
jonathon-griffin,2011,RD,RUCK,25.0,47,7,94.3,698.5,109.96,101.74,87.91,109.96,99.47,0.524,1,0
jonathon-griffin,2012,RD,RUCK,26.0,60,8,84.87,335.6,111.36,104.26,93.53,111.36,103.55,0.562,1,0
jonathon-griffin,2013,RD,RUCK,27.0,67,9,75.13,37.1,108.92,102.15,89.35,108.92,99.3,0.508,1,0
jonathon-griffin,2014,RD,RUCK,28.0,68,10,65.63,42.3,105.53,95.46,78.18,105.53,89.81,0.425,1,0
jonathon-griffin,2015,RD,RUCK,29.0,75,11,65.63,47.2,96.78,84.24,59.86,96.78,74.63,0.4,1,0
jonathon-griffin,2016,RD,RUCK,30.0,88,12,67.15,20.6,95.04,79.4,58.66,95.04,73.21,0.4,1,0
jonathon-griffin,2017,RD,RUCK,31.0,95,13,72.7,0.0,94.3,79.88,65.11,94.3,76.79,0.4,1,0
jack-juniper,2004,RD,SF,18.0,0,0,0.0,0.0,97.91,83.99,50.25,97.91,97.91,1.0,1,0
beau-maister,2004,RD,KPF,18.0,0,0,59.5,30.8,105.48,97.39,61.85,105.48,105.48,1.0,1,0
beau-maister,2005,RD,KPF,19.0,0,1,59.5,35.1,105.48,97.35,76.94,105.48,105.48,1.0,1,0
beau-maister,2006,RD,KPF,20.0,0,2,59.5,40.0,99.57,90.39,71.26,99.57,99.57,1.0,1,0
beau-maister,2007,RD,KPF,21.0,0,3,59.5,45.6,97.44,85.05,66.34,97.44,93.71,0.88,1,0
beau-maister,2008,RD,KPF,22.0,14,4,59.5,19.7,95.04,85.24,65.46,95.04,87.94,0.76,1,0
beau-maister,2009,RD,KPF,23.0,17,5,56.03,20.5,87.85,77.75,61.72,87.85,79.23,0.67,1,0
beau-maister,2010,RD,KPF,24.0,23,6,56.03,2.2,82.56,75.3,62.55,82.56,74.15,0.58,1,0
beau-maister,2011,RD,KPF,25.0,23,7,52.8,2.5,81.14,71.53,59.04,81.14,70.53,0.52,1,0
beau-maister,2012,RD,KPF,26.0,33,8,52.8,1.5,72.87,68.56,56.02,72.87,63.77,0.46,1,0
beau-maister,2013,RD,KPF,27.0,40,9,52.7,0.0,72.11,66.16,54.14,72.11,61.33,0.4,1,0
beau-maister,2014,RD,KPF,28.0,44,10,35.8,0.0,70.62,62.27,44.98,70.62,55.24,0.4,1,0
matthew-warnock,2004,RD,KPD,20.0,0,0,62.0,42.9,97.65,90.86,74.34,97.65,97.65,1.0,1,0
matthew-warnock,2005,RD,KPD,21.0,0,1,62.0,48.9,98.07,84.5,69.42,98.07,94.64,0.88,1,0
matthew-warnock,2006,RD,KPD,22.0,2,2,62.0,55.8,83.68,76.42,58.88,83.68,77.73,0.76,1,0
matthew-warnock,2007,RD,KPD,23.0,4,3,62.0,63.5,78.17,70.0,55.36,78.17,70.64,0.67,1,0
matthew-warnock,2008,RD,KPD,24.0,21,4,62.0,57.8,79.3,73.85,63.36,79.3,72.6,0.58,1,0
matthew-warnock,2009,RD,KPD,25.0,38,5,60.7,64.6,73.43,69.83,59.73,73.43,66.86,0.52,1,0
matthew-warnock,2010,RD,KPD,26.0,51,6,60.7,62.2,71.07,69.39,58.51,71.07,64.29,0.46,1,0
matthew-warnock,2011,RD,KPD,27.0,55,7,61.25,62.7,69.22,66.97,55.47,69.22,60.97,0.4,1,0
matthew-warnock,2012,RD,KPD,28.0,77,8,61.25,3.9,74.66,69.96,62.26,74.66,67.22,0.4,1,0
matthew-warnock,2013,RD,KPD,29.0,81,9,56.5,2.9,71.24,65.02,56.81,71.24,62.58,0.4,1,0
matthew-warnock,2014,RD,KPD,30.0,87,10,56.5,0.0,70.29,61.48,53.78,70.29,60.39,0.4,1,0
ben-jolley,2004,RD,MID,18.0,0,0,45.7,0.0,112.82,94.9,52.22,112.82,112.82,1.0,1,0
ben-jolley,2005,RD,MID,19.0,0,1,45.7,0.0,112.82,94.86,66.85,112.82,112.82,1.0,1,0
ben-jolley,2006,RD,MID,20.0,4,2,45.7,0.0,105.64,89.92,58.37,105.64,105.64,1.0,1,0
luke-vogels,2004,RD,SD,21.0,0,0,46.1,74.1,100.4,85.93,66.31,100.4,96.31,0.88,1,0
luke-vogels,2005,RD,SD,22.0,10,1,46.1,84.2,87.83,75.51,53.22,87.83,79.52,0.76,1,0
luke-vogels,2006,RD,SD,23.0,13,2,69.6,0.0,86.86,74.06,55.28,86.86,76.44,0.67,1,0
luke-vogels,2007,RD,SD,24.0,16,3,35.3,0.0,79.9,68.25,47.43,79.9,66.27,0.58,1,0
nick-batchelor,2004,RD,MID,18.0,0,0,0.0,0.0,112.82,94.9,52.22,112.82,112.82,1.0,1,0
ed-mcdonnell,2004,RD,MID,18.0,0,0,0.0,0.0,112.82,94.9,52.22,112.82,112.82,1.0,1,0
thomas-willday,2004,RD,RUCK,18.0,0,0,0.0,0.0,115.06,103.63,54.35,115.06,115.06,1.0,1,0
john-hinge,2004,RD,SD,18.0,0,0,54.0,0.0,108.91,98.01,61.68,108.91,108.91,1.0,1,0
john-hinge,2005,RD,SD,19.0,0,1,54.0,0.0,108.91,97.97,76.77,108.91,108.91,1.0,1,0
john-hinge,2006,RD,SD,20.0,0,2,54.0,0.0,102.54,91.23,71.23,102.54,102.54,1.0,1,0
john-hinge,2007,RD,SD,21.0,1,3,54.0,0.0,100.09,86.53,65.27,100.09,95.91,0.88,1,0
nick-becker,2004,RD,SF,18.0,0,0,0.0,0.0,97.91,83.99,50.25,97.91,97.91,1.0,1,0
scott-mcmahon,2004,RD,SD,18.0,0,0,84.37,590.2,108.91,98.01,61.68,108.91,108.91,1.0,1,0
scott-mcmahon,2005,RD,SD,19.0,0,1,84.37,672.8,108.91,97.97,76.77,108.91,108.91,1.0,1,0
scott-mcmahon,2006,RD,SD,20.0,0,2,84.37,767.0,102.54,91.23,71.23,102.54,102.54,1.0,1,0
scott-mcmahon,2007,RD,SD,21.0,13,3,84.37,823.8,104.93,91.5,73.26,104.93,101.13,0.88,1,0
scott-mcmahon,2008,RD,SD,22.0,25,4,84.37,835.9,102.45,92.52,73.64,102.45,95.54,0.76,1,0
scott-mcmahon,2009,RD,SD,23.0,47,5,84.37,246.9,116.04,109.04,98.69,116.04,111.15,0.718,1,0
scott-mcmahon,2010,RD,SD,24.0,64,6,77.13,262.2,104.04,100.91,84.05,104.04,95.64,0.58,1,0
scott-mcmahon,2011,RD,SD,25.0,85,7,76.63,116.2,103.52,99.06,84.95,103.52,94.6,0.52,1,0
scott-mcmahon,2012,RD,SD,26.0,101,8,74.25,10.7,100.79,93.54,82.93,100.79,91.14,0.46,1,0
scott-mcmahon,2013,RD,SD,27.0,112,9,69.7,0.0,93.93,85.13,75.37,93.93,82.8,0.4,1,0
scott-mcmahon,2014,RD,SD,28.0,117,10,49.8,0.0,80.99,73.61,64.48,80.99,71.09,0.4,1,0
scott-mcmahon,2015,RD,SD,29.0,119,11,44.5,0.0,75.09,64.51,53.88,75.09,62.36,0.4,1,0
ashley-thornton,2004,RD,SD,18.0,0,0,0.0,0.0,108.91,98.01,61.68,108.91,108.91,1.0,1,0
heath-grundy,2004,RD,KPD,18.0,0,0,84.7,1126.3,103.09,97.89,65.17,103.09,103.09,1.0,1,0
heath-grundy,2005,RD,KPD,19.0,0,1,84.7,1283.9,103.09,97.58,79.88,103.09,103.09,1.0,1,0
heath-grundy,2006,RD,KPD,20.0,6,2,84.7,1462.1,93.87,87.45,66.83,93.87,93.87,1.0,1,0
heath-grundy,2007,RD,KPD,21.0,14,3,84.7,1666.8,89.82,77.34,58.67,89.82,86.08,0.88,1,0
heath-grundy,2008,RD,KPD,22.0,24,4,84.7,1873.6,83.85,76.24,60.28,83.85,78.19,0.76,1,0
heath-grundy,2009,RD,KPD,23.0,46,5,84.7,1938.0,92.11,87.26,74.76,92.11,86.38,0.67,1,0
heath-grundy,2010,RD,KPD,24.0,68,6,84.7,1489.2,102.2,101.92,91.54,102.2,98.75,0.676,1,0
heath-grundy,2011,RD,KPD,25.0,88,7,80.67,1056.6,98.84,100.01,90.15,100.01,96.63,0.658,1,0
heath-grundy,2012,RD,KPD,26.0,110,8,77.03,940.8,95.05,92.36,82.72,95.05,89.31,0.535,1,0
heath-grundy,2013,RD,KPD,27.0,132,9,77.03,1030.2,82.47,77.49,70.37,82.47,75.21,0.4,1,0
heath-grundy,2014,RD,KPD,28.0,154,10,77.03,883.5,81.95,80.72,75.14,81.95,77.94,0.412,1,0
heath-grundy,2015,RD,KPD,29.0,175,11,77.03,641.8,84.93,84.23,75.71,84.93,79.88,0.453,1,0
heath-grundy,2016,RD,KPD,30.0,197,12,75.1,440.8,85.62,80.99,75.96,85.62,80.29,0.448,1,0
heath-grundy,2017,RD,KPD,31.0,219,13,74.85,294.4,81.52,79.95,71.89,81.52,75.93,0.42,1,0
heath-grundy,2018,RD,KPD,32.0,236,14,77.2,0.7,84.95,79.24,69.8,84.95,76.53,0.444,1,0
heath-grundy,2019,RD,KPD,33.0,237,15,55.0,0.0,84.68,76.35,66.88,84.68,74.71,0.44,1,0
tim-sheringham,2004,RD,SD,18.0,0,0,0.0,0.0,108.91,98.01,61.68,108.91,108.91,1.0,1,0
kristan-height,2004,RD,SF,21.0,0,0,0.0,0.0,89.88,75.0,55.43,89.88,85.74,0.88,1,0
aisake-o-hailpin,2004,IRE,RUCK,19.0,0,0,0.0,0.0,115.06,104.01,74.36,115.06,115.06,1.0,0,1
justin-perkins,2004,RD,SD,21.0,0,0,0.0,0.0,100.4,85.93,66.31,100.4,96.31,0.88,1,0
stefan-garrubba,2004,RD,MID,18.0,0,0,0.0,0.0,112.82,94.9,52.22,112.82,112.82,1.0,1,0
earl-shaw,2004,RD,RUCK,18.0,0,0,0.0,0.0,115.06,103.63,54.35,115.06,115.06,1.0,1,0
ed-clarke,2004,RD,MID,18.0,0,0,0.0,0.0,112.82,94.9,52.22,112.82,112.82,1.0,1,0
marcus-allan,2004,RD,MID,18.0,0,0,50.8,0.0,112.82,94.9,52.22,112.82,112.82,1.0,1,0
marcus-allan,2005,RD,MID,19.0,0,1,50.8,0.0,112.82,94.86,66.85,112.82,112.82,1.0,1,0
marcus-allan,2006,RD,MID,20.0,1,2,50.8,0.0,103.9,91.85,60.21,103.9,103.9,1.0,1,0
marcus-allan,2007,RD,MID,21.0,5,3,50.8,0.0,103.67,87.82,56.78,103.67,98.05,0.88,1,0
andrew-hayes,2004,RD,SF,19.0,0,0,0.0,0.0,97.91,85.19,61.5,97.91,97.91,1.0,1,0
will-hamill-2004,2004,RD,SD,18.0,0,0,30.3,0.0,108.91,98.01,61.68,108.91,108.91,1.0,1,0
will-hamill-2004,2005,RD,SD,19.0,0,1,30.3,0.0,108.91,97.97,76.77,108.91,108.91,1.0,1,0
will-hamill-2004,2006,RD,SD,20.0,0,2,30.3,0.0,102.54,91.23,71.23,102.54,102.54,1.0,1,0
will-hamill-2004,2007,RD,SD,21.0,3,3,30.3,0.0,98.24,82.24,57.93,98.24,93.4,0.88,1,0
martin-pask,2004,RD,KPF,19.0,0,0,34.3,0.0,105.48,97.35,76.94,105.48,105.48,1.0,1,0
martin-pask,2005,RD,KPF,20.0,0,1,34.3,0.0,99.57,90.39,71.26,99.57,99.57,1.0,1,0
martin-pask,2006,RD,KPF,21.0,8,2,34.3,0.0,92.66,76.13,52.17,92.66,87.8,0.88,1,0
scott-harding,2004,RD,MID,18.0,0,0,46.5,0.0,112.82,94.9,52.22,112.82,112.82,1.0,1,0
scott-harding,2005,RD,MID,19.0,0,1,46.5,0.0,112.82,94.86,66.85,112.82,112.82,1.0,1,0
scott-harding,2006,RD,MID,20.0,14,2,46.5,0.0,103.14,90.8,57.09,103.14,103.14,1.0,1,0
scott-harding,2007,RD,MID,21.0,25,3,46.3,0.0,102.65,88.82,56.54,102.65,97.12,0.88,1,0
scott-harding,2008,RD,MID,22.0,33,4,45.75,0.0,91.56,85.8,53.89,91.56,82.52,0.76,1,0
scott-harding,2009,RD,MID,23.0,47,5,45.4,0.0,80.72,76.42,47.53,80.72,69.77,0.67,1,0
scott-harding,2010,RD,MID,24.0,49,6,41.0,0.0,77.94,74.89,43.75,77.94,63.58,0.58,1,0
eddie-betts,2004,RD,SF,18.0,0,0,86.33,1074.7,97.91,83.99,50.25,97.91,97.91,1.0,1,0
eddie-betts,2005,RD,SF,19.0,19,1,86.33,1225.0,90.61,82.82,60.81,90.61,90.61,1.0,1,0
eddie-betts,2006,RD,SF,20.0,40,2,86.33,1381.0,94.31,89.19,70.51,94.31,94.31,1.0,1,0
eddie-betts,2007,RD,SF,21.0,57,3,86.33,1524.9,94.73,88.1,71.9,94.73,91.99,0.88,1,0
eddie-betts,2008,RD,SF,22.0,75,4,86.33,1683.8,91.23,85.38,70.83,91.23,86.33,0.76,1,0
eddie-betts,2009,RD,SF,23.0,96,5,86.33,1708.8,93.27,87.28,74.03,93.27,86.92,0.67,1,0
eddie-betts,2010,RD,SF,24.0,118,6,86.33,1478.9,102.98,98.78,85.71,102.98,96.68,0.635,1,0
eddie-betts,2011,RD,SF,25.0,140,7,84.9,1337.2,99.59,93.86,83.01,99.59,92.63,0.58,1,0
eddie-betts,2012,RD,SF,26.0,162,8,84.83,1181.2,94.91,88.97,81.66,94.91,88.61,0.525,1,0
eddie-betts,2013,RD,SF,27.0,178,9,84.63,1297.1,84.33,79.43,72.93,84.33,77.49,0.4,1,0
eddie-betts,2014,RD,SF,28.0,200,10,84.63,1152.1,88.66,87.09,74.73,88.66,80.8,0.436,1,0
eddie-betts,2015,RD,SF,29.0,221,11,84.63,799.2,92.47,89.12,83.27,92.47,88.0,0.514,1,0
eddie-betts,2016,RD,SF,30.0,243,12,78.23,332.1,94.7,90.96,77.33,94.7,87.1,0.562,1,0
eddie-betts,2017,RD,SF,31.0,264,13,69.47,52.0,89.76,84.0,74.25,89.76,81.98,0.498,1,0
eddie-betts,2018,RD,SF,32.0,282,14,62.17,13.5,78.71,73.72,66.56,78.71,71.42,0.4,1,0
eddie-betts,2019,RD,SF,33.0,303,15,58.83,3.9,72.84,64.2,58.08,72.84,63.99,0.4,1,0
elijah-ware,2004,RD,SF,21.0,0,0,31.5,0.0,89.88,75.0,55.43,89.88,85.74,0.88,1,0
elijah-ware,2005,RD,SF,22.0,0,1,31.5,0.0,80.77,69.9,53.82,80.77,74.3,0.76,1,0
elijah-ware,2006,RD,SF,23.0,2,2,31.5,0.0,76.25,66.75,49.1,76.25,67.29,0.67,1,0
marc-murphy,2005,ND,MID,18.0,0,0,114.53,3769.6,116.37,113.28,101.48,116.37,116.37,1.0,1,0
marc-murphy,2006,ND,MID,19.0,13,1,114.53,4288.5,117.67,113.77,104.97,117.67,117.67,1.0,1,0
marc-murphy,2007,ND,MID,20.0,35,2,114.53,4777.6,115.13,113.29,103.81,115.13,115.13,1.0,1,0
marc-murphy,2008,ND,MID,21.0,57,3,114.53,4825.1,115.92,115.71,109.72,115.92,115.37,0.91,1,0
marc-murphy,2009,ND,MID,22.0,79,4,114.53,4390.2,116.03,118.4,114.68,118.4,118.02,0.898,1,0
marc-murphy,2010,ND,MID,23.0,100,5,114.2,3946.1,117.35,118.24,115.19,118.24,117.83,0.868,1,0
marc-murphy,2011,ND,MID,24.0,122,6,112.97,3107.2,121.98,121.03,118.62,121.98,121.42,0.832,1,0
marc-murphy,2012,ND,MID,25.0,138,7,108.97,2442.4,120.69,118.15,115.07,120.69,119.61,0.808,1,0
marc-murphy,2013,ND,MID,26.0,159,8,105.8,2351.7,108.95,105.51,98.81,108.95,105.03,0.613,1,0
marc-murphy,2014,ND,MID,27.0,179,9,105.8,1861.8,107.49,105.09,102.88,107.49,105.98,0.673,1,0
marc-murphy,2015,ND,MID,28.0,198,10,101.27,1385.3,107.93,102.27,101.17,107.93,105.68,0.666,1,0
marc-murphy,2016,ND,MID,29.0,208,11,97.1,1480.1,102.48,89.53,82.16,102.48,91.7,0.47,1,0
marc-murphy,2017,ND,MID,30.0,230,12,97.1,792.3,109.99,107.37,97.49,109.99,106.26,0.702,1,0
marc-murphy,2018,ND,MID,31.0,243,13,88.63,470.7,100.33,95.82,80.49,100.33,91.94,0.577,1,0
marc-murphy,2019,ND,MID,32.0,262,14,74.47,151.6,100.04,84.14,76.57,100.04,88.45,0.506,1,0
dale-thomas,2005,ND,MID,18.0,0,0,100.0,1840.6,119.95,118.28,101.21,119.95,119.95,1.0,1,0
dale-thomas,2006,ND,MID,19.0,15,1,100.0,2091.6,116.68,112.75,98.75,116.68,116.68,1.0,1,0
dale-thomas,2007,ND,MID,20.0,37,2,100.0,2096.3,117.76,118.05,106.21,118.05,118.05,1.0,1,0
dale-thomas,2008,ND,MID,21.0,57,3,100.0,2085.2,118.55,114.56,102.27,118.55,116.59,0.88,1,0
dale-thomas,2009,ND,MID,22.0,76,4,100.0,2189.4,114.56,108.69,96.96,114.56,110.34,0.76,1,0
dale-thomas,2010,ND,MID,23.0,98,5,100.0,1753.2,118.34,112.93,103.9,118.34,114.27,0.718,1,0
dale-thomas,2011,ND,MID,24.0,117,6,96.97,1056.0,117.18,118.1,109.91,118.1,116.29,0.779,1,0
dale-thomas,2012,ND,MID,25.0,134,7,88.0,658.6,115.08,113.04,104.86,115.08,111.81,0.68,1,0
dale-thomas,2013,ND,MID,26.0,139,8,81.1,523.8,110.08,104.58,91.43,110.08,101.67,0.549,1,0
dale-thomas,2014,ND,MID,27.0,159,9,81.1,555.9,100.79,91.44,72.8,100.79,84.0,0.4,1,0
dale-thomas,2015,ND,MID,28.0,164,10,80.8,632.1,90.34,80.01,62.91,90.34,73.88,0.4,1,0
dale-thomas,2016,ND,MID,29.0,182,11,80.8,517.6,91.39,83.1,65.99,91.39,76.15,0.4,1,0
dale-thomas,2017,ND,MID,30.0,200,12,77.6,588.5,85.42,76.26,58.23,85.42,69.11,0.4,1,0
dale-thomas,2018,ND,MID,31.0,220,13,83.8,184.8,98.85,84.14,66.6,98.85,79.5,0.4,1,0
dale-thomas,2019,ND,MID,32.0,240,14,82.5,0.0,99.2,82.53,66.38,99.2,79.51,0.4,1,0
xavier-ellis,2005,ND,MID,18.0,0,0,75.97,129.9,115.02,110.27,90.57,115.02,115.02,1.0,1,0
xavier-ellis,2006,ND,MID,19.0,0,1,75.97,148.1,115.02,108.7,87.33,115.02,115.02,1.0,1,0
xavier-ellis,2007,ND,MID,20.0,13,2,75.97,168.9,107.97,99.71,75.46,107.97,107.97,1.0,1,0
xavier-ellis,2008,ND,MID,21.0,34,3,75.97,159.3,112.54,110.13,92.06,112.54,110.08,0.88,1,0
xavier-ellis,2009,ND,MID,22.0,45,4,75.97,141.4,110.54,105.53,91.75,110.54,106.03,0.76,1,0
xavier-ellis,2010,ND,MID,23.0,67,5,73.8,115.4,108.34,101.26,84.85,108.34,100.59,0.67,1,0
xavier-ellis,2011,ND,MID,24.0,75,6,69.1,2.6,106.92,99.73,84.92,106.92,97.68,0.58,1,0
xavier-ellis,2012,ND,MID,25.0,78,7,63.75,2.8,95.51,87.29,67.01,95.51,81.83,0.52,1,0
xavier-ellis,2013,ND,MID,26.0,80,8,63.75,3.2,78.93,66.0,37.56,78.93,56.59,0.46,1,0
xavier-ellis,2014,ND,MID,27.0,97,9,63.75,0.5,87.29,80.39,62.19,87.29,72.23,0.4,1,0
xavier-ellis,2015,ND,MID,28.0,109,10,60.2,0.0,81.69,71.19,56.01,81.69,66.28,0.4,1,0
xavier-ellis,2016,ND,MID,29.0,111,11,48.5,0.0,78.81,67.13,45.08,78.81,58.57,0.4,1,0
joshua-kennedy,2005,ND,KPF,18.0,0,0,94.43,1573.7,94.31,88.52,51.97,94.31,94.31,1.0,1,0
joshua-kennedy,2006,ND,KPF,19.0,9,1,94.43,1794.0,98.48,94.57,63.17,98.48,98.48,1.0,1,0
joshua-kennedy,2007,ND,KPF,20.0,22,2,94.43,2045.1,94.94,94.05,65.48,94.94,94.94,1.0,1,0
joshua-kennedy,2008,ND,KPF,21.0,29,3,94.43,2302.8,101.25,92.51,69.29,101.25,97.41,0.88,1,0
joshua-kennedy,2009,ND,KPF,22.0,45,4,94.43,2457.3,97.86,95.26,75.94,97.86,92.6,0.76,1,0
joshua-kennedy,2010,ND,KPF,23.0,67,5,94.43,2683.8,94.1,92.03,77.55,94.1,88.64,0.67,1,0
joshua-kennedy,2011,ND,KPF,24.0,87,6,94.43,2409.9,104.18,103.21,88.79,104.18,98.96,0.661,1,0
joshua-kennedy,2012,ND,KPF,25.0,94,7,94.43,2742.2,95.54,89.64,77.78,95.54,87.4,0.541,1,0
joshua-kennedy,2013,ND,KPF,26.0,115,8,94.43,2386.2,101.79,100.0,87.7,101.79,96.79,0.645,1,0
joshua-kennedy,2014,ND,KPF,27.0,135,9,94.43,2284.8,99.48,93.55,81.63,99.48,91.42,0.549,1,0
joshua-kennedy,2015,ND,KPF,28.0,157,10,94.43,1808.3,102.82,99.62,89.77,102.82,98.14,0.642,1,0
joshua-kennedy,2016,ND,KPF,29.0,179,11,88.2,1101.2,109.27,103.76,92.91,109.27,104.74,0.723,1,0
joshua-kennedy,2017,ND,KPF,30.0,196,12,78.7,416.6,105.46,101.92,85.89,105.46,99.95,0.718,1,0
joshua-kennedy,2018,ND,KPF,31.0,207,13,69.0,203.1,94.7,90.07,71.28,94.7,85.25,0.597,1,0
joshua-kennedy,2019,ND,KPF,32.0,227,14,65.17,196.5,84.85,76.59,62.21,84.85,71.27,0.4,1,0
scott-pendlebury,2005,ND,MID,18.0,0,0,126.83,6073.4,118.89,109.43,88.04,118.89,118.89,1.0,1,0
scott-pendlebury,2006,ND,MID,19.0,9,1,126.83,6923.6,119.45,110.63,87.9,119.45,119.45,1.0,1,0
scott-pendlebury,2007,ND,MID,20.0,29,2,126.83,7563.5,124.87,119.58,105.57,124.87,124.87,1.0,1,0
scott-pendlebury,2008,ND,MID,21.0,50,3,126.83,7876.8,127.61,121.7,113.67,127.61,126.56,0.925,1,0
scott-pendlebury,2009,ND,MID,22.0,70,4,126.83,8144.2,128.18,124.26,117.14,128.18,126.81,0.876,1,0
scott-pendlebury,2010,ND,MID,23.0,92,5,126.83,8293.3,127.05,124.77,118.53,127.05,125.88,0.863,1,0
scott-pendlebury,2011,ND,MID,24.0,114,6,126.83,7431.1,128.19,125.81,122.27,128.19,127.19,0.832,1,0
scott-pendlebury,2012,ND,MID,25.0,132,7,125.23,6702.2,128.32,125.11,121.76,128.32,127.06,0.808,1,0
scott-pendlebury,2013,ND,MID,26.0,154,8,123.23,5764.1,127.46,124.17,121.29,127.46,126.12,0.784,1,0
scott-pendlebury,2014,ND,MID,27.0,175,9,119.77,4818.8,127.95,124.4,119.66,127.95,125.96,0.76,1,0
scott-pendlebury,2015,ND,MID,28.0,197,10,115.03,4203.0,126.32,125.0,117.98,126.32,124.32,0.76,1,0
scott-pendlebury,2016,ND,MID,29.0,219,11,111.87,3360.8,125.83,123.73,115.43,125.83,123.34,0.76,1,0
scott-pendlebury,2017,ND,MID,30.0,235,12,107.07,2989.4,119.17,112.73,102.59,119.17,115.19,0.76,1,0
scott-pendlebury,2018,ND,MID,31.0,256,13,106.0,2662.3,108.83,103.24,94.52,108.83,104.34,0.686,1,0
scott-pendlebury,2019,ND,MID,32.0,278,14,103.03,2266.8,107.97,103.0,96.52,107.97,104.32,0.681,1,0
beau-dowler,2005,ND,KPF,18.0,0,0,62.5,25.1,88.05,77.97,50.11,88.05,88.05,1.0,1,0
beau-dowler,2006,ND,KPF,19.0,2,1,62.5,28.6,92.75,83.63,60.48,92.75,92.75,1.0,1,0
beau-dowler,2007,ND,KPF,20.0,3,2,62.5,32.6,91.21,78.16,60.98,91.21,91.21,1.0,1,0
beau-dowler,2008,ND,KPF,21.0,3,3,62.5,37.1,93.19,75.39,56.99,93.19,88.84,0.88,1,0
beau-dowler,2009,ND,KPF,22.0,16,4,62.5,0.0,90.84,79.0,64.88,90.84,84.61,0.76,1,0
paddy-ryder,2005,ND,RUCK,18.0,0,0,103.2,2283.1,116.36,101.06,78.27,116.36,116.36,1.0,1,0
paddy-ryder,2006,ND,RUCK,19.0,9,1,103.2,2602.7,110.9,97.92,74.57,110.9,110.9,1.0,1,0
paddy-ryder,2007,ND,RUCK,20.0,30,2,103.2,2811.2,117.16,108.28,97.5,117.16,117.16,1.0,1,0
paddy-ryder,2008,ND,RUCK,21.0,52,3,103.2,3174.2,116.92,102.51,93.03,116.92,114.05,0.88,1,0
paddy-ryder,2009,ND,RUCK,22.0,73,4,103.2,3084.7,119.79,109.05,102.94,119.79,115.74,0.76,1,0
paddy-ryder,2010,ND,RUCK,23.0,94,5,103.2,3225.7,118.36,109.19,104.06,118.36,113.84,0.684,1,0
paddy-ryder,2011,ND,RUCK,24.0,116,6,103.2,3241.9,119.86,113.24,107.5,119.86,115.51,0.648,1,0
paddy-ryder,2012,ND,RUCK,25.0,131,7,103.2,2847.3,124.63,118.96,112.81,124.63,121.31,0.719,1,0
paddy-ryder,2013,ND,RUCK,26.0,148,8,99.43,2500.3,114.16,106.81,101.51,114.16,108.9,0.584,1,0
paddy-ryder,2014,ND,RUCK,27.0,168,9,99.43,2127.3,113.46,111.38,107.4,113.46,111.24,0.635,1,0
paddy-ryder,2015,ND,RUCK,28.0,186,10,95.83,1815.1,108.42,99.68,94.92,108.42,101.49,0.487,1,0
paddy-ryder,2016,ND,RUCK,29.0,186,11,95.83,2069.2,105.64,95.98,88.47,105.64,96.83,0.487,1,0
paddy-ryder,2017,ND,RUCK,30.0,207,12,95.83,1251.8,110.94,108.04,98.41,110.94,106.85,0.674,1,0
paddy-ryder,2018,ND,RUCK,31.0,223,13,89.43,1008.5,104.68,94.19,87.45,104.68,96.92,0.549,1,0
paddy-ryder,2019,ND,RUCK,32.0,240,14,86.9,939.0,100.97,87.17,77.17,100.97,87.52,0.435,1,0
jarrad-oakley-nicholls,2005,ND,MID,18.0,0,0,44.5,0.0,115.51,108.17,82.98,115.51,115.51,1.0,1,0
jarrad-oakley-nicholls,2006,ND,MID,19.0,4,1,44.5,0.0,108.6,98.1,70.05,108.6,108.6,1.0,1,0
jarrad-oakley-nicholls,2007,ND,MID,20.0,7,2,44.5,0.0,103.63,91.24,60.79,103.63,103.63,1.0,1,0
jarrad-oakley-nicholls,2008,ND,MID,21.0,9,3,44.5,0.0,105.59,89.25,55.1,105.59,99.53,0.88,1,0
jarrad-oakley-nicholls,2009,ND,MID,22.0,13,4,44.5,0.0,95.61,84.49,50.67,95.61,84.82,0.76,1,0
mitch-clark,2005,ND,KPF,18.0,0,0,85.1,878.7,88.33,79.89,50.42,88.33,88.33,1.0,1,0
mitch-clark,2006,ND,KPF,19.0,6,1,85.1,996.2,92.31,87.9,70.92,92.31,92.31,1.0,1,0
mitch-clark,2007,ND,KPF,20.0,10,2,85.1,1055.9,97.7,86.13,69.79,97.7,97.7,1.0,1,0
mitch-clark,2008,ND,KPF,21.0,22,3,85.1,1191.6,96.63,85.14,74.77,96.63,94.01,0.88,1,0
mitch-clark,2009,ND,KPF,22.0,44,4,85.1,511.2,109.56,107.26,95.64,109.56,107.52,0.853,1,0
mitch-clark,2010,ND,KPF,23.0,63,5,78.1,553.8,102.95,100.2,88.95,102.95,99.12,0.727,1,0
mitch-clark,2011,ND,KPF,24.0,80,6,75.2,541.6,100.0,98.32,86.53,100.0,95.25,0.647,1,0
mitch-clark,2012,ND,KPF,25.0,91,7,74.1,44.0,99.68,96.54,84.86,99.68,94.18,0.629,1,0
mitch-clark,2013,ND,KPF,26.0,95,8,64.1,43.4,94.18,86.31,76.68,94.18,85.85,0.524,1,0
mitch-clark,2014,ND,KPF,27.0,95,9,64.1,49.5,91.71,82.84,66.5,91.71,78.39,0.472,1,0
mitch-clark,2015,ND,KPF,28.0,103,10,64.1,0.0,77.83,70.38,57.51,77.83,65.64,0.4,1,0
mitch-clark,2016,ND,KPF,29.0,104,11,28.0,0.0,72.25,64.85,53.05,72.25,60.73,0.4,1,0
marcus-drum,2005,ND,SD,18.0,0,0,76.8,279.7,106.85,98.21,82.21,106.85,106.85,1.0,1,0
marcus-drum,2006,ND,SD,19.0,5,1,76.8,318.8,99.82,89.18,73.26,99.82,99.82,1.0,1,0
marcus-drum,2007,ND,SD,20.0,8,2,76.8,362.2,98.94,85.65,70.2,98.94,98.94,1.0,1,0
marcus-drum,2008,ND,SD,21.0,17,3,76.8,105.7,104.61,92.55,79.09,104.61,101.55,0.88,1,0
marcus-drum,2009,ND,SD,22.0,22,4,71.0,0.0,100.73,90.25,73.07,100.73,94.09,0.76,1,0
shaun-higgins,2005,ND,SF,18.0,0,0,97.83,1601.2,103.48,95.89,72.7,103.48,103.48,1.0,1,0
shaun-higgins,2006,ND,SF,19.0,5,1,97.83,1825.4,105.42,94.28,67.6,105.42,105.42,1.0,1,0
shaun-higgins,2007,ND,SF,20.0,25,2,97.83,2080.3,102.05,98.06,79.6,102.05,102.05,1.0,1,0
shaun-higgins,2008,ND,SF,21.0,29,3,97.83,2371.6,100.85,93.29,71.08,100.85,97.28,0.88,1,0
shaun-higgins,2009,ND,SF,22.0,46,4,97.83,2107.6,113.33,104.89,91.03,113.33,109.06,0.809,1,0
shaun-higgins,2010,ND,SF,23.0,62,5,97.83,2117.3,108.28,101.87,85.75,108.28,101.67,0.707,1,0
shaun-higgins,2011,ND,SF,24.0,80,6,97.83,1997.9,106.34,102.0,87.9,106.34,99.81,0.646,1,0
shaun-higgins,2012,ND,SF,25.0,99,7,97.83,1948.3,103.45,99.34,82.33,103.45,94.55,0.579,1,0
shaun-higgins,2013,ND,SF,26.0,102,8,97.83,2218.7,98.72,95.14,75.82,98.72,87.14,0.494,1,0
shaun-higgins,2014,ND,SF,27.0,122,9,97.83,2281.8,94.13,92.86,72.88,94.13,81.9,0.425,1,0
shaun-higgins,2015,ND,SF,28.0,143,10,97.83,1827.4,105.29,100.28,85.53,105.29,97.58,0.61,1,0
shaun-higgins,2016,ND,SF,29.0,151,11,97.7,1815.7,98.85,96.74,77.97,98.85,89.47,0.551,1,0
shaun-higgins,2017,ND,SF,30.0,172,12,97.7,1392.1,102.77,99.41,79.83,102.77,93.99,0.617,1,0
shaun-higgins,2018,ND,SF,31.0,192,13,97.7,849.9,108.37,106.4,87.55,108.37,102.87,0.736,1,0
shaun-higgins,2019,ND,SF,32.0,209,14,88.0,466.0,104.47,103.32,85.06,104.47,98.64,0.7,1,0
nathan-jones,2005,ND,MID,18.0,0,0,102.17,1289.2,115.75,104.79,83.3,115.75,115.75,1.0,1,0
nathan-jones,2006,ND,MID,19.0,6,1,102.17,1449.7,115.27,108.63,90.87,115.27,115.27,1.0,1,0
nathan-jones,2007,ND,MID,20.0,27,2,102.17,1610.4,116.86,113.54,98.72,116.86,116.86,1.0,1,0
nathan-jones,2008,ND,MID,21.0,48,3,102.17,1831.5,112.94,106.64,91.4,112.94,110.35,0.88,1,0
nathan-jones,2009,ND,MID,22.0,68,4,102.17,2055.6,111.83,105.2,91.55,111.83,106.96,0.76,1,0
nathan-jones,2010,ND,MID,23.0,90,5,102.17,2332.3,104.19,101.91,81.19,104.19,96.6,0.67,1,0
nathan-jones,2011,ND,MID,24.0,112,6,102.17,2315.6,110.16,107.03,95.93,110.16,104.36,0.592,1,0
nathan-jones,2012,ND,MID,25.0,133,7,102.17,2063.6,116.47,110.58,101.06,116.47,110.87,0.637,1,0
nathan-jones,2013,ND,MID,26.0,155,8,102.0,1987.1,110.6,106.02,97.43,110.6,104.62,0.546,1,0
nathan-jones,2014,ND,MID,27.0,177,9,102.0,1374.1,111.01,108.37,106.05,111.01,109.42,0.679,1,0
nathan-jones,2015,ND,MID,28.0,199,10,96.33,1170.3,107.6,98.12,95.65,107.6,102.08,0.538,1,0
nathan-jones,2016,ND,MID,29.0,221,11,94.17,772.0,107.89,103.06,95.6,107.89,102.6,0.569,1,0
nathan-jones,2017,ND,MID,30.0,237,12,86.27,207.9,107.94,102.42,91.08,107.94,101.43,0.614,1,0
nathan-jones,2018,ND,MID,31.0,259,13,70.77,18.5,101.66,90.93,83.24,101.66,91.42,0.444,1,0
nathan-jones,2019,ND,MID,32.0,281,14,56.03,0.1,93.62,81.16,71.71,93.62,80.47,0.4,1,0
shannon-hurn,2005,ND,SD,18.0,0,0,101.6,1565.4,106.85,98.38,83.31,106.85,106.85,1.0,1,0
shannon-hurn,2006,ND,SD,19.0,6,1,101.6,1784.6,103.03,94.89,78.26,103.03,103.03,1.0,1,0
shannon-hurn,2007,ND,SD,20.0,28,2,101.6,2029.1,105.25,98.87,91.45,105.25,105.25,1.0,1,0
shannon-hurn,2008,ND,SD,21.0,34,3,101.6,2313.1,102.95,93.97,83.98,102.95,100.68,0.88,1,0
shannon-hurn,2009,ND,SD,22.0,56,4,101.6,2125.6,113.24,110.29,104.51,113.24,111.44,0.793,1,0
shannon-hurn,2010,ND,SD,23.0,71,5,101.6,2156.8,111.01,107.03,99.82,111.01,107.64,0.699,1,0
shannon-hurn,2011,ND,SD,24.0,93,6,101.6,2253.2,104.93,103.85,96.67,104.93,101.54,0.59,1,0
shannon-hurn,2012,ND,SD,25.0,115,7,101.6,2113.5,108.43,107.64,101.11,108.43,105.44,0.592,1,0
shannon-hurn,2013,ND,SD,26.0,127,8,101.6,2063.4,104.78,102.84,98.63,104.78,101.91,0.533,1,0
shannon-hurn,2014,ND,SD,27.0,145,9,101.6,2023.0,103.58,99.61,93.5,103.58,98.23,0.469,1,0
shannon-hurn,2015,ND,SD,28.0,167,10,101.6,2241.6,94.01,89.59,82.99,94.01,87.4,0.4,1,0
shannon-hurn,2016,ND,SD,29.0,189,11,101.6,2347.3,97.31,89.53,82.15,97.31,88.22,0.4,1,0
shannon-hurn,2017,ND,SD,30.0,210,12,101.6,2299.4,99.84,96.03,85.34,99.84,91.88,0.451,1,0
shannon-hurn,2018,ND,SD,31.0,232,13,101.6,2025.3,105.19,99.4,91.95,105.19,99.19,0.546,1,0
shannon-hurn,2019,ND,SD,32.0,251,14,99.97,1512.4,108.7,107.14,95.49,108.7,103.89,0.636,1,0
grant-birchall,2005,ND,SD,18.0,0,0,93.6,1455.0,106.85,98.19,77.14,106.85,106.85,1.0,1,0
grant-birchall,2006,ND,SD,19.0,16,1,93.6,1646.9,111.79,106.48,91.85,111.79,111.79,1.0,1,0
grant-birchall,2007,ND,SD,20.0,38,2,93.6,1637.9,112.43,107.92,94.8,112.43,112.43,1.0,1,0
grant-birchall,2008,ND,SD,21.0,60,3,93.6,1595.4,114.45,107.5,94.05,114.45,112.08,0.884,1,0
grant-birchall,2009,ND,SD,22.0,79,4,93.6,1638.5,112.13,106.93,93.47,112.13,107.65,0.76,1,0
grant-birchall,2010,ND,SD,23.0,100,5,93.6,1730.6,109.27,103.9,89.4,109.27,102.71,0.67,1,0
grant-birchall,2011,ND,SD,24.0,121,6,93.6,1444.6,114.69,111.26,99.13,114.69,109.22,0.648,1,0
grant-birchall,2012,ND,SD,25.0,141,7,91.9,1098.8,114.13,111.29,98.17,114.13,108.32,0.636,1,0
grant-birchall,2013,ND,SD,26.0,155,8,89.03,777.9,110.78,106.42,94.75,110.78,104.14,0.586,1,0
grant-birchall,2014,ND,SD,27.0,177,9,86.37,501.8,106.15,101.42,91.67,106.15,98.97,0.504,1,0
grant-birchall,2015,ND,SD,28.0,195,10,80.3,264.8,101.77,97.66,88.82,101.77,94.94,0.472,1,0
grant-birchall,2016,ND,SD,29.0,217,11,74.9,49.0,98.09,93.13,81.46,98.09,88.77,0.439,1,0
grant-birchall,2017,ND,SD,30.0,222,12,70.3,54.8,93.66,86.06,70.2,93.66,79.58,0.4,1,0
grant-birchall,2018,ND,SD,31.0,222,13,70.3,62.5,92.61,82.15,63.37,92.61,75.06,0.4,1,0
grant-birchall,2019,ND,SD,32.0,225,14,70.3,24.1,88.48,77.44,59.69,88.48,71.21,0.4,1,0
travis-varcoe,2005,ND,SF,18.0,0,0,76.97,376.5,93.63,89.89,67.52,93.63,93.63,1.0,1,0
travis-varcoe,2006,ND,SF,19.0,0,1,76.97,429.2,93.63,89.3,66.26,93.63,93.63,1.0,1,0
travis-varcoe,2007,ND,SF,20.0,18,2,76.97,489.1,88.32,84.32,64.72,88.32,88.32,1.0,1,0
travis-varcoe,2008,ND,SF,21.0,31,3,76.97,544.6,93.99,88.34,75.91,93.99,91.82,0.88,1,0
travis-varcoe,2009,ND,SF,22.0,50,4,76.97,533.0,91.01,89.57,75.84,91.01,87.37,0.76,1,0
travis-varcoe,2010,ND,SF,23.0,67,5,76.97,191.8,99.43,96.48,83.05,99.43,94.3,0.687,1,0
travis-varcoe,2011,ND,SF,24.0,88,6,71.57,88.1,90.05,89.42,78.34,90.05,85.13,0.58,1,0
travis-varcoe,2012,ND,SF,25.0,89,7,68.7,100.5,86.92,83.02,69.67,86.92,78.64,0.52,1,0
travis-varcoe,2013,ND,SF,26.0,100,8,68.7,113.0,73.14,71.84,61.0,73.14,66.58,0.46,1,0
travis-varcoe,2014,ND,SF,27.0,121,9,68.7,88.7,76.37,73.52,65.24,76.37,69.69,0.4,1,0
travis-varcoe,2015,ND,SF,28.0,143,10,67.0,23.7,82.65,80.79,70.67,82.65,75.46,0.4,1,0
travis-varcoe,2016,ND,SF,29.0,160,11,61.1,11.0,76.86,72.98,63.07,76.86,68.59,0.4,1,0
travis-varcoe,2017,ND,SF,30.0,168,12,58.67,11.1,72.14,65.99,56.74,72.14,62.9,0.4,1,0
travis-varcoe,2018,ND,SF,31.0,184,13,57.33,3.8,71.8,66.13,56.78,71.8,62.79,0.4,1,0
travis-varcoe,2019,ND,SF,32.0,200,14,55.35,0.3,70.28,64.28,52.43,70.28,59.57,0.4,1,0
richard-douglas,2005,ND,MID,18.0,0,0,94.63,1065.3,115.46,102.76,79.14,115.46,115.46,1.0,1,0
richard-douglas,2006,ND,MID,19.0,2,1,94.63,1207.6,116.41,101.38,75.98,116.41,116.41,1.0,1,0
richard-douglas,2007,ND,MID,20.0,15,2,94.63,1376.4,107.98,99.08,71.1,107.98,107.98,1.0,1,0
richard-douglas,2008,ND,MID,21.0,36,3,94.63,1558.0,108.01,99.97,80.34,108.01,104.69,0.88,1,0
richard-douglas,2009,ND,MID,22.0,53,4,94.63,1690.0,106.51,99.05,79.29,106.51,99.98,0.76,1,0
richard-douglas,2010,ND,MID,23.0,75,5,94.63,1336.3,114.4,109.23,95.1,114.4,108.16,0.677,1,0
richard-douglas,2011,ND,MID,24.0,92,6,94.63,1360.3,109.09,104.06,91.12,109.09,101.54,0.58,1,0
richard-douglas,2012,ND,MID,25.0,108,7,94.63,1433.2,105.97,99.21,84.23,105.97,95.54,0.52,1,0
richard-douglas,2013,ND,MID,26.0,130,8,94.63,930.6,115.89,110.41,102.12,115.89,110.92,0.639,1,0
richard-douglas,2014,ND,MID,27.0,149,9,87.97,698.2,109.78,103.37,91.98,109.78,101.04,0.509,1,0
richard-douglas,2015,ND,MID,28.0,163,10,83.7,374.6,107.94,99.14,88.62,107.94,98.46,0.509,1,0
richard-douglas,2016,ND,MID,29.0,185,11,77.57,368.3,100.1,87.5,76.1,100.1,85.7,0.4,1,0
richard-douglas,2017,ND,MID,30.0,207,12,70.1,20.9,97.44,84.52,74.0,97.44,83.38,0.4,1,0
richard-douglas,2018,ND,MID,31.0,224,13,64.15,0.9,94.21,82.16,67.11,94.21,77.95,0.4,1,0
richard-douglas,2019,ND,MID,32.0,233,14,54.7,0.0,78.52,68.18,55.14,78.52,64.49,0.4,1,0
darren-pfeiffer,2005,ND,MID,18.0,0,0,58.2,4.5,115.46,99.99,77.34,115.46,115.46,1.0,1,0
darren-pfeiffer,2006,ND,MID,19.0,0,1,58.2,5.1,115.46,98.61,74.6,115.46,115.46,1.0,1,0
darren-pfeiffer,2007,ND,MID,20.0,0,2,58.2,5.8,109.9,98.12,71.96,109.9,109.9,1.0,1,0
darren-pfeiffer,2008,ND,MID,21.0,7,3,58.2,6.6,108.48,93.32,64.42,108.48,103.2,0.88,1,0
darren-pfeiffer,2009,ND,MID,22.0,7,4,62.0,7.5,102.21,90.0,64.58,102.21,93.18,0.76,1,0
darren-pfeiffer,2010,ND,MID,23.0,7,5,62.0,8.5,103.58,87.51,63.35,103.58,90.3,0.67,1,0
darren-pfeiffer,2011,ND,MID,24.0,7,6,62.0,9.7,99.61,88.4,63.68,99.61,84.52,0.58,1,0
darren-pfeiffer,2012,ND,MID,25.0,23,7,62.0,0.0,92.63,80.95,61.14,92.63,77.51,0.52,1,0
max-bailey,2005,ND,RUCK,19.0,0,0,72.7,35.9,108.22,87.69,73.18,108.22,108.22,1.0,1,0
max-bailey,2006,ND,RUCK,20.0,4,1,72.7,40.9,111.31,90.81,71.08,111.31,111.31,1.0,1,0
max-bailey,2007,ND,RUCK,21.0,4,2,72.7,46.6,113.57,86.38,69.27,113.57,108.26,0.88,1,0
max-bailey,2008,ND,RUCK,22.0,4,3,72.7,53.2,109.46,81.86,64.83,109.46,98.75,0.76,1,0
max-bailey,2009,ND,RUCK,23.0,6,4,72.7,60.6,110.62,79.12,64.01,110.62,95.24,0.67,1,0
max-bailey,2010,ND,RUCK,24.0,6,5,72.7,69.1,100.99,78.32,63.6,100.99,85.28,0.58,1,0
max-bailey,2011,ND,RUCK,25.0,19,6,72.7,50.7,104.26,83.77,76.82,104.26,91.09,0.52,1,0
max-bailey,2012,ND,RUCK,26.0,21,7,72.7,24.6,101.55,81.78,75.05,101.55,87.24,0.46,1,0
max-bailey,2013,ND,RUCK,27.0,37,8,72.7,0.0,99.75,81.01,73.72,99.75,84.13,0.4,1,0
courtenay-dempsey,2005,ND,SD,18.0,0,0,77.77,162.3,106.97,92.84,77.7,106.97,106.97,1.0,1,0
courtenay-dempsey,2006,ND,SD,19.0,5,1,77.77,185.0,99.13,86.51,70.85,99.13,99.13,1.0,1,0
courtenay-dempsey,2007,ND,SD,20.0,6,2,77.77,207.6,96.4,82.38,64.0,96.4,96.4,1.0,1,0
courtenay-dempsey,2008,ND,SD,21.0,10,3,77.77,236.7,98.59,79.45,62.67,98.59,94.28,0.88,1,0
courtenay-dempsey,2009,ND,SD,22.0,29,4,77.77,216.5,101.59,95.75,80.74,101.59,96.59,0.76,1,0
courtenay-dempsey,2010,ND,SD,23.0,49,5,77.77,160.8,104.49,96.44,87.1,104.49,98.75,0.67,1,0
courtenay-dempsey,2011,ND,SD,24.0,53,6,74.6,183.3,92.33,86.92,73.45,92.33,84.4,0.58,1,0
courtenay-dempsey,2012,ND,SD,25.0,73,7,74.6,99.7,98.97,95.79,80.74,98.97,90.22,0.52,1,0
courtenay-dempsey,2013,ND,SD,26.0,87,8,69.7,6.5,96.33,92.13,78.93,96.33,86.93,0.46,1,0
courtenay-dempsey,2014,ND,SD,27.0,104,9,61.7,1.3,86.1,79.14,72.41,86.1,77.89,0.4,1,0
courtenay-dempsey,2015,ND,SD,28.0,117,10,58.8,1.4,77.09,67.36,57.61,77.09,65.4,0.4,1,0
courtenay-dempsey,2016,ND,SD,29.0,131,11,63.5,0.0,75.4,64.78,58.01,75.4,64.97,0.4,1,0
paul-bower,2005,ND,SD,18.0,0,0,76.67,570.1,106.86,92.84,72.3,106.86,106.86,1.0,1,0
paul-bower,2006,ND,SD,19.0,2,1,76.67,649.9,102.81,91.54,67.8,102.81,102.81,1.0,1,0
paul-bower,2007,ND,SD,20.0,12,2,76.67,739.2,97.47,85.36,68.94,97.47,97.47,1.0,1,0
paul-bower,2008,ND,SD,21.0,24,3,76.67,817.7,103.27,91.36,74.79,103.27,99.86,0.88,1,0
paul-bower,2009,ND,SD,22.0,44,4,76.67,336.2,113.35,104.15,89.83,113.35,107.7,0.76,1,0
paul-bower,2010,ND,SD,23.0,55,5,71.75,62.2,106.61,99.94,85.0,106.61,99.48,0.67,1,0
paul-bower,2011,ND,SD,24.0,58,6,66.8,70.9,92.33,86.82,71.71,92.33,83.67,0.58,1,0
paul-bower,2012,ND,SD,25.0,68,7,66.8,0.0,89.38,81.53,67.19,89.38,78.72,0.52,1,0
danny-stanley,2005,ND,MID,18.0,0,0,83.17,364.1,114.56,100.71,68.41,114.56,114.56,1.0,1,0
danny-stanley,2006,ND,MID,19.0,0,1,83.17,415.1,114.56,99.34,66.38,114.56,114.56,1.0,1,0
danny-stanley,2007,ND,MID,20.0,2,2,83.17,473.2,106.94,96.49,64.6,106.94,106.94,1.0,1,0
danny-stanley,2008,ND,MID,21.0,4,3,83.17,539.4,108.16,93.24,62.1,108.16,102.63,0.88,1,0
danny-stanley,2009,ND,MID,22.0,5,4,83.17,615.0,101.86,88.23,60.45,101.86,91.92,0.76,1,0
danny-stanley,2010,ND,MID,23.0,5,5,83.17,701.0,101.95,88.96,66.57,101.95,90.28,0.67,1,0
danny-stanley,2011,ND,MID,24.0,27,6,83.17,696.0,107.32,99.04,78.16,107.32,95.07,0.58,1,0
danny-stanley,2012,ND,MID,25.0,40,7,79.4,160.8,106.75,100.35,83.32,106.75,96.13,0.547,1,0
danny-stanley,2013,ND,MID,26.0,58,8,67.8,3.1,103.33,93.77,82.18,103.33,91.91,0.46,1,0
danny-stanley,2014,ND,MID,27.0,80,9,61.05,1.1,89.7,82.01,68.03,89.7,76.7,0.4,1,0
danny-stanley,2015,ND,MID,28.0,88,10,55.5,0.0,79.65,70.58,55.71,79.65,65.29,0.4,1,0
beau-muston,2005,ND,MID,18.0,0,0,63.0,0.4,116.67,100.34,67.36,116.67,116.67,1.0,1,0
beau-muston,2006,ND,MID,19.0,0,1,63.0,0.5,116.67,98.97,65.13,116.67,116.67,1.0,1,0
beau-muston,2007,ND,MID,20.0,0,2,63.0,0.5,106.94,95.34,63.77,106.94,106.94,1.0,1,0
beau-muston,2008,ND,MID,21.0,0,3,63.0,0.6,108.19,92.91,66.7,108.19,103.21,0.88,1,0
beau-muston,2009,ND,MID,22.0,8,4,63.0,0.0,102.58,89.97,65.36,102.58,93.65,0.76,1,0
beau-muston,2010,ND,MID,23.0,13,5,53.4,0.0,96.04,85.75,60.32,96.04,84.25,0.67,1,0
ryan-cook,2005,ND,MID,18.0,0,0,59.6,3.0,111.65,100.23,65.94,111.65,111.65,1.0,1,0
ryan-cook,2006,ND,MID,19.0,0,1,59.6,3.4,111.65,98.85,63.56,111.65,111.65,1.0,1,0
ryan-cook,2007,ND,MID,20.0,3,2,59.6,3.8,107.27,95.05,63.14,107.27,107.27,1.0,1,0
ryan-cook,2008,ND,MID,21.0,10,3,59.6,0.0,105.89,90.03,59.82,105.89,100.36,0.88,1,0
ryan-cook,2009,ND,MID,22.0,12,4,43.5,0.0,95.21,83.82,54.11,95.21,85.35,0.76,1,0
cleve-hughes,2005,ND,SF,18.0,0,0,46.9,0.4,91.34,83.57,57.62,91.34,91.34,1.0,1,0
cleve-hughes,2006,ND,SF,19.0,3,1,46.9,0.4,89.08,79.31,60.21,89.08,89.08,1.0,1,0
cleve-hughes,2007,ND,SF,20.0,10,2,46.9,0.3,86.88,72.96,57.33,86.88,86.88,1.0,1,0
cleve-hughes,2008,ND,SF,21.0,16,3,47.7,0.0,85.48,68.84,56.45,85.48,81.99,0.88,1,0
wayde-mills,2005,ND,KPD,18.0,0,0,38.8,1.9,94.46,88.34,64.12,94.46,94.46,1.0,1,0
wayde-mills,2006,ND,KPD,19.0,4,1,38.8,0.1,94.05,84.44,67.07,94.05,94.05,1.0,1,0
wayde-mills,2007,ND,KPD,20.0,15,2,38.8,0.1,84.53,77.16,63.14,84.53,84.53,1.0,1,0
wayde-mills,2008,ND,KPD,21.0,16,3,48.0,0.0,83.17,69.9,54.02,83.17,79.67,0.88,1,0
garrick-ibbotson,2005,ND,SD,18.0,0,0,85.47,416.5,101.24,87.96,64.48,101.24,101.24,1.0,1,0
garrick-ibbotson,2006,ND,SD,19.0,0,1,85.47,474.8,101.24,87.57,64.27,101.24,101.24,1.0,1,0
garrick-ibbotson,2007,ND,SD,20.0,1,2,85.47,541.2,94.59,81.21,59.74,94.59,94.59,1.0,1,0
garrick-ibbotson,2008,ND,SD,21.0,20,3,85.47,431.8,111.24,98.16,86.01,111.24,108.22,0.88,1,0
garrick-ibbotson,2009,ND,SD,22.0,42,4,84.7,488.4,101.27,93.59,80.26,101.27,96.23,0.76,1,0
garrick-ibbotson,2010,ND,SD,23.0,59,5,84.7,555.3,94.05,87.43,74.98,94.05,87.76,0.67,1,0
garrick-ibbotson,2011,ND,SD,24.0,77,6,84.7,539.5,99.42,91.96,82.36,99.42,92.25,0.58,1,0
garrick-ibbotson,2012,ND,SD,25.0,98,7,82.5,586.2,93.29,86.42,78.61,93.29,86.24,0.52,1,0
garrick-ibbotson,2013,ND,SD,26.0,111,8,80.03,125.9,99.64,95.7,85.75,99.64,92.49,0.486,1,0
garrick-ibbotson,2014,ND,SD,27.0,121,9,69.8,141.7,89.87,81.32,73.73,89.87,80.18,0.4,1,0
garrick-ibbotson,2015,ND,SD,28.0,143,10,69.13,3.2,92.9,86.52,78.7,92.9,84.38,0.4,1,0
garrick-ibbotson,2016,ND,SD,29.0,159,11,63.5,0.8,82.35,72.82,66.23,82.35,72.68,0.4,1,0
garrick-ibbotson,2017,ND,SD,30.0,169,12,61.8,0.0,79.0,68.73,62.51,79.0,69.11,0.4,1,0
dylan-addison,2005,ND,SF,18.0,0,0,56.17,0.5,90.07,83.03,59.16,90.07,90.07,1.0,1,0
dylan-addison,2006,ND,SF,19.0,2,1,56.17,0.5,91.09,82.4,61.34,91.09,91.09,1.0,1,0
dylan-addison,2007,ND,SF,20.0,13,2,56.17,0.6,83.82,74.89,56.38,83.82,83.82,1.0,1,0
dylan-addison,2008,ND,SF,21.0,30,3,56.17,0.6,88.7,73.37,64.84,88.7,85.84,0.88,1,0
dylan-addison,2009,ND,SF,22.0,42,4,52.63,0.7,75.06,62.26,52.86,75.06,69.73,0.76,1,0
dylan-addison,2010,ND,SF,23.0,52,5,52.2,0.8,68.78,59.79,51.58,68.78,63.1,0.67,1,0
dylan-addison,2011,ND,SF,24.0,56,6,56.25,0.9,65.14,55.7,49.56,65.14,58.6,0.58,1,0
dylan-addison,2012,ND,SF,25.0,73,7,56.25,0.5,72.85,65.76,58.68,72.85,66.05,0.52,1,0
dylan-addison,2013,ND,SF,26.0,85,8,52.7,0.0,68.02,57.92,55.14,68.02,61.07,0.46,1,0
dylan-addison,2014,ND,SF,27.0,90,9,45.8,0.0,66.66,55.22,48.97,66.66,56.05,0.4,1,0
matt-riggio,2005,ND,SD,18.0,0,0,48.7,0.0,101.88,91.23,65.68,101.88,101.88,1.0,1,0
matt-riggio,2006,ND,SD,19.0,0,1,48.7,0.0,101.88,90.84,66.31,101.88,101.88,1.0,1,0
matt-riggio,2007,ND,SD,20.0,2,2,48.7,0.0,95.02,83.95,59.3,95.02,95.02,1.0,1,0
matt-riggio,2008,ND,SD,21.0,9,3,48.7,0.0,96.1,79.51,58.5,96.1,91.59,0.88,1,0
matt-riggio,2009,ND,SD,22.0,10,4,35.0,0.0,87.88,76.82,54.36,87.88,79.84,0.76,1,0
ben-mckinley,2005,ND,SF,18.0,0,0,61.9,44.6,91.37,86.51,57.86,91.37,91.37,1.0,1,0
ben-mckinley,2006,ND,SF,19.0,0,1,61.9,50.9,91.37,86.35,59.54,91.37,91.37,1.0,1,0
ben-mckinley,2007,ND,SF,20.0,1,2,61.9,58.0,91.75,82.91,58.11,91.75,91.75,1.0,1,0
ben-mckinley,2008,ND,SF,21.0,19,3,61.9,10.2,97.57,91.04,72.62,97.57,94.58,0.88,1,0
ben-mckinley,2009,ND,SF,22.0,36,4,59.0,10.0,86.11,80.76,66.12,86.11,81.31,0.76,1,0
ben-mckinley,2010,ND,SF,23.0,46,5,62.1,0.0,84.23,78.3,64.56,84.23,77.73,0.67,1,0
ben-mckinley,2011,ND,SF,24.0,48,6,31.5,0.0,75.52,72.25,59.23,75.52,68.68,0.58,1,0
nick-lower,2005,ND,MID,18.0,0,0,66.8,161.6,107.55,95.74,63.21,107.55,107.55,1.0,1,0
nick-lower,2006,ND,MID,19.0,4,1,66.8,184.2,99.52,93.01,61.26,99.52,99.52,1.0,1,0
nick-lower,2007,ND,MID,20.0,4,2,66.8,210.0,104.14,91.35,61.33,104.14,104.14,1.0,1,0
nick-lower,2008,ND,MID,21.0,15,3,66.8,238.8,104.9,93.34,64.81,104.9,100.09,0.88,1,0
nick-lower,2009,ND,MID,22.0,20,4,69.95,272.1,98.4,87.28,60.13,98.4,89.22,0.76,1,0
nick-lower,2010,ND,MID,23.0,20,5,69.95,310.2,90.31,79.55,55.91,90.31,78.95,0.67,1,0
nick-lower,2011,ND,MID,24.0,39,6,69.95,158.4,108.04,101.21,79.87,108.04,96.21,0.58,1,0
nick-lower,2012,ND,MID,25.0,42,7,58.0,0.1,105.15,95.92,80.17,105.15,93.16,0.52,1,0
nick-lower,2013,ND,MID,26.0,55,8,58.0,0.0,80.85,75.25,58.42,80.85,68.74,0.46,1,0
trent-west,2005,ND,RUCK,18.0,0,0,75.77,68.8,115.99,107.56,61.32,115.99,115.99,1.0,1,0
trent-west,2006,ND,RUCK,19.0,0,1,75.77,78.4,115.99,107.84,74.36,115.99,115.99,1.0,1,0
trent-west,2007,ND,RUCK,20.0,0,2,75.77,89.4,114.2,105.74,73.58,114.2,114.2,1.0,1,0
trent-west,2008,ND,RUCK,21.0,6,3,75.77,101.9,120.79,102.16,72.59,120.79,115.01,0.88,1,0
trent-west,2009,ND,RUCK,22.0,7,4,75.77,116.1,118.93,104.1,70.39,118.93,107.28,0.76,1,0
trent-west,2010,ND,RUCK,23.0,11,5,75.77,132.4,118.58,100.9,70.68,118.58,102.77,0.67,1,0
trent-west,2011,ND,RUCK,24.0,17,6,75.77,93.6,115.65,103.44,76.26,115.65,99.11,0.58,1,0
trent-west,2012,ND,RUCK,25.0,37,7,71.7,40.6,114.33,107.16,85.42,114.33,100.45,0.52,1,0
trent-west,2013,ND,RUCK,26.0,50,8,69.55,44.3,104.52,102.65,77.28,104.52,89.81,0.46,1,0
trent-west,2014,ND,RUCK,27.0,60,9,74.8,1.0,104.48,99.14,77.74,104.48,88.44,0.4,1,0
trent-west,2015,ND,RUCK,28.0,62,10,52.8,1.2,102.11,94.4,69.44,102.11,82.51,0.4,1,0
trent-west,2016,ND,RUCK,29.0,66,11,52.8,0.0,97.98,86.55,60.02,97.98,75.2,0.4,1,0
bernie-vince,2005,ND,MID,20.0,0,0,97.03,1355.9,99.76,88.83,58.87,99.76,99.76,1.0,1,0
bernie-vince,2006,ND,MID,21.0,4,1,97.03,1545.7,90.48,78.71,48.53,90.48,85.45,0.88,1,0
bernie-vince,2007,ND,MID,22.0,10,2,97.03,1762.1,90.86,78.66,45.58,90.86,79.99,0.76,1,0
bernie-vince,2008,ND,MID,23.0,30,3,97.03,1576.1,109.2,101.34,80.74,109.2,99.81,0.67,1,0
bernie-vince,2009,ND,MID,24.0,52,4,97.03,1212.1,118.64,113.4,99.71,118.64,112.67,0.685,1,0
bernie-vince,2010,ND,MID,25.0,68,5,95.13,1314.2,106.22,101.21,87.12,106.22,97.06,0.52,1,0
bernie-vince,2011,ND,MID,26.0,85,6,95.13,1193.6,107.36,102.19,91.35,107.36,99.22,0.492,1,0
bernie-vince,2012,ND,MID,27.0,102,7,95.13,1142.3,104.11,100.26,85.85,104.11,93.4,0.413,1,0
bernie-vince,2013,ND,MID,28.0,123,8,95.13,1217.9,102.54,92.8,79.6,102.54,88.78,0.4,1,0
bernie-vince,2014,ND,MID,29.0,145,9,95.13,877.0,106.03,99.03,90.59,106.03,98.46,0.51,1,0
bernie-vince,2015,ND,MID,30.0,166,10,88.1,406.7,107.56,103.45,94.2,107.56,101.87,0.574,1,0
bernie-vince,2016,ND,MID,31.0,187,11,76.57,39.4,103.96,96.17,88.81,103.96,96.77,0.525,1,0
bernie-vince,2017,ND,MID,32.0,206,12,68.8,1.4,93.86,84.91,72.72,93.86,81.18,0.4,1,0
bernie-vince,2018,ND,MID,33.0,223,13,63.5,0.0,83.95,74.62,61.17,83.95,70.28,0.4,1,0
sam-gilbert,2005,ND,SD,19.0,0,0,89.63,1701.8,100.51,89.45,66.0,100.51,100.51,1.0,1,0
sam-gilbert,2006,ND,SD,20.0,2,1,89.63,1940.0,93.84,82.79,61.34,93.84,93.84,1.0,1,0
sam-gilbert,2007,ND,SD,21.0,20,2,89.63,1918.0,104.82,95.45,77.33,104.82,101.52,0.88,1,0
sam-gilbert,2008,ND,SD,22.0,36,3,89.63,2182.8,94.82,87.02,71.16,94.82,89.14,0.76,1,0
sam-gilbert,2009,ND,SD,23.0,55,4,89.63,1629.9,110.07,105.61,94.59,110.07,105.41,0.699,1,0
sam-gilbert,2010,ND,SD,24.0,77,5,84.3,1089.9,115.32,112.27,100.87,115.32,110.42,0.661,1,0
sam-gilbert,2011,ND,SD,25.0,99,6,79.87,790.2,103.23,101.47,91.3,103.23,97.65,0.532,1,0
sam-gilbert,2012,ND,SD,26.0,120,7,77.43,692.7,97.51,92.39,83.45,97.51,89.92,0.46,1,0
sam-gilbert,2013,ND,SD,27.0,129,8,75.3,416.5,95.5,91.0,78.33,95.5,85.2,0.4,1,0
sam-gilbert,2014,ND,SD,28.0,135,9,70.6,473.0,85.31,77.12,66.46,85.31,74.0,0.4,1,0
sam-gilbert,2015,ND,SD,29.0,146,10,70.6,112.2,89.54,88.24,70.37,89.54,78.04,0.4,1,0
sam-gilbert,2016,ND,SD,30.0,168,11,63.73,58.7,82.53,72.81,63.31,82.53,71.0,0.4,1,0
sam-gilbert,2017,ND,SD,31.0,186,12,62.55,11.0,79.93,70.13,62.26,79.93,69.33,0.4,1,0
sam-gilbert,2018,ND,SD,32.0,197,13,59.9,0.0,75.53,65.47,56.59,75.53,64.17,0.4,1,0
matthew-spangher,2005,ND,KPD,18.0,0,0,63.67,216.4,93.62,87.08,67.16,93.62,93.62,1.0,1,0
matthew-spangher,2006,ND,KPD,19.0,0,1,63.67,246.7,93.62,86.53,67.96,93.62,93.62,1.0,1,0
matthew-spangher,2007,ND,KPD,20.0,0,2,63.67,281.3,91.86,82.96,65.19,91.86,91.86,1.0,1,0
matthew-spangher,2008,ND,KPD,21.0,7,3,63.67,320.6,88.13,72.44,61.69,88.13,84.96,0.88,1,0
matthew-spangher,2009,ND,KPD,22.0,18,4,63.67,320.9,85.02,75.86,66.91,85.02,80.67,0.76,1,0
matthew-spangher,2010,ND,KPD,23.0,26,5,63.35,357.6,82.11,74.32,67.33,82.11,77.24,0.67,1,0
matthew-spangher,2011,ND,KPD,24.0,30,6,67.8,181.8,82.38,75.52,67.48,82.38,76.12,0.58,1,0
matthew-spangher,2012,ND,KPD,25.0,30,7,67.8,207.3,79.87,70.31,61.7,79.87,71.15,0.52,1,0
matthew-spangher,2013,ND,KPD,26.0,33,8,67.8,116.6,75.35,68.17,60.36,75.35,67.25,0.46,1,0
matthew-spangher,2014,ND,KPD,27.0,45,9,67.8,0.2,78.59,72.29,65.61,78.59,70.8,0.4,1,0
matthew-spangher,2015,ND,KPD,28.0,49,10,48.8,0.0,72.03,63.74,56.21,72.03,62.54,0.4,1,0
matthew-spangher,2016,ND,KPD,29.0,50,11,1.0,0.0,69.9,61.29,51.95,69.9,59.13,0.4,1,0
stephen-owen,2005,ND,SF,18.0,0,0,0.0,0.0,88.87,81.87,55.76,88.87,88.87,1.0,1,0
jake-edwards,2005,ND,KPF,18.0,0,0,52.6,1.0,90.66,82.03,41.98,90.66,90.66,1.0,1,0
jake-edwards,2006,ND,KPF,19.0,0,1,52.6,1.1,90.66,82.32,54.75,90.66,90.66,1.0,1,0
jake-edwards,2007,ND,KPF,20.0,0,2,52.6,1.2,90.58,78.44,57.1,90.58,90.58,1.0,1,0
jake-edwards,2008,ND,KPF,21.0,5,3,52.6,0.0,94.21,76.71,56.02,94.21,89.62,0.88,1,0
john-anthony,2005,ND,KPF,18.0,0,0,64.3,201.5,90.66,81.59,41.98,90.66,90.66,1.0,1,0
john-anthony,2006,ND,KPF,19.0,0,1,64.3,229.7,90.66,81.87,54.75,90.66,90.66,1.0,1,0
john-anthony,2007,ND,KPF,20.0,0,2,64.3,261.8,90.58,78.1,57.87,90.58,90.58,1.0,1,0
john-anthony,2008,ND,KPF,21.0,10,3,64.3,289.6,95.26,76.91,57.21,95.26,90.7,0.88,1,0
john-anthony,2009,ND,KPF,22.0,31,4,67.05,11.8,99.67,92.48,79.88,99.67,95.15,0.771,1,0
john-anthony,2010,ND,KPF,23.0,38,5,59.1,0.0,92.77,85.29,72.35,92.77,86.04,0.67,1,0
john-anthony,2011,ND,KPF,24.0,42,6,42.8,0.0,83.23,75.54,63.97,83.23,75.14,0.58,1,0
john-anthony,2012,ND,KPF,25.0,46,7,37.2,0.0,77.34,68.44,57.88,77.34,68.0,0.52,1,0
travis-tuck,2005,ND,MID,18.0,0,0,62.6,0.9,105.87,92.62,57.24,105.87,105.87,1.0,1,0
travis-tuck,2006,ND,MID,19.0,0,1,62.6,1.1,105.87,92.72,60.09,105.87,105.87,1.0,1,0
travis-tuck,2007,ND,MID,20.0,1,2,62.6,1.2,103.64,90.91,56.52,103.64,103.64,1.0,1,0
travis-tuck,2008,ND,MID,21.0,9,3,62.6,1.1,104.56,88.64,58.1,104.56,98.98,0.88,1,0
travis-tuck,2009,ND,MID,22.0,20,4,64.4,0.0,101.25,92.25,66.08,101.25,92.81,0.76,1,0
jay-neagle,2005,ND,KPF,18.0,0,0,48.97,2.1,91.73,83.84,41.5,91.73,91.73,1.0,1,0
jay-neagle,2006,ND,KPF,19.0,0,1,48.97,2.4,91.73,84.13,54.62,91.73,91.73,1.0,1,0
jay-neagle,2007,ND,KPF,20.0,1,2,48.97,2.8,88.54,80.62,56.7,88.54,88.54,1.0,1,0
jay-neagle,2008,ND,KPF,21.0,8,3,48.97,3.1,91.81,75.17,53.77,91.81,87.25,0.88,1,0
jay-neagle,2009,ND,KPF,22.0,19,4,52.4,2.4,86.0,73.52,55.01,86.0,78.57,0.76,1,0
jay-neagle,2010,ND,KPF,23.0,27,5,53.9,0.0,83.88,73.52,56.22,83.88,74.75,0.67,1,0
travis-casserly,2005,ND,MID,18.0,0,0,0.0,0.0,106.91,92.54,57.99,106.91,106.91,1.0,1,0
rhan-hooper,2005,ND,SF,18.0,0,0,63.2,80.3,90.31,83.93,54.17,90.31,90.31,1.0,1,0
rhan-hooper,2006,ND,SF,19.0,11,1,63.2,91.5,86.52,78.79,56.58,86.52,86.52,1.0,1,0
rhan-hooper,2007,ND,SF,20.0,19,2,63.2,13.8,95.43,88.07,65.5,95.43,95.43,1.0,1,0
rhan-hooper,2008,ND,SF,21.0,39,3,56.67,1.5,95.37,88.66,70.69,95.37,92.41,0.88,1,0
rhan-hooper,2009,ND,SF,22.0,46,4,53.6,0.2,87.92,82.78,65.52,87.92,82.55,0.76,1,0
rhan-hooper,2010,ND,SF,23.0,52,5,50.8,0.0,80.56,76.05,60.12,80.56,73.82,0.67,1,0
robert-warnock,2005,ND,RUCK,18.0,0,0,85.03,374.4,108.81,99.42,51.81,108.81,108.81,1.0,1,0
robert-warnock,2006,ND,RUCK,19.0,0,1,85.03,426.8,108.81,99.88,65.99,108.81,108.81,1.0,1,0
robert-warnock,2007,ND,RUCK,20.0,12,2,85.03,486.6,107.77,106.48,65.58,107.77,107.77,1.0,1,0
robert-warnock,2008,ND,RUCK,21.0,21,3,85.03,554.7,111.48,99.48,71.32,111.48,106.66,0.88,1,0
robert-warnock,2009,ND,RUCK,22.0,21,4,85.03,632.3,110.7,95.71,63.75,110.7,99.43,0.76,1,0
robert-warnock,2010,ND,RUCK,23.0,32,5,85.03,720.1,114.66,101.06,74.69,114.66,101.47,0.67,1,0
robert-warnock,2011,ND,RUCK,24.0,50,6,85.03,516.3,114.28,112.34,94.86,114.28,106.29,0.588,1,0
robert-warnock,2012,ND,RUCK,25.0,55,7,84.45,448.7,109.64,104.46,90.55,109.64,100.56,0.524,1,0
robert-warnock,2013,ND,RUCK,26.0,65,8,84.45,157.2,108.0,105.02,90.08,108.0,99.36,0.518,1,0
robert-warnock,2014,ND,RUCK,27.0,81,9,80.9,13.8,105.93,96.82,82.0,105.93,91.57,0.4,1,0
robert-warnock,2015,ND,RUCK,28.0,83,10,73.5,0.0,103.7,93.82,78.88,103.7,88.81,0.4,1,0
andrew-swallow,2005,ND,MID,18.0,0,0,109.17,2258.4,106.38,91.38,58.57,106.38,106.38,1.0,1,0
andrew-swallow,2006,ND,MID,19.0,12,1,109.17,2574.4,107.31,96.56,67.21,107.31,107.31,1.0,1,0
andrew-swallow,2007,ND,MID,20.0,34,2,109.17,2909.1,114.85,109.48,88.93,114.85,114.85,1.0,1,0
andrew-swallow,2008,ND,MID,21.0,37,3,109.17,3316.3,110.04,102.0,80.26,110.04,106.47,0.88,1,0
andrew-swallow,2009,ND,MID,22.0,59,4,109.17,3167.7,123.47,121.63,108.03,123.47,120.84,0.83,1,0
andrew-swallow,2010,ND,MID,23.0,81,5,109.17,2785.7,126.03,121.36,114.52,126.03,124.01,0.824,1,0
andrew-swallow,2011,ND,MID,24.0,103,6,107.53,2116.9,126.39,122.55,115.36,126.39,124.53,0.832,1,0
andrew-swallow,2012,ND,MID,25.0,125,7,101.57,1470.6,125.39,122.24,113.14,125.39,122.96,0.802,1,0
andrew-swallow,2013,ND,MID,26.0,142,8,96.13,993.0,118.69,112.24,105.17,118.69,114.69,0.704,1,0
andrew-swallow,2014,ND,MID,27.0,157,9,90.83,679.8,109.29,104.76,97.11,109.29,103.98,0.564,1,0
andrew-swallow,2015,ND,MID,28.0,176,10,86.53,297.4,108.54,99.3,94.39,108.54,102.06,0.542,1,0
andrew-swallow,2016,ND,MID,29.0,197,11,82.8,99.4,102.12,94.3,86.93,102.12,93.65,0.442,1,0
andrew-swallow,2017,ND,MID,30.0,213,12,80.2,0.0,97.52,85.47,75.83,97.52,84.5,0.4,1,0
alipate-carlile,2005,ND,KPD,18.0,0,0,65.07,110.9,94.53,87.93,62.78,94.53,94.53,1.0,1,0
alipate-carlile,2006,ND,KPD,19.0,1,1,65.07,126.4,92.47,83.4,67.48,92.47,92.47,1.0,1,0
alipate-carlile,2007,ND,KPD,20.0,9,2,65.07,144.1,89.81,79.55,63.74,89.81,89.81,1.0,1,0
alipate-carlile,2008,ND,KPD,21.0,31,3,65.07,134.6,94.64,89.61,73.58,94.64,92.12,0.88,1,0
alipate-carlile,2009,ND,KPD,22.0,52,4,65.07,143.0,84.94,80.67,70.9,84.94,81.57,0.76,1,0
alipate-carlile,2010,ND,KPD,23.0,73,5,65.07,111.0,84.16,79.31,71.8,84.16,80.08,0.67,1,0
alipate-carlile,2011,ND,KPD,24.0,90,6,62.9,35.0,83.14,78.57,71.96,83.14,78.44,0.58,1,0
alipate-carlile,2012,ND,KPD,25.0,110,7,58.63,9.3,77.93,72.75,68.52,77.93,73.42,0.52,1,0
alipate-carlile,2013,ND,KPD,26.0,130,8,55.03,2.8,74.7,69.9,64.15,74.7,69.0,0.46,1,0
alipate-carlile,2014,ND,KPD,27.0,147,9,53.35,0.9,71.05,66.12,58.78,71.05,63.69,0.4,1,0
alipate-carlile,2015,ND,KPD,28.0,159,10,52.1,0.0,69.63,58.65,50.81,69.63,58.34,0.4,1,0
alipate-carlile,2016,ND,KPD,29.0,161,11,38.0,0.0,68.58,59.76,51.13,68.58,58.11,0.4,1,0
ryan-gamble,2005,ND,SF,18.0,0,0,60.97,101.9,89.78,82.33,51.27,89.78,89.78,1.0,1,0
ryan-gamble,2006,ND,SF,19.0,1,1,60.97,116.2,89.78,80.78,55.88,89.78,89.78,1.0,1,0
ryan-gamble,2007,ND,SF,20.0,1,2,60.97,132.4,90.66,80.4,55.57,90.66,90.66,1.0,1,0
ryan-gamble,2008,ND,SF,21.0,14,3,60.97,2.2,98.71,88.15,71.23,98.71,95.41,0.88,1,0
ryan-gamble,2009,ND,SF,22.0,22,4,55.15,2.0,87.19,78.92,62.71,87.19,81.31,0.76,1,0
ryan-gamble,2010,ND,SF,23.0,24,5,57.5,2.3,82.96,73.91,57.52,82.96,74.57,0.67,1,0
ryan-gamble,2011,ND,SF,24.0,35,6,57.5,0.0,79.2,71.58,61.45,79.2,71.75,0.58,1,0
alan-obst,2005,ND,SD,18.0,0,0,78.0,94.6,101.34,87.28,58.52,101.34,101.34,1.0,1,0
alan-obst,2006,ND,SD,19.0,0,1,78.0,107.8,101.34,87.41,62.11,101.34,101.34,1.0,1,0
alan-obst,2007,ND,SD,20.0,0,2,78.0,122.9,97.55,82.76,58.22,97.55,97.55,1.0,1,0
alan-obst,2008,ND,SD,21.0,3,3,78.0,140.1,97.67,78.1,56.32,97.67,92.71,0.88,1,0
alan-obst,2009,ND,SD,22.0,5,4,78.0,0.0,88.15,75.9,56.12,88.15,80.46,0.76,1,0
sam-lonergan,2005,ND,SF,18.0,0,0,72.6,39.3,90.02,77.64,51.67,90.02,90.02,1.0,1,0
sam-lonergan,2006,ND,SF,19.0,1,1,72.6,44.9,89.78,79.27,56.83,89.78,89.78,1.0,1,0
sam-lonergan,2007,ND,SF,20.0,1,2,72.6,51.1,90.5,78.04,55.57,90.5,90.5,1.0,1,0
sam-lonergan,2008,ND,SF,21.0,20,3,72.6,19.2,99.85,90.53,76.8,99.85,97.1,0.881,1,0
sam-lonergan,2009,ND,SF,22.0,37,4,69.83,14.3,94.85,88.16,75.28,94.85,90.15,0.76,1,0
sam-lonergan,2010,ND,SF,23.0,53,5,68.23,14.7,88.31,80.33,70.51,88.31,82.43,0.67,1,0
sam-lonergan,2011,ND,SF,24.0,65,6,69.75,13.7,83.78,77.52,69.58,83.78,77.82,0.58,1,0
sam-lonergan,2012,ND,SF,25.0,79,7,72.3,0.0,84.37,78.22,69.06,84.37,77.02,0.52,1,0
sam-lonergan,2013,ND,SF,26.0,81,8,38.0,0.0,80.28,75.32,64.68,80.28,71.86,0.46,1,0
matthew-laidlaw,2005,ND,MID,18.0,0,0,48.0,0.0,106.32,87.24,54.57,106.32,106.32,1.0,1,0
matthew-laidlaw,2006,ND,MID,19.0,0,1,48.0,0.0,106.32,89.88,59.58,106.32,106.32,1.0,1,0
matthew-laidlaw,2007,ND,MID,20.0,1,2,48.0,0.0,104.03,87.87,55.0,104.03,104.03,1.0,1,0
simon-buckley,2005,ND,MID,18.0,0,0,65.23,4.4,106.32,87.24,55.48,106.32,106.32,1.0,1,0
simon-buckley,2006,ND,MID,19.0,0,1,65.23,5.1,106.32,89.88,60.67,106.32,106.32,1.0,1,0
simon-buckley,2007,ND,MID,20.0,6,2,65.23,5.8,102.01,85.16,56.69,102.01,102.01,1.0,1,0
simon-buckley,2008,ND,MID,21.0,20,3,65.23,3.3,106.09,96.42,68.88,106.09,101.62,0.88,1,0
simon-buckley,2009,ND,MID,22.0,21,4,64.15,3.8,101.01,90.13,62.38,101.01,91.74,0.76,1,0
simon-buckley,2010,ND,MID,23.0,21,5,64.15,4.3,95.13,82.37,58.43,95.13,83.02,0.67,1,0
simon-buckley,2011,ND,MID,24.0,34,6,64.15,0.9,92.33,86.04,64.9,92.33,80.81,0.58,1,0
simon-buckley,2012,ND,MID,25.0,47,7,62.1,0.0,85.03,77.04,61.28,85.03,73.63,0.52,1,0
kristin-thornton,2005,ND,MID,18.0,0,0,34.2,0.0,106.32,85.29,54.49,106.32,106.32,1.0,1,0
kristin-thornton,2006,ND,MID,19.0,0,1,34.2,0.0,106.32,87.93,59.5,106.32,106.32,1.0,1,0
kristin-thornton,2007,ND,MID,20.0,0,2,34.2,0.0,105.38,88.56,56.23,105.38,105.38,1.0,1,0
kristin-thornton,2008,ND,MID,21.0,0,3,34.2,0.0,101.62,87.25,58.29,101.62,96.42,0.88,1,0
kristin-thornton,2009,ND,MID,22.0,8,4,34.2,0.0,90.74,76.86,43.36,90.74,79.37,0.76,1,0
joel-patfull,2005,ND,KPD,21.0,0,0,71.97,287.3,92.22,73.99,57.32,92.22,88.04,0.88,1,0
joel-patfull,2006,ND,KPD,22.0,15,1,71.97,326.3,82.37,71.37,59.36,82.37,76.85,0.76,1,0
joel-patfull,2007,ND,KPD,23.0,36,2,71.97,360.6,80.14,76.84,65.76,80.14,75.39,0.67,1,0
joel-patfull,2008,ND,KPD,24.0,58,3,71.97,386.0,78.69,75.26,67.47,78.69,73.98,0.58,1,0
joel-patfull,2009,ND,KPD,25.0,76,4,71.97,272.1,85.51,80.52,73.6,85.51,79.79,0.52,1,0
joel-patfull,2010,ND,KPD,26.0,97,5,69.57,305.9,75.22,71.67,67.03,75.22,70.8,0.46,1,0
joel-patfull,2011,ND,KPD,27.0,115,6,69.57,348.4,70.35,63.36,57.69,70.35,62.76,0.4,1,0
joel-patfull,2012,ND,KPD,28.0,137,7,69.57,359.1,71.6,66.99,60.75,71.6,65.09,0.4,1,0
joel-patfull,2013,ND,KPD,29.0,159,8,67.2,124.0,77.98,71.86,66.88,77.98,71.32,0.4,1,0
joel-patfull,2014,ND,KPD,30.0,180,9,58.1,4.1,77.26,71.2,65.28,77.26,70.07,0.4,1,0
joel-patfull,2015,ND,KPD,31.0,196,10,52.35,0.2,70.35,63.4,56.21,70.35,61.87,0.4,1,0
joel-patfull,2016,ND,KPD,32.0,216,11,48.1,0.0,67.51,62.09,51.17,67.51,57.71,0.4,1,0
michael-west,2005,ND,KPF,18.0,0,0,0.0,0.0,92.46,75.89,36.45,92.46,92.46,1.0,1,0
hugh-minson,2005,ND,RUCK,18.0,0,0,0.0,0.0,109.43,90.13,42.1,109.43,109.43,1.0,1,0
ryan-brabazon,2005,ND,MID,19.0,0,0,38.0,0.0,106.33,88.9,57.88,106.33,106.33,1.0,1,0
ryan-brabazon,2006,ND,MID,20.0,0,1,38.0,0.0,100.41,84.21,52.29,100.41,100.41,1.0,1,0
ryan-brabazon,2007,ND,MID,21.0,0,2,38.0,0.0,102.27,83.65,51.18,102.27,96.14,0.88,1,0
ryan-brabazon,2008,ND,MID,22.0,1,3,38.0,0.0,91.04,79.95,51.87,91.04,81.64,0.76,1,0
ryan-brabazon,2009,ND,MID,23.0,3,4,36.5,0.0,89.36,78.56,51.89,89.36,76.99,0.67,1,0
clint-bartram,2005,ND,SD,18.0,0,0,62.63,3.1,99.62,83.3,48.95,99.62,99.62,1.0,1,0
clint-bartram,2006,ND,SD,19.0,22,1,62.63,3.4,102.63,93.39,63.86,102.63,102.63,1.0,1,0
clint-bartram,2007,ND,SD,20.0,23,2,62.63,3.9,97.53,88.24,62.47,97.53,97.53,1.0,1,0
clint-bartram,2008,ND,SD,21.0,44,3,62.63,4.4,97.91,85.75,62.18,97.91,93.62,0.88,1,0
clint-bartram,2009,ND,SD,22.0,59,4,62.63,4.3,91.1,84.56,66.03,91.1,85.08,0.76,1,0
clint-bartram,2010,ND,SD,23.0,80,5,61.57,4.5,86.44,81.98,65.3,86.44,79.46,0.67,1,0
clint-bartram,2011,ND,SD,24.0,95,6,62.65,4.9,80.54,77.04,63.59,80.54,73.42,0.58,1,0
clint-bartram,2012,ND,SD,25.0,103,7,67.6,0.0,82.85,75.89,64.9,82.85,74.23,0.52,1,0
mathew-stokes,2005,ND,SF,21.0,0,0,94.4,1594.3,85.65,67.99,50.72,85.65,81.46,0.88,1,0
mathew-stokes,2006,ND,SF,22.0,9,1,94.4,1793.0,82.86,72.63,52.67,82.86,75.61,0.76,1,0
mathew-stokes,2007,ND,SF,23.0,27,2,94.4,1720.2,92.38,88.96,69.45,92.38,85.04,0.68,1,0
mathew-stokes,2008,ND,SF,24.0,46,3,94.4,1449.7,106.24,98.0,81.65,106.24,98.01,0.665,1,0
mathew-stokes,2009,ND,SF,25.0,64,4,94.4,1328.8,102.33,96.73,81.32,102.33,93.62,0.585,1,0
mathew-stokes,2010,ND,SF,26.0,79,5,94.4,1447.3,90.4,87.42,73.79,90.4,81.43,0.46,1,0
mathew-stokes,2011,ND,SF,27.0,98,6,94.4,1045.4,99.29,98.09,83.55,99.29,91.94,0.533,1,0
mathew-stokes,2012,ND,SF,28.0,117,7,88.6,1163.7,81.74,80.54,68.56,81.74,73.83,0.4,1,0
mathew-stokes,2013,ND,SF,29.0,138,8,88.6,496.3,98.19,99.6,85.93,99.6,94.09,0.597,1,0
mathew-stokes,2014,ND,SF,30.0,156,9,78.77,15.0,100.87,97.41,91.4,100.87,97.66,0.661,1,0
mathew-stokes,2015,ND,SF,31.0,170,10,69.85,3.3,91.25,86.09,77.12,91.25,84.06,0.491,1,0
mathew-stokes,2016,ND,SF,32.0,181,11,67.8,0.0,81.51,80.12,66.95,81.51,72.78,0.4,1,0
phillip-raymond,2005,ND,SF,18.0,0,0,0.0,0.0,90.25,80.39,48.75,90.25,90.25,1.0,1,0
austin-lucy,2005,ND,KPD,18.0,0,0,0.0,0.0,94.24,82.2,50.72,94.24,94.24,1.0,1,0
heath-neville,2005,ND,MID,18.0,0,0,0.0,0.0,105.91,81.5,46.26,105.91,105.91,1.0,1,0
tim-hutchison,2005,ND,KPF,18.0,0,0,0.0,0.0,90.2,71.74,27.21,90.2,90.2,1.0,1,0
jonathan-giles,2005,ND,RUCK,18.0,0,0,80.67,270.3,107.18,86.03,30.31,107.18,107.18,1.0,1,0
jonathan-giles,2006,ND,RUCK,19.0,0,1,80.67,308.1,107.18,90.0,59.62,107.18,107.18,1.0,1,0
jonathan-giles,2007,ND,RUCK,20.0,0,2,80.67,351.2,104.87,89.38,59.77,104.87,104.87,1.0,1,0
jonathan-giles,2008,ND,RUCK,21.0,0,3,80.67,400.4,107.81,90.2,65.21,107.81,102.7,0.88,1,0
jonathan-giles,2009,ND,RUCK,22.0,0,4,80.67,456.5,103.38,87.28,68.95,103.38,95.12,0.76,1,0
jonathan-giles,2010,ND,RUCK,23.0,0,5,80.67,520.4,103.9,89.59,77.78,103.9,95.28,0.67,1,0
jonathan-giles,2011,ND,RUCK,24.0,0,6,80.67,593.2,98.52,88.99,75.0,98.52,88.64,0.58,1,0
jonathan-giles,2012,ND,RUCK,25.0,20,7,80.67,176.2,111.49,105.83,93.6,111.49,103.96,0.579,1,0
jonathan-giles,2013,ND,RUCK,26.0,42,8,74.4,148.9,102.0,94.89,83.98,102.0,92.27,0.46,1,0
jonathan-giles,2014,ND,RUCK,27.0,51,9,73.8,133.6,99.5,90.05,78.48,99.5,86.89,0.4,1,0
jonathan-giles,2015,ND,RUCK,28.0,54,10,84.0,18.2,96.68,88.65,75.68,96.68,84.08,0.4,1,0
jonathan-giles,2016,ND,RUCK,29.0,57,11,73.7,0.4,92.94,81.66,69.08,92.94,78.62,0.4,1,0
jonathan-giles,2017,ND,RUCK,30.0,62,12,61.0,0.0,91.79,77.43,58.88,91.79,72.05,0.4,1,0
justin-sweeney,2005,ND,SF,18.0,0,0,38.0,0.0,87.81,72.01,40.3,87.81,87.81,1.0,1,0
justin-sweeney,2006,ND,SF,19.0,0,1,38.0,0.0,87.81,75.38,54.09,87.81,87.81,1.0,1,0
justin-sweeney,2007,ND,SF,20.0,1,2,38.0,0.0,85.34,72.86,54.49,85.34,85.34,1.0,1,0
ryan-jackson,2005,RD,MID,18.0,0,0,64.9,0.9,112.82,94.9,52.22,112.82,112.82,1.0,1,0
ryan-jackson,2006,RD,MID,19.0,1,1,64.9,1.1,111.37,94.86,61.02,111.37,111.37,1.0,1,0
ryan-jackson,2007,RD,MID,20.0,8,2,64.9,0.0,106.39,94.32,64.06,106.39,106.39,1.0,1,0
ryan-jackson,2008,RD,MID,21.0,9,3,37.0,0.0,103.67,90.36,58.71,103.67,98.28,0.88,1,0
alan-toovey,2005,RD,SD,18.0,0,0,62.67,6.3,108.91,98.01,61.68,108.91,108.91,1.0,1,0
alan-toovey,2006,RD,SD,19.0,0,1,62.67,7.1,108.91,97.97,76.77,108.91,108.91,1.0,1,0
alan-toovey,2007,RD,SD,20.0,10,2,62.67,8.1,100.34,86.51,60.94,100.34,100.34,1.0,1,0
alan-toovey,2008,RD,SD,21.0,17,3,62.67,9.2,98.06,82.62,61.6,98.06,93.69,0.88,1,0
alan-toovey,2009,RD,SD,22.0,38,4,62.67,9.9,95.39,87.14,68.55,95.39,88.95,0.76,1,0
alan-toovey,2010,RD,SD,23.0,60,5,62.57,8.7,90.92,84.56,70.76,90.92,84.27,0.67,1,0
alan-toovey,2011,RD,SD,24.0,77,6,59.57,9.3,85.65,80.16,67.9,85.65,78.19,0.58,1,0
alan-toovey,2012,RD,SD,25.0,96,7,56.93,9.5,83.32,75.71,65.32,83.32,74.68,0.52,1,0
alan-toovey,2013,RD,SD,26.0,101,8,52.2,0.1,78.32,74.54,64.92,78.32,71.09,0.46,1,0
alan-toovey,2014,RD,SD,27.0,118,9,52.2,0.1,72.83,64.83,52.24,72.83,60.48,0.4,1,0
alan-toovey,2015,RD,SD,28.0,138,10,52.0,0.0,73.02,61.74,53.76,73.02,61.46,0.4,1,0
alan-toovey,2016,RD,SD,29.0,146,11,48.2,0.0,71.19,61.34,47.4,71.19,56.92,0.4,1,0
luke-mcentee,2005,RD,RUCK,18.0,0,0,0.0,0.0,115.06,103.63,54.35,115.06,115.06,1.0,1,0
lachlan-mckinnon,2005,RD,RUCK,19.0,0,0,0.0,0.0,115.06,104.01,74.36,115.06,115.06,1.0,1,0
angus-graham,2005,RD,RUCK,18.0,0,0,66.43,63.4,115.06,103.63,54.35,115.06,115.06,1.0,1,0
angus-graham,2006,RD,RUCK,19.0,0,1,66.43,72.3,115.06,104.01,74.36,115.06,115.06,1.0,1,0
angus-graham,2007,RD,RUCK,20.0,2,2,66.43,82.4,109.97,97.49,66.15,109.97,109.97,1.0,1,0
angus-graham,2008,RD,RUCK,21.0,2,3,66.43,93.9,110.69,94.98,69.66,110.69,105.77,0.88,1,0
angus-graham,2009,RD,RUCK,22.0,18,4,66.43,107.0,113.16,97.0,73.49,113.16,103.64,0.76,1,0
angus-graham,2010,RD,RUCK,23.0,33,5,72.9,109.8,112.99,101.5,81.25,112.99,102.52,0.67,1,0
angus-graham,2011,RD,RUCK,24.0,47,6,75.9,60.6,110.02,101.68,85.69,110.02,99.8,0.58,1,0
angus-graham,2012,RD,RUCK,25.0,48,7,83.0,0.0,104.17,95.63,80.51,104.17,92.81,0.52,1,0
jason-roe,2005,RD,SD,21.0,0,0,77.5,966.8,100.4,85.93,66.31,100.4,96.31,0.88,1,0
jason-roe,2006,RD,SD,22.0,15,1,77.5,382.0,112.53,102.66,87.55,112.53,107.13,0.784,1,0
jason-roe,2007,RD,SD,23.0,31,2,66.9,25.3,111.17,101.58,84.71,111.17,102.49,0.672,1,0
jason-roe,2008,RD,SD,24.0,42,3,60.4,7.2,93.79,88.91,72.29,93.79,84.76,0.58,1,0
jason-roe,2009,RD,SD,25.0,49,4,59.1,0.0,90.4,82.56,66.29,90.4,78.83,0.52,1,0
jace-bode,2005,RD,SD,18.0,0,0,48.5,0.0,108.91,98.01,61.68,108.91,108.91,1.0,1,0
jace-bode,2006,RD,SD,19.0,0,1,48.5,0.0,108.91,97.97,76.77,108.91,108.91,1.0,1,0
jace-bode,2007,RD,SD,20.0,4,2,48.5,0.0,100.44,88.12,64.38,100.44,100.44,1.0,1,0
jace-bode,2008,RD,SD,21.0,9,3,31.8,0.0,97.42,79.64,54.95,97.42,92.33,0.88,1,0
ed-lower,2005,RD,MID,18.0,0,0,53.8,0.2,112.82,94.9,52.22,112.82,112.82,1.0,1,0
ed-lower,2006,RD,MID,19.0,4,1,53.8,0.2,108.38,91.51,62.64,108.38,108.38,1.0,1,0
ed-lower,2007,RD,MID,20.0,11,2,53.8,0.0,105.43,89.53,58.35,105.43,105.43,1.0,1,0
ed-lower,2008,RD,MID,21.0,22,3,51.5,0.0,103.54,88.56,59.1,103.54,98.2,0.88,1,0
ed-lower,2009,RD,MID,22.0,31,4,51.9,0.0,95.54,84.5,56.41,95.54,86.15,0.76,1,0
ed-lower,2010,RD,MID,23.0,39,5,52.5,0.0,89.64,82.42,57.36,89.64,78.99,0.67,1,0
tom-rischbieth,2005,RD,SF,18.0,0,0,0.0,0.0,97.91,83.99,50.25,97.91,97.91,1.0,1,0
todd-grima,2005,RD,KPF,18.0,0,0,0.0,0.0,105.48,97.39,61.85,105.48,105.48,1.0,1,0
brad-sugars,2005,RD,SF,18.0,0,0,0.0,0.0,97.91,83.99,50.25,97.91,97.91,1.0,1,0
cathal-corr,2005,RD,MID,18.0,0,0,0.0,0.0,112.82,94.9,52.22,112.82,112.82,1.0,1,0
jonathan-simpkin,2005,RD,MID,18.0,0,0,63.95,9.3,112.82,94.9,52.22,112.82,112.82,1.0,1,0
jonathan-simpkin,2006,RD,MID,19.0,0,1,63.95,10.6,112.82,94.86,66.85,112.82,112.82,1.0,1,0
jonathan-simpkin,2007,RD,MID,20.0,0,2,63.95,12.0,103.9,91.12,61.06,103.9,103.9,1.0,1,0
jonathan-simpkin,2008,RD,MID,21.0,0,3,63.95,13.7,105.0,90.59,64.4,105.0,100.13,0.88,1,0
jonathan-simpkin,2009,RD,MID,22.0,0,4,63.95,15.7,99.77,89.64,66.0,99.77,91.66,0.76,1,0
jonathan-simpkin,2010,RD,MID,23.0,0,5,63.95,17.9,101.38,90.33,69.88,101.38,90.99,0.67,1,0
jonathan-simpkin,2011,RD,MID,24.0,0,6,63.95,20.3,97.87,90.28,67.14,97.87,84.96,0.58,1,0
jonathan-simpkin,2012,RD,MID,25.0,3,7,63.95,23.2,87.58,78.25,54.49,87.58,71.69,0.52,1,0
jonathan-simpkin,2013,RD,MID,26.0,16,8,63.95,21.3,89.38,81.6,63.32,89.38,75.31,0.46,1,0
jonathan-simpkin,2014,RD,MID,27.0,32,9,59.1,24.0,79.05,71.75,55.95,79.05,65.19,0.4,1,0
jonathan-simpkin,2015,RD,MID,28.0,33,10,67.2,27.4,78.4,68.19,49.52,78.4,61.07,0.4,1,0
jonathan-simpkin,2016,RD,MID,29.0,37,11,67.2,0.0,81.55,69.25,53.7,81.55,64.84,0.4,1,0
craig-flint,2005,RD,SD,18.0,0,0,0.0,0.0,108.91,98.01,61.68,108.91,108.91,1.0,1,0
daniel-nicholls,2005,RD,MID,18.0,0,0,-14.0,0.0,112.82,94.9,52.22,112.82,112.82,1.0,1,0
daniel-nicholls,2006,RD,MID,19.0,0,1,-14.0,0.0,112.82,94.86,66.85,112.82,112.82,1.0,1,0
daniel-nicholls,2007,RD,MID,20.0,1,2,-14.0,0.0,103.87,89.8,57.62,103.87,103.87,1.0,1,0
lukas-markovic,2005,RD,KPD,18.0,0,0,50.9,1.7,103.09,97.89,65.17,103.09,103.09,1.0,1,0
lukas-markovic,2006,RD,KPD,19.0,0,1,50.9,2.0,103.09,97.58,79.88,103.09,103.09,1.0,1,0
lukas-markovic,2007,RD,KPD,20.0,0,2,50.9,2.2,97.65,90.86,74.34,97.65,97.65,1.0,1,0
lukas-markovic,2008,RD,KPD,21.0,0,3,50.9,2.5,98.07,84.5,69.42,98.07,94.64,0.88,1,0
lukas-markovic,2009,RD,KPD,22.0,0,4,50.9,2.9,91.29,79.48,65.74,91.29,85.16,0.76,1,0
lukas-markovic,2010,RD,KPD,23.0,0,5,50.9,3.3,88.06,77.58,62.99,88.06,79.79,0.67,1,0
lukas-markovic,2011,RD,KPD,24.0,16,6,50.9,2.6,75.16,69.0,57.23,75.16,67.63,0.58,1,0
lukas-markovic,2012,RD,KPD,25.0,25,7,50.9,2.4,73.78,67.9,54.3,73.78,64.43,0.52,1,0
lukas-markovic,2013,RD,KPD,26.0,29,8,56.5,0.0,70.09,67.18,54.86,70.09,61.87,0.46,1,0
heath-hocking,2005,RD,MID,18.0,0,0,83.0,289.1,112.82,94.9,52.22,112.82,112.82,1.0,1,0
heath-hocking,2006,RD,MID,19.0,0,1,83.0,329.6,112.82,94.86,66.85,112.82,112.82,1.0,1,0
heath-hocking,2007,RD,MID,20.0,1,2,83.0,375.7,103.9,91.85,60.69,103.9,103.9,1.0,1,0
heath-hocking,2008,RD,MID,21.0,4,3,83.0,428.3,103.32,88.54,58.09,103.32,97.89,0.88,1,0
heath-hocking,2009,RD,MID,22.0,22,4,83.0,404.0,114.73,103.46,83.59,114.73,107.26,0.76,1,0
heath-hocking,2010,RD,MID,23.0,44,5,79.47,343.0,116.65,104.65,86.11,116.65,106.57,0.67,1,0
heath-hocking,2011,RD,MID,24.0,60,6,74.93,28.3,113.9,105.7,92.32,113.9,105.47,0.609,1,0
heath-hocking,2012,RD,MID,25.0,78,7,66.83,30.5,94.37,88.18,72.07,94.37,83.66,0.52,1,0
heath-hocking,2013,RD,MID,26.0,95,8,67.45,30.6,88.32,84.54,69.75,88.32,78.29,0.46,1,0
heath-hocking,2014,RD,MID,27.0,116,9,66.8,32.2,85.97,80.02,67.24,85.97,74.73,0.4,1,0
heath-hocking,2015,RD,MID,28.0,121,10,76.6,0.0,87.84,80.36,68.31,87.84,76.12,0.4,1,0
heath-hocking,2016,RD,MID,29.0,121,11,49.0,0.0,86.1,74.69,58.93,86.1,69.8,0.4,1,0
heath-hocking,2017,RD,MID,30.0,123,12,49.0,0.0,74.79,64.15,43.33,74.79,55.91,0.4,1,0
leonard-clark,2005,RD,RUCK,22.0,0,0,0.0,0.0,106.93,90.76,67.78,106.93,97.54,0.76,1,0
danny-hughes,2005,RD,SF,19.0,0,0,0.0,0.0,97.91,85.19,61.5,97.91,97.91,1.0,1,0
djaran-whyman,2005,RD,SF,22.0,0,0,31.0,0.0,80.77,69.9,53.82,80.77,74.3,0.76,1,0
djaran-whyman,2006,RD,SF,23.0,0,1,31.0,0.0,76.67,66.8,52.97,76.67,68.85,0.67,1,0
djaran-whyman,2007,RD,SF,24.0,3,2,31.0,0.0,72.5,64.34,48.55,72.5,62.44,0.58,1,0
greg-bentley,2005,RD,MID,18.0,0,0,46.7,11.9,112.82,94.9,52.22,112.82,112.82,1.0,1,0
greg-bentley,2006,RD,MID,19.0,4,1,46.7,4.9,113.77,94.86,69.53,113.77,113.77,1.0,1,0
greg-bentley,2007,RD,MID,20.0,16,2,46.7,5.5,103.01,90.6,56.95,103.01,103.01,1.0,1,0
greg-bentley,2008,RD,MID,21.0,21,3,61.2,0.2,104.67,88.48,59.97,104.67,99.31,0.88,1,0
greg-bentley,2009,RD,MID,22.0,26,4,50.6,0.0,95.34,83.93,55.3,95.34,85.73,0.76,1,0
tom-redden,2005,RD,MID,18.0,0,0,0.0,0.0,112.82,94.9,52.22,112.82,112.82,1.0,1,0
matt-priddis,2005,RD,MID,20.0,0,0,113.37,3682.7,103.87,89.07,57.78,103.87,103.87,1.0,1,0
matt-priddis,2006,RD,MID,21.0,2,1,113.37,4198.2,100.74,82.04,49.8,100.74,94.62,0.88,1,0
matt-priddis,2007,RD,MID,22.0,24,2,113.37,4417.8,119.29,108.59,86.9,119.29,112.03,0.776,1,0
matt-priddis,2008,RD,MID,23.0,42,3,113.37,4510.8,122.04,113.72,97.8,122.04,115.94,0.748,1,0
matt-priddis,2009,RD,MID,24.0,62,4,113.37,4382.6,123.76,118.59,108.6,123.76,120.03,0.754,1,0
matt-priddis,2010,RD,MID,25.0,81,5,113.37,4078.0,125.2,118.95,108.71,125.2,121.51,0.776,1,0
matt-priddis,2011,RD,MID,26.0,103,6,113.37,3474.3,126.44,121.75,117.35,126.44,124.48,0.784,1,0
matt-priddis,2012,RD,MID,27.0,123,7,112.0,2992.2,122.55,119.45,116.9,122.55,121.19,0.76,1,0
matt-priddis,2013,RD,MID,28.0,144,8,111.7,2736.2,113.29,108.52,101.78,113.29,109.41,0.663,1,0
matt-priddis,2014,RD,MID,29.0,166,9,111.7,2019.3,118.68,115.32,110.91,118.68,116.82,0.76,1,0
matt-priddis,2015,RD,MID,30.0,188,10,105.27,1170.5,121.41,117.03,112.8,121.41,119.34,0.76,1,0
matt-priddis,2016,RD,MID,31.0,209,11,101.25,404.1,116.01,110.18,103.8,116.01,113.05,0.758,1,0
matt-priddis,2017,RD,MID,32.0,228,12,93.4,0.0,105.93,101.25,85.65,105.93,97.53,0.586,1,0
james-wall,2005,RD,KPD,18.0,0,0,0.0,0.0,103.09,97.89,65.17,103.09,103.09,1.0,1,0
shannon-cox,2005,RD,KPD,19.0,0,0,64.15,455.1,103.09,97.58,79.88,103.09,103.09,1.0,1,0
shannon-cox,2006,RD,KPD,20.0,0,1,64.15,518.9,97.65,90.86,74.34,97.65,97.65,1.0,1,0
shannon-cox,2007,RD,KPD,21.0,8,2,64.15,590.5,91.93,80.97,60.91,91.93,88.21,0.88,1,0
shannon-cox,2008,RD,KPD,22.0,12,3,75.7,296.2,91.2,81.37,64.86,91.2,84.88,0.76,1,0
shannon-cox,2009,RD,KPD,23.0,23,4,75.7,0.0,94.85,91.03,77.52,94.85,89.27,0.678,1,0
matthew-firman,2005,RD,SF,20.0,0,0,0.0,0.0,91.52,80.26,57.28,91.52,91.52,1.0,1,0
cameron-howat,2005,RD,MID,20.0,0,0,60.3,1.2,103.87,89.07,57.78,103.87,103.87,1.0,1,0
cameron-howat,2006,RD,MID,21.0,5,1,60.3,0.3,104.69,87.77,53.83,104.69,98.59,0.88,1,0
cameron-howat,2007,RD,MID,22.0,20,2,60.3,0.0,98.91,88.18,61.58,98.91,89.95,0.76,1,0
cameron-howat,2008,RD,MID,23.0,21,3,42.0,0.0,93.89,81.38,55.48,93.89,81.22,0.67,1,0
shane-neaves,2005,RD,RUCK,18.0,0,0,0.0,0.0,115.06,103.63,54.35,115.06,115.06,1.0,1,0
tim-looby,2005,RD,SD,18.0,0,0,0.0,0.0,108.91,98.01,61.68,108.91,108.91,1.0,1,0
adrian-bonaddio,2005,RD,SF,19.0,0,0,0.0,0.0,97.91,85.19,61.5,97.91,97.91,1.0,1,0
paul-currie,2005,RD,SD,18.0,0,0,0.0,0.0,108.91,98.01,61.68,108.91,108.91,1.0,1,0
tim-o-keefe,2005,RD,KPF,19.0,0,0,0.0,0.0,105.48,97.35,76.94,105.48,105.48,1.0,1,0
cheynee-stiller,2005,RD,SD,19.0,0,0,79.3,337.1,108.91,97.97,76.77,108.91,108.91,1.0,1,0
cheynee-stiller,2006,RD,SD,20.0,13,1,79.3,150.1,112.8,109.51,90.64,112.8,112.8,1.0,1,0
cheynee-stiller,2007,RD,SD,21.0,35,2,73.9,17.6,113.97,107.56,92.37,113.97,111.39,0.881,1,0
cheynee-stiller,2008,RD,SD,22.0,45,3,69.23,14.5,109.24,100.98,86.59,109.24,103.8,0.76,1,0
cheynee-stiller,2009,RD,SD,23.0,66,4,68.77,12.6,101.32,95.97,78.84,101.32,93.9,0.67,1,0
cheynee-stiller,2010,RD,SD,24.0,75,5,69.15,11.0,95.73,88.78,75.25,95.73,87.13,0.58,1,0
cheynee-stiller,2011,RD,SD,25.0,96,6,70.7,3.1,92.95,87.87,74.89,92.95,84.28,0.52,1,0
cheynee-stiller,2012,RD,SD,26.0,99,7,67.7,0.0,88.01,84.12,71.73,88.01,79.22,0.46,1,0
andre-gianfagna,2005,RD,MID,18.0,0,0,0.0,0.0,112.82,94.9,52.22,112.82,112.82,1.0,1,0
sam-elliott,2005,RD,MID,18.0,0,0,0.0,0.0,112.82,94.9,52.22,112.82,112.82,1.0,1,0
simon-phillips,2005,RD,SF,18.0,0,0,59.0,0.2,97.91,83.99,50.25,97.91,97.91,1.0,1,0
simon-phillips,2006,RD,SF,19.0,4,1,59.0,0.2,92.18,82.13,58.96,92.18,92.18,1.0,1,0
simon-phillips,2007,RD,SF,20.0,5,2,59.0,0.1,92.22,81.13,55.51,92.22,92.22,1.0,1,0
simon-phillips,2008,RD,SF,21.0,5,3,59.0,0.1,91.47,78.54,54.11,91.47,86.98,0.88,1,0
simon-phillips,2009,RD,SF,22.0,5,4,59.0,0.1,80.96,72.39,55.36,80.96,74.82,0.76,1,0
simon-phillips,2010,RD,SF,23.0,5,5,59.0,0.2,81.09,71.45,57.8,81.09,73.4,0.67,1,0
simon-phillips,2011,RD,SF,24.0,13,6,59.0,0.0,73.94,67.2,52.66,73.94,65.0,0.58,1,0
simon-phillips,2012,RD,SF,25.0,14,7,20.0,0.0,71.18,65.97,51.51,71.18,61.74,0.52,1,0
ben-mcglynn,2005,RD,SF,20.0,0,0,92.33,875.6,91.52,80.26,57.28,91.52,91.52,1.0,1,0
ben-mcglynn,2006,RD,SF,21.0,4,1,92.33,997.8,92.97,78.67,56.55,92.97,88.6,0.88,1,0
ben-mcglynn,2007,RD,SF,22.0,25,2,92.33,1135.3,87.93,82.58,66.85,87.93,82.87,0.76,1,0
ben-mcglynn,2008,RD,SF,23.0,28,3,92.33,1294.2,84.23,77.84,63.86,84.23,77.51,0.67,1,0
ben-mcglynn,2009,RD,SF,24.0,44,4,92.33,1238.5,90.39,85.33,74.63,90.39,83.77,0.58,1,0
ben-mcglynn,2010,RD,SF,25.0,57,5,92.33,1063.1,99.82,96.69,83.9,99.82,93.77,0.62,1,0
ben-mcglynn,2011,RD,SF,26.0,79,6,87.6,998.7,96.49,93.0,79.35,96.49,87.71,0.488,1,0
ben-mcglynn,2012,RD,SF,27.0,100,7,86.63,1041.2,84.08,80.82,72.94,84.08,77.4,0.4,1,0
ben-mcglynn,2013,RD,SF,28.0,119,8,86.63,1045.1,81.33,78.62,70.87,81.33,75.05,0.4,1,0
ben-mcglynn,2014,RD,SF,29.0,135,9,85.73,287.7,97.87,94.94,85.96,97.87,93.0,0.591,1,0
ben-mcglynn,2015,RD,SF,30.0,142,10,78.65,75.5,95.72,92.77,81.25,95.72,89.73,0.586,1,0
ben-mcglynn,2016,RD,SF,31.0,156,11,69.6,0.0,82.99,79.47,66.21,82.99,72.92,0.4,1,0
colm-begley,2005,IRE,SD,19.0,0,0,52.25,0.1,108.91,97.97,76.77,108.91,108.91,1.0,0,1
colm-begley,2006,IRE,SD,20.0,2,1,52.25,0.1,102.22,92.07,67.1,102.22,102.22,1.0,0,1
colm-begley,2007,IRE,SD,21.0,21,2,52.25,0.0,101.23,86.29,64.25,101.23,96.79,0.88,0,1
colm-begley,2008,IRE,SD,22.0,29,3,51.6,0.0,90.89,81.58,60.8,90.89,83.67,0.76,0,1
colm-begley,2009,IRE,SD,23.0,30,4,37.0,0.0,85.25,73.62,58.02,85.25,76.26,0.67,0,1
kieren-jack,2005,RD,MID,18.0,0,0,108.13,1637.1,112.82,94.9,52.22,112.82,112.82,1.0,1,0
kieren-jack,2006,RD,MID,19.0,0,1,108.13,1866.3,112.82,94.86,66.85,112.82,112.82,1.0,1,0
kieren-jack,2007,RD,MID,20.0,2,2,108.13,2127.6,103.9,91.85,59.86,103.9,103.9,1.0,1,0
kieren-jack,2008,RD,MID,21.0,23,3,108.13,2425.3,105.52,93.69,65.44,105.52,100.71,0.88,1,0
kieren-jack,2009,RD,MID,22.0,45,4,108.13,2762.0,102.68,95.79,73.41,102.68,95.65,0.76,1,0
kieren-jack,2010,RD,MID,23.0,67,5,108.13,2496.3,123.72,117.73,103.46,123.72,118.36,0.735,1,0
kieren-jack,2011,RD,MID,24.0,83,6,108.13,2717.4,110.11,105.5,91.43,110.11,102.32,0.583,1,0
kieren-jack,2012,RD,MID,25.0,105,7,108.13,2013.5,126.64,120.1,110.49,126.64,123.06,0.778,1,0
kieren-jack,2013,RD,MID,26.0,127,8,103.5,1356.9,125.74,120.81,109.52,125.74,121.99,0.769,1,0
kieren-jack,2014,RD,MID,27.0,148,9,96.97,823.9,113.17,109.33,103.11,113.17,109.93,0.678,1,0
kieren-jack,2015,RD,MID,28.0,170,10,87.4,334.8,109.93,105.63,98.36,109.93,105.49,0.616,1,0
kieren-jack,2016,RD,MID,29.0,191,11,73.63,24.6,104.98,97.46,88.26,104.98,96.78,0.51,1,0
kieren-jack,2017,RD,MID,30.0,208,12,60.7,2.3,94.18,83.74,73.19,94.18,81.59,0.4,1,0
kieren-jack,2018,RD,MID,31.0,226,13,54.05,0.2,78.27,65.03,53.58,78.27,63.46,0.4,1,0
kieren-jack,2019,RD,MID,32.0,234,14,50.9,0.0,74.9,61.48,47.03,74.9,58.18,0.4,1,0
brendan-quigley,2005,RD,SD,19.0,0,0,0.0,0.0,108.91,97.97,76.77,108.91,108.91,1.0,1,0
ed-barlow,2005,RD,MID,18.0,0,0,63.9,8.7,112.82,94.9,52.22,112.82,112.82,1.0,1,0
ed-barlow,2006,RD,MID,19.0,0,1,63.9,9.9,112.82,94.86,66.85,112.82,112.82,1.0,1,0
ed-barlow,2007,RD,MID,20.0,3,2,63.9,11.1,105.71,91.97,60.8,105.71,105.71,1.0,1,0
ed-barlow,2008,RD,MID,21.0,10,3,63.9,12.5,104.77,86.88,56.86,104.77,99.02,0.88,1,0
ed-barlow,2009,RD,MID,22.0,24,4,68.3,12.5,102.18,94.56,67.18,102.18,93.78,0.76,1,0
ed-barlow,2010,RD,MID,23.0,25,5,72.8,14.2,96.26,86.09,61.03,96.26,84.63,0.67,1,0
ed-barlow,2011,RD,MID,24.0,33,6,72.8,0.0,97.1,90.92,66.44,97.1,84.22,0.58,1,0
adam-prior,2005,RD,SD,18.0,0,0,0.0,0.0,108.91,98.01,61.68,108.91,108.91,1.0,1,0
sam-rowe,2005,RD,KPD,18.0,0,0,63.77,56.2,103.09,97.89,65.17,103.09,103.09,1.0,1,0
sam-rowe,2006,RD,KPD,19.0,0,1,63.77,64.0,103.09,97.58,79.88,103.09,103.09,1.0,1,0
sam-rowe,2007,RD,KPD,20.0,0,2,63.77,73.0,97.65,90.86,74.34,97.65,97.65,1.0,1,0
sam-rowe,2008,RD,KPD,21.0,0,3,63.77,83.2,98.07,84.5,69.42,98.07,94.64,0.88,1,0
sam-rowe,2009,RD,KPD,22.0,0,4,63.77,94.8,91.29,79.48,65.74,91.29,85.16,0.76,1,0
sam-rowe,2010,RD,KPD,23.0,0,5,63.77,108.1,88.06,77.58,62.99,88.06,79.79,0.67,1,0
sam-rowe,2011,RD,KPD,24.0,0,6,63.77,123.3,83.36,75.21,62.47,83.36,74.58,0.58,1,0
sam-rowe,2012,RD,KPD,25.0,0,7,63.77,140.5,81.33,72.45,60.63,81.33,71.39,0.52,1,0
sam-rowe,2013,RD,KPD,26.0,10,8,63.77,138.5,69.51,65.88,53.63,69.51,60.94,0.46,1,0
sam-rowe,2014,RD,KPD,27.0,31,9,61.63,38.2,78.45,74.81,64.41,78.45,70.02,0.4,1,0
sam-rowe,2015,RD,KPD,28.0,51,10,56.47,2.4,75.81,69.65,63.23,75.81,68.26,0.4,1,0
sam-rowe,2016,RD,KPD,29.0,73,11,51.77,1.8,67.68,62.92,54.25,67.68,59.62,0.4,1,0
sam-rowe,2017,RD,KPD,30.0,82,12,51.8,0.5,68.02,62.47,52.31,68.02,58.59,0.4,1,0
sam-rowe,2018,RD,KPD,31.0,99,13,49.9,0.0,67.83,59.87,48.72,67.83,56.36,0.4,1,0
sam-rowe,2019,RD,KPD,32.0,100,14,46.0,0.0,68.5,58.24,44.94,68.5,54.37,0.4,1,0
sam-iles,2005,RD,MID,18.0,0,0,84.0,217.1,112.82,94.9,52.22,112.82,112.82,1.0,1,0
sam-iles,2006,RD,MID,19.0,4,1,84.0,247.5,106.83,90.17,60.44,106.83,106.83,1.0,1,0
sam-iles,2007,RD,MID,20.0,7,2,84.0,281.0,105.64,91.21,58.36,105.64,105.64,1.0,1,0
sam-iles,2008,RD,MID,21.0,7,3,84.0,320.3,103.32,88.54,58.26,103.32,97.91,0.88,1,0
sam-iles,2009,RD,MID,22.0,7,4,84.0,365.1,101.04,87.87,61.63,101.04,91.58,0.76,1,0
sam-iles,2010,RD,MID,23.0,7,5,84.0,416.2,97.72,88.65,64.35,97.72,86.71,0.67,1,0
sam-iles,2011,RD,MID,24.0,23,6,84.0,458.5,99.14,89.74,71.67,99.14,87.61,0.58,1,0
sam-iles,2012,RD,MID,25.0,33,7,95.6,0.0,106.31,99.69,82.82,106.31,96.25,0.572,1,0
matt-white,2005,RD,SF,18.0,0,0,71.07,24.3,97.91,83.99,50.25,97.91,97.91,1.0,1,0
matt-white,2006,RD,SF,19.0,11,1,71.07,27.6,97.72,89.02,66.68,97.72,97.72,1.0,1,0
matt-white,2007,RD,SF,20.0,18,2,71.07,31.4,88.7,81.0,63.1,88.7,88.7,1.0,1,0
matt-white,2008,RD,SF,21.0,38,3,71.07,25.4,98.46,90.27,75.55,98.46,95.71,0.88,1,0
matt-white,2009,RD,SF,22.0,54,4,67.63,26.4,92.11,85.97,71.94,92.11,87.27,0.76,1,0
matt-white,2010,RD,SF,23.0,70,5,65.53,30.0,83.11,78.17,64.37,83.11,76.93,0.67,1,0
matt-white,2011,RD,SF,24.0,82,6,65.53,34.0,75.13,72.59,62.98,75.13,70.03,0.58,1,0
matt-white,2012,RD,SF,25.0,89,7,65.53,38.8,70.73,66.59,54.05,70.73,62.72,0.52,1,0
matt-white,2013,RD,SF,26.0,105,8,65.53,44.1,68.37,64.03,54.22,68.37,60.73,0.46,1,0
matt-white,2014,RD,SF,27.0,124,9,65.53,10.1,81.58,77.51,68.61,81.58,73.8,0.4,1,0
matt-white,2015,RD,SF,28.0,142,10,60.5,4.2,71.44,66.98,59.32,71.44,64.17,0.4,1,0
matt-white,2016,RD,SF,29.0,143,11,60.3,4.8,70.55,63.35,55.33,70.55,61.42,0.4,1,0
matt-white,2017,RD,SF,30.0,150,12,60.3,0.0,71.44,62.17,52.39,71.44,60.01,0.4,1,0
matt-thomas,2005,RD,MID,18.0,0,0,78.47,153.8,112.82,94.9,52.22,112.82,112.82,1.0,1,0
matt-thomas,2006,RD,MID,19.0,8,1,78.47,175.3,106.99,94.4,62.16,106.99,106.99,1.0,1,0
matt-thomas,2007,RD,MID,20.0,12,2,78.47,199.9,102.15,86.6,55.11,102.15,102.15,1.0,1,0
matt-thomas,2008,RD,MID,21.0,17,3,78.47,227.9,101.1,82.72,50.8,101.1,95.07,0.88,1,0
matt-thomas,2009,RD,MID,22.0,29,4,78.47,259.3,99.38,89.84,63.62,99.38,90.79,0.76,1,0
matt-thomas,2010,RD,MID,23.0,49,5,78.47,241.0,110.16,100.9,80.43,110.16,100.35,0.67,1,0
matt-thomas,2011,RD,MID,24.0,68,6,75.8,269.5,96.44,93.04,75.11,96.44,87.48,0.58,1,0
matt-thomas,2012,RD,MID,25.0,83,7,79.3,297.8,94.37,88.18,71.7,94.37,83.49,0.52,1,0
matt-thomas,2013,RD,MID,26.0,87,8,87.9,339.4,85.93,81.78,67.89,85.93,76.19,0.46,1,0
matt-thomas,2014,RD,MID,27.0,100,9,87.9,79.6,103.69,97.7,80.84,103.69,90.43,0.42,1,0
matt-thomas,2015,RD,MID,28.0,102,10,84.0,0.0,101.48,90.94,74.35,101.48,85.63,0.416,1,0
jason-porplyzia,2005,RD,SF,21.0,0,0,84.53,895.4,89.88,75.0,55.43,89.88,85.74,0.88,1,0
jason-porplyzia,2006,RD,SF,22.0,9,1,84.53,1012.0,83.61,73.51,54.78,83.61,76.69,0.76,1,0
jason-porplyzia,2007,RD,SF,23.0,23,2,84.53,1125.6,83.9,77.48,63.85,83.9,77.28,0.67,1,0
jason-porplyzia,2008,RD,SF,24.0,41,3,84.53,766.2,99.85,94.92,77.49,99.85,91.81,0.641,1,0
jason-porplyzia,2009,RD,SF,25.0,63,4,79.33,333.9,99.93,95.96,84.71,99.93,94.4,0.637,1,0
jason-porplyzia,2010,RD,SF,26.0,82,5,70.0,275.5,94.19,88.58,79.29,94.19,86.34,0.473,1,0
jason-porplyzia,2011,RD,SF,27.0,83,6,69.7,314.1,90.27,85.82,73.64,90.27,80.29,0.4,1,0
jason-porplyzia,2012,RD,SF,28.0,102,7,69.7,3.7,97.71,91.28,76.6,97.71,86.39,0.464,1,0
jason-porplyzia,2013,RD,SF,29.0,118,8,59.0,0.0,75.29,69.45,61.58,75.29,67.06,0.4,1,0
jason-porplyzia,2014,RD,SF,30.0,122,9,32.0,0.0,67.53,61.9,51.74,67.53,58.06,0.4,1,0
benjamin-johnson-2019,2019,ND,SD,18.0,0,0,0.0,0.0,98.96,82.84,46.4,98.96,98.96,1.0,1,0
