{
 "shapes_cur": {
  "OVERALL": {
   "n": 794,
   "min": 1.0,
   "p10": 35.0,
   "p25": 141.0,
   "p50": 368.5,
   "p75": 1021.75,
   "p90": 2091.800000000002,
   "p95": 3008.9499999999966,
   "p99": 5058.049999999999,
   "max": 7076.0,
   "mean": 787.2392947103275,
   "gini": 0.607,
   "cv": 1.325,
   "p90_p50": 5.68,
   "p99_p50": 13.73,
   "p99_p90": 2.42,
   "topdec_over_nextdec": 2.07,
   "topdec_share": 0.426
  },
  "MID": {
   "n": 190,
   "min": 2.0,
   "p10": 48.900000000000006,
   "p25": 289.25,
   "p50": 806.0,
   "p75": 2107.25,
   "p90": 3449.199999999999,
   "p95": 4182.549999999998,
   "p99": 5841.619999999984,
   "max": 7076.0,
   "mean": 1337.2947368421053,
   "gini": 0.549,
   "cv": 1.066,
   "p90_p50": 4.28,
   "p99_p50": 7.25,
   "p99_p90": 1.69,
   "topdec_over_nextdec": 1.61,
   "topdec_share": 0.344
  },
  "RUC": {
   "n": 54,
   "min": 30.0,
   "p10": 235.4,
   "p25": 304.0,
   "p50": 548.5,
   "p75": 1321.5,
   "p90": 2073.8000000000006,
   "p95": 2932.7999999999975,
   "p99": 6204.259999999998,
   "max": 6818.0,
   "mean": 997.7777777777778,
   "gini": 0.53,
   "cv": 1.249,
   "p90_p50": 3.78,
   "p99_p50": 11.31,
   "p99_p90": 2.99,
   "topdec_over_nextdec": 2.24,
   "topdec_share": 0.423
  },
  "KEY_FWD": {
   "n": 99,
   "min": 1.0,
   "p10": 51.2,
   "p25": 166.0,
   "p50": 378.0,
   "p75": 948.5,
   "p90": 1508.4,
   "p95": 2247.0999999999967,
   "p99": 3986.859999999995,
   "max": 5156.0,
   "mean": 700.989898989899,
   "gini": 0.558,
   "cv": 1.22,
   "p90_p50": 3.99,
   "p99_p50": 10.55,
   "p99_p90": 2.64,
   "topdec_over_nextdec": 1.99,
   "topdec_share": 0.386
  },
  "GEN_FWD": {
   "n": 184,
   "min": 1.0,
   "p10": 28.3,
   "p25": 83.75,
   "p50": 224.0,
   "p75": 463.5,
   "p90": 1243.9000000000003,
   "p95": 1636.4499999999998,
   "p99": 2847.1299999999915,
   "max": 3764.0,
   "mean": 440.2445652173913,
   "gini": 0.607,
   "cv": 1.387,
   "p90_p50": 5.55,
   "p99_p50": 12.71,
   "p99_p90": 2.29,
   "topdec_over_nextdec": 2.19,
   "topdec_share": 0.457
  },
  "KEY_DEF": {
   "n": 92,
   "min": 8.0,
   "p10": 35.2,
   "p25": 96.0,
   "p50": 255.5,
   "p75": 591.25,
   "p90": 1518.1000000000004,
   "p95": 1870.4500000000003,
   "p99": 2828.150000000002,
   "max": 3315.0,
   "mean": 529.8913043478261,
   "gini": 0.603,
   "cv": 1.294,
   "p90_p50": 5.94,
   "p99_p50": 11.07,
   "p99_p90": 1.86,
   "topdec_over_nextdec": 1.84,
   "topdec_share": 0.441
  },
  "GEN_DEF": {
   "n": 175,
   "min": 3.0,
   "p10": 31.60000000000001,
   "p25": 99.5,
   "p50": 355.0,
   "p75": 907.0,
   "p90": 1686.3999999999994,
   "p95": 2312.8999999999933,
   "p99": 3736.3199999999924,
   "max": 4483.0,
   "mean": 673.9942857142858,
   "gini": 0.586,
   "cv": 1.221,
   "p90_p50": 4.75,
   "p99_p50": 10.52,
   "p99_p90": 2.22,
   "topdec_over_nextdec": 1.78,
   "topdec_share": 0.394
  }
 },
 "shapes_peakV": {
  "OVERALL": {
   "n": 794,
   "min": 0.0,
   "p10": 201.50000000000006,
   "p25": 375.25,
   "p50": 985.5,
   "p75": 2214.5,
   "p90": 4192.700000000003,
   "p95": 5281.79999999999,
   "p99": 6748.249999999995,
   "max": 7801.0,
   "mean": 1575.3463476070528,
   "gini": 0.527,
   "cv": 1.03,
   "p90_p50": 4.25,
   "p99_p50": 6.85,
   "p99_p90": 1.61,
   "topdec_over_nextdec": 1.68,
   "topdec_share": 0.347
  },
  "MID": {
   "n": 190,
   "min": 0.0,
   "p10": 293.6,
   "p25": 809.25,
   "p50": 1965.0,
   "p75": 4149.5,
   "p90": 5622.8,
   "p95": 6282.1,
   "p99": 7350.329999999998,
   "max": 7801.0,
   "mean": 2512.5894736842106,
   "gini": 0.46,
   "cv": 0.826,
   "p90_p50": 2.86,
   "p99_p50": 3.74,
   "p99_p90": 1.31,
   "topdec_over_nextdec": 1.23,
   "topdec_share": 0.257
  },
  "RUC": {
   "n": 54,
   "min": 0.0,
   "p10": 246.20000000000002,
   "p25": 350.0,
   "p50": 873.5,
   "p75": 2537.5,
   "p90": 5611.200000000003,
   "p95": 6440.699999999999,
   "p99": 7217.499999999999,
   "max": 7668.0,
   "mean": 1782.9259259259259,
   "gini": 0.564,
   "cv": 1.125,
   "p90_p50": 6.42,
   "p99_p50": 8.26,
   "p99_p90": 1.29,
   "topdec_over_nextdec": 1.79,
   "topdec_share": 0.408
  },
  "KEY_FWD": {
   "n": 99,
   "min": 0.0,
   "p10": 211.4,
   "p25": 385.5,
   "p50": 1075.0,
   "p75": 1710.0,
   "p90": 3258.600000000001,
   "p95": 4875.199999999998,
   "p99": 5381.62,
   "max": 5510.0,
   "mean": 1431.020202020202,
   "gini": 0.494,
   "cv": 0.965,
   "p90_p50": 3.03,
   "p99_p50": 5.01,
   "p99_p90": 1.65,
   "topdec_over_nextdec": 1.73,
   "topdec_share": 0.338
  },
  "GEN_FWD": {
   "n": 184,
   "min": 0.0,
   "p10": 165.60000000000002,
   "p25": 289.0,
   "p50": 521.5,
   "p75": 1381.25,
   "p90": 2613.5000000000014,
   "p95": 2985.85,
   "p99": 5441.239999999998,
   "max": 5679.0,
   "mean": 1010.5163043478261,
   "gini": 0.529,
   "cv": 1.088,
   "p90_p50": 5.01,
   "p99_p50": 10.43,
   "p99_p90": 2.08,
   "topdec_over_nextdec": 1.68,
   "topdec_share": 0.362
  },
  "KEY_DEF": {
   "n": 92,
   "min": 0.0,
   "p10": 232.79999999999998,
   "p25": 353.75,
   "p50": 942.5,
   "p75": 1514.0,
   "p90": 2838.1000000000004,
   "p95": 3285.3,
   "p99": 4597.080000000001,
   "max": 4881.0,
   "mean": 1190.2282608695652,
   "gini": 0.475,
   "cv": 0.912,
   "p90_p50": 3.01,
   "p99_p50": 4.88,
   "p99_p90": 1.62,
   "topdec_over_nextdec": 1.61,
   "topdec_share": 0.331
  },
  "GEN_DEF": {
   "n": 175,
   "min": 0.0,
   "p10": 206.20000000000005,
   "p25": 377.0,
   "p50": 867.0,
   "p75": 2028.5,
   "p90": 3417.3999999999987,
   "p95": 4208.9,
   "p99": 4994.439999999995,
   "max": 5644.0,
   "mean": 1371.702857142857,
   "gini": 0.494,
   "cv": 0.93,
   "p90_p50": 3.94,
   "p99_p50": 5.76,
   "p99_p90": 1.46,
   "topdec_over_nextdec": 1.52,
   "topdec_share": 0.316
  }
 },
 "ci_by_pos": {
  "MID": 2.6259528337533466,
  "RUC": 2.1397086271932086,
  "KEY_FWD": 3.273651494794147,
  "GEN_FWD": 5.5747867913970595,
  "KEY_DEF": 4.393374745537095,
  "GEN_DEF": 3.703324495513005
 }
}