{
"engine": "4e50b6f8",
"nd_div": 0,
"before_inv": 449,
"after_inv": 0,
"cumming": [
1864.19,
1858.5702894817055
],
"robey": [
1881.55,
1858.5702894817055
],
"largest": [
"Cameron Mackenzie",
1864.19,
"Jhye Clark",
2400.74,
536.5499999999997
]
}